step,sim_time_hours,day_of_year,hour,is_weekend,outdoor_temp_c,occupied,occupants,mean_air_temp_c,max_abs_pmv,interval_elec_kwh,interval_hvac_kwh,interval_cool_kwh,interval_gas_kwh,cum_elec_kwh,carbon_gco2_kwh,price_usd_kwh,interval_cost_usd,interval_carbon_kg,CORE_ZN_temp,CORE_ZN_pmv,CORE_ZN_htgsp,CORE_ZN_clgsp,CORE_ZN_occ,PERIMETER_ZN_1_temp,PERIMETER_ZN_1_pmv,PERIMETER_ZN_1_htgsp,PERIMETER_ZN_1_clgsp,PERIMETER_ZN_1_occ,PERIMETER_ZN_2_temp,PERIMETER_ZN_2_pmv,PERIMETER_ZN_2_htgsp,PERIMETER_ZN_2_clgsp,PERIMETER_ZN_2_occ,PERIMETER_ZN_3_temp,PERIMETER_ZN_3_pmv,PERIMETER_ZN_3_htgsp,PERIMETER_ZN_3_clgsp,PERIMETER_ZN_3_occ,PERIMETER_ZN_4_temp,PERIMETER_ZN_4_pmv,PERIMETER_ZN_4_htgsp,PERIMETER_ZN_4_clgsp,PERIMETER_ZN_4_occ
1,4344.25,182,0.25,True,26.9,False,0.0,27.021,0.0,0.320836,0.0,0.0,0.003333,0.3208,378.3,0.08,0.025667,0.121372,26.53,0.587,15.6,28.0,0.0,26.99,0.676,15.6,28.0,0.0,27.03,0.624,15.6,28.0,0.0,27.08,0.697,15.6,28.0,0.0,27.5,0.715,15.6,28.0,0.0
2,4344.3333,182,0.333,True,26.6,False,0.0,27.032,0.0,0.320836,0.0,0.0,0.003333,0.6417,378.5,0.08,0.025667,0.121437,26.5,0.583,15.6,28.0,0.0,26.96,0.673,15.6,28.0,0.0,27.21,0.665,15.6,28.0,0.0,27.05,0.694,15.6,28.0,0.0,27.44,0.714,15.6,28.0,0.0
3,4344.5,182,0.5,True,26.3,False,0.0,27.018,0.0,0.320836,0.0,0.0,0.003333,0.9625,378.9,0.08,0.025667,0.121565,26.48,0.579,15.6,28.0,0.0,26.93,0.669,15.6,28.0,0.0,27.24,0.677,15.6,28.0,0.0,27.02,0.691,15.6,28.0,0.0,27.42,0.718,15.6,28.0,0.0
4,4344.6667,182,0.667,True,26.0,False,0.0,26.996,0.0,0.320836,0.0,0.0,0.003333,1.2833,379.3,0.08,0.025667,0.121693,26.45,0.575,15.6,28.0,0.0,26.9,0.665,15.6,28.0,0.0,27.23,0.683,15.6,28.0,0.0,27.0,0.688,15.6,28.0,0.0,27.4,0.723,15.6,28.0,0.0
5,4344.8333,182,0.833,True,25.7,False,0.0,26.971,0.0,0.320836,0.0,0.0,0.003333,1.6042,379.4,0.08,0.025667,0.121725,26.43,0.571,15.6,28.0,0.0,26.87,0.66,15.6,28.0,0.0,27.21,0.686,15.6,28.0,0.0,26.97,0.685,15.6,28.0,0.0,27.38,0.726,15.6,28.0,0.0
6,4345.0,182,1.0,True,25.4,False,0.0,26.943,0.0,0.320836,0.0,0.0,0.003333,1.925,379.5,0.08,0.025667,0.121757,26.4,0.567,15.6,28.0,0.0,26.83,0.655,15.6,28.0,0.0,27.19,0.688,15.6,28.0,0.0,26.94,0.681,15.6,28.0,0.0,27.35,0.728,15.6,28.0,0.0
7,4345.1667,182,1.167,True,25.43,False,0.0,26.928,0.0,0.320836,0.0,0.0,0.003333,2.2459,379.4,0.08,0.025667,0.121725,26.39,0.564,15.6,28.0,0.0,26.82,0.653,15.6,28.0,0.0,27.18,0.692,15.6,28.0,0.0,26.92,0.679,15.6,28.0,0.0,27.34,0.733,15.6,28.0,0.0
8,4345.3333,182,1.333,True,25.47,False,0.0,26.918,0.0,0.320836,0.0,0.0,0.003333,2.5667,379.3,0.08,0.025667,0.121693,26.38,0.563,15.6,28.0,0.0,26.8,0.651,15.6,28.0,0.0,27.17,0.696,15.6,28.0,0.0,26.91,0.679,15.6,28.0,0.0,27.33,0.737,15.6,28.0,0.0
9,4345.5,182,1.5,True,25.5,False,0.0,26.909,0.0,0.320836,0.0,0.0,0.003333,2.8875,378.9,0.08,0.025667,0.121565,26.37,0.562,15.6,28.0,0.0,26.79,0.65,15.6,28.0,0.0,27.16,0.7,15.6,28.0,0.0,26.9,0.678,15.6,28.0,0.0,27.32,0.742,15.6,28.0,0.0
10,4345.6667,182,1.667,True,25.53,False,0.0,26.901,0.0,0.320836,0.0,0.0,0.436401,3.2084,378.5,0.08,0.025667,0.121437,26.37,0.561,15.6,28.0,0.0,26.78,0.649,15.6,28.0,0.0,27.15,0.704,15.6,28.0,0.0,26.89,0.678,15.6,28.0,0.0,27.31,0.746,15.6,28.0,0.0
11,4345.8333,182,1.833,True,25.57,False,0.0,26.893,0.0,0.320836,0.0,0.0,0.003333,3.5292,378.0,0.08,0.025667,0.121276,26.36,0.561,15.6,28.0,0.0,26.77,0.649,15.6,28.0,0.0,27.14,0.707,15.6,28.0,0.0,26.88,0.678,15.6,28.0,0.0,27.31,0.749,15.6,28.0,0.0
12,4346.0,182,2.0,True,25.6,False,0.0,26.885,0.0,0.320836,0.0,0.0,0.003333,3.85,377.3,0.08,0.025667,0.121052,26.36,0.56,15.6,28.0,0.0,26.76,0.648,15.6,28.0,0.0,27.14,0.71,15.6,28.0,0.0,26.87,0.678,15.6,28.0,0.0,27.3,0.753,15.6,28.0,0.0
13,4346.1667,182,2.167,True,25.65,False,0.0,26.878,0.0,0.320836,0.0,0.0,0.003333,4.1709,376.5,0.08,0.025667,0.120795,26.36,0.56,15.6,28.0,0.0,26.75,0.647,15.6,28.0,0.0,27.13,0.713,15.6,28.0,0.0,26.86,0.678,15.6,28.0,0.0,27.29,0.756,15.6,28.0,0.0
14,4346.3333,182,2.333,True,25.7,False,0.0,26.872,0.0,0.320836,0.0,0.0,0.003333,4.4917,375.6,0.08,0.025667,0.120506,26.36,0.56,15.6,28.0,0.0,26.74,0.647,15.6,28.0,0.0,27.12,0.716,15.6,28.0,0.0,26.86,0.678,15.6,28.0,0.0,27.28,0.76,15.6,28.0,0.0
15,4346.5,182,2.5,True,25.75,False,0.0,26.866,0.0,0.320836,0.0,0.0,0.003333,4.8125,374.6,0.08,0.025667,0.120185,26.35,0.561,15.6,28.0,0.0,26.74,0.648,15.6,28.0,0.0,27.11,0.719,15.6,28.0,0.0,26.85,0.679,15.6,28.0,0.0,27.28,0.763,15.6,28.0,0.0
16,4346.6667,182,2.667,True,25.8,False,0.0,26.86,0.0,0.320836,0.0,0.0,0.003333,5.1334,373.4,0.08,0.025667,0.1198,26.35,0.562,15.6,28.0,0.0,26.73,0.648,15.6,28.0,0.0,27.11,0.723,15.6,28.0,0.0,26.84,0.679,15.6,28.0,0.0,27.27,0.766,15.6,28.0,0.0
17,4346.8333,182,2.833,True,25.85,False,0.0,26.854,0.0,0.320836,0.0,0.0,0.003333,5.4542,372.2,0.08,0.025667,0.119415,26.35,0.563,15.6,28.0,0.0,26.72,0.649,15.6,28.0,0.0,27.1,0.726,15.6,28.0,0.0,26.84,0.68,15.6,28.0,0.0,27.26,0.77,15.6,28.0,0.0
18,4347.0,182,3.0,True,25.9,False,0.0,26.848,0.0,0.320836,0.0,0.0,0.003333,5.7751,370.8,0.08,0.025667,0.118966,26.35,0.564,15.6,28.0,0.0,26.72,0.65,15.6,28.0,0.0,27.09,0.729,15.6,28.0,0.0,26.83,0.681,15.6,28.0,0.0,27.25,0.773,15.6,28.0,0.0
19,4347.1667,182,3.167,True,25.93,False,0.0,26.843,0.0,0.320836,0.0,0.0,0.436388,6.0959,369.4,0.08,0.025667,0.118517,26.34,0.565,15.6,28.0,0.0,26.71,0.651,15.6,28.0,0.0,27.09,0.733,15.6,28.0,0.0,26.83,0.683,15.6,28.0,0.0,27.25,0.777,15.6,28.0,0.0
20,4347.3333,182,3.333,True,25.97,False,0.0,26.839,0.0,0.320836,0.0,0.0,0.003333,6.4167,367.8,0.08,0.025667,0.118004,26.34,0.566,15.6,28.0,0.0,26.71,0.652,15.6,28.0,0.0,27.08,0.736,15.6,28.0,0.0,26.82,0.684,15.6,28.0,0.0,27.24,0.78,15.6,28.0,0.0
21,4347.5,182,3.5,True,26.0,False,0.0,26.834,0.0,0.320836,0.0,0.0,0.003333,6.7376,366.1,0.08,0.025667,0.117458,26.34,0.566,15.6,28.0,0.0,26.7,0.654,15.6,28.0,0.0,27.08,0.739,15.6,28.0,0.0,26.82,0.685,15.6,28.0,0.0,27.24,0.783,15.6,28.0,0.0
22,4347.6667,182,3.667,True,26.03,False,0.0,26.83,0.0,0.320836,0.0,0.0,0.003333,7.0584,364.4,0.08,0.025667,0.116913,26.34,0.566,15.6,28.0,0.0,26.7,0.655,15.6,28.0,0.0,27.07,0.741,15.6,28.0,0.0,26.81,0.686,15.6,28.0,0.0,27.23,0.786,15.6,28.0,0.0
23,4347.8333,182,3.833,True,26.07,False,0.0,26.826,0.0,0.320836,0.0,0.0,0.003333,7.3792,362.5,0.08,0.025667,0.116303,26.33,0.566,15.6,28.0,0.0,26.7,0.656,15.6,28.0,0.0,27.07,0.743,15.6,28.0,0.0,26.81,0.687,15.6,28.0,0.0,27.23,0.788,15.6,28.0,0.0
24,4348.0,182,4.0,True,26.1,False,0.0,26.822,0.0,0.320836,0.0,0.0,0.003333,7.7001,360.5,0.08,0.025667,0.115662,26.33,0.566,15.6,28.0,0.0,26.69,0.656,15.6,28.0,0.0,27.06,0.745,15.6,28.0,0.0,26.8,0.687,15.6,28.0,0.0,27.22,0.79,15.6,28.0,0.0
25,4348.1667,182,4.167,True,26.02,False,0.0,26.81,0.0,0.320836,0.0,0.0,0.003333,8.0209,358.5,0.08,0.025667,0.11502,26.32,0.564,15.6,28.0,0.0,26.68,0.655,15.6,28.0,0.0,27.05,0.745,15.6,28.0,0.0,26.79,0.686,15.6,28.0,0.0,27.21,0.79,15.6,28.0,0.0
26,4348.3333,182,4.333,True,25.93,False,0.0,26.796,0.0,0.320836,0.0,0.0,0.003333,8.3417,356.4,0.08,0.025667,0.114346,26.31,0.562,15.6,28.0,0.0,26.67,0.652,15.6,28.0,0.0,27.03,0.743,15.6,28.0,0.0,26.78,0.683,15.6,28.0,0.0,27.19,0.788,15.6,28.0,0.0
27,4348.5,182,4.5,True,25.85,False,0.0,26.78,0.0,0.320836,0.0,0.0,0.003333,8.6626,354.2,0.08,0.025667,0.11364,26.3,0.56,15.6,28.0,0.0,26.65,0.649,15.6,28.0,0.0,27.02,0.741,15.6,28.0,0.0,26.76,0.68,15.6,28.0,0.0,27.17,0.786,15.6,28.0,0.0
28,4348.6667,182,4.667,True,25.77,False,0.0,26.763,0.0,0.320836,0.0,0.0,0.003333,8.9834,351.9,0.08,0.025667,0.112902,26.29,0.557,15.6,28.0,0.0,26.63,0.645,15.6,28.0,0.0,27.0,0.739,15.6,28.0,0.0,26.74,0.677,15.6,28.0,0.0,27.15,0.783,15.6,28.0,0.0
29,4348.8333,182,4.833,True,25.68,False,0.0,26.746,0.0,0.320836,0.0,0.0,0.436413,9.3043,349.5,0.08,0.025667,0.112132,26.27,0.553,15.6,28.0,0.0,26.62,0.641,15.6,28.0,0.0,26.98,0.735,15.6,28.0,0.0,26.73,0.673,15.6,28.0,0.0,27.13,0.78,15.6,28.0,0.0
30,4349.0,182,5.0,True,25.6,False,0.0,26.727,0.0,0.320836,0.0,0.0,0.003333,9.6251,347.1,0.08,0.025667,0.111362,26.26,0.549,15.6,28.0,0.0,26.6,0.636,15.6,28.0,0.0,26.96,0.732,15.6,28.0,0.0,26.71,0.669,15.6,28.0,0.0,27.11,0.776,15.6,28.0,0.0
31,4349.1667,182,5.167,True,25.6,False,0.0,26.713,0.0,0.320836,0.0,0.0,0.003333,9.9459,344.6,0.08,0.025667,0.11056,26.25,0.546,15.6,28.0,0.0,26.58,0.633,15.6,28.0,0.0,26.94,0.729,15.6,28.0,0.0,26.69,0.665,15.6,28.0,0.0,27.1,0.773,15.6,28.0,0.0
32,4349.3333,182,5.333,True,25.6,False,0.0,26.699,0.0,0.320836,0.0,0.0,0.003333,10.2668,342.1,0.08,0.025667,0.109758,26.24,0.543,15.6,28.0,0.0,26.57,0.629,15.6,28.0,0.0,26.93,0.726,15.6,28.0,0.0,26.68,0.662,15.6,28.0,0.0,27.08,0.77,15.6,28.0,0.0
33,4349.5,182,5.5,True,25.6,False,0.0,26.685,0.0,0.320836,0.0,0.0,0.003333,10.5876,339.5,0.08,0.025667,0.108924,26.23,0.539,15.6,28.0,0.0,26.55,0.625,15.6,28.0,0.0,26.91,0.722,15.6,28.0,0.0,26.67,0.658,15.6,28.0,0.0,27.06,0.767,15.6,28.0,0.0
34,4349.6667,182,5.667,True,25.6,False,0.0,26.672,0.0,0.320836,0.0,0.0,0.003333,10.9084,336.9,0.08,0.025667,0.10809,26.22,0.536,15.6,28.0,0.0,26.54,0.621,15.6,28.0,0.0,26.9,0.719,15.6,28.0,0.0,26.65,0.654,15.6,28.0,0.0,27.05,0.763,15.6,28.0,0.0
35,4349.8333,182,5.833,True,25.6,False,0.0,26.692,0.0,0.320836,0.0,0.0,0.003333,11.2293,334.2,0.08,0.025667,0.107224,26.21,0.533,15.6,28.0,0.0,26.54,0.623,15.6,28.0,0.0,26.98,0.754,15.6,28.0,0.0,26.69,0.669,15.6,28.0,0.0,27.04,0.764,15.6,28.0,0.0
36,4350.0,182,6.0,True,25.6,False,0.0,26.717,0.0,0.320836,0.0,0.0,0.003333,11.5501,331.5,0.08,0.025667,0.106357,26.2,0.531,15.6,28.0,0.0,26.54,0.624,15.6,28.0,0.0,27.08,0.785,15.6,28.0,0.0,26.72,0.68,15.6,28.0,0.0,27.04,0.765,15.6,28.0,0.0
37,4350.1667,182,6.167,True,25.87,False,0.0,26.757,0.0,0.320836,0.0,0.0,0.003333,11.8709,328.8,0.08,0.025667,0.105491,26.21,0.532,15.6,28.0,0.0,26.56,0.629,15.6,28.0,0.0,27.19,0.821,15.6,28.0,0.0,26.77,0.695,15.6,28.0,0.0,27.06,0.77,15.6,28.0,0.0
38,4350.3333,182,6.333,True,26.13,False,0.0,26.803,0.0,0.320836,0.0,0.0,0.436398,12.1918,326.0,0.08,0.025667,0.104593,26.23,0.535,15.6,28.0,0.0,26.58,0.637,15.6,28.0,0.0,27.31,0.857,15.6,28.0,0.0,26.82,0.709,15.6,28.0,0.0,27.08,0.777,15.6,28.0,0.0
39,4350.5833,182,6.583,True,26.4,False,0.0,26.843,0.0,0.320836,0.0,0.0,0.003333,12.5126,321.8,0.08,0.025667,0.103245,26.24,0.539,15.6,28.0,0.0,26.61,0.644,15.6,28.0,0.0,27.41,0.89,15.6,28.0,0.0,26.86,0.723,15.6,28.0,0.0,27.1,0.784,15.6,28.0,0.0
40,4350.75,182,6.75,True,26.67,False,0.0,26.896,0.0,0.320836,0.0,0.0,0.003333,12.8335,319.0,0.08,0.025667,0.102347,26.26,0.544,15.6,28.0,0.0,26.64,0.655,15.6,28.0,0.0,27.54,0.931,15.6,28.0,0.0,26.91,0.738,15.6,28.0,0.0,27.12,0.793,15.6,28.0,0.0
41,4350.9167,182,6.917,True,26.93,False,0.0,26.953,0.0,0.320836,0.0,0.0,0.003333,13.1543,316.2,0.08,0.025667,0.101448,26.29,0.55,15.6,28.0,0.0,26.68,0.667,15.6,28.0,0.0,27.68,0.975,15.6,28.0,0.0,26.96,0.755,15.6,28.0,0.0,27.15,0.803,15.6,28.0,0.0
42,4351.0556,182,7.056,True,27.2,False,0.0,27.008,0.0,0.320836,0.0,0.0,0.003333,13.4751,313.8,0.08,0.025667,0.100678,26.31,0.557,15.6,28.0,0.0,26.72,0.68,15.6,28.0,0.0,27.82,1.018,15.6,28.0,0.0,27.01,0.77,15.6,28.0,0.0,27.18,0.813,15.6,28.0,0.0
43,4351.2222,182,7.222,True,27.48,False,0.0,27.068,0.0,0.320836,0.0,0.0,0.003333,13.796,311.0,0.08,0.025667,0.09978,26.34,0.564,15.6,28.0,0.0,26.76,0.694,15.6,28.0,0.0,27.97,1.065,15.6,28.0,0.0,27.06,0.785,15.6,28.0,0.0,27.21,0.825,15.6,28.0,0.0
44,4351.3889,182,7.389,True,27.77,False,0.0,27.137,0.0,0.320836,0.0,0.0,0.003333,14.1168,308.2,0.08,0.025667,0.098882,26.36,0.571,15.6,28.0,0.0,26.81,0.71,15.6,28.0,0.0,28.14,1.121,15.6,28.0,0.0,27.12,0.802,15.6,28.0,0.0,27.25,0.838,15.6,28.0,0.0
45,4351.5417,182,7.542,True,28.05,False,0.0,27.202,0.0,0.320836,0.0,0.0,0.003333,14.4376,305.6,0.08,0.025667,0.098048,26.39,0.578,15.6,28.0,0.0,26.86,0.727,15.6,28.0,0.0,28.31,1.174,15.6,28.0,0.0,27.16,0.815,15.6,28.0,0.0,27.29,0.851,15.6,28.0,0.0
46,4351.7083,182,7.708,True,28.33,False,0.0,27.278,0.0,0.337076,0.01624,0.0,0.003333,14.7747,302.8,0.08,0.026966,0.102067,26.41,0.585,15.6,28.0,0.0,26.92,0.744,15.6,28.0,0.0,28.54,1.23,15.6,28.0,0.0,27.2,0.826,15.6,28.0,0.0,27.33,0.865,15.6,28.0,0.0
47,4351.875,182,7.875,True,28.62,False,0.0,27.204,0.0,0.461064,0.140228,0.07527,0.003333,15.2358,300.1,0.08,0.036885,0.138365,26.43,0.593,15.6,28.0,0.0,26.97,0.762,15.6,28.0,0.0,28.01,1.153,15.6,28.0,0.0,27.23,0.836,15.6,28.0,0.0,27.37,0.879,15.6,28.0,0.0
48,4352.0417,182,8.042,True,28.9,False,0.0,27.232,0.0,0.444532,0.123695,0.058737,0.436418,15.6803,297.3,0.08,0.035563,0.132159,26.46,0.6,15.6,28.0,0.0,27.03,0.779,15.6,28.0,0.0,28.0,1.139,15.6,28.0,0.0,27.26,0.845,15.6,28.0,0.0,27.41,0.893,15.6,28.0,0.0
49,4352.2,182,8.2,True,28.98,False,0.0,27.355,0.0,0.320836,0.0,0.0,0.003333,16.0011,294.8,0.08,0.025667,0.094583,26.47,0.606,15.6,28.0,0.0,27.08,0.796,15.6,28.0,0.0,28.5,1.227,15.6,28.0,0.0,27.27,0.851,15.6,28.0,0.0,27.45,0.906,15.6,28.0,0.0
50,4352.3667,182,8.367,True,29.07,False,0.0,27.276,0.0,0.466792,0.145955,0.080997,0.003333,16.4679,292.1,0.08,0.037343,0.13635,26.49,0.612,15.6,28.0,0.0,27.13,0.812,15.6,28.0,0.0,28.01,1.162,15.6,28.0,0.0,27.28,0.855,15.6,28.0,0.0,27.48,0.918,15.6,28.0,0.0
51,4352.5333,182,8.533,True,29.15,False,0.0,27.295,0.0,0.452209,0.131373,0.066415,0.003333,16.9202,289.5,0.08,0.036177,0.130915,26.5,0.617,15.6,28.0,0.0,27.17,0.827,15.6,28.0,0.0,28.0,1.149,15.6,28.0,0.0,27.29,0.862,15.6,28.0,0.0,27.51,0.93,15.6,28.0,0.0
52,4352.7,182,8.7,True,29.23,False,0.0,27.317,0.0,0.450943,0.130107,0.065148,0.003333,17.3711,286.9,0.08,0.036075,0.129376,26.51,0.622,15.6,28.0,0.0,27.22,0.842,15.6,28.0,0.0,28.0,1.137,15.6,28.0,0.0,27.31,0.87,15.6,28.0,0.0,27.55,0.943,15.6,28.0,0.0
53,4352.8667,182,8.867,True,29.32,False,0.0,27.469,0.0,0.320836,0.0,0.0,0.003333,17.6919,284.4,0.08,0.025667,0.091246,26.52,0.627,15.6,28.0,0.0,27.26,0.857,15.6,28.0,0.0,28.65,1.235,15.6,28.0,0.0,27.34,0.88,15.6,28.0,0.0,27.58,0.955,15.6,28.0,0.0
54,4353.0417,182,9.042,True,29.4,False,0.0,27.365,0.0,0.467968,0.147131,0.082173,0.003333,18.1599,281.9,0.08,0.037437,0.13192,26.53,0.632,15.6,28.0,0.0,27.3,0.872,15.6,28.0,0.0,28.01,1.149,15.6,28.0,0.0,27.36,0.889,15.6,28.0,0.0,27.61,0.967,15.6,28.0,0.0
55,4353.2083,182,9.208,True,29.6,False,0.0,27.388,0.0,0.451625,0.130789,0.065831,0.003333,18.6115,279.5,0.08,0.03613,0.126229,26.55,0.636,15.6,28.0,0.0,27.35,0.886,15.6,28.0,0.0,28.0,1.123,15.6,28.0,0.0,27.39,0.899,15.6,28.0,0.0,27.65,0.98,15.6,28.0,0.0
56,4353.375,182,9.375,True,29.8,False,0.0,27.415,0.0,0.449939,0.129102,0.064144,0.003333,19.0615,277.2,0.08,0.035995,0.124723,26.56,0.641,15.6,28.0,0.0,27.4,0.9,15.6,28.0,0.0,28.0,1.109,15.6,28.0,0.0,27.43,0.91,15.6,28.0,0.0,27.69,0.992,15.6,28.0,0.0
57,4353.5417,182,9.542,True,30.0,False,0.0,27.577,0.0,0.320836,0.0,0.0,0.436418,19.3823,275.0,0.08,0.025667,0.08823,26.58,0.645,15.6,28.0,0.0,27.44,0.913,15.6,28.0,0.0,28.67,1.204,15.6,28.0,0.0,27.46,0.92,15.6,28.0,0.0,27.73,1.005,15.6,28.0,0.0
58,4353.7083,182,9.708,True,30.2,False,0.0,27.471,0.0,0.465607,0.144771,0.079813,0.003333,19.8479,272.8,0.08,0.037249,0.127018,26.6,0.648,15.6,28.0,0.0,27.48,0.924,15.6,28.0,0.0,28.01,1.118,15.6,28.0,0.0,27.49,0.928,15.6,28.0,0.0,27.77,1.015,15.6,28.0,0.0
59,4353.875,182,9.875,True,30.4,False,0.0,27.491,0.0,0.450727,0.12989,0.064932,0.003333,20.2986,270.8,0.08,0.036058,0.122057,26.62,0.652,15.6,28.0,0.0,27.52,0.933,15.6,28.0,0.0,28.0,1.095,15.6,28.0,0.0,27.52,0.935,15.6,28.0,0.0,27.8,1.023,15.6,28.0,0.0
60,4354.0417,182,10.042,True,30.6,False,0.0,27.511,0.0,0.449223,0.128386,0.063428,0.003333,20.7479,268.9,0.08,0.035938,0.120796,26.63,0.654,15.6,28.0,0.0,27.55,0.941,15.6,28.0,0.0,28.0,1.084,15.6,28.0,0.0,27.55,0.941,15.6,28.0,0.0,27.83,1.031,15.6,28.0,0.0
61,4354.2,182,10.2,True,30.68,False,0.0,27.66,0.0,0.320836,0.0,0.0,0.003333,21.0687,267.1,0.08,0.025667,0.085695,26.65,0.657,15.6,28.0,0.0,27.57,0.947,15.6,28.0,0.0,28.66,1.177,15.6,28.0,0.0,27.56,0.946,15.6,28.0,0.0,27.85,1.037,15.6,28.0,0.0
62,4354.3667,182,10.367,True,30.77,False,0.0,27.544,0.0,0.463225,0.142388,0.07743,0.003333,21.5319,265.4,0.08,0.037058,0.12294,26.66,0.659,15.6,28.0,0.0,27.6,0.954,15.6,28.0,0.0,28.01,1.086,15.6,28.0,0.0,27.58,0.951,15.6,28.0,0.0,27.88,1.043,15.6,28.0,0.0
63,4354.5333,182,10.533,True,30.85,False,0.0,27.557,0.0,0.445807,0.12497,0.060012,0.003333,21.9777,263.8,0.08,0.035665,0.117604,26.67,0.661,15.6,28.0,0.0,27.62,0.961,15.6,28.0,0.0,28.0,1.057,15.6,28.0,0.0,27.6,0.956,15.6,28.0,0.0,27.9,1.049,15.6,28.0,0.0
64,4354.7,182,10.7,True,30.93,False,0.0,27.571,0.0,0.441711,0.120875,0.055917,0.003333,22.4194,262.4,0.08,0.035337,0.115905,26.68,0.663,15.6,28.0,0.0,27.64,0.968,15.6,28.0,0.0,28.0,1.036,15.6,28.0,0.0,27.62,0.962,15.6,28.0,0.0,27.92,1.056,15.6,28.0,0.0
65,4354.8667,182,10.867,True,31.02,False,0.0,27.688,0.0,0.320836,0.0,0.0,0.003333,22.7403,261.0,0.08,0.025667,0.083738,26.69,0.666,15.6,28.0,0.0,27.66,0.975,15.6,28.0,0.0,28.51,1.099,15.6,28.0,0.0,27.64,0.967,15.6,28.0,0.0,27.94,1.063,15.6,28.0,0.0
66,4355.0333,182,11.033,True,31.1,False,0.0,27.602,0.0,0.448754,0.127918,0.06296,0.436423,23.189,259.9,0.08,0.0359,0.116631,26.7,0.668,15.6,28.0,0.0,27.69,0.983,15.6,28.0,0.0,28.01,1.022,15.6,28.0,0.0,27.66,0.973,15.6,28.0,0.0,27.96,1.07,15.6,28.0,0.0
67,4355.2083,182,11.208,True,31.2,False,0.0,27.616,0.0,0.433123,0.112286,0.047328,0.003333,23.6221,258.9,0.08,0.03465,0.112135,26.7,0.67,15.6,28.0,0.0,27.71,0.99,15.6,28.0,0.0,28.0,0.994,15.6,28.0,0.0,27.68,0.979,15.6,28.0,0.0,27.99,1.077,15.6,28.0,0.0
68,4355.375,182,11.375,True,31.3,False,0.0,27.631,0.0,0.42921,0.108373,0.043415,0.003333,24.0514,258.1,0.08,0.034337,0.110779,26.71,0.672,15.6,28.0,0.0,27.74,0.997,15.6,28.0,0.0,28.0,0.976,15.6,28.0,0.0,27.7,0.985,15.6,28.0,0.0,28.01,1.084,15.6,28.0,0.0
69,4355.5556,182,11.556,True,31.4,False,0.0,27.713,0.0,0.320836,0.0,0.0,0.003333,24.3722,257.4,0.08,0.025667,0.082583,26.72,0.674,15.6,28.0,0.0,27.76,1.005,15.6,28.0,0.0,28.33,1.02,15.6,28.0,0.0,27.72,0.991,15.6,28.0,0.0,28.03,1.092,15.6,28.0,0.0
70,4355.7222,182,11.722,True,31.5,False,0.0,27.753,0.0,0.393843,0.073007,0.029701,0.003333,24.766,257.1,0.08,0.031507,0.101257,26.73,0.676,15.6,28.0,0.0,27.79,1.011,15.6,28.0,0.0,28.46,1.058,15.6,28.0,0.0,27.74,0.997,15.6,28.0,0.0,28.06,1.099,15.6,28.0,0.0
71,4355.8889,182,11.889,True,31.6,False,0.0,27.683,0.0,0.430953,0.110117,0.045159,0.003333,25.197,256.9,0.08,0.034476,0.110712,26.74,0.678,15.6,28.0,0.0,27.81,1.018,15.6,28.0,0.0,28.04,0.978,15.6,28.0,0.0,27.75,1.002,15.6,28.0,0.0,28.08,1.105,15.6,28.0,0.0
72,4356.0833,182,12.083,True,31.7,False,0.0,27.691,0.0,0.426728,0.105891,0.040933,0.003333,25.6237,257.1,0.08,0.034138,0.109712,26.75,0.681,15.6,28.0,0.0,27.83,1.024,15.6,28.0,0.0,28.01,0.966,15.6,28.0,0.0,27.77,1.007,15.6,28.0,0.0,28.1,1.111,15.6,28.0,0.0
73,4356.25,182,12.25,True,31.78,False,0.0,27.768,0.0,0.320836,0.0,0.0,0.003333,25.9446,257.5,0.08,0.025667,0.082615,26.75,0.683,15.6,28.0,0.0,27.85,1.03,15.6,28.0,0.0,28.33,1.019,15.6,28.0,0.0,27.79,1.012,15.6,28.0,0.0,28.12,1.117,15.6,28.0,0.0
74,4356.3333,182,12.333,True,31.87,False,0.0,27.828,0.0,0.320836,0.0,0.0,0.003333,26.2654,257.9,0.08,0.025667,0.082744,26.77,0.685,15.6,28.0,0.0,27.87,1.035,15.6,28.0,0.0,28.56,1.07,15.6,28.0,0.0,27.81,1.016,15.6,28.0,0.0,28.14,1.122,15.6,28.0,0.0
75,4356.5833,182,12.583,True,31.95,False,0.0,27.739,0.0,0.440009,0.119173,0.054214,0.436415,26.7054,259.3,0.08,0.035201,0.114094,26.77,0.686,15.6,28.0,0.0,27.89,1.039,15.6,28.0,0.0,28.07,0.995,15.6,28.0,0.0,27.82,1.019,15.6,28.0,0.0,28.15,1.125,15.6,28.0,0.0
76,4356.6667,182,12.667,True,32.03,False,0.0,27.742,0.0,0.428247,0.107411,0.042453,0.003333,27.1336,260.0,0.08,0.03426,0.111344,26.78,0.687,15.6,28.0,0.0,27.91,1.044,15.6,28.0,0.0,28.01,0.974,15.6,28.0,0.0,27.84,1.023,15.6,28.0,0.0,28.17,1.13,15.6,28.0,0.0
77,4356.8333,182,12.833,True,32.12,False,0.0,27.754,0.0,0.427639,0.106802,0.041844,0.003333,27.5613,261.5,0.08,0.034211,0.111828,26.79,0.687,15.6,28.0,0.0,27.93,1.049,15.6,28.0,0.0,28.0,0.969,15.6,28.0,0.0,27.85,1.027,15.6,28.0,0.0,28.19,1.134,15.6,28.0,0.0
78,4357.0833,182,13.083,True,32.2,False,0.0,27.833,0.0,0.320836,0.0,0.0,0.003333,27.8821,264.6,0.08,0.025667,0.084893,26.8,0.686,15.6,28.0,0.0,27.95,1.052,15.6,28.0,0.0,28.34,1.024,15.6,28.0,0.0,27.87,1.03,15.6,28.0,0.0,28.21,1.137,15.6,28.0,0.0
79,4357.1667,182,13.167,True,32.3,False,0.0,27.9,0.0,0.320836,0.0,0.0,0.003333,28.203,265.9,0.08,0.025667,0.08531,26.81,0.687,15.6,28.0,0.0,27.97,1.059,15.6,28.0,0.0,28.59,1.078,15.6,28.0,0.0,27.89,1.034,15.6,28.0,0.0,28.23,1.142,15.6,28.0,0.0
80,4357.4167,182,13.417,True,32.4,False,0.0,27.81,0.0,0.442937,0.1221,0.057142,0.003333,28.6459,270.2,0.08,0.035435,0.119682,26.82,0.687,15.6,28.0,0.0,28.0,1.064,15.6,28.0,0.0,28.07,1.001,15.6,28.0,0.0,27.91,1.038,15.6,28.0,0.0,28.25,1.146,15.6,28.0,0.0
81,4357.5,182,13.5,True,32.5,False,0.0,27.817,0.0,0.430621,0.109784,0.044826,0.003333,29.0765,271.9,0.08,0.03445,0.117086,26.84,0.689,15.6,28.0,0.0,28.03,1.071,15.6,28.0,0.0,28.01,0.98,15.6,28.0,0.0,27.94,1.044,15.6,28.0,0.0,28.28,1.153,15.6,28.0,0.0
82,4357.6667,182,13.667,True,32.6,False,0.0,27.833,0.0,0.430187,0.109351,0.044393,0.003333,29.5067,275.7,0.08,0.034415,0.118603,26.85,0.69,15.6,28.0,0.0,28.05,1.077,15.6,28.0,0.0,28.0,0.975,15.6,28.0,0.0,27.96,1.05,15.6,28.0,0.0,28.3,1.158,15.6,28.0,0.0
83,4357.9167,182,13.917,True,32.7,False,0.0,27.93,0.0,0.320836,0.0,0.0,0.003333,29.8275,282.3,0.08,0.025667,0.090572,26.86,0.692,15.6,28.0,0.0,28.07,1.083,15.6,28.0,0.0,28.38,1.037,15.6,28.0,0.0,27.98,1.054,15.6,28.0,0.0,28.36,1.176,15.6,28.0,0.0
84,4358.0,182,14.0,True,32.8,False,0.0,28.022,0.0,0.320836,0.0,0.0,0.436391,30.1484,284.8,0.08,0.025667,0.091374,26.87,0.694,15.6,28.0,0.0,28.11,1.09,15.6,28.0,0.0,28.66,1.098,15.6,28.0,0.0,28.0,1.06,15.6,28.0,0.0,28.47,1.207,15.6,28.0,0.0
85,4358.25,182,14.25,True,32.8,False,0.0,27.962,0.0,0.479721,0.158885,0.061442,0.003333,30.6281,293.0,0.08,0.038378,0.140558,26.88,0.696,15.6,28.0,0.0,28.12,1.095,15.6,28.0,0.0,28.08,1.012,15.6,28.0,0.0,28.02,1.064,15.6,28.0,0.0,28.71,1.253,15.6,28.0,0.0
86,4358.4167,182,14.417,True,32.8,False,0.0,27.831,0.0,0.589127,0.268291,0.138364,0.003333,31.2172,299.2,0.08,0.04713,0.176267,26.89,0.698,15.6,28.0,0.0,28.14,1.101,15.6,28.0,0.0,28.01,0.988,15.6,28.0,0.0,28.04,1.069,15.6,28.0,0.0,28.07,1.155,15.6,28.0,0.0
87,4358.5,182,14.5,True,32.8,False,0.0,27.826,0.0,0.564114,0.243278,0.113351,0.003333,31.7813,302.5,0.08,0.045129,0.170645,26.9,0.7,15.6,28.0,0.0,28.16,1.107,15.6,28.0,0.0,28.0,0.982,15.6,28.0,0.0,28.06,1.074,15.6,28.0,0.0,28.01,1.127,15.6,28.0,0.0
88,4358.7222,182,14.722,True,32.8,False,0.0,28.01,0.0,0.320836,0.0,0.0,0.003333,32.1022,312.1,0.08,0.025667,0.100133,26.91,0.702,15.6,28.0,0.0,28.18,1.111,15.6,28.0,0.0,28.37,1.041,15.6,28.0,0.0,28.07,1.077,15.6,28.0,0.0,28.53,1.215,15.6,28.0,0.0
89,4358.9167,182,14.917,True,32.8,False,0.0,27.857,0.0,0.597196,0.27636,0.146433,0.003333,32.6994,321.3,0.08,0.047776,0.191879,26.92,0.704,15.6,28.0,0.0,28.19,1.115,15.6,28.0,0.0,28.04,0.997,15.6,28.0,0.0,28.08,1.082,15.6,28.0,0.0,28.05,1.151,15.6,28.0,0.0
90,4359.0,182,15.0,True,32.8,False,0.0,27.851,0.0,0.572504,0.251668,0.121741,0.003333,33.2719,325.5,0.08,0.0458,0.18635,26.93,0.707,15.6,28.0,0.0,28.21,1.12,15.6,28.0,0.0,28.0,0.982,15.6,28.0,0.0,28.1,1.086,15.6,28.0,0.0,28.0,1.134,15.6,28.0,0.0
91,4359.1667,182,15.167,True,32.8,False,0.0,27.858,0.0,0.57326,0.252423,0.122496,0.003333,33.8451,334.4,0.08,0.045861,0.191698,26.95,0.71,15.6,28.0,0.0,28.23,1.125,15.6,28.0,0.0,28.0,0.978,15.6,28.0,0.0,28.11,1.09,15.6,28.0,0.0,28.0,1.134,15.6,28.0,0.0
92,4359.375,182,15.375,True,32.8,False,0.0,28.083,0.0,0.320836,0.0,0.0,0.003333,34.166,346.2,0.08,0.025667,0.111074,26.95,0.712,15.6,28.0,0.0,28.24,1.128,15.6,28.0,0.0,28.36,1.034,15.6,28.0,0.0,28.12,1.093,15.6,28.0,0.0,28.75,1.257,15.6,28.0,0.0
93,4359.5556,182,15.556,True,32.8,False,0.0,27.879,0.0,0.612611,0.291774,0.161847,0.003333,34.7786,357.1,0.08,0.049009,0.218763,26.97,0.715,15.6,28.0,0.0,28.25,1.132,15.6,28.0,0.0,28.01,0.99,15.6,28.0,0.0,28.13,1.097,15.6,28.0,0.0,28.03,1.17,15.6,28.0,0.0
94,4359.75,182,15.75,True,32.8,False,0.0,27.88,0.0,0.582741,0.261904,0.131977,0.436408,35.3613,369.4,0.08,0.046619,0.215264,26.98,0.719,15.6,28.0,0.0,28.27,1.136,15.6,28.0,0.0,28.0,0.978,15.6,28.0,0.0,28.15,1.1,15.6,28.0,0.0,28.0,1.151,15.6,28.0,0.0
95,4359.9167,182,15.917,True,32.8,False,0.0,27.886,0.0,0.58183,0.260993,0.131066,0.003333,35.9432,380.4,0.08,0.046546,0.221328,26.99,0.722,15.6,28.0,0.0,28.28,1.14,15.6,28.0,0.0,28.0,0.974,15.6,28.0,0.0,28.16,1.104,15.6,28.0,0.0,28.0,1.148,15.6,28.0,0.0
96,4360.0333,182,16.033,True,32.8,False,0.0,28.14,0.0,0.320836,0.0,0.0,0.003333,36.264,388.3,0.34,0.109084,0.124581,27.0,0.725,15.6,28.0,0.0,28.29,1.142,15.6,28.0,0.0,28.34,1.028,15.6,28.0,0.0,28.17,1.106,15.6,28.0,0.0,28.9,1.284,15.6,28.0,0.0
97,4360.2222,182,16.222,True,32.62,False,0.0,28.318,0.0,0.402782,0.081945,0.038633,0.003333,36.6668,401.4,0.34,0.136946,0.161677,27.01,0.727,15.6,29.0,0.0,28.29,1.144,15.6,29.0,0.0,28.64,1.092,15.6,29.0,0.0,28.17,1.107,15.6,29.0,0.0,29.48,1.424,15.6,29.0,0.0
98,4360.3889,182,16.389,True,32.43,False,0.0,28.25,0.0,0.444745,0.123909,0.05894,0.003333,37.1115,413.2,0.34,0.151213,0.183769,27.02,0.729,15.6,29.0,0.0,28.29,1.144,15.6,29.0,0.0,28.73,1.118,15.6,29.0,0.0,28.17,1.107,15.6,29.0,0.0,29.04,1.353,15.6,29.0,0.0
99,4360.5556,182,16.556,True,32.25,False,0.0,28.247,0.0,0.441883,0.121046,0.056077,0.003333,37.5534,425.2,0.34,0.15024,0.187888,27.02,0.73,15.6,29.0,0.0,28.29,1.143,15.6,29.0,0.0,28.76,1.133,15.6,29.0,0.0,28.17,1.107,15.6,29.0,0.0,29.0,1.348,15.6,29.0,0.0
100,4360.7222,182,16.722,True,32.07,False,0.0,28.37,0.0,0.320836,0.0,0.0,0.003333,37.8742,437.2,0.34,0.109084,0.14027,27.02,0.731,15.6,29.0,0.0,28.28,1.142,15.6,29.0,0.0,28.77,1.142,15.6,29.0,0.0,28.17,1.106,15.6,29.0,0.0,29.61,1.442,15.6,29.0,0.0
101,4360.875,182,16.875,True,31.88,False,0.0,28.248,0.0,0.457574,0.136738,0.071769,0.003333,38.3318,448.1,0.34,0.155575,0.205039,27.02,0.731,15.6,29.0,0.0,28.27,1.139,15.6,29.0,0.0,28.77,1.148,15.6,29.0,0.0,28.16,1.104,15.6,29.0,0.0,29.01,1.365,15.6,29.0,0.0
102,4361.0417,182,17.042,True,31.7,False,0.0,28.243,0.0,0.441128,0.120292,0.055323,0.003333,38.7729,459.9,0.34,0.149984,0.202875,27.03,0.731,15.6,29.0,0.0,28.26,1.135,15.6,29.0,0.0,28.76,1.153,15.6,29.0,0.0,28.17,1.106,15.6,29.0,0.0,29.0,1.345,15.6,29.0,0.0
103,4361.2083,182,17.208,True,31.6,False,0.0,28.243,0.0,0.439183,0.118347,0.053378,0.436417,39.2121,471.5,0.34,0.149322,0.207075,27.03,0.731,15.6,29.0,0.0,28.25,1.132,15.6,29.0,0.0,28.75,1.157,15.6,29.0,0.0,28.18,1.11,15.6,29.0,0.0,29.0,1.337,15.6,29.0,0.0
104,4361.375,182,17.375,True,31.5,False,0.0,28.351,0.0,0.320836,0.0,0.0,0.003333,39.533,482.7,0.34,0.109084,0.154868,27.03,0.731,15.6,29.0,0.0,28.24,1.128,15.6,29.0,0.0,28.74,1.16,15.6,29.0,0.0,28.2,1.115,15.6,29.0,0.0,29.54,1.413,15.6,29.0,0.0
105,4361.5417,182,17.542,True,31.4,False,0.0,28.245,0.0,0.448091,0.127255,0.062286,0.003333,39.981,493.5,0.34,0.152351,0.221133,27.04,0.731,15.6,29.0,0.0,28.23,1.123,15.6,29.0,0.0,28.73,1.161,15.6,29.0,0.0,28.21,1.118,15.6,29.0,0.0,29.01,1.337,15.6,29.0,0.0
106,4361.7083,182,17.708,True,31.3,False,0.0,28.24,0.0,0.433477,0.11264,0.047672,0.003333,40.4145,503.7,0.34,0.147382,0.218342,27.04,0.732,15.6,29.0,0.0,28.21,1.117,15.6,29.0,0.0,28.72,1.162,15.6,29.0,0.0,28.22,1.121,15.6,29.0,0.0,29.0,1.31,15.6,29.0,0.0
107,4361.875,182,17.875,True,31.2,False,0.0,28.235,0.0,0.429934,0.109097,0.044129,0.003333,40.8445,513.3,0.34,0.146178,0.220685,27.05,0.732,15.6,29.0,0.0,28.19,1.11,15.6,29.0,0.0,28.7,1.162,15.6,29.0,0.0,28.23,1.123,15.6,29.0,0.0,29.0,1.295,15.6,29.0,0.0
108,4362.0417,182,18.042,True,31.1,False,0.0,28.301,0.0,0.320836,0.0,0.0,0.003333,41.1653,522.1,0.34,0.109084,0.167509,27.05,0.733,15.6,29.0,0.0,28.17,1.103,15.6,29.0,0.0,28.69,1.161,15.6,29.0,0.0,28.24,1.124,15.6,29.0,0.0,29.36,1.338,15.6,29.0,0.0
109,4362.2083,182,18.208,True,30.92,False,0.0,27.896,0.0,0.600944,0.280108,0.150181,0.003333,41.7662,530.2,0.34,0.204321,0.318621,27.05,0.733,15.6,28.0,0.0,28.14,1.094,15.6,28.0,0.0,28.02,1.042,15.6,28.0,0.0,28.23,1.119,15.6,28.0,0.0,28.04,1.124,15.6,28.0,0.0
110,4362.375,182,18.375,True,30.73,False,0.0,27.873,0.0,0.559424,0.238587,0.10866,0.003333,42.3257,537.3,0.34,0.190204,0.300578,27.05,0.733,15.6,28.0,0.0,28.11,1.084,15.6,28.0,0.0,28.0,1.015,15.6,28.0,0.0,28.2,1.111,15.6,28.0,0.0,28.0,1.065,15.6,28.0,0.0
111,4362.5417,182,18.542,True,30.55,False,0.0,27.858,0.0,0.549067,0.22823,0.098303,0.003333,42.8747,543.5,0.34,0.186683,0.298418,27.04,0.731,15.6,28.0,0.0,28.08,1.073,15.6,28.0,0.0,28.0,1.0,15.6,28.0,0.0,28.17,1.102,15.6,28.0,0.0,28.0,1.038,15.6,28.0,0.0
112,4362.7083,182,18.708,True,30.37,False,0.0,27.995,0.0,0.320836,0.0,0.0,0.003333,43.1956,548.7,0.34,0.109084,0.176043,27.04,0.73,15.6,28.0,0.0,28.04,1.061,15.6,28.0,0.0,28.22,1.03,15.6,28.0,0.0,28.13,1.09,15.6,28.0,0.0,28.55,1.103,15.6,28.0,0.0
113,4362.875,182,18.875,True,30.18,False,0.0,27.903,0.0,0.444656,0.12382,0.058851,0.436418,43.6402,552.8,0.34,0.151183,0.245806,27.03,0.727,15.6,28.0,0.0,28.0,1.049,15.6,28.0,0.0,28.39,1.062,15.6,28.0,0.0,28.09,1.08,15.6,28.0,0.0,28.01,1.026,15.6,28.0,0.0
114,4363.0556,182,19.056,True,30.0,False,0.0,27.891,0.0,0.434454,0.113617,0.048649,0.003333,44.0747,556.1,0.34,0.147714,0.2416,27.02,0.725,15.6,28.0,0.0,27.95,1.037,15.6,28.0,0.0,28.43,1.073,15.6,28.0,0.0,28.06,1.071,15.6,28.0,0.0,28.0,1.0,15.6,28.0,0.0
115,4363.2222,182,19.222,True,29.72,False,0.0,27.871,0.0,0.430258,0.109422,0.044453,0.003333,44.5049,558.1,0.34,0.146288,0.240127,27.0,0.722,15.6,28.0,0.0,27.91,1.025,15.6,28.0,0.0,28.42,1.074,15.6,28.0,0.0,28.02,1.061,15.6,28.0,0.0,28.0,0.984,15.6,28.0,0.0
116,4363.3889,182,19.389,True,29.43,False,0.0,27.919,0.0,0.320836,0.0,0.0,0.003333,44.8258,558.9,0.34,0.109084,0.179315,26.98,0.718,15.6,28.0,0.0,27.87,1.012,15.6,28.0,0.0,28.39,1.071,15.6,28.0,0.0,27.98,1.047,15.6,28.0,0.0,28.38,1.031,15.6,28.0,0.0
117,4363.5556,182,19.556,True,29.15,False,0.0,27.813,0.0,0.429447,0.108611,0.043642,0.003333,45.2552,558.8,0.34,0.146012,0.239975,26.96,0.714,15.6,28.0,0.0,27.82,0.996,15.6,28.0,0.0,28.35,1.065,15.6,28.0,0.0,27.92,1.025,15.6,28.0,0.0,28.02,0.963,15.6,28.0,0.0
118,4363.7222,182,19.722,True,28.87,False,0.0,27.777,0.0,0.420616,0.09978,0.034811,0.003333,45.6758,557.6,0.34,0.143009,0.234536,26.94,0.709,15.6,28.0,0.0,27.77,0.984,15.6,28.0,0.0,28.32,1.059,15.6,28.0,0.0,27.86,1.009,15.6,28.0,0.0,28.0,0.943,15.6,28.0,0.0
119,4363.8889,182,19.889,True,28.58,False,0.0,27.851,0.0,0.389864,0.069027,0.004058,0.003333,46.0657,555.5,0.34,0.132554,0.216569,26.92,0.703,15.6,29.0,0.0,27.73,0.972,15.6,29.0,0.0,28.28,1.053,15.6,29.0,0.0,27.81,0.996,15.6,29.0,0.0,28.53,1.013,15.6,29.0,0.0
120,4364.0556,182,20.056,True,28.3,False,0.0,27.826,0.0,0.320836,0.0,0.0,0.003333,46.3865,552.4,0.34,0.109084,0.17723,26.89,0.698,15.6,29.0,0.0,27.69,0.96,15.6,29.0,0.0,28.24,1.048,15.6,29.0,0.0,27.76,0.984,15.6,29.0,0.0,28.55,1.038,15.6,29.0,0.0
121,4364.2222,182,20.222,True,28.22,False,0.0,27.782,0.0,0.320836,0.0,0.0,0.003333,46.7074,548.5,0.34,0.109084,0.175979,26.87,0.693,15.6,29.0,0.0,27.65,0.951,15.6,29.0,0.0,28.21,1.044,15.6,29.0,0.0,27.73,0.974,15.6,29.0,0.0,28.45,1.023,15.6,29.0,0.0
122,4364.4167,182,20.417,True,28.13,False,0.0,27.752,0.0,0.320836,0.0,0.0,0.436416,47.0282,543.0,0.34,0.109084,0.174214,26.86,0.689,15.6,29.0,0.0,27.62,0.943,15.6,29.0,0.0,28.19,1.04,15.6,29.0,0.0,27.7,0.965,15.6,29.0,0.0,28.4,1.018,15.6,29.0,0.0
123,4364.5833,182,20.583,True,28.05,False,0.0,27.73,0.0,0.320836,0.0,0.0,0.003333,47.349,537.6,0.34,0.109084,0.172482,26.85,0.687,15.6,29.0,0.0,27.6,0.936,15.6,29.0,0.0,28.16,1.037,15.6,29.0,0.0,27.67,0.958,15.6,29.0,0.0,28.36,1.017,15.6,29.0,0.0
124,4364.75,182,20.75,True,27.97,False,0.0,27.709,0.0,0.320836,0.0,0.0,0.003333,47.6699,531.6,0.34,0.109084,0.170557,26.84,0.684,15.6,29.0,0.0,27.58,0.929,15.6,29.0,0.0,28.14,1.034,15.6,29.0,0.0,27.65,0.951,15.6,29.0,0.0,28.34,1.017,15.6,29.0,0.0
125,4364.9167,182,20.917,True,27.88,False,0.0,27.691,0.0,0.320836,0.0,0.0,0.003333,47.9907,525.2,0.34,0.109084,0.168503,26.83,0.682,15.6,29.0,0.0,27.56,0.923,15.6,29.0,0.0,28.12,1.032,15.6,29.0,0.0,27.63,0.945,15.6,29.0,0.0,28.31,1.017,15.6,29.0,0.0
126,4365.0833,182,21.083,True,27.8,False,0.0,27.672,0.0,0.320836,0.0,0.0,0.003333,48.3116,518.3,0.08,0.025667,0.16629,26.82,0.68,15.6,29.0,0.0,27.54,0.917,15.6,29.0,0.0,28.1,1.029,15.6,29.0,0.0,27.61,0.94,15.6,29.0,0.0,28.29,1.017,15.6,29.0,0.0
127,4365.25,182,21.25,True,27.7,False,0.0,27.655,0.0,0.320836,0.0,0.0,0.003333,48.6324,511.1,0.08,0.025667,0.16398,26.81,0.678,15.6,28.0,0.0,27.52,0.911,15.6,28.0,0.0,28.08,1.026,15.6,28.0,0.0,27.59,0.934,15.6,28.0,0.0,28.27,1.017,15.6,28.0,0.0
128,4365.4167,182,21.417,True,27.6,False,0.0,27.637,0.0,0.320836,0.0,0.0,0.003333,48.9532,503.8,0.08,0.025667,0.161637,26.8,0.676,15.6,28.0,0.0,27.5,0.906,15.6,28.0,0.0,28.06,1.023,15.6,28.0,0.0,27.58,0.929,15.6,28.0,0.0,28.25,1.017,15.6,28.0,0.0
129,4365.5833,182,21.583,True,27.5,False,0.0,27.619,0.0,0.320836,0.0,0.0,0.003333,49.2741,496.3,0.08,0.025667,0.159231,26.79,0.673,15.6,28.0,0.0,27.48,0.9,15.6,28.0,0.0,28.04,1.02,15.6,28.0,0.0,27.56,0.924,15.6,28.0,0.0,28.23,1.017,15.6,28.0,0.0
130,4365.75,182,21.75,True,27.4,False,0.0,27.602,0.0,0.320836,0.0,0.0,0.003333,49.5949,488.8,0.08,0.025667,0.156825,26.78,0.671,15.6,28.0,0.0,27.46,0.894,15.6,28.0,0.0,28.02,1.017,15.6,28.0,0.0,27.54,0.918,15.6,28.0,0.0,28.21,1.016,15.6,28.0,0.0
131,4365.9167,182,21.917,True,27.3,False,0.0,27.584,0.0,0.320836,0.0,0.0,0.436406,49.9157,481.3,0.08,0.025667,0.154419,26.77,0.668,15.6,28.0,0.0,27.44,0.889,15.6,28.0,0.0,28.0,1.013,15.6,28.0,0.0,27.52,0.913,15.6,28.0,0.0,28.19,1.015,15.6,28.0,0.0
132,4366.0833,182,22.083,True,27.2,False,0.0,27.567,0.0,0.320836,0.0,0.0,0.003333,50.2366,473.9,0.08,0.025667,0.152044,26.76,0.666,15.6,28.0,0.0,27.42,0.883,15.6,28.0,0.0,27.98,1.009,15.6,28.0,0.0,27.51,0.908,15.6,28.0,0.0,28.16,1.014,15.6,28.0,0.0
133,4366.1667,182,22.167,True,27.2,False,0.0,27.551,0.0,0.320836,0.0,0.0,0.003333,50.5574,470.3,0.08,0.025667,0.150889,26.75,0.664,15.6,28.0,0.0,27.41,0.878,15.6,28.0,0.0,27.96,1.006,15.6,28.0,0.0,27.49,0.903,15.6,28.0,0.0,28.15,1.014,15.6,28.0,0.0
134,4366.3333,182,22.333,True,27.2,False,0.0,27.541,0.0,0.320836,0.0,0.0,0.003333,50.8782,463.2,0.08,0.025667,0.148611,26.75,0.662,15.6,28.0,0.0,27.39,0.874,15.6,28.0,0.0,27.95,1.003,15.6,28.0,0.0,27.48,0.9,15.6,28.0,0.0,28.13,1.014,15.6,28.0,0.0
135,4366.5,182,22.5,True,27.2,False,0.0,27.531,0.0,0.320836,0.0,0.0,0.003333,51.1991,456.4,0.08,0.025667,0.14643,26.75,0.661,15.6,28.0,0.0,27.38,0.869,15.6,28.0,0.0,27.94,1.001,15.6,28.0,0.0,27.47,0.896,15.6,28.0,0.0,28.12,1.014,15.6,28.0,0.0
136,4366.6667,182,22.667,True,27.2,False,0.0,27.522,0.0,0.320836,0.0,0.0,0.003333,51.5199,449.8,0.08,0.025667,0.144312,26.74,0.66,15.6,28.0,0.0,27.37,0.865,15.6,28.0,0.0,27.92,0.999,15.6,28.0,0.0,27.46,0.893,15.6,28.0,0.0,28.11,1.014,15.6,28.0,0.0
137,4366.8333,182,22.833,True,27.2,False,0.0,27.513,0.0,0.320836,0.0,0.0,0.003333,51.8408,443.6,0.08,0.025667,0.142323,26.74,0.659,15.6,28.0,0.0,27.36,0.862,15.6,28.0,0.0,27.91,0.996,15.6,28.0,0.0,27.45,0.89,15.6,28.0,0.0,28.1,1.014,15.6,28.0,0.0
138,4367.0,182,23.0,True,27.2,False,0.0,27.504,0.0,0.320836,0.0,0.0,0.003333,52.1616,437.7,0.08,0.025667,0.14043,26.74,0.658,15.6,28.0,0.0,27.35,0.858,15.6,28.0,0.0,27.9,0.994,15.6,28.0,0.0,27.44,0.887,15.6,28.0,0.0,28.09,1.013,15.6,28.0,0.0
139,4367.1667,182,23.167,True,27.2,False,0.0,27.563,0.0,0.412504,0.0,0.0,0.003333,52.5741,432.2,0.08,0.033,0.178284,26.81,0.669,15.6,28.0,0.0,27.41,0.867,15.6,28.0,0.0,27.95,1.003,15.6,28.0,0.0,27.5,0.896,15.6,28.0,0.0,28.14,1.024,15.6,28.0,0.0
140,4367.3333,182,23.333,True,27.2,False,0.0,27.581,0.0,0.412504,0.0,0.0,0.003333,52.9866,427.0,0.08,0.033,0.176139,26.84,0.675,15.6,28.0,0.0,27.43,0.869,15.6,28.0,0.0,27.96,1.006,15.6,28.0,0.0,27.52,0.899,15.6,28.0,0.0,28.15,1.029,15.6,28.0,0.0
141,4367.5,182,23.5,True,27.2,False,0.0,27.588,0.0,0.412504,0.0,0.0,0.436404,53.3991,422.2,0.08,0.033,0.174159,26.85,0.678,15.6,28.0,0.0,27.43,0.87,15.6,28.0,0.0,27.96,1.007,15.6,28.0,0.0,27.53,0.9,15.6,28.0,0.0,28.15,1.032,15.6,28.0,0.0
142,4367.6667,182,23.667,True,27.2,False,0.0,27.589,0.0,0.412504,0.0,0.0,0.003333,53.8116,417.7,0.08,0.033,0.172303,26.86,0.68,15.6,28.0,0.0,27.44,0.87,15.6,28.0,0.0,27.96,1.007,15.6,28.0,0.0,27.53,0.899,15.6,28.0,0.0,28.15,1.034,15.6,28.0,0.0
143,4367.8333,182,23.833,True,27.2,False,0.0,27.588,0.0,0.412504,0.0,0.0,0.003333,54.2241,413.6,0.08,0.033,0.170612,26.87,0.681,15.6,28.0,0.0,27.43,0.869,15.6,28.0,0.0,27.96,1.006,15.6,28.0,0.0,27.53,0.899,15.6,28.0,0.0,28.15,1.035,15.6,28.0,0.0
144,4368.0,182,24.0,True,27.2,False,0.0,27.586,0.0,0.412504,0.0,0.0,0.003333,54.6366,409.8,0.08,0.033,0.169044,26.87,0.682,15.6,28.0,0.0,27.43,0.867,15.6,28.0,0.0,27.95,1.006,15.6,28.0,0.0,27.53,0.898,15.6,28.0,0.0,28.14,1.036,15.6,28.0,0.0
145,4368.1667,183,0.167,False,27.2,False,0.0,27.583,0.0,0.412504,0.0,0.0,0.003333,55.0491,378.0,0.08,0.033,0.155927,26.88,0.683,15.6,28.0,0.0,27.43,0.866,15.6,28.0,0.0,27.95,1.005,15.6,28.0,0.0,27.53,0.896,15.6,28.0,0.0,28.14,1.036,15.6,28.0,0.0
146,4368.3333,183,0.333,False,27.2,False,0.0,27.579,0.0,0.412504,0.0,0.0,0.003333,55.4616,378.5,0.08,0.033,0.156133,26.88,0.683,15.6,28.0,0.0,27.42,0.864,15.6,28.0,0.0,27.94,1.003,15.6,28.0,0.0,27.52,0.895,15.6,28.0,0.0,28.13,1.036,15.6,28.0,0.0
147,4368.5,183,0.5,False,27.2,False,0.0,27.575,0.0,0.412504,0.0,0.0,0.003333,55.8741,378.9,0.08,0.033,0.156298,26.88,0.683,15.6,28.0,0.0,27.42,0.862,15.6,28.0,0.0,27.93,1.001,15.6,28.0,0.0,27.52,0.893,15.6,28.0,0.0,28.12,1.036,15.6,28.0,0.0
148,4368.6667,183,0.667,False,27.2,False,0.0,27.57,0.0,0.412504,0.0,0.0,0.003333,56.2866,379.3,0.08,0.033,0.156463,26.88,0.683,15.6,28.0,0.0,27.41,0.86,15.6,28.0,0.0,27.92,1.0,15.6,28.0,0.0,27.52,0.891,15.6,28.0,0.0,28.11,1.035,15.6,28.0,0.0
149,4368.8333,183,0.833,False,27.2,False,0.0,27.564,0.0,0.412504,0.0,0.0,0.003333,56.6991,379.4,0.08,0.033,0.156504,26.88,0.683,15.6,28.0,0.0,27.41,0.857,15.6,28.0,0.0,27.92,0.998,15.6,28.0,0.0,27.51,0.889,15.6,28.0,0.0,28.1,1.034,15.6,28.0,0.0
150,4369.0,183,1.0,False,27.2,False,0.0,27.558,0.0,0.412504,0.0,0.0,0.436395,57.1116,379.5,0.08,0.033,0.156545,26.88,0.683,15.6,28.0,0.0,27.4,0.855,15.6,28.0,0.0,27.91,0.995,15.6,28.0,0.0,27.5,0.887,15.6,28.0,0.0,28.09,1.033,15.6,28.0,0.0
151,4369.1667,183,1.167,False,27.12,False,0.0,27.548,0.0,0.412504,0.0,0.0,0.003333,57.5241,379.4,0.08,0.033,0.156504,26.88,0.682,15.6,28.0,0.0,27.39,0.852,15.6,28.0,0.0,27.89,0.992,15.6,28.0,0.0,27.49,0.884,15.6,28.0,0.0,28.08,1.03,15.6,28.0,0.0
152,4369.3333,183,1.333,False,27.03,False,0.0,27.535,0.0,0.412504,0.0,0.0,0.003333,57.9366,379.3,0.08,0.033,0.156463,26.87,0.681,15.6,28.0,0.0,27.38,0.848,15.6,28.0,0.0,27.88,0.988,15.6,28.0,0.0,27.48,0.88,15.6,28.0,0.0,28.06,1.027,15.6,28.0,0.0
153,4369.5,183,1.5,False,26.95,False,0.0,27.521,0.0,0.412504,0.0,0.0,0.003333,58.3492,378.9,0.08,0.033,0.156298,26.87,0.679,15.6,29.0,0.0,27.36,0.843,15.6,29.0,0.0,27.86,0.984,15.6,29.0,0.0,27.47,0.876,15.6,29.0,0.0,28.05,1.024,15.6,29.0,0.0
154,4369.6667,183,1.667,False,26.87,False,0.0,27.506,0.0,0.412504,0.0,0.0,0.003333,58.7617,378.5,0.08,0.033,0.156133,26.86,0.678,15.6,29.0,0.0,27.35,0.839,15.6,29.0,0.0,27.84,0.98,15.6,29.0,0.0,27.45,0.872,15.6,29.0,0.0,28.03,1.021,15.6,29.0,0.0
155,4369.8333,183,1.833,False,26.78,False,0.0,27.491,0.0,0.412504,0.0,0.0,0.003333,59.1742,378.0,0.08,0.033,0.155927,26.85,0.676,15.6,29.0,0.0,27.33,0.834,15.6,29.0,0.0,27.82,0.975,15.6,29.0,0.0,27.44,0.868,15.6,29.0,0.0,28.01,1.017,15.6,29.0,0.0
156,4370.0,183,2.0,False,26.7,False,0.0,27.474,0.0,0.412504,0.0,0.0,0.003333,59.5867,377.3,0.08,0.033,0.155638,26.84,0.674,15.6,29.0,0.0,27.31,0.829,15.6,29.0,0.0,27.8,0.971,15.6,29.0,0.0,27.42,0.863,15.6,29.0,0.0,27.99,1.013,15.6,29.0,0.0
157,4370.1667,183,2.167,False,26.7,False,0.0,27.462,0.0,0.412504,0.0,0.0,0.003333,59.9992,376.5,0.08,0.033,0.155308,26.84,0.672,15.6,29.0,0.0,27.3,0.826,15.6,29.0,0.0,27.79,0.967,15.6,29.0,0.0,27.41,0.86,15.6,29.0,0.0,27.97,1.009,15.6,29.0,0.0
158,4370.3333,183,2.333,False,26.7,False,0.0,27.451,0.0,0.412504,0.0,0.0,0.003333,60.4117,375.6,0.08,0.033,0.154937,26.83,0.671,15.6,29.0,0.0,27.29,0.822,15.6,29.0,0.0,27.77,0.963,15.6,29.0,0.0,27.4,0.857,15.6,29.0,0.0,27.96,1.006,15.6,29.0,0.0
159,4370.5,183,2.5,False,26.7,False,0.0,27.44,0.0,0.412504,0.0,0.0,0.003333,60.8242,374.6,0.08,0.033,0.154524,26.83,0.67,15.6,29.0,0.0,27.28,0.819,15.6,29.0,0.0,27.76,0.96,15.6,29.0,0.0,27.39,0.853,15.6,29.0,0.0,27.94,1.003,15.6,29.0,0.0
160,4370.6667,183,2.667,False,26.7,False,0.0,27.429,0.0,0.412504,0.0,0.0,0.436414,61.2367,373.4,0.08,0.033,0.154029,26.82,0.668,15.6,29.0,0.0,27.27,0.815,15.6,29.0,0.0,27.75,0.956,15.6,29.0,0.0,27.38,0.85,15.6,29.0,0.0,27.93,1.0,15.6,29.0,0.0
161,4370.8333,183,2.833,False,26.7,False,0.0,27.418,0.0,0.412504,0.0,0.0,0.003333,61.6492,372.2,0.08,0.033,0.153534,26.82,0.667,15.6,29.0,0.0,27.26,0.812,15.6,29.0,0.0,27.73,0.952,15.6,29.0,0.0,27.37,0.847,15.6,29.0,0.0,27.91,0.996,15.6,29.0,0.0
162,4371.0,183,3.0,False,26.7,False,0.0,27.408,0.0,0.412504,0.0,0.0,0.003333,62.0617,370.8,0.08,0.033,0.152956,26.81,0.666,15.6,29.0,0.0,27.25,0.808,15.6,29.0,0.0,27.72,0.948,15.6,29.0,0.0,27.36,0.843,15.6,29.0,0.0,27.9,0.993,15.6,29.0,0.0
163,4371.1667,183,3.167,False,26.7,False,0.0,27.398,0.0,0.412504,0.0,0.0,0.003333,62.4742,369.4,0.08,0.033,0.152379,26.81,0.664,15.6,29.0,0.0,27.24,0.805,15.6,29.0,0.0,27.71,0.945,15.6,29.0,0.0,27.35,0.84,15.6,29.0,0.0,27.89,0.99,15.6,29.0,0.0
164,4371.3333,183,3.333,False,26.7,False,0.0,27.388,0.0,0.412504,0.0,0.0,0.003333,62.8867,367.8,0.08,0.033,0.151719,26.8,0.662,15.6,29.0,0.0,27.23,0.802,15.6,29.0,0.0,27.69,0.942,15.6,29.0,0.0,27.34,0.837,15.6,29.0,0.0,27.87,0.987,15.6,29.0,0.0
165,4371.5,183,3.5,False,26.7,False,0.0,27.378,0.0,0.412504,0.0,0.0,0.003333,63.2992,366.1,0.08,0.033,0.151018,26.8,0.661,15.6,29.0,0.0,27.22,0.799,15.6,29.0,0.0,27.68,0.938,15.6,29.0,0.0,27.33,0.834,15.6,29.0,0.0,27.86,0.984,15.6,29.0,0.0
166,4371.6667,183,3.667,False,26.7,False,0.0,27.369,0.0,0.412504,0.0,0.0,0.003333,63.7117,364.4,0.08,0.033,0.150316,26.79,0.659,15.6,29.0,0.0,27.21,0.797,15.6,29.0,0.0,27.67,0.935,15.6,29.0,0.0,27.32,0.831,15.6,29.0,0.0,27.85,0.98,15.6,29.0,0.0
167,4371.8333,183,3.833,False,26.7,False,0.0,27.36,0.0,0.412504,0.0,0.0,0.003333,64.1242,362.5,0.08,0.033,0.149533,26.79,0.658,15.6,29.0,0.0,27.2,0.794,15.6,29.0,0.0,27.66,0.932,15.6,29.0,0.0,27.31,0.829,15.6,29.0,0.0,27.83,0.977,15.6,29.0,0.0
168,4372.0,183,4.0,False,26.7,False,0.0,27.35,0.0,0.412504,0.0,0.0,0.003333,64.5367,360.5,0.08,0.033,0.148708,26.78,0.656,15.6,29.0,0.0,27.19,0.791,15.6,29.0,0.0,27.65,0.928,15.6,29.0,0.0,27.31,0.826,15.6,29.0,0.0,27.82,0.974,15.6,29.0,0.0
169,4372.1667,183,4.167,False,26.78,False,0.0,27.355,0.0,0.458338,0.0,0.0,0.43641,64.9951,358.5,0.08,0.036667,0.164314,26.79,0.658,15.6,29.0,0.0,27.2,0.792,15.6,29.0,0.0,27.65,0.929,15.6,29.0,0.0,27.31,0.827,15.6,29.0,0.0,27.82,0.975,15.6,29.0,0.0
170,4372.3333,183,4.333,False,26.87,False,0.0,27.358,0.0,0.458338,0.0,0.0,0.003333,65.4534,356.4,0.08,0.036667,0.163352,26.8,0.66,15.6,29.0,0.0,27.2,0.792,15.6,29.0,0.0,27.65,0.928,15.6,29.0,0.0,27.31,0.827,15.6,29.0,0.0,27.82,0.974,15.6,29.0,0.0
171,4372.5,183,4.5,False,26.95,False,0.0,27.359,0.0,0.458338,0.0,0.0,0.003333,65.9117,354.2,0.08,0.036667,0.162343,26.81,0.661,15.6,29.0,0.0,27.21,0.793,15.6,29.0,0.0,27.65,0.928,15.6,29.0,0.0,27.31,0.827,15.6,29.0,0.0,27.82,0.974,15.6,29.0,0.0
172,4372.6667,183,4.667,False,27.03,False,0.0,27.359,0.0,0.458338,0.0,0.0,0.003333,66.3701,351.9,0.08,0.036667,0.161289,26.81,0.663,15.6,29.0,0.0,27.21,0.793,15.6,29.0,0.0,27.65,0.927,15.6,29.0,0.0,27.31,0.827,15.6,29.0,0.0,27.82,0.974,15.6,29.0,0.0
173,4372.8333,183,4.833,False,27.12,False,0.0,27.359,0.0,0.458338,0.0,0.0,0.003333,66.8284,349.5,0.08,0.036667,0.160189,26.82,0.664,15.6,28.0,0.0,27.21,0.793,15.6,28.0,0.0,27.64,0.927,15.6,28.0,0.0,27.31,0.827,15.6,28.0,0.0,27.81,0.973,15.6,28.0,0.0
174,4373.0,183,5.0,False,27.2,False,0.0,27.359,0.0,0.458338,0.0,0.0,0.003333,67.2867,347.1,0.08,0.036667,0.159089,26.82,0.666,15.6,28.0,0.0,27.21,0.793,15.6,28.0,0.0,27.64,0.927,15.6,28.0,0.0,27.31,0.827,15.6,28.0,0.0,27.81,0.973,15.6,28.0,0.0
175,4373.25,183,5.25,False,27.2,True,2.75,25.681,0.518,1.651761,1.193423,0.848869,0.003333,68.9385,343.4,0.08,0.132141,0.567215,25.59,0.436,21.5,25.5,0.81,25.62,0.5,21.5,25.5,0.61,25.76,0.583,21.5,25.5,0.36,25.64,0.518,21.5,25.5,0.61,25.78,0.605,21.5,25.5,0.36
176,4373.3333,183,5.333,False,27.2,True,2.75,25.512,0.421,1.41528,0.956942,0.612388,0.003333,70.3538,342.1,0.08,0.113222,0.484167,25.5,0.369,21.5,25.5,0.81,25.5,0.41,21.5,25.5,0.61,25.53,0.458,21.5,25.5,0.36,25.5,0.421,21.5,25.5,0.61,25.53,0.471,21.5,25.5,0.36
177,4373.5833,183,5.583,False,27.2,True,2.75,25.043,0.295,1.540814,1.082476,0.737922,0.003333,71.8946,338.2,0.08,0.123265,0.521103,25.03,0.253,21.5,25.0,0.81,25.03,0.285,21.5,25.0,0.61,25.06,0.326,21.5,25.0,0.36,25.03,0.295,21.5,25.0,0.61,25.06,0.335,21.5,25.0,0.36
178,4373.6667,183,5.667,False,27.2,True,2.75,25.001,0.238,1.420528,0.96219,0.617636,0.436409,73.3151,336.9,0.08,0.113642,0.478576,25.0,0.204,21.5,25.0,0.81,25.0,0.229,21.5,25.0,0.61,25.0,0.262,21.5,25.0,0.36,25.0,0.238,21.5,25.0,0.61,25.0,0.269,21.5,25.0,0.36
179,4373.8333,183,5.833,False,27.2,True,2.75,24.999,0.214,1.370875,0.912538,0.567984,0.003333,74.686,334.2,0.08,0.10967,0.458147,25.0,0.174,21.5,25.0,0.81,25.0,0.197,21.5,25.0,0.61,25.0,0.249,21.5,25.0,0.36,25.0,0.214,21.5,25.0,0.61,25.0,0.232,21.5,25.0,0.36
180,4374.0,183,6.0,False,27.2,True,2.75,24.999,0.192,1.336763,0.878425,0.533871,0.003333,76.0228,331.5,0.08,0.106941,0.443137,25.0,0.15,21.5,25.0,0.81,25.0,0.17,21.5,25.0,0.61,25.0,0.235,21.5,25.0,0.36,25.0,0.192,21.5,25.0,0.61,25.0,0.202,21.5,25.0,0.36
181,4374.1667,183,6.167,False,27.38,True,5.5,24.999,0.242,1.593782,0.952109,0.607555,0.003333,77.6165,328.8,0.08,0.127503,0.524036,25.0,0.146,21.5,25.0,1.61,25.0,0.167,21.5,25.0,1.22,25.0,0.242,21.5,25.0,0.72,25.0,0.192,21.5,25.0,1.22,25.0,0.197,21.5,25.0,0.72
182,4374.3333,183,6.333,False,27.57,True,5.5,24.999,0.246,1.596641,0.954968,0.610414,0.003333,79.2132,326.0,0.08,0.127731,0.520505,25.0,0.14,21.5,25.0,1.61,25.0,0.163,21.5,25.0,1.22,25.0,0.246,21.5,25.0,0.72,25.0,0.189,21.5,25.0,1.22,25.0,0.191,21.5,25.0,0.72
183,4374.5833,183,6.583,False,27.75,True,5.5,25.0,0.25,1.599275,0.957602,0.613048,0.003333,80.8125,321.8,0.08,0.127942,0.514647,25.0,0.135,21.5,25.0,1.61,25.0,0.159,21.5,25.0,1.22,25.0,0.25,21.5,25.0,0.72,25.0,0.187,21.5,25.0,1.22,25.0,0.187,21.5,25.0,0.72
184,4374.75,183,6.75,False,27.93,True,5.5,25.0,0.262,1.606708,0.965035,0.620481,0.003333,82.4192,319.0,0.08,0.128537,0.51254,25.0,0.131,21.5,25.0,1.61,25.0,0.158,21.5,25.0,1.22,25.0,0.262,21.5,25.0,0.72,25.0,0.188,21.5,25.0,1.22,25.0,0.184,21.5,25.0,0.72
185,4374.8889,183,6.889,False,28.12,True,5.5,25.0,0.275,1.61539,0.973717,0.629163,0.003333,84.0346,316.6,0.08,0.129231,0.511432,25.0,0.128,21.5,25.0,1.61,25.0,0.157,21.5,25.0,1.22,25.0,0.275,21.5,25.0,0.72,25.0,0.188,21.5,25.0,1.22,25.0,0.182,21.5,25.0,0.72
186,4375.0556,183,7.056,False,28.3,True,5.5,25.0,0.289,1.625622,0.983949,0.639395,0.436441,85.6602,313.8,0.08,0.13005,0.51012,25.0,0.125,21.5,25.0,1.61,25.0,0.157,21.5,25.0,1.22,25.0,0.289,21.5,25.0,0.72,25.0,0.189,21.5,25.0,1.22,25.0,0.18,21.5,25.0,0.72
187,4375.2222,183,7.222,False,28.48,True,26.14,24.999,0.329,2.838138,1.188122,0.843568,0.003333,88.4983,311.0,0.08,0.227051,0.882661,25.0,0.148,21.5,25.0,7.65,25.0,0.181,21.5,25.0,5.8,25.0,0.329,21.5,25.0,3.44,25.0,0.212,21.5,25.0,5.8,25.0,0.203,21.5,25.0,3.44
188,4375.375,183,7.375,False,28.67,True,26.14,24.999,0.35,2.870102,1.220086,0.875532,0.003333,91.3684,308.4,0.08,0.229608,0.88514,25.0,0.151,21.5,25.0,7.65,25.0,0.187,21.5,25.0,5.8,25.0,0.35,21.5,25.0,3.44,25.0,0.216,21.5,25.0,5.8,25.0,0.208,21.5,25.0,3.44
189,4375.5417,183,7.542,False,28.85,True,26.14,24.999,0.371,2.890537,1.240521,0.895967,0.003333,94.259,305.6,0.08,0.231243,0.883348,25.0,0.153,21.5,25.0,7.65,25.0,0.192,21.5,25.0,5.8,25.0,0.371,21.5,25.0,3.44,25.0,0.218,21.5,25.0,5.8,25.0,0.212,21.5,25.0,3.44
190,4375.7083,183,7.708,False,29.03,True,26.14,24.999,0.385,2.905144,1.255128,0.910574,0.003333,97.1641,302.8,0.08,0.232412,0.879678,25.0,0.154,21.5,25.0,7.65,25.0,0.195,21.5,25.0,5.8,25.0,0.385,21.5,25.0,3.44,25.0,0.217,21.5,25.0,5.8,25.0,0.215,21.5,25.0,3.44
191,4375.875,183,7.875,False,29.22,True,26.14,24.901,0.379,2.959179,1.309163,0.964609,0.003333,100.1233,300.1,0.08,0.236734,0.88805,24.9,0.137,21.5,24.9,7.65,24.9,0.18,21.5,24.9,5.8,24.9,0.379,21.5,24.9,3.44,24.9,0.198,21.5,24.9,5.8,24.9,0.2,21.5,24.9,3.44
192,4376.0417,183,8.042,False,29.4,True,26.14,24.899,0.382,2.957049,1.307032,0.962478,0.436465,103.0803,297.3,0.08,0.236564,0.879131,24.9,0.133,21.5,24.9,7.65,24.9,0.178,21.5,24.9,5.8,24.9,0.382,21.5,24.9,3.44,24.9,0.191,21.5,24.9,5.8,24.9,0.197,21.5,24.9,3.44
193,4376.2083,183,8.208,False,29.6,True,26.14,24.899,0.388,2.962086,1.31207,0.967516,0.003333,106.0424,294.6,0.08,0.236967,0.872631,24.9,0.131,21.5,24.9,7.65,24.9,0.178,21.5,24.9,5.8,24.9,0.388,21.5,24.9,3.44,24.9,0.187,21.5,24.9,5.8,24.9,0.196,21.5,24.9,3.44
194,4376.3667,183,8.367,False,29.8,True,26.14,24.899,0.393,2.968603,1.318587,0.974033,0.003333,109.011,292.1,0.08,0.237488,0.867129,24.9,0.13,21.5,24.9,7.65,24.9,0.178,21.5,24.9,5.8,24.9,0.393,21.5,24.9,3.44,24.9,0.184,21.5,24.9,5.8,24.9,0.196,21.5,24.9,3.44
195,4376.5333,183,8.533,False,30.0,True,26.14,24.899,0.398,2.976245,1.326229,0.981675,0.003333,111.9873,289.5,0.08,0.2381,0.861623,24.9,0.128,21.5,24.9,7.65,24.9,0.179,21.5,24.9,5.8,24.9,0.398,21.5,24.9,3.44,24.9,0.183,21.5,24.9,5.8,24.9,0.196,21.5,24.9,3.44
196,4376.7,183,8.7,False,30.2,True,26.14,24.899,0.396,2.982472,1.332456,0.987902,0.003333,114.9697,286.9,0.08,0.238598,0.855671,24.9,0.127,21.5,24.9,7.65,24.9,0.179,21.5,24.9,5.8,24.9,0.396,21.5,24.9,3.44,24.9,0.182,21.5,24.9,5.8,24.9,0.196,21.5,24.9,3.44
197,4376.875,183,8.875,False,30.4,True,26.14,24.899,0.394,2.988795,1.338779,0.994225,0.003333,117.9585,284.3,0.08,0.239104,0.849714,24.9,0.126,21.5,24.9,7.65,24.9,0.18,21.5,24.9,5.8,24.9,0.394,21.5,24.9,3.44,24.9,0.183,21.5,24.9,5.8,24.9,0.196,21.5,24.9,3.44
198,4377.0417,183,9.042,False,30.6,True,26.14,24.899,0.39,2.994724,1.344708,1.000154,0.003333,120.9533,281.9,0.08,0.239578,0.844213,24.9,0.125,21.5,24.9,7.65,24.9,0.181,21.5,24.9,5.8,24.9,0.39,21.5,24.9,3.44,24.9,0.183,21.5,24.9,5.8,24.9,0.197,21.5,24.9,3.44
199,4377.2083,183,9.208,False,30.68,True,26.14,24.899,0.385,2.999638,1.349622,1.005068,0.436472,123.9529,279.5,0.08,0.239971,0.838399,24.9,0.124,21.5,24.9,7.65,24.9,0.183,21.5,24.9,5.8,24.9,0.385,21.5,24.9,3.44,24.9,0.184,21.5,24.9,5.8,24.9,0.198,21.5,24.9,3.44
200,4377.375,183,9.375,False,30.77,True,26.14,24.899,0.38,3.005214,1.355198,1.010644,0.003333,126.9581,277.2,0.08,0.240417,0.833045,24.9,0.125,21.5,24.9,7.65,24.9,0.185,21.5,24.9,5.8,24.9,0.38,21.5,24.9,3.44,24.9,0.185,21.5,24.9,5.8,24.9,0.2,21.5,24.9,3.44
201,4377.5417,183,9.542,False,30.85,True,26.14,24.899,0.372,3.010365,1.360349,1.015795,0.003333,129.9685,275.0,0.08,0.240829,0.82785,24.9,0.125,21.5,24.9,7.65,24.9,0.187,21.5,24.9,5.8,24.9,0.372,21.5,24.9,3.44,24.9,0.187,21.5,24.9,5.8,24.9,0.202,21.5,24.9,3.44
202,4377.7083,183,9.708,False,30.93,True,26.14,24.899,0.368,3.015771,1.365755,1.021201,0.003333,132.9842,272.8,0.08,0.241262,0.822702,24.9,0.127,21.5,24.9,7.65,24.9,0.188,21.5,24.9,5.8,24.9,0.368,21.5,24.9,3.44,24.9,0.188,21.5,24.9,5.8,24.9,0.203,21.5,24.9,3.44
203,4377.875,183,9.875,False,31.02,True,26.14,24.997,0.379,2.977049,1.327033,0.982479,0.003333,135.9613,270.8,0.08,0.238164,0.806185,25.0,0.144,21.5,25.0,7.65,25.0,0.205,21.5,25.0,5.8,25.0,0.379,21.5,25.0,3.44,25.0,0.206,21.5,25.0,5.8,25.0,0.22,21.5,25.0,3.44
204,4378.0417,183,10.042,False,31.1,True,26.14,24.999,0.377,2.995439,1.345423,1.000869,0.003333,138.9567,268.9,0.08,0.239635,0.805473,25.0,0.15,21.5,25.0,7.65,25.0,0.211,21.5,25.0,5.8,25.0,0.377,21.5,25.0,3.44,25.0,0.212,21.5,25.0,5.8,25.0,0.226,21.5,25.0,3.44
205,4378.2083,183,10.208,False,31.2,True,26.14,24.999,0.37,2.999445,1.349429,1.004875,0.43649,141.9562,267.0,0.08,0.239956,0.800852,25.0,0.152,21.5,25.0,7.65,25.0,0.213,21.5,25.0,5.8,25.0,0.37,21.5,25.0,3.44,25.0,0.213,21.5,25.0,5.8,25.0,0.228,21.5,25.0,3.44
206,4378.375,183,10.375,False,31.3,True,26.14,24.999,0.361,3.000372,1.350356,1.005802,0.003333,144.9565,265.3,0.08,0.24003,0.795999,25.0,0.153,21.5,25.0,7.65,25.0,0.214,21.5,25.0,5.8,25.0,0.361,21.5,25.0,3.44,25.0,0.214,21.5,25.0,5.8,25.0,0.229,21.5,25.0,3.44
207,4378.5417,183,10.542,False,31.4,True,26.14,24.999,0.349,2.999185,1.349169,1.004614,0.003333,147.9557,263.7,0.08,0.239935,0.790885,25.0,0.153,21.5,25.0,7.65,25.0,0.214,21.5,25.0,5.8,25.0,0.349,21.5,25.0,3.44,25.0,0.214,21.5,25.0,5.8,25.0,0.229,21.5,25.0,3.44
208,4378.7083,183,10.708,False,31.5,True,26.14,24.999,0.335,2.996685,1.346669,1.002115,0.003333,150.9524,262.3,0.08,0.239735,0.786031,25.0,0.152,21.5,25.0,7.65,25.0,0.214,21.5,25.0,5.8,25.0,0.335,21.5,25.0,3.44,25.0,0.214,21.5,25.0,5.8,25.0,0.228,21.5,25.0,3.44
209,4378.875,183,10.875,False,31.6,True,26.14,24.999,0.322,2.993601,1.343585,0.999031,0.003333,153.946,261.0,0.08,0.239488,0.78133,25.0,0.151,21.5,25.0,7.65,25.0,0.214,21.5,25.0,5.8,25.0,0.322,21.5,25.0,3.44,25.0,0.214,21.5,25.0,5.8,25.0,0.227,21.5,25.0,3.44
210,4379.0556,183,11.056,False,31.7,True,26.14,24.999,0.308,2.990048,1.340032,0.995478,0.003333,156.9361,259.8,0.08,0.239204,0.776815,25.0,0.15,21.5,25.0,7.65,25.0,0.214,21.5,25.0,5.8,25.0,0.308,21.5,25.0,3.44,25.0,0.213,21.5,25.0,5.8,25.0,0.226,21.5,25.0,3.44
211,4379.2222,183,11.222,False,31.78,True,13.76,24.999,0.291,2.845681,1.287332,0.942778,0.436504,159.7817,258.8,0.08,0.227654,0.736462,25.0,0.146,21.5,25.0,4.03,25.0,0.21,21.5,25.0,3.05,25.0,0.291,21.5,25.0,1.81,25.0,0.209,21.5,25.0,3.05,25.0,0.223,21.5,25.0,1.81
212,4379.4167,183,11.417,False,31.87,True,13.76,24.999,0.277,2.844439,1.286091,0.941537,0.003333,162.6262,257.9,0.08,0.227555,0.733581,25.0,0.145,21.5,25.0,4.03,25.0,0.21,21.5,25.0,3.05,25.0,0.277,21.5,25.0,1.81,25.0,0.209,21.5,25.0,3.05,25.0,0.222,21.5,25.0,1.81
213,4379.5833,183,11.583,False,31.95,True,13.76,24.999,0.268,2.845984,1.287636,0.943082,0.003333,165.4722,257.4,0.08,0.227679,0.732556,25.0,0.145,21.5,25.0,4.03,25.0,0.21,21.5,25.0,3.05,25.0,0.268,21.5,25.0,1.81,25.0,0.209,21.5,25.0,3.05,25.0,0.222,21.5,25.0,1.81
214,4379.75,183,11.75,False,32.03,True,13.76,24.999,0.266,2.850754,1.292405,0.947851,0.003333,168.3229,257.0,0.08,0.22806,0.732644,25.0,0.145,21.5,25.0,4.03,25.0,0.21,21.5,25.0,3.05,25.0,0.266,21.5,25.0,1.81,25.0,0.209,21.5,25.0,3.05,25.0,0.222,21.5,25.0,1.81
215,4379.9167,183,11.917,False,32.12,True,13.76,24.999,0.265,2.856917,1.298568,0.954014,0.003333,171.1798,256.9,0.08,0.228553,0.733942,25.0,0.146,21.5,25.0,4.03,25.0,0.212,21.5,25.0,3.05,25.0,0.265,21.5,25.0,1.81,25.0,0.21,21.5,25.0,3.05,25.0,0.223,21.5,25.0,1.81
216,4380.0833,183,12.083,False,32.2,True,13.76,24.999,0.265,2.863986,1.305637,0.961083,0.436496,174.0438,257.1,0.08,0.229119,0.736331,25.0,0.148,21.5,25.0,4.03,25.0,0.213,21.5,25.0,3.05,25.0,0.265,21.5,25.0,1.81,25.0,0.212,21.5,25.0,3.05,25.0,0.225,21.5,25.0,1.81
217,4380.25,183,12.25,False,32.2,True,26.14,24.999,0.269,3.011956,1.36194,1.017386,0.003333,177.0558,257.5,0.08,0.240956,0.775579,25.0,0.152,21.5,25.0,7.65,25.0,0.218,21.5,25.0,5.8,25.0,0.269,21.5,25.0,3.44,25.0,0.216,21.5,25.0,5.8,25.0,0.229,21.5,25.0,3.44
218,4380.4167,183,12.417,False,32.2,True,26.14,24.999,0.27,3.016947,1.366931,1.022377,0.003333,180.0727,258.3,0.08,0.241356,0.779277,25.0,0.154,21.5,25.0,7.65,25.0,0.22,21.5,25.0,5.8,25.0,0.27,21.5,25.0,3.44,25.0,0.219,21.5,25.0,5.8,25.0,0.231,21.5,25.0,3.44
219,4380.5833,183,12.583,False,32.2,True,26.14,24.999,0.271,3.02045,1.370433,1.025879,0.003333,183.0932,259.3,0.08,0.241636,0.783203,25.0,0.156,21.5,25.0,7.65,25.0,0.222,21.5,25.0,5.8,25.0,0.271,21.5,25.0,3.44,25.0,0.22,21.5,25.0,5.8,25.0,0.233,21.5,25.0,3.44
220,4380.75,183,12.75,False,32.2,True,26.14,24.999,0.271,3.022686,1.37267,1.028115,0.003333,186.1159,260.7,0.08,0.241815,0.788014,25.0,0.157,21.5,25.0,7.65,25.0,0.223,21.5,25.0,5.8,25.0,0.271,21.5,25.0,3.44,25.0,0.221,21.5,25.0,5.8,25.0,0.234,21.5,25.0,3.44
221,4380.8333,183,12.833,False,32.2,True,26.14,24.999,0.271,3.024492,1.374476,1.029922,0.436469,189.1404,261.5,0.08,0.241959,0.790905,25.0,0.157,21.5,25.0,7.65,25.0,0.224,21.5,25.0,5.8,25.0,0.271,21.5,25.0,3.44,25.0,0.222,21.5,25.0,5.8,25.0,0.235,21.5,25.0,3.44
222,4381.0,183,13.0,False,32.2,True,26.14,24.999,0.272,3.025954,1.375938,1.031384,0.003333,192.1663,263.5,0.08,0.242076,0.797339,25.0,0.158,21.5,25.0,7.65,25.0,0.225,21.5,25.0,5.8,25.0,0.272,21.5,25.0,3.44,25.0,0.223,21.5,25.0,5.8,25.0,0.235,21.5,25.0,3.44
223,4381.1667,183,13.167,False,32.3,True,26.14,24.998,0.272,3.031926,1.38191,1.037356,0.003333,195.1982,265.9,0.08,0.242554,0.806189,25.0,0.158,21.5,25.0,7.65,25.0,0.226,21.5,25.0,5.8,25.0,0.272,21.5,25.0,3.44,25.0,0.224,21.5,25.0,5.8,25.0,0.236,21.5,25.0,3.44
224,4381.3333,183,13.333,False,32.4,True,26.14,24.998,0.273,3.037033,1.387017,1.042463,0.003333,198.2353,268.7,0.08,0.242963,0.816051,25.0,0.158,21.5,25.0,7.65,25.0,0.227,21.5,25.0,5.8,25.0,0.273,21.5,25.0,3.44,25.0,0.225,21.5,25.0,5.8,25.0,0.237,21.5,25.0,3.44
225,4381.5,183,13.5,False,32.5,True,26.14,24.998,0.273,3.042372,1.392356,1.047801,0.003333,201.2776,271.9,0.08,0.24339,0.827221,25.0,0.158,21.5,25.0,7.65,25.0,0.228,21.5,25.0,5.8,25.0,0.273,21.5,25.0,3.44,25.0,0.226,21.5,25.0,5.8,25.0,0.238,21.5,25.0,3.44
226,4381.6667,183,13.667,False,32.6,True,26.14,24.998,0.274,3.048049,1.398033,1.053479,0.003333,204.3257,275.7,0.08,0.243844,0.840347,25.0,0.158,21.5,25.0,7.65,25.0,0.23,21.5,25.0,5.8,25.0,0.274,21.5,25.0,3.44,25.0,0.227,21.5,25.0,5.8,25.0,0.238,21.5,25.0,3.44
227,4381.8333,183,13.833,False,32.7,True,26.14,24.998,0.275,3.055937,1.405921,1.061367,0.436434,207.3816,280.0,0.08,0.244475,0.855662,25.0,0.158,21.5,25.0,7.65,25.0,0.231,21.5,25.0,5.8,25.0,0.275,21.5,25.0,3.44,25.0,0.228,21.5,25.0,5.8,25.0,0.247,21.5,25.0,3.44
228,4382.0,183,14.0,False,32.8,True,26.14,24.998,0.276,3.065116,1.4151,1.070546,0.003333,210.4467,284.8,0.08,0.245209,0.872945,25.0,0.158,21.5,25.0,7.65,25.0,0.232,21.5,25.0,5.8,25.0,0.276,21.5,25.0,3.44,25.0,0.229,21.5,25.0,5.8,25.0,0.257,21.5,25.0,3.44
229,4382.1667,183,14.167,False,32.8,True,26.14,24.998,0.276,3.070526,1.420509,1.075955,0.003333,213.5173,290.1,0.08,0.245642,0.890759,25.0,0.158,21.5,25.0,7.65,25.0,0.233,21.5,25.0,5.8,25.0,0.276,21.5,25.0,3.44,25.0,0.23,21.5,25.0,5.8,25.0,0.269,21.5,25.0,3.44
230,4382.3333,183,14.333,False,32.8,True,26.14,24.998,0.282,3.076245,1.426229,1.081675,0.003333,216.5935,296.0,0.08,0.2461,0.910568,25.0,0.159,21.5,25.0,7.65,25.0,0.234,21.5,25.0,5.8,25.0,0.277,21.5,25.0,3.44,25.0,0.231,21.5,25.0,5.8,25.0,0.282,21.5,25.0,3.44
231,4382.5,183,14.5,False,32.8,True,26.14,24.998,0.296,3.082263,1.432247,1.087693,0.003333,219.6758,302.5,0.08,0.246581,0.932385,25.0,0.159,21.5,25.0,7.65,25.0,0.235,21.5,25.0,5.8,25.0,0.277,21.5,25.0,3.44,25.0,0.232,21.5,25.0,5.8,25.0,0.296,21.5,25.0,3.44
232,4382.6667,183,14.667,False,32.8,True,26.14,24.998,0.308,3.088157,1.438141,1.093586,0.003333,222.7639,309.6,0.08,0.247053,0.956093,25.0,0.159,21.5,25.0,7.65,25.0,0.237,21.5,25.0,5.8,25.0,0.278,21.5,25.0,3.44,25.0,0.233,21.5,25.0,5.8,25.0,0.308,21.5,25.0,3.44
233,4382.9167,183,14.917,False,32.8,True,26.14,24.999,0.321,3.093502,1.443486,1.098932,0.003333,225.8574,321.3,0.08,0.24748,0.993942,25.0,0.16,21.5,25.0,7.65,25.0,0.238,21.5,25.0,5.8,25.0,0.278,21.5,25.0,3.44,25.0,0.234,21.5,25.0,5.8,25.0,0.321,21.5,25.0,3.44
234,4383.0833,183,15.083,False,32.8,True,26.14,24.999,0.333,3.099418,1.449402,1.104848,0.436457,228.9569,329.9,0.08,0.247953,1.022498,25.0,0.161,21.5,25.0,7.65,25.0,0.239,21.5,25.0,5.8,25.0,0.279,21.5,25.0,3.44,25.0,0.235,21.5,25.0,5.8,25.0,0.333,21.5,25.0,3.44
235,4383.25,183,15.25,False,32.52,True,26.14,24.999,0.344,3.09085,1.440834,1.09628,0.003333,232.0477,339.0,0.08,0.247268,1.047798,25.0,0.161,21.5,25.0,7.65,25.0,0.239,21.5,25.0,5.8,25.0,0.278,21.5,25.0,3.44,25.0,0.234,21.5,25.0,5.8,25.0,0.344,21.5,25.0,3.44
236,4383.4167,183,15.417,False,32.23,True,26.14,24.999,0.355,3.082111,1.432095,1.087541,0.003333,235.1298,348.6,0.08,0.246569,1.074424,25.0,0.162,21.5,25.0,7.65,25.0,0.238,21.5,25.0,5.8,25.0,0.277,21.5,25.0,3.44,25.0,0.234,21.5,25.0,5.8,25.0,0.355,21.5,25.0,3.44
237,4383.5833,183,15.583,False,31.95,True,26.14,24.999,0.365,3.07271,1.422694,1.07814,0.003333,238.2025,358.8,0.08,0.245817,1.102488,25.0,0.162,21.5,25.0,7.65,25.0,0.238,21.5,25.0,5.8,25.0,0.276,21.5,25.0,3.44,25.0,0.234,21.5,25.0,5.8,25.0,0.365,21.5,25.0,3.44
238,4383.75,183,15.75,False,31.67,True,26.14,24.999,0.374,3.061224,1.411208,1.066654,0.003333,241.2638,369.4,0.08,0.244898,1.130816,25.0,0.162,21.5,25.0,7.65,25.0,0.236,21.5,25.0,5.8,25.0,0.274,21.5,25.0,3.44,25.0,0.232,21.5,25.0,5.8,25.0,0.374,21.5,25.0,3.44
239,4383.8889,183,15.889,False,31.38,True,26.14,24.999,0.381,3.048249,1.398233,1.053679,0.003333,244.312,378.5,0.08,0.24386,1.153762,25.0,0.162,21.5,25.0,7.65,25.0,0.234,21.5,25.0,5.8,25.0,0.271,21.5,25.0,3.44,25.0,0.23,21.5,25.0,5.8,25.0,0.381,21.5,25.0,3.44
240,4384.0556,183,16.056,False,31.1,True,26.14,24.999,0.385,3.034265,1.384249,1.039695,0.436479,247.3463,389.8,0.34,1.03165,1.182757,25.0,0.162,21.5,25.0,7.65,25.0,0.231,21.5,25.0,5.8,25.0,0.268,21.5,25.0,3.44,25.0,0.228,21.5,25.0,5.8,25.0,0.385,21.5,25.0,3.44
241,4384.2222,183,16.222,False,31.2,True,8.25,25.48,0.449,1.930781,1.014105,0.669551,0.003333,249.277,401.4,0.34,0.656465,0.775015,25.48,0.223,21.5,25.5,2.42,25.48,0.292,21.5,25.5,1.83,25.47,0.326,21.5,25.5,1.09,25.48,0.289,21.5,25.5,1.83,25.47,0.449,21.5,25.5,1.09
242,4384.3889,183,16.389,False,31.3,True,8.25,25.498,0.473,1.990421,1.073746,0.729191,0.003333,251.2675,413.2,0.34,0.676743,0.822442,25.5,0.236,21.5,25.5,2.42,25.5,0.306,21.5,25.5,1.83,25.5,0.341,21.5,25.5,1.09,25.5,0.303,21.5,25.5,1.83,25.5,0.473,21.5,25.5,1.09
243,4384.5556,183,16.556,False,31.4,True,8.25,25.5,0.48,2.001542,1.084866,0.740312,0.003333,253.269,425.2,0.34,0.680524,0.851056,25.5,0.239,21.5,25.5,2.42,25.5,0.309,21.5,25.5,1.83,25.5,0.343,21.5,25.5,1.09,25.5,0.305,21.5,25.5,1.83,25.5,0.48,21.5,25.5,1.09
244,4384.7222,183,16.722,False,31.5,True,8.25,25.5,0.485,2.008254,1.091578,0.747024,0.003333,255.2773,437.2,0.34,0.682806,0.878009,25.5,0.242,21.5,25.5,2.42,25.5,0.311,21.5,25.5,1.83,25.5,0.344,21.5,25.5,1.09,25.5,0.308,21.5,25.5,1.83,25.5,0.485,21.5,25.5,1.09
245,4384.8889,183,16.889,False,31.6,True,8.25,25.5,0.488,2.013982,1.097306,0.752752,0.003333,257.2912,449.1,0.34,0.684754,0.904479,25.5,0.244,21.5,25.5,2.42,25.5,0.313,21.5,25.5,1.83,25.5,0.344,21.5,25.5,1.09,25.5,0.31,21.5,25.5,1.83,25.5,0.488,21.5,25.5,1.09
246,4385.0556,183,17.056,False,31.7,True,8.25,25.5,0.49,2.019844,1.103168,0.758614,0.003333,259.3111,460.9,0.34,0.686747,0.930946,25.5,0.245,21.5,25.5,2.42,25.5,0.314,21.5,25.5,1.83,25.5,0.344,21.5,25.5,1.09,25.5,0.314,21.5,25.5,1.83,25.5,0.49,21.5,25.5,1.09
247,4385.2222,183,17.222,False,31.6,True,2.75,25.5,0.31,1.694698,1.053025,0.708471,0.436447,261.0058,472.5,0.34,0.576197,0.800745,25.5,0.238,21.5,25.5,0.81,25.5,0.307,21.5,25.5,0.61,25.5,0.336,21.5,25.5,0.36,25.5,0.31,21.5,25.5,0.61,25.5,0.483,21.5,25.5,0.36
248,4385.3889,183,17.389,False,31.5,True,2.75,25.5,0.312,1.686068,1.044395,0.699841,0.003333,262.6919,483.6,0.34,0.573263,0.815382,25.5,0.237,21.5,25.5,0.81,25.5,0.304,21.5,25.5,0.61,25.5,0.332,21.5,25.5,0.36,25.5,0.312,21.5,25.5,0.61,25.5,0.481,21.5,25.5,0.36
249,4385.5556,183,17.556,False,31.4,True,2.75,25.5,0.315,1.680048,1.038375,0.693821,0.003333,264.3719,494.4,0.34,0.571216,0.830616,25.5,0.237,21.5,25.5,0.81,25.5,0.302,21.5,25.5,0.61,25.5,0.33,21.5,25.5,0.36,25.5,0.315,21.5,25.5,0.61,25.5,0.478,21.5,25.5,0.36
250,4385.7222,183,17.722,False,31.3,True,2.75,25.5,0.317,1.673602,1.031929,0.687375,0.003333,266.0455,504.5,0.34,0.569025,0.844332,25.5,0.238,21.5,25.5,0.81,25.5,0.301,21.5,25.5,0.61,25.5,0.327,21.5,25.5,0.36,25.5,0.317,21.5,25.5,0.61,25.5,0.472,21.5,25.5,0.36
251,4385.8889,183,17.889,False,31.2,True,2.75,25.5,0.32,1.667442,1.025769,0.681215,0.003333,267.7129,514.1,0.34,0.56693,0.857232,25.5,0.238,21.5,25.5,0.81,25.5,0.299,21.5,25.5,0.61,25.5,0.325,21.5,25.5,0.36,25.5,0.32,21.5,25.5,0.61,25.5,0.466,21.5,25.5,0.36
252,4386.0556,183,18.056,False,31.1,True,2.75,25.5,0.323,1.661496,1.019823,0.675269,0.003333,269.3744,522.8,0.34,0.564909,0.86863,25.5,0.239,21.5,25.5,0.81,25.5,0.297,21.5,25.5,0.61,25.5,0.323,21.5,25.5,0.36,25.5,0.323,21.5,25.5,0.61,25.5,0.46,21.5,25.5,0.36
253,4386.2083,183,18.208,False,30.82,True,2.75,25.5,0.322,1.646101,1.004428,0.659874,0.003333,271.0205,530.2,0.34,0.559674,0.872763,25.5,0.241,21.5,25.5,0.81,25.5,0.295,21.5,25.5,0.61,25.5,0.32,21.5,25.5,0.36,25.5,0.322,21.5,25.5,0.61,25.5,0.45,21.5,25.5,0.36
254,4386.375,183,18.375,False,30.53,True,2.75,25.5,0.321,1.631213,0.98954,0.644986,0.436433,272.6518,537.3,0.34,0.554613,0.876451,25.5,0.242,21.5,25.5,0.81,25.5,0.292,21.5,25.5,0.61,25.5,0.318,21.5,25.5,0.36,25.5,0.321,21.5,25.5,0.61,25.5,0.442,21.5,25.5,0.36
255,4386.5417,183,18.542,False,30.25,True,2.75,25.5,0.321,1.616568,0.974895,0.630341,0.003333,274.2683,543.5,0.34,0.549633,0.878605,25.5,0.242,21.5,25.5,0.81,25.5,0.29,21.5,25.5,0.61,25.5,0.316,21.5,25.5,0.36,25.5,0.321,21.5,25.5,0.61,25.5,0.434,21.5,25.5,0.36
256,4386.7083,183,18.708,False,29.97,True,2.75,25.5,0.317,1.599861,0.958188,0.613634,0.003333,275.8682,548.7,0.34,0.543953,0.877844,25.5,0.243,21.5,25.5,0.81,25.5,0.288,21.5,25.5,0.61,25.5,0.314,21.5,25.5,0.36,25.5,0.317,21.5,25.5,0.61,25.5,0.422,21.5,25.5,0.36
257,4386.875,183,18.875,False,29.68,True,2.75,25.5,0.313,1.582306,0.940633,0.596079,0.003333,277.4505,552.8,0.34,0.537984,0.874699,25.5,0.243,21.5,25.5,0.81,25.5,0.285,21.5,25.5,0.61,25.5,0.311,21.5,25.5,0.36,25.5,0.313,21.5,25.5,0.61,25.5,0.41,21.5,25.5,0.36
258,4387.0417,183,19.042,False,29.4,True,2.75,25.5,0.309,1.564251,0.922578,0.578024,0.003333,279.0147,555.9,0.34,0.531845,0.869567,25.5,0.243,21.5,25.5,0.81,25.5,0.282,21.5,25.5,0.61,25.5,0.309,21.5,25.5,0.36,25.5,0.309,21.5,25.5,0.61,25.5,0.397,21.5,25.5,0.36
259,4387.2083,183,19.208,False,29.32,True,1.38,25.5,0.0,1.448977,0.898971,0.554417,0.003333,280.4637,557.9,0.34,0.492652,0.808384,25.5,0.24,21.5,25.5,0.4,25.5,0.277,21.5,25.5,0.31,25.5,0.304,21.5,25.5,0.18,25.5,0.3,21.5,25.5,0.31,25.5,0.375,21.5,25.5,0.18
260,4387.3889,183,19.389,False,29.23,True,1.38,25.5,0.0,1.43221,0.882205,0.537651,0.003333,281.8959,558.9,0.34,0.486951,0.800462,25.5,0.239,21.5,25.5,0.4,25.5,0.273,21.5,25.5,0.31,25.5,0.3,21.5,25.5,0.18,25.5,0.291,21.5,25.5,0.31,25.5,0.354,21.5,25.5,0.18
261,4387.5556,183,19.556,False,29.15,True,1.38,25.5,0.0,1.411818,0.861812,0.517258,0.003333,283.3077,558.8,0.34,0.480018,0.788924,25.5,0.238,21.5,25.5,0.4,25.5,0.269,21.5,25.5,0.31,25.5,0.296,21.5,25.5,0.18,25.5,0.278,21.5,25.5,0.31,25.5,0.325,21.5,25.5,0.18
262,4387.7222,183,19.722,False,29.07,True,1.38,25.5,0.0,1.400503,0.850498,0.505944,0.436439,284.7083,557.6,0.34,0.476171,0.78092,25.5,0.237,21.5,25.5,0.4,25.5,0.266,21.5,25.5,0.31,25.5,0.293,21.5,25.5,0.18,25.5,0.275,21.5,25.5,0.31,25.5,0.315,21.5,25.5,0.18
263,4387.8889,183,19.889,False,28.98,True,1.38,25.5,0.0,1.391937,0.841931,0.497377,0.003333,286.1002,555.5,0.34,0.473258,0.773221,25.5,0.236,21.5,25.5,0.4,25.5,0.265,21.5,25.5,0.31,25.5,0.291,21.5,25.5,0.18,25.5,0.272,21.5,25.5,0.31,25.5,0.309,21.5,25.5,0.18
264,4388.0556,183,20.056,False,28.9,True,1.38,25.5,0.0,1.384865,0.83486,0.490305,0.003333,287.4851,552.4,0.34,0.470854,0.764999,25.5,0.235,21.5,25.5,0.4,25.5,0.264,21.5,25.5,0.31,25.5,0.29,21.5,25.5,0.18,25.5,0.271,21.5,25.5,0.31,25.5,0.304,21.5,25.5,0.18
265,4388.25,183,20.25,False,28.9,True,1.38,25.5,0.0,1.381756,0.83175,0.487196,0.003333,288.8668,547.8,0.34,0.469797,0.756926,25.5,0.236,21.5,25.5,0.4,25.5,0.264,21.5,25.5,0.31,25.5,0.289,21.5,25.5,0.18,25.5,0.271,21.5,25.5,0.31,25.5,0.301,21.5,25.5,0.18
266,4388.4167,183,20.417,False,28.9,True,1.38,25.5,0.0,1.379452,0.829447,0.484893,0.003333,290.2463,543.0,0.34,0.469014,0.749043,25.5,0.236,21.5,25.5,0.4,25.5,0.264,21.5,25.5,0.31,25.5,0.289,21.5,25.5,0.18,25.5,0.271,21.5,25.5,0.31,25.5,0.3,21.5,25.5,0.18
267,4388.5833,183,20.583,False,28.9,True,1.38,25.5,0.0,1.378005,0.828,0.483445,0.003333,291.6243,537.6,0.34,0.468522,0.740815,25.5,0.237,21.5,25.5,0.4,25.5,0.265,21.5,25.5,0.31,25.5,0.289,21.5,25.5,0.18,25.5,0.271,21.5,25.5,0.31,25.5,0.299,21.5,25.5,0.18
268,4388.75,183,20.75,False,28.9,True,1.38,25.5,0.0,1.377033,0.827028,0.482474,0.003333,293.0013,531.6,0.34,0.468191,0.732031,25.5,0.237,21.5,25.5,0.4,25.5,0.266,21.5,25.5,0.31,25.5,0.289,21.5,25.5,0.18,25.5,0.272,21.5,25.5,0.31,25.5,0.299,21.5,25.5,0.18
269,4388.9167,183,20.917,False,28.9,True,1.38,25.5,0.0,1.376424,0.826419,0.481865,0.003333,294.3777,525.2,0.34,0.467984,0.722898,25.5,0.238,21.5,25.5,0.4,25.5,0.267,21.5,25.5,0.31,25.5,0.289,21.5,25.5,0.18,25.5,0.272,21.5,25.5,0.31,25.5,0.298,21.5,25.5,0.18
270,4389.0,183,21.0,False,28.9,True,1.38,25.5,0.0,1.375946,0.825941,0.481386,0.003333,295.7537,521.8,0.08,0.110076,0.717969,25.5,0.239,21.5,25.5,0.4,25.5,0.267,21.5,25.5,0.31,25.5,0.289,21.5,25.5,0.18,25.5,0.273,21.5,25.5,0.31,25.5,0.298,21.5,25.5,0.18
271,4389.2,183,21.2,False,28.8,True,1.38,25.385,0.0,1.220363,0.762025,0.486382,0.436419,296.974,513.3,0.08,0.097629,0.626412,25.31,0.206,21.0,25.0,0.4,25.37,0.243,21.0,25.0,0.31,25.42,0.274,21.0,25.0,0.18,25.38,0.25,21.0,25.0,0.31,25.44,0.286,21.0,25.0,0.18
272,4389.3333,183,21.333,False,28.7,True,1.38,24.999,0.0,1.327657,0.869319,0.524765,0.003333,298.3017,507.5,0.08,0.106213,0.673786,25.0,0.128,21.0,25.0,0.4,25.0,0.151,21.0,25.0,0.31,25.0,0.174,21.0,25.0,0.18,25.0,0.157,21.0,25.0,0.31,25.0,0.183,21.0,25.0,0.18
273,4389.5,183,21.5,False,28.6,True,1.38,24.999,0.0,1.301601,0.843263,0.498709,0.003333,299.6033,500.0,0.08,0.104128,0.650801,25.0,0.116,21.0,25.0,0.4,25.0,0.137,21.0,25.0,0.31,25.0,0.159,21.0,25.0,0.18,25.0,0.143,21.0,25.0,0.31,25.0,0.168,21.0,25.0,0.18
274,4389.7,183,21.7,False,28.5,True,1.38,25.804,0.0,0.458338,0.0,0.0,0.003333,300.0616,491.0,0.08,0.036667,0.225044,25.54,0.197,21.0,25.0,0.4,25.74,0.243,21.0,25.0,0.31,25.94,0.296,21.0,25.0,0.18,25.78,0.255,21.0,25.0,0.31,26.0,0.314,21.0,25.0,0.18
275,4389.8889,183,21.889,False,28.4,True,1.38,25.023,0.0,1.356467,0.898129,0.553575,0.003333,301.4181,482.5,0.08,0.108517,0.654495,25.01,0.126,21.0,25.0,0.4,25.01,0.151,21.0,25.0,0.31,25.04,0.185,21.0,25.0,0.18,25.02,0.159,21.0,25.0,0.31,25.04,0.196,21.0,25.0,0.18
276,4390.0,183,22.0,False,28.3,True,1.38,24.999,0.0,1.283613,0.825275,0.480721,0.003333,302.7017,477.6,0.08,0.102689,0.613054,25.0,0.105,21.0,25.0,0.4,25.0,0.122,21.0,25.0,0.31,25.0,0.149,21.0,25.0,0.18,25.0,0.129,21.0,25.0,0.31,25.0,0.157,21.0,25.0,0.18
277,4390.1667,183,22.167,False,28.3,True,1.38,24.999,0.0,1.215064,0.80256,0.458006,0.003333,303.9168,470.3,0.08,0.097205,0.571444,25.0,0.095,21.0,25.0,0.4,25.0,0.11,21.0,25.0,0.31,25.0,0.136,21.0,25.0,0.18,25.0,0.117,21.0,25.0,0.31,25.0,0.145,21.0,25.0,0.18
278,4390.3667,183,22.367,False,28.3,True,1.38,25.761,0.0,0.412504,0.0,0.0,0.003333,304.3293,461.8,0.08,0.033,0.190494,25.51,0.172,21.0,25.0,0.4,25.7,0.213,21.0,25.0,0.31,25.89,0.267,21.0,25.0,0.18,25.74,0.225,21.0,25.0,0.31,25.97,0.287,21.0,25.0,0.18
279,4390.5556,183,22.556,False,28.3,True,1.38,25.022,0.0,1.277739,0.865235,0.520681,0.003333,305.607,454.2,0.08,0.102219,0.580349,25.01,0.108,21.0,25.0,0.4,25.01,0.129,21.0,25.0,0.31,25.03,0.164,21.0,25.0,0.18,25.02,0.138,21.0,25.0,0.31,25.04,0.176,21.0,25.0,0.18
280,4390.6667,183,22.667,False,28.3,True,1.38,24.999,0.0,1.21127,0.798766,0.454212,0.436398,306.8183,449.8,0.08,0.096902,0.544829,25.0,0.09,21.0,25.0,0.4,25.0,0.104,21.0,25.0,0.31,25.0,0.132,21.0,25.0,0.18,25.0,0.112,21.0,25.0,0.31,25.0,0.141,21.0,25.0,0.18
281,4390.8333,183,22.833,False,28.3,True,1.38,24.999,0.0,1.195666,0.783162,0.438608,0.003333,308.0139,443.6,0.08,0.095653,0.530397,25.0,0.084,21.0,25.0,0.4,25.0,0.096,21.0,25.0,0.31,25.0,0.122,21.0,25.0,0.18,25.0,0.104,21.0,25.0,0.31,25.0,0.132,21.0,25.0,0.18
282,4391.0333,183,23.033,False,28.3,True,1.38,25.736,0.0,0.412504,0.0,0.0,0.003333,308.4265,436.6,0.08,0.033,0.180099,25.49,0.161,21.0,25.0,0.4,25.67,0.197,21.0,25.0,0.31,25.86,0.25,21.0,25.0,0.18,25.71,0.209,21.0,25.0,0.31,25.95,0.273,21.0,25.0,0.18
283,4391.25,183,23.25,False,28.3,False,0.0,26.366,0.0,0.412504,0.0,0.0,0.003333,308.839,429.5,0.08,0.033,0.17717,25.98,0.264,15.6,28.3,0.0,26.26,0.32,15.6,28.3,0.0,26.56,0.399,15.6,28.3,0.0,26.33,0.339,15.6,28.3,0.0,26.7,0.434,15.6,28.3,0.0
284,4391.3333,183,23.333,False,28.3,False,0.0,26.613,0.0,0.412504,0.0,0.0,0.003333,309.2515,427.0,0.08,0.033,0.176139,26.2,0.319,15.6,28.3,0.0,26.5,0.379,15.6,28.3,0.0,26.81,0.465,15.6,28.3,0.0,26.58,0.4,15.6,28.3,0.0,26.97,0.504,15.6,28.3,0.0
285,4391.5,183,23.5,False,28.3,False,0.0,26.701,0.0,0.412504,0.0,0.0,0.003333,309.664,422.2,0.08,0.033,0.174159,26.28,0.349,15.6,28.3,0.0,26.59,0.41,15.6,28.3,0.0,26.9,0.501,15.6,28.3,0.0,26.67,0.433,15.6,28.3,0.0,27.07,0.544,15.6,28.3,0.0
286,4391.6667,183,23.667,False,28.3,False,0.0,26.76,0.0,0.412504,0.0,0.0,0.003333,310.0765,417.7,0.08,0.033,0.172303,26.33,0.373,15.6,28.3,0.0,26.64,0.435,15.6,28.3,0.0,26.97,0.53,15.6,28.3,0.0,26.72,0.459,15.6,28.3,0.0,27.14,0.575,15.6,28.3,0.0
287,4391.8333,183,23.833,False,28.3,False,0.0,26.804,0.0,0.412504,0.0,0.0,0.003333,310.489,413.6,0.08,0.033,0.170612,26.36,0.393,15.6,28.3,0.0,26.68,0.457,15.6,28.3,0.0,27.01,0.556,15.6,28.3,0.0,26.77,0.481,15.6,28.3,0.0,27.19,0.603,15.6,28.3,0.0
288,4392.0,183,24.0,False,28.3,False,0.0,26.84,0.0,0.412504,0.0,0.0,0.003333,310.9015,409.8,0.08,0.033,0.169044,26.39,0.411,15.6,28.3,0.0,26.72,0.475,15.6,28.3,0.0,27.05,0.578,15.6,28.3,0.0,26.8,0.5,15.6,28.3,0.0,27.24,0.627,15.6,28.3,0.0
289,4392.1667,184,0.167,False,28.3,False,0.0,26.87,0.0,0.412504,0.0,0.0,0.436388,311.314,378.0,0.08,0.033,0.155927,26.42,0.428,15.6,28.3,0.0,26.74,0.492,15.6,28.3,0.0,27.09,0.598,15.6,28.3,0.0,26.83,0.518,15.6,28.3,0.0,27.28,0.649,15.6,28.3,0.0
290,4392.3333,184,0.333,False,28.3,False,0.0,26.897,0.0,0.412504,0.0,0.0,0.003333,311.7265,378.5,0.08,0.033,0.156133,26.44,0.442,15.6,28.3,0.0,26.77,0.507,15.6,28.3,0.0,27.11,0.616,15.6,28.3,0.0,26.86,0.534,15.6,28.3,0.0,27.31,0.668,15.6,28.3,0.0
291,4392.5,184,0.5,False,28.3,False,0.0,26.919,0.0,0.412504,0.0,0.0,0.003333,312.139,378.9,0.08,0.033,0.156298,26.46,0.455,15.6,28.3,0.0,26.79,0.521,15.6,28.3,0.0,27.14,0.632,15.6,28.3,0.0,26.88,0.548,15.6,28.3,0.0,27.34,0.685,15.6,28.3,0.0
292,4392.6667,184,0.667,False,28.3,False,0.0,26.939,0.0,0.412504,0.0,0.0,0.003333,312.5515,379.3,0.08,0.033,0.156463,26.47,0.466,15.6,28.3,0.0,26.8,0.533,15.6,28.3,0.0,27.16,0.646,15.6,28.3,0.0,26.9,0.561,15.6,28.3,0.0,27.36,0.701,15.6,28.3,0.0
293,4392.8333,184,0.833,False,28.3,False,0.0,26.956,0.0,0.412504,0.0,0.0,0.003333,312.964,379.4,0.08,0.033,0.156504,26.49,0.477,15.6,28.3,0.0,26.82,0.544,15.6,28.3,0.0,27.18,0.659,15.6,28.3,0.0,26.92,0.573,15.6,28.3,0.0,27.38,0.715,15.6,28.3,0.0
294,4393.0,184,1.0,False,28.3,False,0.0,26.971,0.0,0.412504,0.0,0.0,0.003333,313.3765,379.5,0.08,0.033,0.156545,26.5,0.486,15.6,28.3,0.0,26.83,0.554,15.6,28.3,0.0,27.2,0.671,15.6,28.3,0.0,26.93,0.584,15.6,28.3,0.0,27.4,0.727,15.6,28.3,0.0
295,4393.1667,184,1.167,False,28.22,False,0.0,26.98,0.0,0.412504,0.0,0.0,0.003333,313.789,379.4,0.08,0.033,0.156504,26.51,0.494,15.6,28.3,0.0,26.84,0.563,15.6,28.3,0.0,27.2,0.681,15.6,28.3,0.0,26.94,0.593,15.6,28.3,0.0,27.41,0.738,15.6,28.3,0.0
296,4393.3333,184,1.333,False,28.13,False,0.0,26.986,0.0,0.412504,0.0,0.0,0.003333,314.2015,379.3,0.08,0.033,0.156463,26.51,0.501,15.6,28.3,0.0,26.84,0.57,15.6,28.3,0.0,27.21,0.69,15.6,28.3,0.0,26.95,0.601,15.6,28.3,0.0,27.42,0.747,15.6,28.3,0.0
297,4393.5,184,1.5,False,28.05,False,0.0,26.99,0.0,0.412504,0.0,0.0,0.003333,314.614,378.9,0.08,0.033,0.156298,26.51,0.508,15.6,28.3,0.0,26.85,0.577,15.6,28.3,0.0,27.22,0.698,15.6,28.3,0.0,26.95,0.608,15.6,28.3,0.0,27.42,0.756,15.6,28.3,0.0
298,4393.6667,184,1.667,False,27.97,False,0.0,26.992,0.0,0.412504,0.0,0.0,0.003333,315.0265,378.5,0.08,0.033,0.156133,26.52,0.514,15.6,28.3,0.0,26.85,0.584,15.6,28.3,0.0,27.22,0.705,15.6,28.3,0.0,26.95,0.615,15.6,28.3,0.0,27.42,0.764,15.6,28.3,0.0
299,4393.8333,184,1.833,False,27.88,False,0.0,26.993,0.0,0.412504,0.0,0.0,0.436407,315.439,378.0,0.08,0.033,0.155927,26.52,0.52,15.6,28.3,0.0,26.85,0.59,15.6,28.3,0.0,27.22,0.712,15.6,28.3,0.0,26.95,0.622,15.6,28.3,0.0,27.43,0.771,15.6,28.3,0.0
300,4394.0,184,2.0,False,27.8,False,0.0,26.992,0.0,0.412504,0.0,0.0,0.003333,315.8515,377.3,0.08,0.033,0.155638,26.52,0.526,15.6,28.3,0.0,26.85,0.595,15.6,28.3,0.0,27.22,0.718,15.6,28.3,0.0,26.95,0.627,15.6,28.3,0.0,27.43,0.778,15.6,28.3,0.0
301,4394.1667,184,2.167,False,27.8,False,0.0,26.994,0.0,0.412504,0.0,0.0,0.003333,316.264,376.5,0.08,0.033,0.155308,26.52,0.531,15.6,28.3,0.0,26.85,0.601,15.6,28.3,0.0,27.22,0.724,15.6,28.3,0.0,26.96,0.633,15.6,28.3,0.0,27.43,0.784,15.6,28.3,0.0
302,4394.3333,184,2.333,False,27.8,False,0.0,26.996,0.0,0.412504,0.0,0.0,0.003333,316.6765,375.6,0.08,0.033,0.154937,26.52,0.536,15.6,28.3,0.0,26.85,0.606,15.6,28.3,0.0,27.22,0.73,15.6,28.3,0.0,26.96,0.638,15.6,28.3,0.0,27.43,0.79,15.6,28.3,0.0
303,4394.5,184,2.5,False,27.8,False,0.0,26.997,0.0,0.412504,0.0,0.0,0.003333,317.089,374.6,0.08,0.033,0.154524,26.52,0.54,15.6,28.3,0.0,26.85,0.61,15.6,28.3,0.0,27.22,0.734,15.6,28.3,0.0,26.96,0.643,15.6,28.3,0.0,27.43,0.795,15.6,28.3,0.0
304,4394.6667,184,2.667,False,27.8,False,0.0,26.998,0.0,0.412504,0.0,0.0,0.003333,317.5015,373.4,0.08,0.033,0.154029,26.53,0.543,15.6,28.3,0.0,26.85,0.614,15.6,28.3,0.0,27.22,0.739,15.6,28.3,0.0,26.96,0.647,15.6,28.3,0.0,27.43,0.799,15.6,28.3,0.0
305,4394.8333,184,2.833,False,27.8,False,0.0,26.999,0.0,0.412504,0.0,0.0,0.003333,317.914,372.2,0.08,0.033,0.153534,26.53,0.546,15.6,28.3,0.0,26.85,0.618,15.6,28.3,0.0,27.22,0.742,15.6,28.3,0.0,26.96,0.651,15.6,28.3,0.0,27.43,0.803,15.6,28.3,0.0
306,4395.0,184,3.0,False,27.8,False,0.0,26.999,0.0,0.412504,0.0,0.0,0.003333,318.3266,370.8,0.08,0.033,0.152956,26.53,0.549,15.6,28.3,0.0,26.85,0.62,15.6,28.3,0.0,27.22,0.745,15.6,28.3,0.0,26.96,0.654,15.6,28.3,0.0,27.43,0.806,15.6,28.3,0.0
307,4395.1667,184,3.167,False,27.8,False,0.0,26.998,0.0,0.412504,0.0,0.0,0.003333,318.7391,369.4,0.08,0.033,0.152379,26.53,0.551,15.6,28.3,0.0,26.85,0.624,15.6,28.3,0.0,27.22,0.748,15.6,28.3,0.0,26.96,0.657,15.6,28.3,0.0,27.43,0.809,15.6,28.3,0.0
308,4395.3333,184,3.333,False,27.8,False,0.0,26.998,0.0,0.412504,0.0,0.0,0.436398,319.1516,367.8,0.08,0.033,0.151719,26.53,0.554,15.6,28.3,0.0,26.85,0.627,15.6,28.3,0.0,27.22,0.751,15.6,28.3,0.0,26.96,0.661,15.6,28.3,0.0,27.43,0.812,15.6,28.3,0.0
309,4395.5,184,3.5,False,27.8,False,0.0,26.997,0.0,0.412504,0.0,0.0,0.003333,319.5641,366.1,0.08,0.033,0.151018,26.53,0.556,15.6,28.3,0.0,26.85,0.63,15.6,28.3,0.0,27.22,0.754,15.6,28.3,0.0,26.96,0.664,15.6,28.3,0.0,27.42,0.815,15.6,28.3,0.0
310,4395.6667,184,3.667,False,27.8,False,0.0,26.995,0.0,0.412504,0.0,0.0,0.003333,319.9766,364.4,0.08,0.033,0.150316,26.53,0.559,15.6,28.3,0.0,26.85,0.632,15.6,28.3,0.0,27.22,0.757,15.6,28.3,0.0,26.96,0.667,15.6,28.3,0.0,27.42,0.818,15.6,28.3,0.0
311,4395.8333,184,3.833,False,27.8,False,0.0,26.993,0.0,0.412504,0.0,0.0,0.003333,320.3891,362.5,0.08,0.033,0.149533,26.53,0.562,15.6,28.3,0.0,26.85,0.635,15.6,28.3,0.0,27.21,0.76,15.6,28.3,0.0,26.96,0.67,15.6,28.3,0.0,27.42,0.82,15.6,28.3,0.0
312,4396.0,184,4.0,False,27.8,False,0.0,26.991,0.0,0.412504,0.0,0.0,0.003333,320.8016,360.5,0.08,0.033,0.148708,26.53,0.564,15.6,28.3,0.0,26.84,0.638,15.6,28.3,0.0,27.21,0.762,15.6,28.3,0.0,26.96,0.673,15.6,28.3,0.0,27.41,0.823,15.6,28.3,0.0
313,4396.1667,184,4.167,False,27.8,False,0.0,27.0,0.0,0.458338,0.0,0.0,0.003333,321.2599,358.5,0.08,0.036667,0.164314,26.54,0.57,15.6,28.3,0.0,26.85,0.644,15.6,28.3,0.0,27.22,0.768,15.6,28.3,0.0,26.96,0.678,15.6,28.3,0.0,27.42,0.828,15.6,28.3,0.0
314,4396.3333,184,4.333,False,27.8,False,0.0,27.005,0.0,0.458338,0.0,0.0,0.003333,321.7182,356.4,0.08,0.036667,0.163352,26.55,0.574,15.6,28.3,0.0,26.86,0.648,15.6,28.3,0.0,27.22,0.772,15.6,28.3,0.0,26.97,0.683,15.6,28.3,0.0,27.42,0.832,15.6,28.3,0.0
315,4396.5,184,4.5,False,27.8,False,0.0,27.007,0.0,0.458338,0.0,0.0,0.003333,322.1766,354.2,0.08,0.036667,0.162343,26.56,0.578,15.6,28.3,0.0,26.86,0.652,15.6,28.3,0.0,27.22,0.775,15.6,28.3,0.0,26.97,0.686,15.6,28.3,0.0,27.42,0.835,15.6,28.3,0.0
316,4396.6667,184,4.667,False,27.8,False,0.0,27.008,0.0,0.458338,0.0,0.0,0.003333,322.6349,351.9,0.08,0.036667,0.161289,26.56,0.581,15.6,28.3,0.0,26.86,0.655,15.6,28.3,0.0,27.22,0.778,15.6,28.3,0.0,26.97,0.69,15.6,28.3,0.0,27.42,0.838,15.6,28.3,0.0
317,4396.8333,184,4.833,False,27.8,False,0.0,27.008,0.0,0.458338,0.0,0.0,0.436399,323.0933,349.5,0.08,0.036667,0.160189,26.56,0.584,15.6,28.3,0.0,26.86,0.658,15.6,28.3,0.0,27.22,0.78,15.6,28.3,0.0,26.97,0.692,15.6,28.3,0.0,27.42,0.841,15.6,28.3,0.0
318,4397.0,184,5.0,False,27.8,False,0.0,27.008,0.0,0.458338,0.0,0.0,0.003333,323.5516,347.1,0.08,0.036667,0.159089,26.56,0.586,15.6,28.3,0.0,26.86,0.661,15.6,28.3,0.0,27.22,0.783,15.6,28.3,0.0,26.97,0.695,15.6,28.3,0.0,27.42,0.843,15.6,28.3,0.0
319,4397.25,184,5.25,False,27.8,True,2.75,25.647,0.446,1.557786,1.099449,0.754895,0.003333,325.1094,343.4,0.08,0.124623,0.534944,25.58,0.396,21.0,25.5,0.81,25.6,0.428,21.0,25.5,0.61,25.71,0.503,21.0,25.5,0.36,25.61,0.446,21.0,25.5,0.61,25.74,0.532,21.0,25.5,0.36
320,4397.3333,184,5.333,False,27.8,True,2.75,25.511,0.371,1.317731,0.859393,0.514839,0.003333,326.4271,342.1,0.08,0.105418,0.450796,25.5,0.342,21.0,25.5,0.81,25.5,0.36,21.0,25.5,0.61,25.52,0.404,21.0,25.5,0.36,25.5,0.371,21.0,25.5,0.61,25.52,0.422,21.0,25.5,0.36
321,4397.5,184,5.5,False,27.8,True,2.75,25.503,0.339,1.261076,0.802739,0.458185,0.003333,327.6882,339.5,0.08,0.100886,0.428135,25.5,0.316,21.0,25.5,0.81,25.5,0.329,21.0,25.5,0.61,25.51,0.365,21.0,25.5,0.36,25.5,0.339,21.0,25.5,0.61,25.51,0.379,21.0,25.5,0.36
322,4397.6667,184,5.667,False,27.8,True,2.75,25.5,0.312,1.225049,0.766711,0.422157,0.003333,328.9132,336.9,0.08,0.098004,0.412719,25.5,0.295,21.0,25.5,0.81,25.5,0.304,21.0,25.5,0.61,25.5,0.334,21.0,25.5,0.36,25.5,0.312,21.0,25.5,0.61,25.5,0.345,21.0,25.5,0.36
323,4397.8333,184,5.833,False,27.8,True,2.75,25.5,0.296,1.203385,0.745047,0.400493,0.003333,330.1166,334.2,0.08,0.096271,0.402171,25.5,0.277,21.0,25.5,0.81,25.5,0.286,21.0,25.5,0.61,25.5,0.319,21.0,25.5,0.36,25.5,0.296,21.0,25.5,0.61,25.5,0.32,21.0,25.5,0.36
324,4398.0,184,6.0,False,27.8,True,2.75,25.5,0.279,1.184764,0.726426,0.381872,0.003333,331.3014,331.5,0.08,0.094781,0.392749,25.5,0.261,21.0,25.5,0.81,25.5,0.269,21.0,25.5,0.61,25.5,0.301,21.0,25.5,0.36,25.5,0.279,21.0,25.5,0.61,25.5,0.298,21.0,25.5,0.36
325,4398.1667,184,6.167,False,27.98,True,5.5,25.499,0.303,1.448944,0.807271,0.462717,0.003333,332.7503,328.8,0.08,0.115916,0.476413,25.5,0.261,21.0,25.5,1.61,25.5,0.272,21.0,25.5,1.22,25.5,0.303,21.0,25.5,0.72,25.5,0.281,21.0,25.5,1.22,25.5,0.298,21.0,25.5,0.72
326,4398.3333,184,6.333,False,28.17,True,5.5,25.5,0.306,1.456506,0.814833,0.470279,0.436421,334.2068,326.0,0.08,0.11652,0.474821,25.5,0.257,21.0,25.5,1.61,25.5,0.271,21.0,25.5,1.22,25.5,0.306,21.0,25.5,0.72,25.5,0.282,21.0,25.5,1.22,25.5,0.296,21.0,25.5,0.72
327,4398.5,184,6.5,False,28.35,True,5.5,25.5,0.306,1.46205,0.820377,0.475823,0.003333,335.6689,323.2,0.08,0.116964,0.472535,25.5,0.254,21.0,25.5,1.61,25.5,0.271,21.0,25.5,1.22,25.5,0.306,21.0,25.5,0.72,25.5,0.282,21.0,25.5,1.22,25.5,0.294,21.0,25.5,0.72
328,4398.6667,184,6.667,False,28.53,True,5.5,25.5,0.302,1.465949,0.824276,0.479722,0.003333,337.1348,320.4,0.08,0.117276,0.46969,25.5,0.251,21.0,25.5,1.61,25.5,0.271,21.0,25.5,1.22,25.5,0.302,21.0,25.5,0.72,25.5,0.279,21.0,25.5,1.22,25.5,0.292,21.0,25.5,0.72
329,4398.9167,184,6.917,False,28.72,True,5.5,25.5,0.301,1.470419,0.828746,0.484192,0.003333,338.6053,316.2,0.08,0.117634,0.464946,25.5,0.247,21.0,25.5,1.61,25.5,0.27,21.0,25.5,1.22,25.5,0.301,21.0,25.5,0.72,25.5,0.278,21.0,25.5,1.22,25.5,0.29,21.0,25.5,0.72
330,4399.0833,184,7.083,False,28.9,True,5.5,25.5,0.3,1.47571,0.834037,0.489483,0.003333,340.081,313.3,0.08,0.118057,0.46234,25.5,0.244,21.0,25.5,1.61,25.5,0.27,21.0,25.5,1.22,25.5,0.3,21.0,25.5,0.72,25.5,0.277,21.0,25.5,1.22,25.5,0.289,21.0,25.5,0.72
331,4399.25,184,7.25,False,28.8,True,26.14,25.499,0.321,2.678708,1.028692,0.684138,0.003333,342.7597,310.5,0.08,0.214297,0.831739,25.5,0.265,21.0,25.5,7.65,25.5,0.291,21.0,25.5,5.8,25.5,0.321,21.0,25.5,3.44,25.5,0.298,21.0,25.5,5.8,25.5,0.309,21.0,25.5,3.44
332,4399.4167,184,7.417,False,28.7,True,26.14,25.499,0.326,2.690216,1.0402,0.695646,0.003333,345.4499,307.7,0.08,0.215217,0.827779,25.5,0.267,21.0,25.5,7.65,25.5,0.294,21.0,25.5,5.8,25.5,0.326,21.0,25.5,3.44,25.5,0.301,21.0,25.5,5.8,25.5,0.314,21.0,25.5,3.44
333,4399.5833,184,7.583,False,28.6,True,26.14,25.499,0.329,2.69159,1.041574,0.69702,0.436461,348.1415,304.9,0.08,0.215327,0.820666,25.5,0.267,21.0,25.5,7.65,25.5,0.296,21.0,25.5,5.8,25.5,0.329,21.0,25.5,3.44,25.5,0.302,21.0,25.5,5.8,25.5,0.317,21.0,25.5,3.44
334,4399.75,184,7.75,False,28.5,True,26.14,25.499,0.351,2.697374,1.047358,0.702804,0.003333,350.8389,302.1,0.08,0.21579,0.814877,25.5,0.267,21.0,25.5,7.65,25.5,0.298,21.0,25.5,5.8,25.5,0.351,21.0,25.5,3.44,25.5,0.306,21.0,25.5,5.8,25.5,0.319,21.0,25.5,3.44
335,4399.9167,184,7.917,False,28.4,True,26.14,25.499,0.374,2.704342,1.054326,0.709771,0.003333,353.5432,299.4,0.08,0.216347,0.80968,25.5,0.266,21.0,25.5,7.65,25.5,0.301,21.0,25.5,5.8,25.5,0.374,21.0,25.5,3.44,25.5,0.309,21.0,25.5,5.8,25.5,0.322,21.0,25.5,3.44
336,4400.0556,184,8.056,False,28.3,True,26.14,25.499,0.393,2.708138,1.058122,0.713568,0.003333,356.2513,297.1,0.08,0.216651,0.804588,25.5,0.264,21.0,25.5,7.65,25.5,0.303,21.0,25.5,5.8,25.5,0.393,21.0,25.5,3.44,25.5,0.31,21.0,25.5,5.8,25.5,0.323,21.0,25.5,3.44
337,4400.2083,184,8.208,False,28.4,True,26.14,25.499,0.413,2.722529,1.072513,0.727959,0.003333,358.9739,294.6,0.08,0.217802,0.802057,25.5,0.264,21.0,25.5,7.65,25.5,0.306,21.0,25.5,5.8,25.5,0.413,21.0,25.5,3.44,25.5,0.311,21.0,25.5,5.8,25.5,0.325,21.0,25.5,3.44
338,4400.375,184,8.375,False,28.5,True,26.14,25.499,0.439,2.740005,1.089989,0.745435,0.003333,361.7139,292.0,0.08,0.2192,0.800082,25.5,0.265,21.0,25.5,7.65,25.5,0.31,21.0,25.5,5.8,25.5,0.439,21.0,25.5,3.44,25.5,0.312,21.0,25.5,5.8,25.5,0.329,21.0,25.5,3.44
339,4400.5417,184,8.542,False,28.6,True,26.14,25.499,0.459,2.757197,1.107181,0.762626,0.003333,364.4711,289.4,0.08,0.220576,0.797933,25.5,0.266,21.0,25.5,7.65,25.5,0.315,21.0,25.5,5.8,25.5,0.459,21.0,25.5,3.44,25.5,0.316,21.0,25.5,5.8,25.5,0.333,21.0,25.5,3.44
340,4400.7083,184,8.708,False,28.7,True,26.14,25.499,0.465,2.7693,1.119284,0.774729,0.436476,367.2404,286.8,0.08,0.221544,0.794235,25.5,0.268,21.0,25.5,7.65,25.5,0.318,21.0,25.5,5.8,25.5,0.465,21.0,25.5,3.44,25.5,0.319,21.0,25.5,5.8,25.5,0.336,21.0,25.5,3.44
341,4400.875,184,8.875,False,28.8,True,26.14,25.499,0.47,2.780021,1.130005,0.785451,0.003333,370.0204,284.3,0.08,0.222402,0.79036,25.5,0.27,21.0,25.5,7.65,25.5,0.322,21.0,25.5,5.8,25.5,0.47,21.0,25.5,3.44,25.5,0.322,21.0,25.5,5.8,25.5,0.339,21.0,25.5,3.44
342,4401.0556,184,9.056,False,28.9,True,26.14,25.499,0.474,2.790493,1.140477,0.795923,0.003333,372.8109,281.7,0.08,0.223239,0.786082,25.5,0.272,21.0,25.5,7.65,25.5,0.325,21.0,25.5,5.8,25.5,0.474,21.0,25.5,3.44,25.5,0.325,21.0,25.5,5.8,25.5,0.342,21.0,25.5,3.44
343,4401.2222,184,9.222,False,28.98,True,26.14,25.499,0.476,2.79673,1.146714,0.80216,0.003333,375.6076,279.3,0.08,0.223738,0.781127,25.5,0.274,21.0,25.5,7.65,25.5,0.327,21.0,25.5,5.8,25.5,0.476,21.0,25.5,3.44,25.5,0.327,21.0,25.5,5.8,25.5,0.344,21.0,25.5,3.44
344,4401.3889,184,9.389,False,29.07,True,26.14,25.499,0.477,2.801742,1.151726,0.807172,0.003333,378.4094,277.0,0.08,0.224139,0.776082,25.5,0.275,21.0,25.5,7.65,25.5,0.329,21.0,25.5,5.8,25.5,0.477,21.0,25.5,3.44,25.5,0.328,21.0,25.5,5.8,25.5,0.345,21.0,25.5,3.44
345,4401.5556,184,9.556,False,29.15,True,26.14,25.499,0.473,2.804936,1.15492,0.810366,0.003333,381.2143,274.8,0.08,0.224395,0.770797,25.5,0.275,21.0,25.5,7.65,25.5,0.33,21.0,25.5,5.8,25.5,0.473,21.0,25.5,3.44,25.5,0.33,21.0,25.5,5.8,25.5,0.347,21.0,25.5,3.44
346,4401.7083,184,9.708,False,29.23,True,26.14,25.499,0.469,2.808008,1.157992,0.813438,0.436471,384.0223,272.8,0.08,0.224641,0.766025,25.5,0.276,21.0,25.5,7.65,25.5,0.332,21.0,25.5,5.8,25.5,0.469,21.0,25.5,3.44,25.5,0.331,21.0,25.5,5.8,25.5,0.348,21.0,25.5,3.44
347,4401.875,184,9.875,False,29.32,True,26.14,25.499,0.463,2.810875,1.160859,0.816305,0.003333,386.8332,270.8,0.08,0.22487,0.761185,25.5,0.275,21.0,25.5,7.65,25.5,0.334,21.0,25.5,5.8,25.5,0.463,21.0,25.5,3.44,25.5,0.333,21.0,25.5,5.8,25.5,0.35,21.0,25.5,3.44
348,4402.0417,184,10.042,False,29.4,True,26.14,25.499,0.457,2.813252,1.163236,0.818682,0.003333,389.6464,268.9,0.08,0.22506,0.756483,25.5,0.275,21.0,25.5,7.65,25.5,0.336,21.0,25.5,5.8,25.5,0.457,21.0,25.5,3.44,25.5,0.334,21.0,25.5,5.8,25.5,0.351,21.0,25.5,3.44
349,4402.2083,184,10.208,False,29.6,True,26.14,25.499,0.451,2.823187,1.173171,0.828617,0.003333,392.4696,267.0,0.08,0.225855,0.753791,25.5,0.275,21.0,25.5,7.65,25.5,0.339,21.0,25.5,5.8,25.5,0.451,21.0,25.5,3.44,25.5,0.336,21.0,25.5,5.8,25.5,0.353,21.0,25.5,3.44
350,4402.375,184,10.375,False,29.8,True,26.14,25.499,0.445,2.834038,1.184022,0.839468,0.003333,395.3037,265.3,0.08,0.226723,0.75187,25.5,0.277,21.0,25.5,7.65,25.5,0.342,21.0,25.5,5.8,25.5,0.445,21.0,25.5,3.44,25.5,0.339,21.0,25.5,5.8,25.5,0.356,21.0,25.5,3.44
351,4402.5556,184,10.556,False,30.0,True,26.14,25.499,0.44,2.845274,1.195258,0.850704,0.003333,398.1489,263.6,0.08,0.227622,0.750014,25.5,0.278,21.0,25.5,7.65,25.5,0.345,21.0,25.5,5.8,25.5,0.44,21.0,25.5,3.44,25.5,0.342,21.0,25.5,5.8,25.5,0.36,21.0,25.5,3.44
352,4402.7222,184,10.722,False,30.2,True,26.14,25.499,0.432,2.855035,1.205018,0.860464,0.436486,401.004,262.2,0.08,0.228403,0.74859,25.5,0.28,21.0,25.5,7.65,25.5,0.348,21.0,25.5,5.8,25.5,0.432,21.0,25.5,3.44,25.5,0.344,21.0,25.5,5.8,25.5,0.362,21.0,25.5,3.44
353,4402.9167,184,10.917,False,30.4,True,26.14,25.499,0.424,2.864512,1.214496,0.869942,0.003333,403.8685,260.7,0.08,0.229161,0.746778,25.5,0.282,21.0,25.5,7.65,25.5,0.35,21.0,25.5,5.8,25.5,0.424,21.0,25.5,3.44,25.5,0.346,21.0,25.5,5.8,25.5,0.364,21.0,25.5,3.44
354,4403.0833,184,11.083,False,30.6,True,26.14,25.499,0.416,2.874176,1.22416,0.879606,0.003333,406.7426,259.6,0.08,0.229934,0.746136,25.5,0.284,21.0,25.5,7.65,25.5,0.352,21.0,25.5,5.8,25.5,0.416,21.0,25.5,3.44,25.5,0.349,21.0,25.5,5.8,25.5,0.366,21.0,25.5,3.44
355,4403.1667,184,11.167,False,30.68,True,13.76,25.499,0.404,2.732588,1.174239,0.829685,0.003333,409.4752,259.1,0.08,0.218607,0.708014,25.5,0.282,21.0,25.5,4.03,25.5,0.35,21.0,25.5,3.05,25.5,0.404,21.0,25.5,1.81,25.5,0.346,21.0,25.5,3.05,25.5,0.364,21.0,25.5,1.81
356,4403.3333,184,11.333,False,30.77,True,13.76,25.499,0.394,2.731384,1.173035,0.828481,0.003333,412.2066,258.2,0.08,0.218511,0.705243,25.5,0.282,21.0,25.5,4.03,25.5,0.349,21.0,25.5,3.05,25.5,0.394,21.0,25.5,1.81,25.5,0.346,21.0,25.5,3.05,25.5,0.363,21.0,25.5,1.81
357,4403.5,184,11.5,False,30.85,True,13.76,25.499,0.387,2.73179,1.173441,0.828887,0.43647,414.9384,257.6,0.08,0.218543,0.703709,25.5,0.282,21.0,25.5,4.03,25.5,0.349,21.0,25.5,3.05,25.5,0.387,21.0,25.5,1.81,25.5,0.345,21.0,25.5,3.05,25.5,0.363,21.0,25.5,1.81
358,4403.75,184,11.75,False,30.93,True,13.76,25.499,0.386,2.734671,1.176322,0.831768,0.003333,417.6731,257.0,0.08,0.218774,0.70281,25.5,0.283,21.0,25.5,4.03,25.5,0.349,21.0,25.5,3.05,25.5,0.386,21.0,25.5,1.81,25.5,0.346,21.0,25.5,3.05,25.5,0.363,21.0,25.5,1.81
359,4403.9167,184,11.917,False,31.02,True,13.76,25.499,0.385,2.738341,1.179993,0.835439,0.003333,420.4114,256.9,0.08,0.219067,0.70348,25.5,0.283,21.0,25.5,4.03,25.5,0.35,21.0,25.5,3.05,25.5,0.385,21.0,25.5,1.81,25.5,0.346,21.0,25.5,3.05,25.5,0.363,21.0,25.5,1.81
360,4404.0556,184,12.056,False,31.1,True,13.76,25.5,0.385,2.742447,1.184099,0.839545,0.003333,423.1539,257.0,0.08,0.219396,0.704809,25.5,0.283,21.0,25.5,4.03,25.5,0.351,21.0,25.5,3.05,25.5,0.385,21.0,25.5,1.81,25.5,0.347,21.0,25.5,3.05,25.5,0.364,21.0,25.5,1.81
361,4404.2222,184,12.222,False,31.2,True,26.14,25.499,0.388,2.891623,1.241607,0.897053,0.003333,426.0455,257.4,0.08,0.23133,0.744304,25.5,0.287,21.0,25.5,7.65,25.5,0.356,21.0,25.5,5.8,25.5,0.388,21.0,25.5,3.44,25.5,0.351,21.0,25.5,5.8,25.5,0.368,21.0,25.5,3.44
362,4404.375,184,12.375,False,31.3,True,26.14,25.499,0.39,2.89861,1.248594,0.904039,0.436499,428.9441,258.0,0.08,0.231889,0.747841,25.5,0.288,21.0,25.5,7.65,25.5,0.358,21.0,25.5,5.8,25.5,0.39,21.0,25.5,3.44,25.5,0.353,21.0,25.5,5.8,25.5,0.37,21.0,25.5,3.44
363,4404.5417,184,12.542,False,31.4,True,26.14,25.499,0.391,2.90435,1.254334,0.90978,0.003333,431.8485,259.0,0.08,0.232348,0.752227,25.5,0.288,21.0,25.5,7.65,25.5,0.36,21.0,25.5,5.8,25.5,0.391,21.0,25.5,3.44,25.5,0.355,21.0,25.5,5.8,25.5,0.371,21.0,25.5,3.44
364,4404.7222,184,12.722,False,31.5,True,26.14,25.499,0.391,2.909039,1.259023,0.914469,0.003333,434.7575,260.4,0.08,0.232723,0.757514,25.5,0.288,21.0,25.5,7.65,25.5,0.361,21.0,25.5,5.8,25.5,0.391,21.0,25.5,3.44,25.5,0.356,21.0,25.5,5.8,25.5,0.372,21.0,25.5,3.44
365,4404.8889,184,12.889,False,31.6,True,26.14,25.499,0.392,2.913187,1.263171,0.918617,0.003333,437.6707,262.1,0.08,0.233055,0.763546,25.5,0.288,21.0,25.5,7.65,25.5,0.362,21.0,25.5,5.8,25.5,0.392,21.0,25.5,3.44,25.5,0.357,21.0,25.5,5.8,25.5,0.373,21.0,25.5,3.44
366,4405.0833,184,13.083,False,31.7,True,26.14,25.499,0.392,2.917477,1.267461,0.922906,0.003333,440.5882,264.6,0.08,0.233398,0.771964,25.5,0.287,21.0,25.5,7.65,25.5,0.363,21.0,25.5,5.8,25.5,0.392,21.0,25.5,3.44,25.5,0.357,21.0,25.5,5.8,25.5,0.373,21.0,25.5,3.44
367,4405.1667,184,13.167,False,31.6,True,26.14,25.499,0.392,2.914115,1.264099,0.919545,0.003333,443.5023,265.9,0.08,0.233129,0.774863,25.5,0.287,21.0,25.5,7.65,25.5,0.364,21.0,25.5,5.8,25.5,0.392,21.0,25.5,3.44,25.5,0.358,21.0,25.5,5.8,25.5,0.374,21.0,25.5,3.44
368,4405.3333,184,13.333,False,31.5,True,26.14,25.499,0.395,2.912843,1.262827,0.918273,0.436445,446.4151,268.7,0.08,0.233027,0.782681,25.5,0.285,21.0,25.5,7.65,25.5,0.367,21.0,25.5,5.8,25.5,0.395,21.0,25.5,3.44,25.5,0.36,21.0,25.5,5.8,25.5,0.376,21.0,25.5,3.44
369,4405.5,184,13.5,False,31.4,True,26.14,25.499,0.395,2.909846,1.25983,0.915276,0.003333,449.325,271.9,0.08,0.232788,0.791187,25.5,0.284,21.0,25.5,7.65,25.5,0.368,21.0,25.5,5.8,25.5,0.395,21.0,25.5,3.44,25.5,0.361,21.0,25.5,5.8,25.5,0.377,21.0,25.5,3.44
370,4405.6667,184,13.667,False,31.3,True,26.14,25.499,0.394,2.904459,1.254443,0.909889,0.003333,452.2294,275.7,0.08,0.232357,0.800759,25.5,0.283,21.0,25.5,7.65,25.5,0.367,21.0,25.5,5.8,25.5,0.394,21.0,25.5,3.44,25.5,0.36,21.0,25.5,5.8,25.5,0.376,21.0,25.5,3.44
371,4405.9167,184,13.917,False,31.2,True,26.14,25.499,0.393,2.8988,1.248784,0.90423,0.003333,455.1282,282.3,0.08,0.231904,0.818331,25.5,0.283,21.0,25.5,7.65,25.5,0.366,21.0,25.5,5.8,25.5,0.393,21.0,25.5,3.44,25.5,0.359,21.0,25.5,5.8,25.5,0.379,21.0,25.5,3.44
372,4406.0833,184,14.083,False,31.1,True,26.14,25.499,0.392,2.894081,1.244065,0.899511,0.003333,458.0223,287.4,0.08,0.231527,0.831759,25.5,0.282,21.0,25.5,7.65,25.5,0.365,21.0,25.5,5.8,25.5,0.392,21.0,25.5,3.44,25.5,0.358,21.0,25.5,5.8,25.5,0.382,21.0,25.5,3.44
373,4406.2222,184,14.222,False,31.02,True,26.14,25.499,0.392,2.891856,1.24184,0.897286,0.003333,460.9142,292.0,0.08,0.231349,0.844422,25.5,0.281,21.0,25.5,7.65,25.5,0.365,21.0,25.5,5.8,25.5,0.392,21.0,25.5,3.44,25.5,0.358,21.0,25.5,5.8,25.5,0.385,21.0,25.5,3.44
374,4406.3889,184,14.389,False,30.93,True,26.14,25.499,0.39,2.88836,1.238344,0.89379,0.436457,463.8025,298.1,0.08,0.231069,0.86102,25.5,0.281,21.0,25.5,7.65,25.5,0.364,21.0,25.5,5.8,25.5,0.39,21.0,25.5,3.44,25.5,0.357,21.0,25.5,5.8,25.5,0.387,21.0,25.5,3.44
375,4406.5556,184,14.556,False,30.85,True,26.14,25.499,0.389,2.88424,1.234224,0.88967,0.003333,466.6868,304.8,0.08,0.230739,0.879116,25.5,0.28,21.0,25.5,7.65,25.5,0.363,21.0,25.5,5.8,25.5,0.389,21.0,25.5,3.44,25.5,0.356,21.0,25.5,5.8,25.5,0.387,21.0,25.5,3.44
376,4406.7083,184,14.708,False,30.77,True,26.14,25.499,0.386,2.877786,1.22777,0.883215,0.003333,469.5645,311.5,0.08,0.230223,0.89643,25.5,0.28,21.0,25.5,7.65,25.5,0.36,21.0,25.5,5.8,25.5,0.386,21.0,25.5,3.44,25.5,0.353,21.0,25.5,5.8,25.5,0.386,21.0,25.5,3.44
377,4406.875,184,14.875,False,30.68,True,26.14,25.499,0.383,2.870194,1.220178,0.875624,0.003333,472.4347,319.3,0.08,0.229615,0.916453,25.5,0.28,21.0,25.5,7.65,25.5,0.357,21.0,25.5,5.8,25.5,0.383,21.0,25.5,3.44,25.5,0.351,21.0,25.5,5.8,25.5,0.381,21.0,25.5,3.44
378,4407.0417,184,15.042,False,30.6,True,26.14,25.499,0.379,2.861635,1.211619,0.867065,0.003333,475.2964,327.7,0.08,0.228931,0.937758,25.5,0.28,21.0,25.5,7.65,25.5,0.352,21.0,25.5,5.8,25.5,0.379,21.0,25.5,3.44,25.5,0.347,21.0,25.5,5.8,25.5,0.376,21.0,25.5,3.44
379,4407.2083,184,15.208,False,30.13,True,26.14,25.5,0.375,2.840425,1.190409,0.845854,0.003333,478.1368,336.7,0.08,0.227234,0.956371,25.5,0.281,21.0,25.5,7.65,25.5,0.348,21.0,25.5,5.8,25.5,0.375,21.0,25.5,3.44,25.5,0.344,21.0,25.5,5.8,25.5,0.37,21.0,25.5,3.44
380,4407.375,184,15.375,False,29.67,True,26.14,25.5,0.371,2.819319,1.169303,0.824749,0.003333,480.9561,346.2,0.08,0.225546,0.976048,25.5,0.283,21.0,25.5,7.65,25.5,0.343,21.0,25.5,5.8,25.5,0.371,21.0,25.5,3.44,25.5,0.34,21.0,25.5,5.8,25.5,0.364,21.0,25.5,3.44
381,4407.5333,184,15.533,False,29.2,True,26.14,25.5,0.367,2.797472,1.147456,0.802902,0.436486,483.7536,355.7,0.08,0.223798,0.995061,25.5,0.285,21.0,25.5,7.65,25.5,0.339,21.0,25.5,5.8,25.5,0.367,21.0,25.5,3.44,25.5,0.337,21.0,25.5,5.8,25.5,0.354,21.0,25.5,3.44
382,4407.7,184,15.7,False,28.73,True,26.14,25.5,0.366,2.780319,1.130303,0.785748,0.003333,486.5339,366.2,0.08,0.222425,1.018153,25.5,0.287,21.0,25.5,7.65,25.5,0.337,21.0,25.5,5.8,25.5,0.366,21.0,25.5,3.44,25.5,0.336,21.0,25.5,5.8,25.5,0.354,21.0,25.5,3.44
383,4407.875,184,15.875,False,28.27,True,26.14,25.5,0.365,2.764389,1.114373,0.769819,0.003333,489.2983,377.6,0.08,0.221151,1.043833,25.5,0.289,21.0,25.5,7.65,25.5,0.337,21.0,25.5,5.8,25.5,0.365,21.0,25.5,3.44,25.5,0.336,21.0,25.5,5.8,25.5,0.353,21.0,25.5,3.44
384,4408.0417,184,16.042,False,27.8,True,26.14,25.5,0.365,2.748947,1.098931,0.754376,0.003333,492.0472,388.9,0.34,0.934642,1.069065,25.5,0.292,21.0,25.5,7.65,25.5,0.336,21.0,25.5,5.8,25.5,0.365,21.0,25.5,3.44,25.5,0.336,21.0,25.5,5.8,25.5,0.354,21.0,25.5,3.44
385,4408.2083,184,16.208,False,27.05,True,8.25,25.5,0.345,1.839159,0.922484,0.57793,0.003333,493.8864,400.5,0.34,0.625314,0.736583,25.5,0.273,21.0,25.5,2.42,25.5,0.316,21.0,25.5,1.83,25.5,0.345,21.0,25.5,1.09,25.5,0.317,21.0,25.5,1.83,25.5,0.337,21.0,25.5,1.09
386,4408.3889,184,16.389,False,26.3,True,8.25,25.5,0.336,1.794797,0.878121,0.533567,0.003333,495.6812,413.2,0.34,0.610231,0.74161,25.5,0.269,21.0,25.5,2.42,25.5,0.308,21.0,25.5,1.83,25.5,0.336,21.0,25.5,1.09,25.5,0.309,21.0,25.5,1.83,25.5,0.329,21.0,25.5,1.09
387,4408.5556,184,16.556,False,25.55,True,8.25,25.5,0.327,1.757295,0.840619,0.496065,0.436448,497.4385,425.2,0.34,0.59748,0.747202,25.5,0.264,21.0,25.5,2.42,25.5,0.3,21.0,25.5,1.83,25.5,0.327,21.0,25.5,1.09,25.5,0.301,21.0,25.5,1.83,25.5,0.322,21.0,25.5,1.09
388,4408.7222,184,16.722,False,24.8,True,8.25,25.5,0.319,1.721944,0.805269,0.460715,0.003333,499.1604,437.2,0.34,0.585461,0.752834,25.5,0.26,21.0,25.5,2.42,25.5,0.292,21.0,25.5,1.83,25.5,0.319,21.0,25.5,1.09,25.5,0.294,21.0,25.5,1.83,25.5,0.315,21.0,25.5,1.09
389,4408.8889,184,16.889,False,24.05,True,8.25,25.5,0.31,1.688457,0.771781,0.427227,0.003333,500.8489,449.1,0.34,0.574075,0.758286,25.5,0.255,21.0,25.5,2.42,25.5,0.284,21.0,25.5,1.83,25.5,0.31,21.0,25.5,1.09,25.5,0.287,21.0,25.5,1.83,25.5,0.309,21.0,25.5,1.09
390,4409.0556,184,17.056,False,23.3,True,8.25,25.5,0.302,1.656722,0.740046,0.395492,0.003333,502.5056,460.9,0.34,0.563285,0.763583,25.5,0.251,21.0,25.5,2.42,25.5,0.277,21.0,25.5,1.83,25.5,0.301,21.0,25.5,1.09,25.5,0.279,21.0,25.5,1.83,25.5,0.302,21.0,25.5,1.09
391,4409.2222,184,17.222,False,23.48,True,2.75,25.5,0.269,1.340026,0.698353,0.353799,0.003333,503.8456,472.5,0.34,0.455609,0.633162,25.5,0.241,21.0,25.5,0.81,25.5,0.266,21.0,25.5,0.61,25.5,0.29,21.0,25.5,0.36,25.5,0.269,21.0,25.5,0.61,25.5,0.293,21.0,25.5,0.36
392,4409.3889,184,17.389,False,23.67,True,2.75,25.5,0.266,1.336836,0.695163,0.350609,0.003333,505.1825,483.6,0.34,0.454524,0.646494,25.5,0.238,21.0,25.5,0.81,25.5,0.263,21.0,25.5,0.61,25.5,0.285,21.0,25.5,0.36,25.5,0.266,21.0,25.5,0.61,25.5,0.29,21.0,25.5,0.36
393,4409.5833,184,17.583,False,23.85,True,2.75,25.5,0.266,1.338576,0.696903,0.352349,0.003333,506.5211,496.1,0.34,0.455116,0.664068,25.5,0.236,21.0,25.5,0.81,25.5,0.261,21.0,25.5,0.61,25.5,0.283,21.0,25.5,0.36,25.5,0.266,21.0,25.5,0.61,25.5,0.292,21.0,25.5,0.36
394,4409.75,184,17.75,False,24.03,True,2.75,25.5,0.266,1.340591,0.698918,0.354364,0.436434,507.8616,506.2,0.34,0.455801,0.678607,25.5,0.237,21.0,25.5,0.81,25.5,0.26,21.0,25.5,0.61,25.5,0.281,21.0,25.5,0.36,25.5,0.266,21.0,25.5,0.61,25.5,0.29,21.0,25.5,0.36
395,4409.9167,184,17.917,False,24.22,True,2.75,25.5,0.265,1.342089,0.700416,0.355862,0.003333,509.2037,515.6,0.34,0.45631,0.691981,25.5,0.238,21.0,25.5,0.81,25.5,0.26,21.0,25.5,0.61,25.5,0.279,21.0,25.5,0.36,25.5,0.265,21.0,25.5,0.61,25.5,0.285,21.0,25.5,0.36
396,4410.0833,184,18.083,False,24.4,True,2.75,25.5,0.266,1.345107,0.703434,0.35888,0.003333,510.5488,524.2,0.34,0.457336,0.705105,25.5,0.24,21.0,25.5,0.81,25.5,0.261,21.0,25.5,0.61,25.5,0.279,21.0,25.5,0.36,25.5,0.266,21.0,25.5,0.61,25.5,0.283,21.0,25.5,0.36
397,4410.25,184,18.25,False,24.5,True,2.75,25.5,0.267,1.345812,0.704139,0.359585,0.003333,511.8947,532.0,0.34,0.457576,0.715972,25.5,0.242,21.0,25.5,0.81,25.5,0.261,21.0,25.5,0.61,25.5,0.279,21.0,25.5,0.36,25.5,0.267,21.0,25.5,0.61,25.5,0.282,21.0,25.5,0.36
398,4410.4167,184,18.417,False,24.6,True,2.75,25.5,0.268,1.346614,0.704941,0.360387,0.003333,513.2413,538.9,0.34,0.457849,0.72569,25.5,0.245,21.0,25.5,0.81,25.5,0.263,21.0,25.5,0.61,25.5,0.28,21.0,25.5,0.36,25.5,0.268,21.0,25.5,0.61,25.5,0.28,21.0,25.5,0.36
399,4410.5833,184,18.583,False,24.7,True,2.75,25.5,0.269,1.347808,0.706135,0.361581,0.003333,514.5891,544.9,0.34,0.458255,0.734421,25.5,0.247,21.0,25.5,0.81,25.5,0.264,21.0,25.5,0.61,25.5,0.28,21.0,25.5,0.36,25.5,0.269,21.0,25.5,0.61,25.5,0.279,21.0,25.5,0.36
400,4410.75,184,18.75,False,24.8,True,2.75,25.5,0.27,1.349694,0.708021,0.363467,0.003333,515.9388,549.8,0.34,0.458896,0.742062,25.5,0.25,21.0,25.5,0.81,25.5,0.266,21.0,25.5,0.61,25.5,0.281,21.0,25.5,0.36,25.5,0.27,21.0,25.5,0.61,25.5,0.279,21.0,25.5,0.36
401,4410.9167,184,18.917,False,24.9,True,2.75,25.5,0.272,1.351943,0.71027,0.365716,0.003333,517.2907,553.7,0.34,0.459661,0.748571,25.5,0.253,21.0,25.5,0.81,25.5,0.268,21.0,25.5,0.61,25.5,0.283,21.0,25.5,0.36,25.5,0.272,21.0,25.5,0.61,25.5,0.279,21.0,25.5,0.36
402,4411.0833,184,19.083,False,25.0,True,2.75,25.5,0.274,1.354414,0.712741,0.368187,0.436427,518.6451,556.5,0.34,0.460501,0.753731,25.5,0.256,21.0,25.5,0.81,25.5,0.27,21.0,25.5,0.61,25.5,0.284,21.0,25.5,0.36,25.5,0.274,21.0,25.5,0.61,25.5,0.279,21.0,25.5,0.36
403,4411.25,184,19.25,False,24.9,True,1.38,25.5,0.0,1.246754,0.696748,0.352194,0.003333,519.8919,558.3,0.34,0.423896,0.696063,25.5,0.255,21.0,25.5,0.4,25.5,0.268,21.0,25.5,0.31,25.5,0.281,21.0,25.5,0.18,25.5,0.272,21.0,25.5,0.31,25.5,0.275,21.0,25.5,0.18
404,4411.4167,184,19.417,False,24.8,True,1.38,25.5,0.0,1.238905,0.688899,0.344345,0.003333,521.1308,559.0,0.34,0.421228,0.692548,25.5,0.256,21.0,25.5,0.4,25.5,0.267,21.0,25.5,0.31,25.5,0.28,21.0,25.5,0.18,25.5,0.271,21.0,25.5,0.31,25.5,0.273,21.0,25.5,0.18
405,4411.5833,184,19.583,False,24.7,True,1.38,25.5,0.0,1.231286,0.681281,0.336727,0.003333,522.3621,558.6,0.34,0.418637,0.687797,25.5,0.257,21.0,25.5,0.4,25.5,0.265,21.0,25.5,0.31,25.5,0.278,21.0,25.5,0.18,25.5,0.269,21.0,25.5,0.31,25.5,0.27,21.0,25.5,0.18
406,4411.75,184,19.75,False,24.6,True,1.38,25.5,0.0,1.224542,0.674537,0.329983,0.003333,523.5866,557.3,0.34,0.416344,0.682437,25.5,0.257,21.0,25.5,0.4,25.5,0.265,21.0,25.5,0.31,25.5,0.276,21.0,25.5,0.18,25.5,0.268,21.0,25.5,0.31,25.5,0.268,21.0,25.5,0.18
407,4411.9167,184,19.917,False,24.5,True,1.38,25.5,0.0,1.218205,0.6682,0.323645,0.003333,524.8048,555.0,0.34,0.41419,0.676104,25.5,0.257,21.0,25.5,0.4,25.5,0.264,21.0,25.5,0.31,25.5,0.275,21.0,25.5,0.18,25.5,0.267,21.0,25.5,0.31,25.5,0.266,21.0,25.5,0.18
408,4412.0833,184,20.083,False,24.4,True,1.38,25.5,0.0,1.212045,0.66204,0.317485,0.003333,526.0169,551.8,0.34,0.412095,0.668806,25.5,0.257,21.0,25.5,0.4,25.5,0.263,21.0,25.5,0.31,25.5,0.273,21.0,25.5,0.18,25.5,0.266,21.0,25.5,0.31,25.5,0.265,21.0,25.5,0.18
409,4412.1667,184,20.167,False,24.5,True,1.38,25.5,0.0,1.213392,0.663387,0.318833,0.003333,527.2303,549.9,0.34,0.412553,0.667244,25.5,0.257,21.0,25.5,0.4,25.5,0.263,21.0,25.5,0.31,25.5,0.273,21.0,25.5,0.18,25.5,0.266,21.0,25.5,0.31,25.5,0.264,21.0,25.5,0.18
410,4412.3333,184,20.333,False,24.6,True,1.38,25.5,0.0,1.21486,0.664855,0.320301,0.436394,528.4451,545.5,0.34,0.413053,0.662706,25.5,0.256,21.0,25.5,0.4,25.5,0.264,21.0,25.5,0.31,25.5,0.272,21.0,25.5,0.18,25.5,0.267,21.0,25.5,0.31,25.5,0.264,21.0,25.5,0.18
411,4412.5,184,20.5,False,24.7,True,1.38,25.5,0.0,1.216885,0.66688,0.322325,0.003333,529.662,540.4,0.34,0.413741,0.657605,25.5,0.257,21.0,25.5,0.4,25.5,0.264,21.0,25.5,0.31,25.5,0.272,21.0,25.5,0.18,25.5,0.267,21.0,25.5,0.31,25.5,0.264,21.0,25.5,0.18
412,4412.6667,184,20.667,False,24.8,True,1.38,25.5,0.0,1.219162,0.669157,0.324603,0.003333,530.8812,534.7,0.34,0.414515,0.651886,25.5,0.257,21.0,25.5,0.4,25.5,0.265,21.0,25.5,0.31,25.5,0.273,21.0,25.5,0.18,25.5,0.268,21.0,25.5,0.31,25.5,0.265,21.0,25.5,0.18
413,4412.8333,184,20.833,False,24.9,True,1.38,25.5,0.0,1.221662,0.671657,0.327103,0.003333,532.1028,528.4,0.34,0.415365,0.645526,25.5,0.257,21.0,25.5,0.4,25.5,0.266,21.0,25.5,0.31,25.5,0.273,21.0,25.5,0.18,25.5,0.269,21.0,25.5,0.31,25.5,0.265,21.0,25.5,0.18
414,4413.0,184,21.0,False,25.0,True,1.38,25.5,0.0,1.224396,0.67439,0.329836,0.003333,533.3272,521.8,0.08,0.097952,0.63889,25.5,0.258,21.0,25.5,0.4,25.5,0.267,21.0,25.5,0.31,25.5,0.274,21.0,25.5,0.18,25.5,0.27,21.0,25.5,0.31,25.5,0.266,21.0,25.5,0.18
415,4413.2222,184,21.222,False,25.0,True,1.38,25.988,0.0,0.505672,0.047334,0.004025,0.003333,533.8329,512.3,0.08,0.040454,0.259056,25.78,0.302,21.0,25.5,0.4,25.95,0.333,21.0,25.5,0.31,26.14,0.365,21.0,25.5,0.18,25.97,0.339,21.0,25.5,0.31,26.11,0.353,21.0,25.5,0.18
416,4413.3889,184,21.389,False,25.0,True,1.38,25.627,0.0,1.034625,0.576288,0.286992,0.003333,534.8675,505.0,0.08,0.08277,0.522486,26.07,0.356,21.0,25.5,0.4,25.51,0.27,21.0,25.5,0.31,25.52,0.284,21.0,25.5,0.18,25.51,0.274,21.0,25.5,0.31,25.52,0.275,21.0,25.5,0.18
417,4413.5833,184,21.583,False,25.0,True,1.38,25.508,0.0,1.14529,0.686952,0.342398,0.003333,536.0128,496.3,0.08,0.091623,0.568408,25.53,0.272,21.0,25.5,0.4,25.5,0.251,21.0,25.5,0.31,25.5,0.258,21.0,25.5,0.18,25.5,0.254,21.0,25.5,0.31,25.5,0.251,21.0,25.5,0.18
418,4413.7222,184,21.722,False,25.0,True,1.38,25.725,0.0,0.868654,0.410316,0.195689,0.003333,536.8815,490.0,0.08,0.069492,0.425641,25.5,0.249,21.0,25.5,0.4,25.5,0.24,21.0,25.5,0.31,26.08,0.344,21.0,25.5,0.18,25.5,0.243,21.0,25.5,0.31,26.05,0.332,21.0,25.5,0.18
419,4413.8889,184,21.889,False,25.0,True,1.38,25.737,0.0,0.708711,0.250374,0.120447,0.003333,537.5902,482.5,0.08,0.056697,0.341953,25.77,0.291,21.0,25.5,0.4,25.92,0.303,21.0,25.5,0.31,25.52,0.267,21.0,25.5,0.18,25.94,0.309,21.0,25.5,0.31,25.52,0.259,21.0,25.5,0.18
420,4414.0833,184,22.083,False,25.0,True,1.38,25.615,0.0,0.968519,0.510182,0.248515,0.436417,538.5587,473.9,0.08,0.077482,0.458981,26.02,0.34,21.0,25.5,0.4,25.52,0.247,21.0,25.5,0.31,25.5,0.243,21.0,25.5,0.18,25.53,0.251,21.0,25.5,0.31,25.5,0.235,21.0,25.5,0.18
421,4414.25,184,22.25,False,25.1,True,1.38,25.508,0.0,1.071116,0.658612,0.314058,0.003333,539.6298,466.7,0.08,0.085689,0.49989,25.53,0.258,21.0,25.5,0.4,25.5,0.227,21.0,25.5,0.31,25.5,0.232,21.0,25.5,0.18,25.5,0.23,21.0,25.5,0.31,25.5,0.225,21.0,25.5,0.18
422,4414.3889,184,22.389,False,25.2,True,1.38,25.712,0.0,0.812262,0.399758,0.185131,0.003333,540.4421,460.9,0.08,0.064981,0.374372,25.5,0.236,21.0,25.5,0.4,25.5,0.218,21.0,25.5,0.31,26.04,0.315,21.0,25.5,0.18,25.5,0.221,21.0,25.5,0.31,26.02,0.304,21.0,25.5,0.18
423,4414.5833,184,22.583,False,25.3,True,1.38,25.7,0.0,0.802866,0.390362,0.177548,0.003333,541.2449,453.1,0.08,0.064229,0.363779,25.5,0.228,21.0,25.5,0.4,25.94,0.286,21.0,25.5,0.31,25.55,0.251,21.0,25.5,0.18,25.96,0.293,21.0,25.5,0.31,25.55,0.242,21.0,25.5,0.18
424,4414.75,184,22.75,False,25.4,True,1.38,25.571,0.0,0.912651,0.500147,0.23848,0.003333,542.1576,446.7,0.08,0.073012,0.407681,25.78,0.275,21.0,25.5,0.4,25.53,0.23,21.0,25.5,0.31,25.51,0.227,21.0,25.5,0.18,25.53,0.234,21.0,25.5,0.31,25.51,0.219,21.0,25.5,0.18
425,4414.8333,184,22.833,False,25.5,True,1.38,25.608,0.0,0.889942,0.477438,0.215771,0.003333,543.0475,443.6,0.08,0.071195,0.394778,26.04,0.328,21.0,25.5,0.4,25.5,0.213,21.0,25.5,0.31,25.5,0.219,21.0,25.5,0.18,25.5,0.216,21.0,25.5,0.31,25.5,0.211,21.0,25.5,0.18
426,4415.0556,184,23.056,False,25.6,True,1.38,25.71,0.0,0.835538,0.423034,0.208407,0.003333,543.8831,435.8,0.08,0.066843,0.364128,25.52,0.243,21.0,25.5,0.4,25.5,0.207,21.0,25.5,0.31,26.03,0.302,21.0,25.5,0.18,25.5,0.21,21.0,25.5,0.31,26.0,0.291,21.0,25.5,0.18
427,4415.25,184,23.25,False,25.4,False,0.0,26.009,0.0,0.439873,0.119036,0.036149,0.003333,544.3229,429.5,0.08,0.03519,0.188925,25.68,0.255,15.6,28.0,0.0,25.85,0.262,15.6,28.0,0.0,26.34,0.372,15.6,28.0,0.0,25.88,0.269,15.6,28.0,0.0,26.29,0.357,15.6,28.0,0.0
428,4415.3333,184,23.333,False,25.2,False,0.0,26.166,0.0,0.439512,0.118676,0.035788,0.003333,544.7625,427.0,0.08,0.035161,0.187672,25.79,0.275,15.6,28.0,0.0,26.09,0.312,15.6,28.0,0.0,26.43,0.4,15.6,28.0,0.0,26.13,0.323,15.6,28.0,0.0,26.39,0.384,15.6,28.0,0.0
429,4415.5,184,23.5,False,25.0,False,0.0,26.219,0.0,0.320836,0.0,0.0,0.436403,545.0833,422.2,0.08,0.025667,0.135457,25.88,0.295,15.6,29.0,0.0,26.15,0.331,15.6,29.0,0.0,26.45,0.414,15.6,29.0,0.0,26.2,0.343,15.6,29.0,0.0,26.4,0.398,15.6,29.0,0.0
430,4415.6667,184,23.667,False,24.8,False,0.0,26.235,0.0,0.320836,0.0,0.0,0.003333,545.4041,417.7,0.08,0.025667,0.134013,25.91,0.307,15.6,29.0,0.0,26.17,0.342,15.6,29.0,0.0,26.46,0.424,15.6,29.0,0.0,26.23,0.355,15.6,29.0,0.0,26.41,0.407,15.6,29.0,0.0
431,4415.8333,184,23.833,False,24.6,False,0.0,26.235,0.0,0.320836,0.0,0.0,0.003333,545.725,413.6,0.08,0.025667,0.132698,25.92,0.314,15.6,29.0,0.0,26.17,0.348,15.6,29.0,0.0,26.45,0.431,15.6,29.0,0.0,26.23,0.362,15.6,29.0,0.0,26.4,0.414,15.6,29.0,0.0
432,4416.0,184,24.0,False,24.4,False,0.0,26.227,0.0,0.320836,0.0,0.0,0.003333,546.0458,409.8,0.08,0.025667,0.131479,25.91,0.318,15.6,29.0,0.0,26.16,0.351,15.6,29.0,0.0,26.44,0.436,15.6,29.0,0.0,26.22,0.367,15.6,29.0,0.0,26.39,0.419,15.6,29.0,0.0
433,4416.1667,185,0.167,False,24.4,False,0.0,26.224,0.0,0.320836,0.0,0.0,0.003333,546.3666,378.0,0.08,0.025667,0.121276,25.91,0.322,15.6,29.0,0.0,26.16,0.356,15.6,29.0,0.0,26.44,0.442,15.6,29.0,0.0,26.22,0.373,15.6,29.0,0.0,26.39,0.425,15.6,29.0,0.0
434,4416.3333,185,0.333,False,24.4,False,0.0,26.223,0.0,0.320836,0.0,0.0,0.003333,546.6875,378.5,0.08,0.025667,0.121437,25.91,0.325,15.6,29.0,0.0,26.16,0.361,15.6,29.0,0.0,26.44,0.448,15.6,29.0,0.0,26.22,0.378,15.6,29.0,0.0,26.39,0.431,15.6,29.0,0.0
435,4416.5,185,0.5,False,24.4,False,0.0,26.221,0.0,0.320836,0.0,0.0,0.003333,547.0083,378.9,0.08,0.025667,0.121565,25.9,0.328,15.6,29.0,0.0,26.15,0.365,15.6,29.0,0.0,26.44,0.453,15.6,29.0,0.0,26.22,0.382,15.6,29.0,0.0,26.39,0.436,15.6,29.0,0.0
436,4416.6667,185,0.667,False,24.4,False,0.0,26.218,0.0,0.320836,0.0,0.0,0.003333,547.3291,379.3,0.08,0.025667,0.121693,25.9,0.331,15.6,29.0,0.0,26.15,0.368,15.6,29.0,0.0,26.44,0.458,15.6,29.0,0.0,26.22,0.386,15.6,29.0,0.0,26.38,0.441,15.6,29.0,0.0
437,4416.8333,185,0.833,False,24.4,False,0.0,26.215,0.0,0.320836,0.0,0.0,0.003333,547.65,379.4,0.08,0.025667,0.121725,25.89,0.333,15.6,29.0,0.0,26.15,0.372,15.6,29.0,0.0,26.44,0.462,15.6,29.0,0.0,26.22,0.39,15.6,29.0,0.0,26.38,0.445,15.6,29.0,0.0
438,4417.0,185,1.0,False,24.4,False,0.0,26.211,0.0,0.320836,0.0,0.0,0.43639,547.9708,379.5,0.08,0.025667,0.121757,25.89,0.335,15.6,29.0,0.0,26.14,0.375,15.6,29.0,0.0,26.43,0.466,15.6,29.0,0.0,26.21,0.393,15.6,29.0,0.0,26.38,0.449,15.6,29.0,0.0
439,4417.1667,185,1.167,False,24.5,False,0.0,26.211,0.0,0.320836,0.0,0.0,0.003333,548.2917,379.4,0.08,0.025667,0.121725,25.89,0.337,15.6,29.0,0.0,26.14,0.378,15.6,29.0,0.0,26.43,0.47,15.6,29.0,0.0,26.21,0.397,15.6,29.0,0.0,26.38,0.452,15.6,29.0,0.0
440,4417.3333,185,1.333,False,24.6,False,0.0,26.212,0.0,0.320836,0.0,0.0,0.003333,548.6125,379.3,0.08,0.025667,0.121693,25.89,0.34,15.6,29.0,0.0,26.14,0.381,15.6,29.0,0.0,26.43,0.474,15.6,29.0,0.0,26.21,0.401,15.6,29.0,0.0,26.38,0.456,15.6,29.0,0.0
441,4417.5,185,1.5,False,24.7,False,0.0,26.213,0.0,0.320836,0.0,0.0,0.003333,548.9333,378.9,0.08,0.025667,0.121565,25.89,0.343,15.6,29.0,0.0,26.14,0.385,15.6,29.0,0.0,26.44,0.478,15.6,29.0,0.0,26.21,0.404,15.6,29.0,0.0,26.38,0.46,15.6,29.0,0.0
442,4417.6667,185,1.667,False,24.8,False,0.0,26.214,0.0,0.320836,0.0,0.0,0.003333,549.2542,378.5,0.08,0.025667,0.121437,25.9,0.346,15.6,29.0,0.0,26.15,0.388,15.6,29.0,0.0,26.44,0.482,15.6,29.0,0.0,26.22,0.408,15.6,29.0,0.0,26.38,0.464,15.6,29.0,0.0
443,4417.8333,185,1.833,False,24.9,False,0.0,26.216,0.0,0.320836,0.0,0.0,0.003333,549.575,378.0,0.08,0.025667,0.121276,25.9,0.349,15.6,29.0,0.0,26.15,0.392,15.6,29.0,0.0,26.44,0.486,15.6,29.0,0.0,26.22,0.411,15.6,29.0,0.0,26.38,0.468,15.6,29.0,0.0
444,4418.0,185,2.0,False,25.0,False,0.0,26.217,0.0,0.320836,0.0,0.0,0.003333,549.8958,377.3,0.08,0.025667,0.121052,25.9,0.352,15.6,29.0,0.0,26.15,0.395,15.6,29.0,0.0,26.44,0.49,15.6,29.0,0.0,26.22,0.415,15.6,29.0,0.0,26.38,0.472,15.6,29.0,0.0
445,4418.1667,185,2.167,False,25.1,False,0.0,26.218,0.0,0.320836,0.0,0.0,0.003333,550.2167,376.5,0.08,0.025667,0.120795,25.91,0.355,15.6,28.0,0.0,26.15,0.398,15.6,28.0,0.0,26.44,0.494,15.6,28.0,0.0,26.22,0.418,15.6,28.0,0.0,26.38,0.476,15.6,28.0,0.0
446,4418.3333,185,2.333,False,25.2,False,0.0,26.219,0.0,0.320836,0.0,0.0,0.003333,550.5375,375.6,0.08,0.025667,0.120506,25.91,0.358,15.6,28.0,0.0,26.15,0.402,15.6,28.0,0.0,26.44,0.497,15.6,28.0,0.0,26.22,0.422,15.6,28.0,0.0,26.38,0.479,15.6,28.0,0.0
447,4418.5,185,2.5,False,25.3,False,0.0,26.221,0.0,0.320836,0.0,0.0,0.003333,550.8583,374.6,0.08,0.025667,0.120185,25.91,0.361,15.6,28.0,0.0,26.15,0.405,15.6,28.0,0.0,26.44,0.501,15.6,28.0,0.0,26.22,0.425,15.6,28.0,0.0,26.38,0.483,15.6,28.0,0.0
448,4418.6667,185,2.667,False,25.4,False,0.0,26.222,0.0,0.320836,0.0,0.0,0.436404,551.1792,373.4,0.08,0.025667,0.1198,25.91,0.364,15.6,28.0,0.0,26.15,0.408,15.6,28.0,0.0,26.44,0.504,15.6,28.0,0.0,26.22,0.428,15.6,28.0,0.0,26.38,0.486,15.6,28.0,0.0
449,4418.8333,185,2.833,False,25.5,False,0.0,26.223,0.0,0.320836,0.0,0.0,0.003333,551.5,372.2,0.08,0.025667,0.119415,25.92,0.366,15.6,28.0,0.0,26.15,0.411,15.6,28.0,0.0,26.44,0.507,15.6,28.0,0.0,26.22,0.431,15.6,28.0,0.0,26.38,0.489,15.6,28.0,0.0
450,4419.0,185,3.0,False,25.6,False,0.0,26.224,0.0,0.320836,0.0,0.0,0.003333,551.8209,370.8,0.08,0.025667,0.118966,25.92,0.368,15.6,28.0,0.0,26.15,0.414,15.6,28.0,0.0,26.44,0.509,15.6,28.0,0.0,26.22,0.434,15.6,28.0,0.0,26.38,0.492,15.6,28.0,0.0
451,4419.1667,185,3.167,False,25.68,False,0.0,26.225,0.0,0.320836,0.0,0.0,0.003333,552.1417,369.4,0.08,0.025667,0.118517,25.92,0.371,15.6,28.0,0.0,26.15,0.416,15.6,28.0,0.0,26.44,0.512,15.6,28.0,0.0,26.22,0.436,15.6,28.0,0.0,26.38,0.495,15.6,28.0,0.0
452,4419.3333,185,3.333,False,25.77,False,0.0,26.225,0.0,0.320836,0.0,0.0,0.003333,552.4625,367.8,0.08,0.025667,0.118004,25.93,0.373,15.6,28.0,0.0,26.16,0.419,15.6,28.0,0.0,26.44,0.515,15.6,28.0,0.0,26.22,0.439,15.6,28.0,0.0,26.38,0.497,15.6,28.0,0.0
453,4419.5,185,3.5,False,25.85,False,0.0,26.226,0.0,0.320836,0.0,0.0,0.003333,552.7834,366.1,0.08,0.025667,0.117458,25.93,0.375,15.6,28.0,0.0,26.16,0.422,15.6,28.0,0.0,26.44,0.518,15.6,28.0,0.0,26.22,0.442,15.6,28.0,0.0,26.38,0.5,15.6,28.0,0.0
454,4419.6667,185,3.667,False,25.93,False,0.0,26.226,0.0,0.320836,0.0,0.0,0.003333,553.1042,364.4,0.08,0.025667,0.116913,25.93,0.377,15.6,28.0,0.0,26.16,0.425,15.6,28.0,0.0,26.44,0.52,15.6,28.0,0.0,26.22,0.444,15.6,28.0,0.0,26.38,0.503,15.6,28.0,0.0
455,4419.8333,185,3.833,False,26.02,False,0.0,26.226,0.0,0.320836,0.0,0.0,0.003333,553.425,362.5,0.08,0.025667,0.116303,25.93,0.38,15.6,28.0,0.0,26.16,0.427,15.6,28.0,0.0,26.44,0.523,15.6,28.0,0.0,26.22,0.447,15.6,28.0,0.0,26.38,0.505,15.6,28.0,0.0
456,4420.0,185,4.0,False,26.1,False,0.0,26.226,0.0,0.320836,0.0,0.0,0.003333,553.7459,360.5,0.08,0.025667,0.115662,25.93,0.382,15.6,28.0,0.0,26.16,0.43,15.6,28.0,0.0,26.44,0.526,15.6,28.0,0.0,26.22,0.45,15.6,28.0,0.0,26.38,0.508,15.6,28.0,0.0
457,4420.1667,185,4.167,False,25.92,False,0.0,26.215,0.0,0.320836,0.0,0.0,0.436396,554.0667,358.5,0.08,0.025667,0.11502,25.92,0.382,15.6,28.0,0.0,26.15,0.431,15.6,28.0,0.0,26.43,0.526,15.6,28.0,0.0,26.21,0.45,15.6,28.0,0.0,26.37,0.508,15.6,28.0,0.0
458,4420.3333,185,4.333,False,25.73,False,0.0,26.2,0.0,0.320836,0.0,0.0,0.003333,554.3875,356.4,0.08,0.025667,0.114346,25.91,0.382,15.6,28.0,0.0,26.13,0.43,15.6,28.0,0.0,26.41,0.525,15.6,28.0,0.0,26.2,0.45,15.6,28.0,0.0,26.35,0.508,15.6,28.0,0.0
459,4420.5,185,4.5,False,25.55,False,0.0,26.182,0.0,0.320836,0.0,0.0,0.003333,554.7084,354.2,0.08,0.025667,0.11364,25.89,0.381,15.6,28.0,0.0,26.11,0.429,15.6,28.0,0.0,26.39,0.524,15.6,28.0,0.0,26.18,0.449,15.6,28.0,0.0,26.34,0.506,15.6,28.0,0.0
460,4420.6667,185,4.667,False,25.37,False,0.0,26.163,0.0,0.320836,0.0,0.0,0.003333,555.0292,351.9,0.08,0.025667,0.112902,25.87,0.379,15.6,28.0,0.0,26.1,0.427,15.6,28.0,0.0,26.37,0.522,15.6,28.0,0.0,26.16,0.447,15.6,28.0,0.0,26.32,0.505,15.6,28.0,0.0
461,4420.8333,185,4.833,False,25.18,False,0.0,26.143,0.0,0.320836,0.0,0.0,0.003333,555.3501,349.5,0.08,0.025667,0.112132,25.85,0.377,15.6,28.0,0.0,26.08,0.425,15.6,28.0,0.0,26.35,0.52,15.6,28.0,0.0,26.14,0.445,15.6,28.0,0.0,26.3,0.503,15.6,28.0,0.0
462,4421.0,185,5.0,False,25.0,False,0.0,26.122,0.0,0.320836,0.0,0.0,0.003333,555.6709,347.1,0.08,0.025667,0.111362,25.83,0.374,15.6,28.0,0.0,26.06,0.423,15.6,28.0,0.0,26.33,0.517,15.6,28.0,0.0,26.12,0.443,15.6,28.0,0.0,26.28,0.5,15.6,28.0,0.0
463,4421.1667,185,5.167,False,24.9,False,0.0,26.102,0.0,0.320836,0.0,0.0,0.003333,555.9917,344.6,0.08,0.025667,0.11056,25.81,0.371,15.6,28.0,0.0,26.04,0.42,15.6,28.0,0.0,26.31,0.513,15.6,28.0,0.0,26.1,0.44,15.6,28.0,0.0,26.25,0.497,15.6,28.0,0.0
464,4421.3333,185,5.333,False,24.8,False,0.0,26.082,0.0,0.320836,0.0,0.0,0.003333,556.3126,342.1,0.08,0.025667,0.109758,25.79,0.368,15.6,28.0,0.0,26.02,0.416,15.6,28.0,0.0,26.29,0.51,15.6,28.0,0.0,26.08,0.436,15.6,28.0,0.0,26.23,0.493,15.6,28.0,0.0
465,4421.5,185,5.5,False,24.7,False,0.0,26.06,0.0,0.320836,0.0,0.0,0.003333,556.6334,339.5,0.08,0.025667,0.108924,25.77,0.364,15.6,28.0,0.0,25.99,0.412,15.6,28.0,0.0,26.26,0.505,15.6,28.0,0.0,26.06,0.432,15.6,28.0,0.0,26.21,0.488,15.6,28.0,0.0
466,4421.6667,185,5.667,False,24.6,False,0.0,26.038,0.0,0.320836,0.0,0.0,0.003333,556.9542,336.9,0.08,0.025667,0.10809,25.75,0.361,15.6,28.0,0.0,25.97,0.407,15.6,28.0,0.0,26.24,0.5,15.6,28.0,0.0,26.04,0.428,15.6,28.0,0.0,26.19,0.483,15.6,28.0,0.0
467,4421.8333,185,5.833,False,24.5,False,0.0,26.023,0.0,0.320836,0.0,0.0,0.436413,557.2751,334.2,0.08,0.025667,0.107224,25.73,0.356,15.6,28.0,0.0,25.95,0.404,15.6,28.0,0.0,26.23,0.499,15.6,28.0,0.0,26.03,0.426,15.6,28.0,0.0,26.17,0.48,15.6,28.0,0.0
468,4422.0,185,6.0,False,24.4,False,0.0,26.006,0.0,0.320836,0.0,0.0,0.003333,557.5959,331.5,0.08,0.025667,0.106357,25.72,0.352,15.6,28.0,0.0,25.94,0.401,15.6,28.0,0.0,26.21,0.495,15.6,28.0,0.0,26.01,0.423,15.6,28.0,0.0,26.15,0.477,15.6,28.0,0.0
469,4422.1667,185,6.167,False,24.5,False,0.0,26.002,0.0,0.320836,0.0,0.0,0.003333,557.9167,328.8,0.08,0.025667,0.105491,25.71,0.35,15.6,28.0,0.0,25.93,0.402,15.6,28.0,0.0,26.21,0.495,15.6,28.0,0.0,26.01,0.423,15.6,28.0,0.0,26.15,0.477,15.6,28.0,0.0
470,4422.3333,185,6.333,False,24.6,False,0.0,26.003,0.0,0.320836,0.0,0.0,0.003333,558.2376,326.0,0.08,0.025667,0.104593,25.7,0.348,15.6,28.0,0.0,25.94,0.404,15.6,28.0,0.0,26.21,0.497,15.6,28.0,0.0,26.01,0.424,15.6,28.0,0.0,26.15,0.478,15.6,28.0,0.0
471,4422.5,185,6.5,False,24.7,False,0.0,26.008,0.0,0.320836,0.0,0.0,0.003333,558.5584,323.2,0.08,0.025667,0.103694,25.7,0.347,15.6,28.0,0.0,25.95,0.407,15.6,28.0,0.0,26.22,0.499,15.6,28.0,0.0,26.01,0.427,15.6,28.0,0.0,26.16,0.48,15.6,28.0,0.0
472,4422.6667,185,6.667,False,24.8,False,0.0,26.027,0.0,0.320836,0.0,0.0,0.003333,558.8793,320.4,0.08,0.025667,0.102796,25.7,0.347,15.6,28.0,0.0,25.97,0.414,15.6,28.0,0.0,26.26,0.516,15.6,28.0,0.0,26.04,0.436,15.6,28.0,0.0,26.17,0.485,15.6,28.0,0.0
473,4422.8333,185,6.833,False,24.9,False,0.0,26.055,0.0,0.320836,0.0,0.0,0.003333,559.2001,317.6,0.08,0.025667,0.101898,25.7,0.348,15.6,28.0,0.0,25.99,0.423,15.6,28.0,0.0,26.33,0.54,15.6,28.0,0.0,26.07,0.447,15.6,28.0,0.0,26.19,0.493,15.6,28.0,0.0
474,4423.0833,185,7.083,False,25.0,False,0.0,26.09,0.0,0.320836,0.0,0.0,0.003333,559.5209,313.3,0.08,0.025667,0.100518,25.71,0.349,15.6,28.0,0.0,26.01,0.432,15.6,28.0,0.0,26.42,0.573,15.6,28.0,0.0,26.1,0.461,15.6,28.0,0.0,26.21,0.501,15.6,28.0,0.0
475,4423.25,185,7.25,False,25.1,False,0.0,26.134,0.0,0.320836,0.0,0.0,0.003333,559.8418,310.5,0.08,0.025667,0.09962,25.71,0.351,15.6,28.0,0.0,26.04,0.443,15.6,28.0,0.0,26.54,0.609,15.6,28.0,0.0,26.15,0.474,15.6,28.0,0.0,26.23,0.509,15.6,28.0,0.0
476,4423.3889,185,7.389,False,25.2,False,0.0,26.176,0.0,0.320836,0.0,0.0,0.436415,560.1626,308.2,0.08,0.025667,0.098882,25.72,0.353,15.6,28.0,0.0,26.07,0.453,15.6,28.0,0.0,26.65,0.645,15.6,28.0,0.0,26.18,0.487,15.6,28.0,0.0,26.26,0.517,15.6,28.0,0.0
477,4423.5556,185,7.556,False,25.3,False,0.0,26.223,0.0,0.320836,0.0,0.0,0.003333,560.4834,305.4,0.08,0.025667,0.097983,25.73,0.355,15.6,28.0,0.0,26.11,0.465,15.6,28.0,0.0,26.78,0.684,15.6,28.0,0.0,26.22,0.498,15.6,28.0,0.0,26.28,0.527,15.6,28.0,0.0
478,4423.7222,185,7.722,False,25.4,False,0.0,26.257,0.0,0.320836,0.0,0.0,0.003333,560.8043,302.6,0.08,0.025667,0.097085,25.73,0.358,15.6,28.0,0.0,26.14,0.475,15.6,28.0,0.0,26.86,0.705,15.6,28.0,0.0,26.24,0.505,15.6,28.0,0.0,26.31,0.535,15.6,28.0,0.0
479,4423.8889,185,7.889,False,25.5,False,0.0,26.279,0.0,0.320836,0.0,0.0,0.003333,561.1251,299.8,0.08,0.025667,0.096187,25.74,0.36,15.6,28.0,0.0,26.17,0.484,15.6,28.0,0.0,26.9,0.715,15.6,28.0,0.0,26.26,0.509,15.6,28.0,0.0,26.33,0.542,15.6,28.0,0.0
480,4424.0833,185,8.083,False,25.6,False,0.0,26.29,0.0,0.320836,0.0,0.0,0.003333,561.4459,296.6,0.08,0.025667,0.09516,25.75,0.363,15.6,28.0,0.0,26.19,0.492,15.6,28.0,0.0,26.89,0.711,15.6,28.0,0.0,26.26,0.511,15.6,28.0,0.0,26.35,0.548,15.6,28.0,0.0
481,4424.25,185,8.25,False,25.68,False,0.0,26.297,0.0,0.320836,0.0,0.0,0.003333,561.7668,294.0,0.08,0.025667,0.094326,25.76,0.365,15.6,28.0,0.0,26.22,0.499,15.6,28.0,0.0,26.87,0.706,15.6,28.0,0.0,26.27,0.515,15.6,28.0,0.0,26.37,0.554,15.6,28.0,0.0
482,4424.4167,185,8.417,False,25.77,False,0.0,26.304,0.0,0.320836,0.0,0.0,0.003333,562.0876,291.3,0.08,0.025667,0.09346,25.76,0.366,15.6,28.0,0.0,26.24,0.507,15.6,28.0,0.0,26.85,0.701,15.6,28.0,0.0,26.28,0.518,15.6,28.0,0.0,26.39,0.561,15.6,28.0,0.0
483,4424.5,185,8.5,False,25.85,False,0.0,26.308,0.0,0.320836,0.0,0.0,0.003333,562.4085,290.0,0.08,0.025667,0.093043,25.77,0.368,15.6,28.0,0.0,26.26,0.515,15.6,28.0,0.0,26.8,0.685,15.6,28.0,0.0,26.29,0.523,15.6,28.0,0.0,26.41,0.568,15.6,28.0,0.0
484,4424.6667,185,8.667,False,25.93,False,0.0,26.319,0.0,0.320836,0.0,0.0,0.003333,562.7293,287.4,0.08,0.025667,0.092208,25.77,0.369,15.6,28.0,0.0,26.29,0.524,15.6,28.0,0.0,26.79,0.684,15.6,28.0,0.0,26.31,0.529,15.6,28.0,0.0,26.44,0.576,15.6,28.0,0.0
485,4424.9167,185,8.917,False,26.02,False,0.0,26.334,0.0,0.320836,0.0,0.0,0.436406,563.0501,283.7,0.08,0.025667,0.091021,25.78,0.371,15.6,28.0,0.0,26.32,0.533,15.6,28.0,0.0,26.79,0.687,15.6,28.0,0.0,26.33,0.535,15.6,28.0,0.0,26.46,0.584,15.6,28.0,0.0
486,4425.0833,185,9.083,False,26.1,False,0.0,26.355,0.0,0.320836,0.0,0.0,0.003333,563.371,281.3,0.08,0.025667,0.090251,25.78,0.372,15.6,28.0,0.0,26.35,0.544,15.6,28.0,0.0,26.8,0.691,15.6,28.0,0.0,26.35,0.543,15.6,28.0,0.0,26.49,0.593,15.6,28.0,0.0
487,4425.25,185,9.25,False,26.1,False,0.0,26.374,0.0,0.320836,0.0,0.0,0.003333,563.6918,278.9,0.08,0.025667,0.089481,25.78,0.372,15.6,28.0,0.0,26.38,0.553,15.6,28.0,0.0,26.82,0.696,15.6,28.0,0.0,26.37,0.55,15.6,28.0,0.0,26.51,0.602,15.6,28.0,0.0
488,4425.4167,185,9.417,False,26.1,False,0.0,26.393,0.0,0.320836,0.0,0.0,0.003333,564.0126,276.6,0.08,0.025667,0.088743,25.78,0.372,15.6,28.0,0.0,26.41,0.563,15.6,28.0,0.0,26.84,0.702,15.6,28.0,0.0,26.39,0.557,15.6,28.0,0.0,26.54,0.61,15.6,28.0,0.0
489,4425.5833,185,9.583,False,26.1,False,0.0,26.413,0.0,0.320836,0.0,0.0,0.003333,564.3335,274.4,0.08,0.025667,0.088038,25.78,0.372,15.6,28.0,0.0,26.44,0.572,15.6,28.0,0.0,26.85,0.707,15.6,28.0,0.0,26.42,0.564,15.6,28.0,0.0,26.57,0.618,15.6,28.0,0.0
490,4425.75,185,9.75,False,26.1,False,0.0,26.432,0.0,0.320836,0.0,0.0,0.003333,564.6543,272.3,0.08,0.025667,0.087364,25.78,0.371,15.6,28.0,0.0,26.47,0.58,15.6,28.0,0.0,26.87,0.712,15.6,28.0,0.0,26.44,0.57,15.6,28.0,0.0,26.59,0.625,15.6,28.0,0.0
491,4425.9167,185,9.917,False,26.1,False,0.0,26.451,0.0,0.320836,0.0,0.0,0.003333,564.9751,270.3,0.08,0.025667,0.086722,25.79,0.369,15.6,28.0,0.0,26.5,0.588,15.6,28.0,0.0,26.89,0.716,15.6,28.0,0.0,26.46,0.575,15.6,28.0,0.0,26.62,0.631,15.6,28.0,0.0
492,4426.0833,185,10.083,False,26.1,False,0.0,26.47,0.0,0.320836,0.0,0.0,0.003333,565.296,268.4,0.08,0.025667,0.086113,25.79,0.367,15.6,28.0,0.0,26.53,0.596,15.6,28.0,0.0,26.91,0.721,15.6,28.0,0.0,26.48,0.58,15.6,28.0,0.0,26.64,0.637,15.6,28.0,0.0
493,4426.25,185,10.25,False,26.2,False,0.0,26.492,0.0,0.320836,0.0,0.0,0.003333,565.6168,266.6,0.08,0.025667,0.085535,25.79,0.367,15.6,28.0,0.0,26.56,0.604,15.6,28.0,0.0,26.93,0.726,15.6,28.0,0.0,26.51,0.587,15.6,28.0,0.0,26.67,0.645,15.6,28.0,0.0
494,4426.4167,185,10.417,False,26.3,False,0.0,26.517,0.0,0.320836,0.0,0.0,0.003333,565.9377,264.9,0.08,0.025667,0.08499,25.8,0.367,15.6,28.0,0.0,26.6,0.614,15.6,28.0,0.0,26.96,0.732,15.6,28.0,0.0,26.53,0.593,15.6,28.0,0.0,26.7,0.652,15.6,28.0,0.0
495,4426.5833,185,10.583,False,26.4,False,0.0,26.542,0.0,0.320836,0.0,0.0,0.436411,566.2585,263.4,0.08,0.025667,0.084508,25.8,0.368,15.6,28.0,0.0,26.63,0.623,15.6,28.0,0.0,26.98,0.738,15.6,28.0,0.0,26.56,0.601,15.6,28.0,0.0,26.73,0.661,15.6,28.0,0.0
496,4426.75,185,10.75,False,26.5,False,0.0,26.568,0.0,0.320836,0.0,0.0,0.003333,566.5793,262.0,0.08,0.025667,0.084059,25.81,0.369,15.6,28.0,0.0,26.67,0.633,15.6,28.0,0.0,27.01,0.746,15.6,28.0,0.0,26.59,0.608,15.6,28.0,0.0,26.76,0.669,15.6,28.0,0.0
497,4426.9167,185,10.917,False,26.6,False,0.0,26.59,0.0,0.320836,0.0,0.0,0.003333,566.9002,260.7,0.08,0.025667,0.083642,25.82,0.371,15.6,28.0,0.0,26.69,0.64,15.6,28.0,0.0,27.04,0.754,15.6,28.0,0.0,26.61,0.614,15.6,28.0,0.0,26.79,0.675,15.6,28.0,0.0
498,4427.0833,185,11.083,False,26.7,False,0.0,26.612,0.0,0.320836,0.0,0.0,0.003333,567.221,259.6,0.08,0.025667,0.083289,25.83,0.373,15.6,28.0,0.0,26.72,0.648,15.6,28.0,0.0,27.06,0.76,15.6,28.0,0.0,26.63,0.62,15.6,28.0,0.0,26.81,0.682,15.6,28.0,0.0
499,4427.25,185,11.25,False,26.78,False,0.0,26.633,0.0,0.320836,0.0,0.0,0.003333,567.5418,258.6,0.08,0.025667,0.082968,25.84,0.374,15.6,28.0,0.0,26.75,0.656,15.6,28.0,0.0,27.08,0.764,15.6,28.0,0.0,26.65,0.627,15.6,28.0,0.0,26.84,0.689,15.6,28.0,0.0
500,4427.4167,185,11.417,False,26.87,False,0.0,26.652,0.0,0.320836,0.0,0.0,0.003333,567.8627,257.9,0.08,0.025667,0.082744,25.85,0.375,15.6,28.0,0.0,26.78,0.664,15.6,28.0,0.0,27.09,0.767,15.6,28.0,0.0,26.68,0.633,15.6,28.0,0.0,26.87,0.696,15.6,28.0,0.0
501,4427.5556,185,11.556,False,26.95,False,0.0,26.666,0.0,0.320836,0.0,0.0,0.003333,568.1835,257.4,0.08,0.025667,0.082583,25.86,0.376,15.6,28.0,0.0,26.8,0.669,15.6,28.0,0.0,27.1,0.766,15.6,28.0,0.0,26.69,0.637,15.6,28.0,0.0,26.89,0.701,15.6,28.0,0.0
502,4427.7222,185,11.722,False,27.03,False,0.0,26.679,0.0,0.320836,0.0,0.0,0.003333,568.5044,257.1,0.08,0.025667,0.082487,25.86,0.377,15.6,28.0,0.0,26.82,0.673,15.6,28.0,0.0,27.1,0.767,15.6,28.0,0.0,26.71,0.64,15.6,28.0,0.0,26.9,0.705,15.6,28.0,0.0
503,4427.8889,185,11.889,False,27.12,False,0.0,26.692,0.0,0.320836,0.0,0.0,0.003333,568.8252,256.9,0.08,0.025667,0.082423,25.87,0.378,15.6,28.0,0.0,26.83,0.677,15.6,28.0,0.0,27.11,0.768,15.6,28.0,0.0,26.72,0.643,15.6,28.0,0.0,26.92,0.708,15.6,28.0,0.0
504,4428.0833,185,12.083,False,27.2,False,0.0,26.704,0.0,0.320836,0.0,0.0,0.436418,569.146,257.1,0.08,0.025667,0.082487,25.88,0.378,15.6,28.0,0.0,26.85,0.68,15.6,28.0,0.0,27.12,0.769,15.6,28.0,0.0,26.74,0.645,15.6,28.0,0.0,26.93,0.711,15.6,28.0,0.0
505,4428.25,185,12.25,False,27.38,False,0.0,26.719,0.0,0.320836,0.0,0.0,0.003333,569.4669,257.5,0.08,0.025667,0.082615,25.89,0.379,15.6,28.0,0.0,26.87,0.684,15.6,28.0,0.0,27.13,0.771,15.6,28.0,0.0,26.75,0.648,15.6,28.0,0.0,26.95,0.714,15.6,28.0,0.0
506,4428.4167,185,12.417,False,27.57,False,0.0,26.736,0.0,0.320836,0.0,0.0,0.003333,569.7877,258.3,0.08,0.025667,0.082872,25.91,0.381,15.6,28.0,0.0,26.89,0.687,15.6,28.0,0.0,27.14,0.773,15.6,28.0,0.0,26.77,0.651,15.6,28.0,0.0,26.97,0.718,15.6,28.0,0.0
507,4428.5833,185,12.583,False,27.75,False,0.0,26.744,0.0,0.320836,0.0,0.0,0.003333,570.1085,259.3,0.08,0.025667,0.083193,25.92,0.382,15.6,28.0,0.0,26.89,0.686,15.6,28.0,0.0,27.15,0.771,15.6,28.0,0.0,26.78,0.65,15.6,28.0,0.0,26.98,0.717,15.6,28.0,0.0
508,4428.75,185,12.75,False,27.93,False,0.0,26.766,0.0,0.320836,0.0,0.0,0.003333,570.4294,260.7,0.08,0.025667,0.083642,25.94,0.383,15.6,28.0,0.0,26.92,0.694,15.6,28.0,0.0,27.17,0.777,15.6,28.0,0.0,26.8,0.657,15.6,28.0,0.0,27.0,0.724,15.6,28.0,0.0
509,4428.9167,185,12.917,False,28.12,False,0.0,26.793,0.0,0.320836,0.0,0.0,0.003333,570.7502,262.5,0.08,0.025667,0.08422,25.95,0.385,15.6,28.0,0.0,26.95,0.702,15.6,28.0,0.0,27.2,0.783,15.6,28.0,0.0,26.83,0.663,15.6,28.0,0.0,27.03,0.73,15.6,28.0,0.0
510,4429.0833,185,13.083,False,28.3,False,0.0,26.822,0.0,0.320836,0.0,0.0,0.003333,571.071,264.6,0.08,0.025667,0.084893,25.97,0.386,15.6,28.0,0.0,26.99,0.71,15.6,28.0,0.0,27.23,0.789,15.6,28.0,0.0,26.86,0.669,15.6,28.0,0.0,27.07,0.737,15.6,28.0,0.0
511,4429.25,185,13.25,False,28.4,False,0.0,26.848,0.0,0.320836,0.0,0.0,0.003333,571.3919,267.2,0.08,0.025667,0.085728,25.98,0.388,15.6,28.0,0.0,27.02,0.717,15.6,28.0,0.0,27.26,0.796,15.6,28.0,0.0,26.89,0.676,15.6,28.0,0.0,27.1,0.744,15.6,28.0,0.0
512,4429.4167,185,13.417,False,28.5,False,0.0,26.874,0.0,0.320836,0.0,0.0,0.003333,571.7127,270.2,0.08,0.025667,0.08669,25.99,0.389,15.6,28.0,0.0,27.05,0.726,15.6,28.0,0.0,27.28,0.802,15.6,28.0,0.0,26.91,0.683,15.6,28.0,0.0,27.13,0.751,15.6,28.0,0.0
513,4429.5833,185,13.583,False,28.6,False,0.0,26.9,0.0,0.320836,0.0,0.0,0.436408,572.0336,273.8,0.08,0.025667,0.087845,26.0,0.391,15.6,28.0,0.0,27.09,0.734,15.6,28.0,0.0,27.31,0.809,15.6,28.0,0.0,26.94,0.69,15.6,28.0,0.0,27.16,0.759,15.6,28.0,0.0
514,4429.75,185,13.75,False,28.7,False,0.0,26.927,0.0,0.320836,0.0,0.0,0.003333,572.3544,277.8,0.08,0.025667,0.089128,26.01,0.393,15.6,28.0,0.0,27.12,0.743,15.6,28.0,0.0,27.34,0.817,15.6,28.0,0.0,26.97,0.697,15.6,28.0,0.0,27.19,0.767,15.6,28.0,0.0
515,4429.9167,185,13.917,False,28.8,False,0.0,26.95,0.0,0.320836,0.0,0.0,0.003333,572.6752,282.3,0.08,0.025667,0.090572,26.03,0.396,15.6,28.0,0.0,27.14,0.749,15.6,28.0,0.0,27.36,0.822,15.6,28.0,0.0,26.99,0.702,15.6,28.0,0.0,27.23,0.78,15.6,28.0,0.0
516,4430.0556,185,14.056,False,28.9,False,0.0,26.979,0.0,0.320836,0.0,0.0,0.003333,572.9961,286.5,0.08,0.025667,0.09192,26.04,0.399,15.6,28.0,0.0,27.17,0.756,15.6,28.0,0.0,27.38,0.828,15.6,28.0,0.0,27.01,0.708,15.6,28.0,0.0,27.29,0.8,15.6,28.0,0.0
517,4430.2222,185,14.222,False,29.08,False,0.0,27.019,0.0,0.320836,0.0,0.0,0.003333,573.3169,292.0,0.08,0.025667,0.093684,26.06,0.403,15.6,28.0,0.0,27.2,0.766,15.6,28.0,0.0,27.41,0.837,15.6,28.0,0.0,27.04,0.717,15.6,28.0,0.0,27.39,0.829,15.6,28.0,0.0
518,4430.3889,185,14.389,False,29.27,False,0.0,27.066,0.0,0.320836,0.0,0.0,0.003333,573.6377,298.1,0.08,0.025667,0.095641,26.07,0.408,15.6,28.0,0.0,27.23,0.775,15.6,28.0,0.0,27.44,0.845,15.6,28.0,0.0,27.07,0.725,15.6,28.0,0.0,27.51,0.867,15.6,28.0,0.0
519,4430.5556,185,14.556,False,29.45,False,0.0,27.119,0.0,0.320836,0.0,0.0,0.003333,573.9586,304.8,0.08,0.025667,0.097791,26.09,0.413,15.6,28.0,0.0,27.27,0.786,15.6,28.0,0.0,27.48,0.855,15.6,28.0,0.0,27.1,0.734,15.6,28.0,0.0,27.66,0.912,15.6,28.0,0.0
520,4430.75,185,14.75,False,29.63,False,0.0,27.17,0.0,0.320836,0.0,0.0,0.003333,574.2794,313.4,0.08,0.025667,0.10055,26.11,0.42,15.6,28.0,0.0,27.31,0.797,15.6,28.0,0.0,27.51,0.865,15.6,28.0,0.0,27.14,0.745,15.6,28.0,0.0,27.78,0.946,15.6,28.0,0.0
521,4430.8333,185,14.833,False,29.82,False,0.0,27.216,0.0,0.320836,0.0,0.0,0.003333,574.6002,317.3,0.08,0.025667,0.101801,26.14,0.427,15.6,28.0,0.0,27.34,0.808,15.6,28.0,0.0,27.54,0.874,15.6,28.0,0.0,27.17,0.754,15.6,28.0,0.0,27.89,0.977,15.6,28.0,0.0
522,4431.0,185,15.0,False,30.0,False,0.0,27.249,0.0,0.320836,0.0,0.0,0.436391,574.9211,325.5,0.08,0.025667,0.104432,26.16,0.435,15.6,28.0,0.0,27.37,0.816,15.6,28.0,0.0,27.56,0.882,15.6,28.0,0.0,27.19,0.762,15.6,28.0,0.0,27.96,1.0,15.6,28.0,0.0
523,4431.25,185,15.25,False,30.0,False,0.0,27.264,0.0,0.320836,0.0,0.0,0.003333,575.2419,339.0,0.08,0.025667,0.108764,26.17,0.44,15.6,28.0,0.0,27.38,0.822,15.6,28.0,0.0,27.58,0.888,15.6,28.0,0.0,27.2,0.768,15.6,28.0,0.0,27.99,1.008,15.6,28.0,0.0
524,4431.4167,185,15.417,False,30.0,False,0.0,27.278,0.0,0.320836,0.0,0.0,0.003333,575.5628,348.6,0.08,0.025667,0.111844,26.18,0.445,15.6,28.0,0.0,27.39,0.827,15.6,28.0,0.0,27.59,0.892,15.6,28.0,0.0,27.22,0.773,15.6,28.0,0.0,28.0,1.015,15.6,28.0,0.0
525,4431.5556,185,15.556,False,30.0,False,0.0,27.281,0.0,0.320836,0.0,0.0,0.003333,575.8836,357.1,0.08,0.025667,0.114571,26.19,0.45,15.6,28.0,0.0,27.4,0.832,15.6,28.0,0.0,27.59,0.896,15.6,28.0,0.0,27.23,0.777,15.6,28.0,0.0,27.99,1.009,15.6,28.0,0.0
526,4431.7222,185,15.722,False,30.0,False,0.0,27.285,0.0,0.320836,0.0,0.0,0.003333,576.2044,367.6,0.08,0.025667,0.117939,26.21,0.454,15.6,28.0,0.0,27.41,0.834,15.6,28.0,0.0,27.6,0.898,15.6,28.0,0.0,27.23,0.779,15.6,28.0,0.0,27.98,1.011,15.6,28.0,0.0
527,4431.8889,185,15.889,False,30.0,False,0.0,27.29,0.0,0.320836,0.0,0.0,0.003333,576.5253,378.5,0.08,0.025667,0.121437,26.21,0.457,15.6,28.0,0.0,27.41,0.836,15.6,28.0,0.0,27.6,0.899,15.6,28.0,0.0,27.24,0.781,15.6,28.0,0.0,27.98,1.014,15.6,28.0,0.0
528,4432.0556,185,16.056,False,30.0,False,0.0,27.293,0.0,0.320836,0.0,0.0,0.003333,576.8461,389.8,0.34,0.109084,0.125062,26.22,0.46,15.6,28.0,0.0,27.41,0.836,15.6,28.0,0.0,27.6,0.899,15.6,28.0,0.0,27.24,0.782,15.6,28.0,0.0,27.99,1.017,15.6,28.0,0.0
529,4432.2222,185,16.222,False,29.82,False,0.0,25.64,0.0,1.562522,1.241686,0.897132,0.003333,578.4086,401.4,0.34,0.531258,0.627197,25.52,0.32,15.6,25.5,0.0,25.74,0.531,15.6,25.5,0.0,25.62,0.53,15.6,25.5,0.0,25.67,0.491,15.6,25.5,0.0,25.65,0.589,15.6,25.5,0.0
530,4432.3889,185,16.389,False,29.63,False,0.0,25.509,0.0,1.268185,0.947349,0.602795,0.003333,579.6768,413.2,0.34,0.431183,0.524014,25.5,0.284,15.6,25.5,0.0,25.51,0.412,15.6,25.5,0.0,25.51,0.427,15.6,25.5,0.0,25.51,0.394,15.6,25.5,0.0,25.51,0.466,15.6,25.5,0.0
531,4432.5556,185,16.556,False,29.45,False,0.0,25.5,0.0,1.188887,0.868051,0.523496,0.003333,580.8657,425.2,0.34,0.404222,0.505515,25.5,0.263,15.6,25.5,0.0,25.5,0.37,15.6,25.5,0.0,25.5,0.381,15.6,25.5,0.0,25.5,0.355,15.6,25.5,0.0,25.5,0.415,15.6,25.5,0.0
532,4432.7,185,16.7,False,29.27,False,0.0,26.18,0.0,0.320836,0.0,0.0,0.436418,581.1865,435.6,0.34,0.109084,0.139756,25.74,0.292,15.6,25.5,0.0,26.21,0.458,15.6,25.5,0.0,26.32,0.485,15.6,25.5,0.0,26.14,0.434,15.6,25.5,0.0,26.49,0.544,15.6,25.5,0.0
533,4432.8889,185,16.889,False,29.08,False,0.0,25.614,0.0,1.0238,0.702963,0.441297,0.003333,582.2103,449.1,0.34,0.348092,0.459789,25.97,0.334,15.6,25.5,0.0,25.51,0.353,15.6,25.5,0.0,25.53,0.368,15.6,25.5,0.0,25.51,0.339,15.6,25.5,0.0,25.54,0.41,15.6,25.5,0.0
534,4433.0833,185,17.083,False,28.9,False,0.0,25.509,0.0,1.13936,0.818524,0.47397,0.003333,583.3497,462.9,0.34,0.387382,0.52741,25.53,0.252,15.6,25.5,0.0,25.5,0.312,15.6,25.5,0.0,25.5,0.322,15.6,25.5,0.0,25.5,0.302,15.6,25.5,0.0,25.51,0.358,15.6,25.5,0.0
535,4433.2,185,17.2,False,28.8,False,0.0,26.262,0.0,0.730982,0.410145,0.065591,0.003333,584.0807,470.9,0.34,0.248534,0.344219,25.7,0.258,15.6,28.0,0.0,26.28,0.413,15.6,28.0,0.0,26.46,0.446,15.6,28.0,0.0,26.25,0.4,15.6,28.0,0.0,26.62,0.507,15.6,28.0,0.0
536,4433.4167,185,17.417,False,28.7,False,0.0,26.746,0.0,0.443618,0.122781,0.039894,0.003333,584.5243,485.5,0.34,0.15083,0.215376,25.89,0.287,15.6,28.0,0.0,26.79,0.52,15.6,28.0,0.0,26.99,0.564,15.6,28.0,0.0,26.73,0.503,15.6,28.0,0.0,27.33,0.66,15.6,28.0,0.0
537,4433.5833,185,17.583,False,28.6,False,0.0,26.852,0.0,0.320836,0.0,0.0,0.003333,584.8451,496.1,0.34,0.109084,0.159167,25.97,0.304,15.6,28.0,0.0,26.9,0.546,15.6,28.0,0.0,27.07,0.587,15.6,28.0,0.0,26.83,0.529,15.6,28.0,0.0,27.5,0.705,15.6,28.0,0.0
538,4433.75,185,17.75,False,28.5,False,0.0,26.898,0.0,0.320836,0.0,0.0,0.003333,585.166,506.2,0.34,0.109084,0.162407,26.02,0.317,15.6,28.0,0.0,26.94,0.559,15.6,28.0,0.0,27.1,0.6,15.6,28.0,0.0,26.87,0.545,15.6,28.0,0.0,27.56,0.727,15.6,28.0,0.0
539,4433.9167,185,17.917,False,28.4,False,0.0,26.914,0.0,0.320836,0.0,0.0,0.003333,585.4868,515.6,0.34,0.109084,0.165423,26.04,0.325,15.6,28.0,0.0,26.95,0.565,15.6,28.0,0.0,27.11,0.608,15.6,28.0,0.0,26.89,0.555,15.6,28.0,0.0,27.58,0.739,15.6,28.0,0.0
540,4434.0833,185,18.083,False,28.3,False,0.0,26.915,0.0,0.320836,0.0,0.0,0.003333,585.8076,524.2,0.34,0.109084,0.168182,26.05,0.331,15.6,28.0,0.0,26.94,0.568,15.6,28.0,0.0,27.11,0.613,15.6,28.0,0.0,26.9,0.561,15.6,28.0,0.0,27.58,0.744,15.6,28.0,0.0
541,4434.2222,185,18.222,False,28.3,False,0.0,26.911,0.0,0.320836,0.0,0.0,0.436415,586.1285,530.8,0.34,0.109084,0.1703,26.06,0.337,15.6,28.0,0.0,26.93,0.569,15.6,28.0,0.0,27.1,0.616,15.6,28.0,0.0,26.9,0.565,15.6,28.0,0.0,27.57,0.745,15.6,28.0,0.0
542,4434.3889,185,18.389,False,28.3,False,0.0,26.903,0.0,0.320836,0.0,0.0,0.003333,586.4493,537.9,0.34,0.109084,0.172578,26.07,0.341,15.6,28.0,0.0,26.92,0.568,15.6,28.0,0.0,27.09,0.618,15.6,28.0,0.0,26.9,0.566,15.6,28.0,0.0,27.54,0.741,15.6,28.0,0.0
543,4434.5556,185,18.556,False,28.3,False,0.0,26.889,0.0,0.320836,0.0,0.0,0.003333,586.7701,544.0,0.34,0.109084,0.174535,26.07,0.345,15.6,28.0,0.0,26.9,0.566,15.6,28.0,0.0,27.08,0.618,15.6,28.0,0.0,26.88,0.565,15.6,28.0,0.0,27.5,0.734,15.6,28.0,0.0
544,4434.7222,185,18.722,False,28.3,False,0.0,26.876,0.0,0.320836,0.0,0.0,0.003333,587.091,549.1,0.34,0.109084,0.176171,26.08,0.348,15.6,28.0,0.0,26.89,0.565,15.6,28.0,0.0,27.07,0.618,15.6,28.0,0.0,26.87,0.565,15.6,28.0,0.0,27.47,0.729,15.6,28.0,0.0
545,4434.8889,185,18.889,False,28.3,False,0.0,26.863,0.0,0.320836,0.0,0.0,0.003333,587.4118,553.1,0.34,0.109084,0.177455,26.09,0.351,15.6,28.0,0.0,26.87,0.562,15.6,28.0,0.0,27.06,0.618,15.6,28.0,0.0,26.86,0.564,15.6,28.0,0.0,27.44,0.724,15.6,28.0,0.0
546,4435.0556,185,19.056,False,28.3,False,0.0,26.851,0.0,0.320836,0.0,0.0,0.003333,587.7327,556.1,0.34,0.109084,0.178417,26.09,0.353,15.6,28.0,0.0,26.86,0.559,15.6,28.0,0.0,27.05,0.617,15.6,28.0,0.0,26.85,0.563,15.6,28.0,0.0,27.41,0.719,15.6,28.0,0.0
547,4435.2222,185,19.222,False,28.22,False,0.0,26.834,0.0,0.320836,0.0,0.0,0.003333,588.0535,558.1,0.34,0.109084,0.179059,26.09,0.354,15.6,28.0,0.0,26.84,0.556,15.6,28.0,0.0,27.03,0.616,15.6,28.0,0.0,26.83,0.56,15.6,28.0,0.0,27.37,0.711,15.6,28.0,0.0
548,4435.3889,185,19.389,False,28.13,False,0.0,26.813,0.0,0.320836,0.0,0.0,0.003333,588.3743,558.9,0.34,0.109084,0.179315,26.09,0.356,15.6,28.0,0.0,26.82,0.553,15.6,28.0,0.0,27.02,0.614,15.6,28.0,0.0,26.81,0.556,15.6,28.0,0.0,27.33,0.7,15.6,28.0,0.0
549,4435.5556,185,19.556,False,28.05,False,0.0,26.787,0.0,0.320836,0.0,0.0,0.003333,588.6952,558.8,0.34,0.109084,0.179283,26.09,0.357,15.6,28.0,0.0,26.79,0.548,15.6,28.0,0.0,27.0,0.611,15.6,28.0,0.0,26.79,0.549,15.6,28.0,0.0,27.27,0.685,15.6,28.0,0.0
550,4435.7222,185,19.722,False,27.97,False,0.0,26.763,0.0,0.320836,0.0,0.0,0.003333,589.016,557.6,0.34,0.109084,0.178898,26.08,0.359,15.6,28.0,0.0,26.77,0.545,15.6,28.0,0.0,26.98,0.61,15.6,28.0,0.0,26.76,0.546,15.6,28.0,0.0,27.22,0.676,15.6,28.0,0.0
551,4435.9167,185,19.917,False,27.88,False,0.0,26.742,0.0,0.320836,0.0,0.0,0.43641,589.3368,555.0,0.34,0.109084,0.178064,26.08,0.36,15.6,28.0,0.0,26.75,0.544,15.6,28.0,0.0,26.96,0.609,15.6,28.0,0.0,26.74,0.543,15.6,28.0,0.0,27.18,0.669,15.6,28.0,0.0
552,4436.0833,185,20.083,False,27.8,False,0.0,26.725,0.0,0.320836,0.0,0.0,0.003333,589.6577,551.8,0.34,0.109084,0.177038,26.07,0.362,15.6,28.0,0.0,26.74,0.543,15.6,28.0,0.0,26.94,0.609,15.6,28.0,0.0,26.72,0.542,15.6,28.0,0.0,27.15,0.665,15.6,28.0,0.0
553,4436.25,185,20.25,False,27.7,False,0.0,26.709,0.0,0.320836,0.0,0.0,0.003333,589.9785,547.8,0.34,0.109084,0.175754,26.07,0.363,15.6,28.0,0.0,26.72,0.542,15.6,28.0,0.0,26.93,0.609,15.6,28.0,0.0,26.71,0.542,15.6,28.0,0.0,27.12,0.662,15.6,28.0,0.0
554,4436.4167,185,20.417,False,27.6,False,0.0,26.694,0.0,0.320836,0.0,0.0,0.003333,590.2993,543.0,0.34,0.109084,0.174214,26.06,0.365,15.6,28.0,0.0,26.7,0.541,15.6,28.0,0.0,26.91,0.609,15.6,28.0,0.0,26.69,0.541,15.6,28.0,0.0,27.1,0.659,15.6,28.0,0.0
555,4436.5833,185,20.583,False,27.5,False,0.0,26.679,0.0,0.320836,0.0,0.0,0.003333,590.6202,537.6,0.34,0.109084,0.172482,26.06,0.367,15.6,28.0,0.0,26.69,0.541,15.6,28.0,0.0,26.9,0.609,15.6,28.0,0.0,26.68,0.54,15.6,28.0,0.0,27.07,0.657,15.6,28.0,0.0
556,4436.75,185,20.75,False,27.4,False,0.0,26.665,0.0,0.320836,0.0,0.0,0.003333,590.941,531.6,0.34,0.109084,0.170557,26.05,0.368,15.6,28.0,0.0,26.67,0.54,15.6,28.0,0.0,26.88,0.608,15.6,28.0,0.0,26.66,0.54,15.6,28.0,0.0,27.05,0.655,15.6,28.0,0.0
557,4436.8333,185,20.833,False,27.3,False,0.0,26.648,0.0,0.320836,0.0,0.0,0.003333,591.2619,528.4,0.34,0.109084,0.16953,26.04,0.369,15.6,28.0,0.0,26.66,0.539,15.6,28.0,0.0,26.87,0.607,15.6,28.0,0.0,26.65,0.539,15.6,28.0,0.0,27.03,0.652,15.6,28.0,0.0
558,4437.0,185,21.0,False,27.2,False,0.0,26.634,0.0,0.320836,0.0,0.0,0.003333,591.5827,521.8,0.08,0.025667,0.167412,26.03,0.37,15.6,28.0,0.0,26.64,0.538,15.6,28.0,0.0,26.85,0.607,15.6,28.0,0.0,26.63,0.538,15.6,28.0,0.0,27.01,0.651,15.6,28.0,0.0
559,4437.1667,185,21.167,False,27.12,False,0.0,26.622,0.0,0.320836,0.0,0.0,0.003333,591.9035,514.7,0.08,0.025667,0.165135,26.03,0.371,15.6,28.0,0.0,26.63,0.537,15.6,28.0,0.0,26.84,0.607,15.6,28.0,0.0,26.62,0.538,15.6,28.0,0.0,26.99,0.65,15.6,28.0,0.0
560,4437.3333,185,21.333,False,27.03,False,0.0,26.609,0.0,0.320836,0.0,0.0,0.436401,592.2244,507.5,0.08,0.025667,0.162825,26.02,0.371,15.6,28.0,0.0,26.61,0.536,15.6,28.0,0.0,26.83,0.606,15.6,28.0,0.0,26.61,0.537,15.6,28.0,0.0,26.98,0.648,15.6,28.0,0.0
561,4437.5,185,21.5,False,26.95,False,0.0,26.597,0.0,0.320836,0.0,0.0,0.003333,592.5452,500.0,0.08,0.025667,0.160418,26.01,0.372,15.6,28.0,0.0,26.6,0.535,15.6,28.0,0.0,26.81,0.605,15.6,28.0,0.0,26.6,0.536,15.6,28.0,0.0,26.96,0.647,15.6,28.0,0.0
562,4437.6667,185,21.667,False,26.87,False,0.0,26.585,0.0,0.320836,0.0,0.0,0.003333,592.866,492.5,0.08,0.025667,0.158012,26.01,0.372,15.6,28.0,0.0,26.59,0.534,15.6,28.0,0.0,26.8,0.604,15.6,28.0,0.0,26.59,0.536,15.6,28.0,0.0,26.94,0.646,15.6,28.0,0.0
563,4437.8333,185,21.833,False,26.78,False,0.0,26.573,0.0,0.320836,0.0,0.0,0.003333,593.1869,485.0,0.08,0.025667,0.155606,26.0,0.372,15.6,28.0,0.0,26.58,0.533,15.6,28.0,0.0,26.79,0.603,15.6,28.0,0.0,26.58,0.535,15.6,28.0,0.0,26.93,0.644,15.6,28.0,0.0
564,4438.0,185,22.0,False,26.7,False,0.0,26.561,0.0,0.320836,0.0,0.0,0.003333,593.5077,477.6,0.08,0.025667,0.153231,25.99,0.372,15.6,28.0,0.0,26.56,0.531,15.6,28.0,0.0,26.77,0.602,15.6,28.0,0.0,26.56,0.534,15.6,28.0,0.0,26.91,0.643,15.6,28.0,0.0
565,4438.1667,185,22.167,False,26.42,False,0.0,26.54,0.0,0.320836,0.0,0.0,0.003333,593.8285,470.3,0.08,0.025667,0.150889,25.98,0.37,15.6,28.0,0.0,26.54,0.528,15.6,28.0,0.0,26.75,0.598,15.6,28.0,0.0,26.54,0.531,15.6,28.0,0.0,26.89,0.639,15.6,28.0,0.0
566,4438.3333,185,22.333,False,26.13,False,0.0,26.514,0.0,0.320836,0.0,0.0,0.003333,594.1494,463.2,0.08,0.025667,0.148611,25.96,0.368,15.6,28.0,0.0,26.51,0.523,15.6,28.0,0.0,26.72,0.594,15.6,28.0,0.0,26.52,0.527,15.6,28.0,0.0,26.86,0.634,15.6,28.0,0.0
567,4438.5,185,22.5,False,25.85,False,0.0,26.486,0.0,0.320836,0.0,0.0,0.003333,594.4702,456.4,0.08,0.025667,0.14643,25.94,0.364,15.6,28.0,0.0,26.48,0.517,15.6,28.0,0.0,26.69,0.588,15.6,28.0,0.0,26.49,0.522,15.6,28.0,0.0,26.83,0.629,15.6,28.0,0.0
568,4438.6667,185,22.667,False,25.57,False,0.0,26.457,0.0,0.320836,0.0,0.0,0.003333,594.7911,449.8,0.08,0.025667,0.144312,25.91,0.36,15.6,28.0,0.0,26.45,0.511,15.6,28.0,0.0,26.66,0.582,15.6,28.0,0.0,26.46,0.517,15.6,28.0,0.0,26.8,0.622,15.6,28.0,0.0
569,4438.8333,185,22.833,False,25.28,False,0.0,26.426,0.0,0.320836,0.0,0.0,0.436388,595.1119,443.6,0.08,0.025667,0.142323,25.88,0.356,15.6,28.0,0.0,26.42,0.505,15.6,28.0,0.0,26.63,0.576,15.6,28.0,0.0,26.43,0.511,15.6,28.0,0.0,26.77,0.616,15.6,28.0,0.0
570,4439.0,185,23.0,False,25.0,False,0.0,26.394,0.0,0.320836,0.0,0.0,0.003333,595.4327,437.7,0.08,0.025667,0.14043,25.86,0.351,15.6,28.0,0.0,26.38,0.497,15.6,28.0,0.0,26.59,0.568,15.6,28.0,0.0,26.4,0.505,15.6,28.0,0.0,26.73,0.608,15.6,28.0,0.0
571,4439.1667,185,23.167,False,25.0,False,0.0,26.444,0.0,0.412504,0.0,0.0,0.003333,595.8452,432.2,0.08,0.033,0.178284,25.92,0.36,15.6,28.0,0.0,26.43,0.505,15.6,28.0,0.0,26.64,0.575,15.6,28.0,0.0,26.45,0.513,15.6,28.0,0.0,26.78,0.615,15.6,28.0,0.0
572,4439.3333,185,23.333,False,25.0,False,0.0,26.459,0.0,0.412504,0.0,0.0,0.003333,596.2577,427.0,0.08,0.033,0.176139,25.94,0.365,15.6,28.0,0.0,26.45,0.507,15.6,28.0,0.0,26.65,0.577,15.6,28.0,0.0,26.47,0.516,15.6,28.0,0.0,26.79,0.617,15.6,28.0,0.0
573,4439.5,185,23.5,False,25.0,False,0.0,26.463,0.0,0.412504,0.0,0.0,0.003333,596.6702,422.2,0.08,0.033,0.174159,25.95,0.367,15.6,28.0,0.0,26.45,0.508,15.6,28.0,0.0,26.65,0.577,15.6,28.0,0.0,26.47,0.516,15.6,28.0,0.0,26.79,0.617,15.6,28.0,0.0
574,4439.6667,185,23.667,False,25.0,False,0.0,26.463,0.0,0.412504,0.0,0.0,0.003333,597.0827,417.7,0.08,0.033,0.172303,25.96,0.369,15.6,28.0,0.0,26.45,0.508,15.6,28.0,0.0,26.65,0.577,15.6,28.0,0.0,26.47,0.517,15.6,28.0,0.0,26.78,0.617,15.6,28.0,0.0
575,4439.8333,185,23.833,False,25.0,False,0.0,26.46,0.0,0.412504,0.0,0.0,0.003333,597.4952,413.6,0.08,0.033,0.170612,25.97,0.37,15.6,28.0,0.0,26.44,0.507,15.6,28.0,0.0,26.64,0.576,15.6,28.0,0.0,26.47,0.516,15.6,28.0,0.0,26.78,0.616,15.6,28.0,0.0
576,4440.0,185,24.0,False,25.0,False,0.0,26.457,0.0,0.412504,0.0,0.0,0.003333,597.9078,409.8,0.08,0.033,0.169044,25.97,0.37,15.6,28.0,0.0,26.44,0.506,15.6,28.0,0.0,26.64,0.575,15.6,28.0,0.0,26.47,0.516,15.6,28.0,0.0,26.77,0.614,15.6,28.0,0.0
577,4440.1667,186,0.167,False,24.9,False,0.0,26.448,0.0,0.412504,0.0,0.0,0.003333,598.3203,378.0,0.08,0.033,0.155927,25.97,0.37,15.6,28.0,0.0,26.43,0.504,15.6,28.0,0.0,26.63,0.572,15.6,28.0,0.0,26.46,0.514,15.6,28.0,0.0,26.76,0.612,15.6,28.0,0.0
578,4440.3333,186,0.333,False,24.8,False,0.0,26.436,0.0,0.412504,0.0,0.0,0.003333,598.7328,378.5,0.08,0.033,0.156133,25.96,0.369,15.6,28.0,0.0,26.42,0.5,15.6,28.0,0.0,26.61,0.568,15.6,28.0,0.0,26.45,0.511,15.6,28.0,0.0,26.75,0.608,15.6,28.0,0.0
579,4440.5,186,0.5,False,24.7,False,0.0,26.423,0.0,0.412504,0.0,0.0,0.436408,599.1453,378.9,0.08,0.033,0.156298,25.95,0.367,15.6,28.0,0.0,26.4,0.496,15.6,28.0,0.0,26.6,0.564,15.6,28.0,0.0,26.43,0.508,15.6,28.0,0.0,26.73,0.604,15.6,28.0,0.0
580,4440.6667,186,0.667,False,24.6,False,0.0,26.409,0.0,0.412504,0.0,0.0,0.003333,599.5578,379.3,0.08,0.033,0.156463,25.95,0.364,15.6,28.0,0.0,26.38,0.492,15.6,28.0,0.0,26.58,0.56,15.6,28.0,0.0,26.42,0.504,15.6,28.0,0.0,26.71,0.599,15.6,28.0,0.0
581,4440.8333,186,0.833,False,24.5,False,0.0,26.394,0.0,0.412504,0.0,0.0,0.003333,599.9703,379.4,0.08,0.033,0.156504,25.94,0.362,15.6,28.0,0.0,26.37,0.488,15.6,28.0,0.0,26.56,0.555,15.6,28.0,0.0,26.41,0.5,15.6,28.0,0.0,26.7,0.594,15.6,28.0,0.0
582,4441.0,186,1.0,False,24.4,False,0.0,26.378,0.0,0.412504,0.0,0.0,0.003333,600.3828,379.5,0.08,0.033,0.156545,25.93,0.358,15.6,28.0,0.0,26.35,0.482,15.6,28.0,0.0,26.55,0.549,15.6,28.0,0.0,26.39,0.495,15.6,28.0,0.0,26.68,0.589,15.6,28.0,0.0
583,4441.1667,186,1.167,False,24.5,False,0.0,26.372,0.0,0.412504,0.0,0.0,0.003333,600.7953,379.4,0.08,0.033,0.156504,25.93,0.357,15.6,28.0,0.0,26.34,0.48,15.6,28.0,0.0,26.54,0.546,15.6,28.0,0.0,26.38,0.493,15.6,28.0,0.0,26.67,0.586,15.6,28.0,0.0
584,4441.3333,186,1.333,False,24.6,False,0.0,26.37,0.0,0.412504,0.0,0.0,0.003333,601.2078,379.3,0.08,0.033,0.156463,25.93,0.356,15.6,28.0,0.0,26.34,0.478,15.6,28.0,0.0,26.53,0.544,15.6,28.0,0.0,26.38,0.491,15.6,28.0,0.0,26.66,0.583,15.6,28.0,0.0
585,4441.5,186,1.5,False,24.7,False,0.0,26.369,0.0,0.412504,0.0,0.0,0.003333,601.6203,378.9,0.08,0.033,0.156298,25.93,0.355,15.6,28.0,0.0,26.34,0.476,15.6,28.0,0.0,26.53,0.542,15.6,28.0,0.0,26.38,0.49,15.6,28.0,0.0,26.66,0.581,15.6,28.0,0.0
586,4441.6667,186,1.667,False,24.8,False,0.0,26.369,0.0,0.412504,0.0,0.0,0.003333,602.0328,378.5,0.08,0.033,0.156133,25.94,0.355,15.6,28.0,0.0,26.34,0.475,15.6,28.0,0.0,26.53,0.54,15.6,28.0,0.0,26.38,0.488,15.6,28.0,0.0,26.66,0.579,15.6,28.0,0.0
587,4441.8333,186,1.833,False,24.9,False,0.0,26.37,0.0,0.412504,0.0,0.0,0.003333,602.4453,378.0,0.08,0.033,0.155927,25.94,0.354,15.6,28.0,0.0,26.34,0.473,15.6,28.0,0.0,26.53,0.538,15.6,28.0,0.0,26.38,0.487,15.6,28.0,0.0,26.66,0.577,15.6,28.0,0.0
588,4442.0,186,2.0,False,25.0,False,0.0,26.371,0.0,0.412504,0.0,0.0,0.436399,602.8578,377.3,0.08,0.033,0.155638,25.95,0.354,15.6,28.0,0.0,26.34,0.472,15.6,28.0,0.0,26.53,0.537,15.6,28.0,0.0,26.38,0.486,15.6,28.0,0.0,26.66,0.575,15.6,28.0,0.0
589,4442.1667,186,2.167,False,24.9,False,0.0,26.363,0.0,0.412504,0.0,0.0,0.003333,603.2703,376.5,0.08,0.033,0.155308,25.95,0.353,15.6,28.0,0.0,26.33,0.469,15.6,28.0,0.0,26.52,0.534,15.6,28.0,0.0,26.37,0.483,15.6,28.0,0.0,26.64,0.572,15.6,28.0,0.0
590,4442.3333,186,2.333,False,24.8,False,0.0,26.351,0.0,0.412504,0.0,0.0,0.003333,603.6828,375.6,0.08,0.033,0.154937,25.94,0.351,15.6,28.0,0.0,26.32,0.466,15.6,28.0,0.0,26.5,0.53,15.6,28.0,0.0,26.36,0.48,15.6,28.0,0.0,26.63,0.568,15.6,28.0,0.0
591,4442.5,186,2.5,False,24.7,False,0.0,26.337,0.0,0.412504,0.0,0.0,0.003333,604.0953,374.6,0.08,0.033,0.154524,25.93,0.348,15.6,28.0,0.0,26.3,0.462,15.6,28.0,0.0,26.49,0.525,15.6,28.0,0.0,26.35,0.476,15.6,28.0,0.0,26.61,0.563,15.6,28.0,0.0
592,4442.6667,186,2.667,False,24.6,False,0.0,26.323,0.0,0.412504,0.0,0.0,0.003333,604.5078,373.4,0.08,0.033,0.154029,25.92,0.346,15.6,28.0,0.0,26.29,0.457,15.6,28.0,0.0,26.47,0.521,15.6,28.0,0.0,26.33,0.472,15.6,28.0,0.0,26.6,0.558,15.6,28.0,0.0
593,4442.8333,186,2.833,False,24.5,False,0.0,26.308,0.0,0.412504,0.0,0.0,0.003333,604.9203,372.2,0.08,0.033,0.153534,25.91,0.343,15.6,28.0,0.0,26.27,0.453,15.6,28.0,0.0,26.46,0.516,15.6,28.0,0.0,26.32,0.468,15.6,28.0,0.0,26.58,0.553,15.6,28.0,0.0
594,4443.0,186,3.0,False,24.4,False,0.0,26.292,0.0,0.412504,0.0,0.0,0.003333,605.3328,370.8,0.08,0.033,0.152956,25.9,0.34,15.6,28.0,0.0,26.25,0.448,15.6,28.0,0.0,26.44,0.511,15.6,28.0,0.0,26.3,0.464,15.6,28.0,0.0,26.56,0.548,15.6,28.0,0.0
595,4443.1667,186,3.167,False,24.4,False,0.0,26.28,0.0,0.412504,0.0,0.0,0.003333,605.7453,369.4,0.08,0.033,0.152379,25.89,0.337,15.6,28.0,0.0,26.24,0.444,15.6,28.0,0.0,26.43,0.506,15.6,28.0,0.0,26.29,0.46,15.6,28.0,0.0,26.55,0.544,15.6,28.0,0.0
596,4443.3333,186,3.333,False,24.4,False,0.0,26.27,0.0,0.412504,0.0,0.0,0.003333,606.1578,367.8,0.08,0.033,0.151719,25.89,0.335,15.6,28.0,0.0,26.23,0.44,15.6,28.0,0.0,26.41,0.502,15.6,28.0,0.0,26.28,0.456,15.6,28.0,0.0,26.53,0.539,15.6,28.0,0.0
597,4443.5,186,3.5,False,24.4,False,0.0,26.26,0.0,0.412504,0.0,0.0,0.436389,606.5703,366.1,0.08,0.033,0.151018,25.88,0.332,15.6,28.0,0.0,26.22,0.436,15.6,28.0,0.0,26.4,0.498,15.6,28.0,0.0,26.27,0.453,15.6,28.0,0.0,26.52,0.535,15.6,28.0,0.0
598,4443.6667,186,3.667,False,24.4,False,0.0,26.251,0.0,0.412504,0.0,0.0,0.003333,606.9828,364.4,0.08,0.033,0.150316,25.88,0.329,15.6,28.0,0.0,26.21,0.432,15.6,28.0,0.0,26.39,0.493,15.6,28.0,0.0,26.26,0.449,15.6,28.0,0.0,26.51,0.53,15.6,28.0,0.0
599,4443.8333,186,3.833,False,24.4,False,0.0,26.241,0.0,0.412504,0.0,0.0,0.003333,607.3953,362.5,0.08,0.033,0.149533,25.88,0.326,15.6,28.0,0.0,26.2,0.428,15.6,28.0,0.0,26.38,0.489,15.6,28.0,0.0,26.25,0.445,15.6,28.0,0.0,26.5,0.525,15.6,28.0,0.0
600,4444.0,186,4.0,False,24.4,False,0.0,26.232,0.0,0.412504,0.0,0.0,0.003333,607.8078,360.5,0.08,0.033,0.148708,25.87,0.323,15.6,28.0,0.0,26.19,0.424,15.6,28.0,0.0,26.37,0.484,15.6,28.0,0.0,26.24,0.441,15.6,28.0,0.0,26.49,0.52,15.6,28.0,0.0
601,4444.1667,186,4.167,False,24.4,False,0.0,26.233,0.0,0.458338,0.0,0.0,0.003333,608.2662,358.5,0.08,0.036667,0.164314,25.88,0.324,15.6,28.0,0.0,26.19,0.423,15.6,28.0,0.0,26.37,0.483,15.6,28.0,0.0,26.25,0.44,15.6,28.0,0.0,26.48,0.518,15.6,28.0,0.0
602,4444.3333,186,4.333,False,24.4,False,0.0,26.232,0.0,0.458338,0.0,0.0,0.003333,608.7245,356.4,0.08,0.036667,0.163352,25.88,0.323,15.6,28.0,0.0,26.19,0.421,15.6,28.0,0.0,26.37,0.48,15.6,28.0,0.0,26.24,0.438,15.6,28.0,0.0,26.48,0.515,15.6,28.0,0.0
603,4444.5,186,4.5,False,24.4,False,0.0,26.228,0.0,0.458338,0.0,0.0,0.003333,609.1829,354.2,0.08,0.036667,0.162343,25.88,0.322,15.6,28.0,0.0,26.18,0.418,15.6,28.0,0.0,26.36,0.477,15.6,28.0,0.0,26.24,0.435,15.6,28.0,0.0,26.47,0.512,15.6,28.0,0.0
604,4444.6667,186,4.667,False,24.4,False,0.0,26.223,0.0,0.458338,0.0,0.0,0.003333,609.6412,351.9,0.08,0.036667,0.161289,25.88,0.321,15.6,28.0,0.0,26.18,0.415,15.6,28.0,0.0,26.35,0.474,15.6,28.0,0.0,26.23,0.433,15.6,28.0,0.0,26.47,0.509,15.6,28.0,0.0
605,4444.8333,186,4.833,False,24.4,False,0.0,26.218,0.0,0.458338,0.0,0.0,0.003333,610.0995,349.5,0.08,0.036667,0.160189,25.88,0.319,15.6,28.0,0.0,26.17,0.413,15.6,28.0,0.0,26.35,0.47,15.6,28.0,0.0,26.23,0.43,15.6,28.0,0.0,26.46,0.505,15.6,28.0,0.0
606,4445.0,186,5.0,False,24.4,False,0.0,26.212,0.0,0.458338,0.0,0.0,0.178555,610.5579,347.1,0.08,0.036667,0.159089,25.88,0.317,15.6,28.0,0.0,26.17,0.41,15.6,28.0,0.0,26.34,0.467,15.6,28.0,0.0,26.22,0.427,15.6,28.0,0.0,26.45,0.502,15.6,28.0,0.0
607,4445.25,186,5.25,False,24.32,True,2.75,25.571,0.302,1.192104,0.733766,0.389212,0.261101,611.75,343.4,0.08,0.095368,0.409369,25.53,0.247,21.5,25.5,0.81,25.55,0.293,21.5,25.5,0.61,25.6,0.328,21.5,25.5,0.36,25.56,0.302,21.5,25.5,0.61,25.62,0.345,21.5,25.5,0.36
608,4445.3333,186,5.333,False,24.23,True,2.75,25.506,0.265,1.082662,0.624324,0.27977,0.003333,612.8326,342.1,0.08,0.086613,0.370379,25.5,0.225,21.5,25.5,0.81,25.5,0.259,21.5,25.5,0.61,25.51,0.279,21.5,25.5,0.36,25.5,0.265,21.5,25.5,0.61,25.51,0.291,21.5,25.5,0.36
609,4445.5,186,5.5,False,24.15,True,2.75,25.502,0.246,1.063731,0.605393,0.260839,0.003333,613.8964,339.5,0.08,0.085098,0.361137,25.5,0.212,21.5,25.5,0.81,25.5,0.241,21.5,25.5,0.61,25.5,0.257,21.5,25.5,0.36,25.5,0.246,21.5,25.5,0.61,25.5,0.266,21.5,25.5,0.36
610,4445.6667,186,5.667,False,24.07,True,2.75,25.501,0.23,1.050319,0.591982,0.247428,0.003333,614.9467,336.9,0.08,0.084026,0.353853,25.5,0.201,21.5,25.5,0.81,25.5,0.226,21.5,25.5,0.61,25.5,0.238,21.5,25.5,0.36,25.5,0.23,21.5,25.5,0.61,25.5,0.245,21.5,25.5,0.36
611,4445.8333,186,5.833,False,23.98,True,2.75,25.5,0.221,1.043349,0.585011,0.240457,0.003333,615.99,334.2,0.08,0.083468,0.348687,25.5,0.19,21.5,25.5,0.81,25.5,0.214,21.5,25.5,0.61,25.5,0.23,21.5,25.5,0.36,25.5,0.221,21.5,25.5,0.61,25.5,0.23,21.5,25.5,0.36
612,4446.0,186,6.0,False,23.9,True,2.75,25.5,0.21,1.035909,0.577571,0.233017,0.003333,617.026,331.5,0.08,0.082873,0.343404,25.5,0.18,21.5,25.5,0.81,25.5,0.203,21.5,25.5,0.61,25.5,0.218,21.5,25.5,0.36,25.5,0.21,21.5,25.5,0.61,25.5,0.215,21.5,25.5,0.36
613,4446.1667,186,6.167,False,23.98,True,5.5,25.5,0.217,1.208515,0.566842,0.222288,0.003333,618.2345,328.8,0.08,0.096681,0.39736,25.5,0.182,21.5,25.5,1.61,25.5,0.204,21.5,25.5,1.22,25.5,0.217,21.5,25.5,0.72,25.5,0.21,21.5,25.5,1.22,25.5,0.213,21.5,25.5,0.72
614,4446.3333,186,6.333,False,24.07,True,5.5,25.5,0.216,1.212611,0.570938,0.226384,0.003333,619.4471,326.0,0.08,0.097009,0.395311,25.5,0.18,21.5,25.5,1.61,25.5,0.202,21.5,25.5,1.22,25.5,0.216,21.5,25.5,0.72,25.5,0.208,21.5,25.5,1.22,25.5,0.21,21.5,25.5,0.72
615,4446.5,186,6.5,False,24.15,True,5.5,25.5,0.214,1.215144,0.573471,0.228917,0.436418,620.6622,323.2,0.08,0.097212,0.392734,25.5,0.178,21.5,25.5,1.61,25.5,0.201,21.5,25.5,1.22,25.5,0.214,21.5,25.5,0.72,25.5,0.206,21.5,25.5,1.22,25.5,0.207,21.5,25.5,0.72
616,4446.6667,186,6.667,False,24.23,True,5.5,25.5,0.222,1.220773,0.5791,0.234546,0.003333,621.883,320.4,0.08,0.097662,0.391136,25.5,0.177,21.5,25.5,1.61,25.5,0.201,21.5,25.5,1.22,25.5,0.222,21.5,25.5,0.72,25.5,0.208,21.5,25.5,1.22,25.5,0.205,21.5,25.5,0.72
617,4446.9167,186,6.917,False,24.32,True,5.5,25.5,0.235,1.229062,0.587389,0.242835,0.003333,623.1121,316.2,0.08,0.098325,0.388629,25.5,0.175,21.5,25.5,1.61,25.5,0.202,21.5,25.5,1.22,25.5,0.235,21.5,25.5,0.72,25.5,0.212,21.5,25.5,1.22,25.5,0.205,21.5,25.5,0.72
618,4447.0833,186,7.083,False,24.4,True,5.5,25.5,0.248,1.237776,0.596103,0.251549,0.003333,624.3498,313.3,0.08,0.099022,0.387795,25.5,0.175,21.5,25.5,1.61,25.5,0.204,21.5,25.5,1.22,25.5,0.248,21.5,25.5,0.72,25.5,0.216,21.5,25.5,1.22,25.5,0.205,21.5,25.5,0.72
619,4447.25,186,7.25,False,24.68,True,26.14,25.499,0.284,2.441505,0.791489,0.446935,0.003333,626.7913,310.5,0.08,0.19532,0.758087,25.5,0.202,21.5,25.5,7.65,25.5,0.23,21.5,25.5,5.8,25.5,0.284,21.5,25.5,3.44,25.5,0.242,21.5,25.5,5.8,25.5,0.23,21.5,25.5,3.44
620,4447.3889,186,7.389,False,24.97,True,26.14,25.499,0.305,2.474443,0.824427,0.479873,0.003333,629.2658,308.2,0.08,0.197955,0.762623,25.5,0.208,21.5,25.5,7.65,25.5,0.238,21.5,25.5,5.8,25.5,0.305,21.5,25.5,3.44,25.5,0.25,21.5,25.5,5.8,25.5,0.238,21.5,25.5,3.44
621,4447.5556,186,7.556,False,25.25,True,26.14,25.02,0.251,2.67986,1.029844,0.685289,0.003333,631.9456,305.4,0.08,0.214389,0.818429,25.01,0.131,21.5,25.0,7.65,25.01,0.165,21.5,25.0,5.8,25.03,0.251,21.5,25.0,3.44,25.02,0.177,21.5,25.0,5.8,25.03,0.168,21.5,25.0,3.44
622,4447.7083,186,7.708,False,25.53,True,26.14,25.0,0.23,2.645509,0.995493,0.650939,0.436468,634.5911,302.8,0.08,0.211641,0.80106,25.0,0.116,21.5,25.0,7.65,25.0,0.15,21.5,25.0,5.8,25.0,0.23,21.5,25.0,3.44,25.0,0.159,21.5,25.0,5.8,25.0,0.152,21.5,25.0,3.44
623,4447.875,186,7.875,False,25.82,True,26.14,24.999,0.227,2.649808,0.999792,0.655238,0.003333,637.241,300.1,0.08,0.211985,0.795207,25.0,0.112,21.5,25.0,7.65,25.0,0.148,21.5,25.0,5.8,25.0,0.227,21.5,25.0,3.44,25.0,0.153,21.5,25.0,5.8,25.0,0.15,21.5,25.0,3.44
624,4448.0556,186,8.056,False,26.1,True,26.14,24.999,0.226,2.65913,1.009114,0.66456,0.003333,639.9001,297.1,0.08,0.21273,0.790028,25.0,0.109,21.5,25.0,7.65,25.0,0.147,21.5,25.0,5.8,25.0,0.226,21.5,25.0,3.44,25.0,0.15,21.5,25.0,5.8,25.0,0.149,21.5,25.0,3.44
625,4448.2222,186,8.222,False,26.28,True,26.14,24.999,0.225,2.66554,1.015524,0.67097,0.003333,642.5656,294.4,0.08,0.213243,0.784735,25.0,0.108,21.5,25.0,7.65,25.0,0.147,21.5,25.0,5.8,25.0,0.225,21.5,25.0,3.44,25.0,0.148,21.5,25.0,5.8,25.0,0.15,21.5,25.0,3.44
626,4448.3889,186,8.389,False,26.47,True,26.14,24.999,0.225,2.673101,1.023085,0.67853,0.003333,645.2387,291.8,0.08,0.213848,0.780011,25.0,0.107,21.5,25.0,7.65,25.0,0.148,21.5,25.0,5.8,25.0,0.225,21.5,25.0,3.44,25.0,0.147,21.5,25.0,5.8,25.0,0.151,21.5,25.0,3.44
627,4448.5556,186,8.556,False,26.65,True,26.14,24.999,0.225,2.681729,1.031713,0.687159,0.003333,647.9205,289.1,0.08,0.214538,0.775288,25.0,0.107,21.5,25.0,7.65,25.0,0.15,21.5,25.0,5.8,25.0,0.225,21.5,25.0,3.44,25.0,0.148,21.5,25.0,5.8,25.0,0.153,21.5,25.0,3.44
628,4448.7222,186,8.722,False,26.83,True,26.14,24.999,0.228,2.691263,1.041247,0.696693,0.436466,650.6117,286.6,0.08,0.215301,0.771316,25.0,0.107,21.5,25.0,7.65,25.0,0.152,21.5,25.0,5.8,25.0,0.228,21.5,25.0,3.44,25.0,0.149,21.5,25.0,5.8,25.0,0.155,21.5,25.0,3.44
629,4448.8889,186,8.889,False,27.02,True,26.14,24.999,0.231,2.701297,1.051281,0.706727,0.003333,653.313,284.1,0.08,0.216104,0.767438,25.0,0.107,21.5,25.0,7.65,25.0,0.154,21.5,25.0,5.8,25.0,0.231,21.5,25.0,3.44,25.0,0.151,21.5,25.0,5.8,25.0,0.157,21.5,25.0,3.44
630,4449.0417,186,9.042,False,27.2,True,26.14,25.0,0.234,2.711604,1.061588,0.717034,0.003333,656.0246,281.9,0.08,0.216928,0.764401,25.0,0.108,21.5,25.0,7.65,25.0,0.156,21.5,25.0,5.8,25.0,0.234,21.5,25.0,3.44,25.0,0.153,21.5,25.0,5.8,25.0,0.159,21.5,25.0,3.44
631,4449.2083,186,9.208,False,27.38,True,26.14,25.0,0.237,2.722034,1.072018,0.727464,0.003333,658.7467,279.5,0.08,0.217763,0.760809,25.0,0.109,21.5,25.0,7.65,25.0,0.159,21.5,25.0,5.8,25.0,0.237,21.5,25.0,3.44,25.0,0.155,21.5,25.0,5.8,25.0,0.161,21.5,25.0,3.44
632,4449.375,186,9.375,False,27.57,True,26.14,25.0,0.244,2.733462,1.083446,0.738892,0.003333,661.4801,277.2,0.08,0.218677,0.757716,25.0,0.11,21.5,25.0,7.65,25.0,0.161,21.5,25.0,5.8,25.0,0.244,21.5,25.0,3.44,25.0,0.157,21.5,25.0,5.8,25.0,0.163,21.5,25.0,3.44
633,4449.5417,186,9.542,False,27.75,True,26.14,25.0,0.245,2.743752,1.093736,0.749182,0.003333,664.2239,275.0,0.08,0.2195,0.754532,25.0,0.111,21.5,25.0,7.65,25.0,0.163,21.5,25.0,5.8,25.0,0.245,21.5,25.0,3.44,25.0,0.159,21.5,25.0,5.8,25.0,0.165,21.5,25.0,3.44
634,4449.7083,186,9.708,False,27.93,True,26.14,25.0,0.248,2.755541,1.105525,0.760971,0.003333,666.9794,272.8,0.08,0.220443,0.751712,25.0,0.112,21.5,25.0,7.65,25.0,0.167,21.5,25.0,5.8,25.0,0.248,21.5,25.0,3.44,25.0,0.162,21.5,25.0,5.8,25.0,0.169,21.5,25.0,3.44
635,4449.875,186,9.875,False,28.12,True,26.14,25.0,0.251,2.767683,1.117667,0.773113,0.436474,669.7471,270.8,0.08,0.221415,0.749489,25.0,0.113,21.5,25.0,7.65,25.0,0.171,21.5,25.0,5.8,25.0,0.251,21.5,25.0,3.44,25.0,0.165,21.5,25.0,5.8,25.0,0.172,21.5,25.0,3.44
636,4450.0417,186,10.042,False,28.3,True,26.14,25.0,0.252,2.779839,1.129823,0.785269,0.003333,672.5269,268.9,0.08,0.222387,0.747499,25.0,0.114,21.5,25.0,7.65,25.0,0.175,21.5,25.0,5.8,25.0,0.252,21.5,25.0,3.44,25.0,0.169,21.5,25.0,5.8,25.0,0.176,21.5,25.0,3.44
637,4450.2,186,10.2,False,28.4,True,26.14,25.0,0.253,2.789082,1.139066,0.794512,0.003333,675.316,267.1,0.08,0.223127,0.744964,25.0,0.116,21.5,25.0,7.65,25.0,0.179,21.5,25.0,5.8,25.0,0.253,21.5,25.0,3.44,25.0,0.172,21.5,25.0,5.8,25.0,0.179,21.5,25.0,3.44
638,4450.3667,186,10.367,False,28.5,True,26.14,25.0,0.253,2.79869,1.148674,0.80412,0.003333,678.1147,265.4,0.08,0.223895,0.742772,25.0,0.118,21.5,25.0,7.65,25.0,0.183,21.5,25.0,5.8,25.0,0.253,21.5,25.0,3.44,25.0,0.176,21.5,25.0,5.8,25.0,0.183,21.5,25.0,3.44
639,4450.5333,186,10.533,False,28.6,True,26.14,25.0,0.252,2.808056,1.15804,0.813486,0.003333,680.9228,263.8,0.08,0.224645,0.740765,25.0,0.12,21.5,25.0,7.65,25.0,0.187,21.5,25.0,5.8,25.0,0.252,21.5,25.0,3.44,25.0,0.179,21.5,25.0,5.8,25.0,0.187,21.5,25.0,3.44
640,4450.7083,186,10.708,False,28.7,True,26.14,25.0,0.249,2.815682,1.165666,0.821112,0.436483,683.7384,262.3,0.08,0.225255,0.738553,25.0,0.122,21.5,25.0,7.65,25.0,0.189,21.5,25.0,5.8,25.0,0.249,21.5,25.0,3.44,25.0,0.182,21.5,25.0,5.8,25.0,0.19,21.5,25.0,3.44
641,4450.875,186,10.875,False,28.8,True,26.14,25.0,0.244,2.822782,1.172766,0.828212,0.003333,686.5612,261.0,0.08,0.225823,0.736746,25.0,0.124,21.5,25.0,7.65,25.0,0.192,21.5,25.0,5.8,25.0,0.244,21.5,25.0,3.44,25.0,0.184,21.5,25.0,5.8,25.0,0.192,21.5,25.0,3.44
642,4451.0556,186,11.056,False,28.9,True,26.14,24.999,0.24,2.829642,1.179626,0.835072,0.003333,689.3909,259.8,0.08,0.226371,0.735141,25.0,0.126,21.5,25.0,7.65,25.0,0.195,21.5,25.0,5.8,25.0,0.24,21.5,25.0,3.44,25.0,0.187,21.5,25.0,5.8,25.0,0.195,21.5,25.0,3.44
643,4451.2222,186,11.222,False,28.98,True,13.76,25.0,0.231,2.688482,1.130133,0.785579,0.003333,692.0793,258.8,0.08,0.215079,0.695779,25.0,0.123,21.5,25.0,4.03,25.0,0.193,21.5,25.0,3.05,25.0,0.231,21.5,25.0,1.81,25.0,0.185,21.5,25.0,3.05,25.0,0.193,21.5,25.0,1.81
644,4451.3889,186,11.389,False,29.07,True,13.76,25.0,0.223,2.688119,1.129771,0.785217,0.003333,694.7675,258.0,0.08,0.21505,0.693535,25.0,0.123,21.5,25.0,4.03,25.0,0.194,21.5,25.0,3.05,25.0,0.223,21.5,25.0,1.81,25.0,0.185,21.5,25.0,3.05,25.0,0.193,21.5,25.0,1.81
645,4451.5556,186,11.556,False,29.15,True,13.76,25.0,0.217,2.688671,1.130322,0.785768,0.003333,697.4561,257.4,0.08,0.215094,0.692064,25.0,0.123,21.5,25.0,4.03,25.0,0.194,21.5,25.0,3.05,25.0,0.217,21.5,25.0,1.81,25.0,0.185,21.5,25.0,3.05,25.0,0.193,21.5,25.0,1.81
646,4451.7222,186,11.722,False,29.23,True,13.76,25.0,0.215,2.689808,1.13146,0.786906,0.436505,700.1459,257.1,0.08,0.215185,0.69155,25.0,0.122,21.5,25.0,4.03,25.0,0.193,21.5,25.0,3.05,25.0,0.215,21.5,25.0,1.81,25.0,0.184,21.5,25.0,3.05,25.0,0.193,21.5,25.0,1.81
647,4451.8889,186,11.889,False,29.32,True,13.76,25.0,0.214,2.690998,1.13265,0.788096,0.003333,702.8369,256.9,0.08,0.21528,0.691318,25.0,0.122,21.5,25.0,4.03,25.0,0.193,21.5,25.0,3.05,25.0,0.214,21.5,25.0,1.81,25.0,0.184,21.5,25.0,3.05,25.0,0.192,21.5,25.0,1.81
648,4452.0556,186,12.056,False,29.4,True,13.76,25.0,0.212,2.692167,1.133819,0.789264,0.003333,705.5291,257.0,0.08,0.215373,0.691887,25.0,0.121,21.5,25.0,4.03,25.0,0.193,21.5,25.0,3.05,25.0,0.212,21.5,25.0,1.81,25.0,0.183,21.5,25.0,3.05,25.0,0.191,21.5,25.0,1.81
649,4452.2222,186,12.222,False,29.68,True,26.14,24.999,0.215,2.847547,1.197531,0.852977,0.003333,708.3767,257.4,0.08,0.227804,0.732959,25.0,0.124,21.5,25.0,7.65,25.0,0.197,21.5,25.0,5.8,25.0,0.215,21.5,25.0,3.44,25.0,0.187,21.5,25.0,5.8,25.0,0.195,21.5,25.0,3.44
650,4452.4167,186,12.417,False,29.97,True,26.14,24.999,0.217,2.862735,1.212718,0.868164,0.003333,711.2394,258.3,0.08,0.229019,0.739444,25.0,0.125,21.5,25.0,7.65,25.0,0.199,21.5,25.0,5.8,25.0,0.217,21.5,25.0,3.44,25.0,0.189,21.5,25.0,5.8,25.0,0.197,21.5,25.0,3.44
651,4452.5833,186,12.583,False,30.25,True,26.14,24.999,0.219,2.87748,1.227464,0.88291,0.436492,714.1169,259.3,0.08,0.230198,0.746131,25.0,0.127,21.5,25.0,7.65,25.0,0.201,21.5,25.0,5.8,25.0,0.219,21.5,25.0,3.44,25.0,0.191,21.5,25.0,5.8,25.0,0.199,21.5,25.0,3.44
652,4452.75,186,12.75,False,30.53,True,26.14,24.999,0.221,2.892196,1.24218,0.897626,0.003333,717.0091,260.7,0.08,0.231376,0.753996,25.0,0.128,21.5,25.0,7.65,25.0,0.204,21.5,25.0,5.8,25.0,0.221,21.5,25.0,3.44,25.0,0.194,21.5,25.0,5.8,25.0,0.201,21.5,25.0,3.44
653,4452.9167,186,12.917,False,30.82,True,26.14,24.999,0.223,2.907191,1.257174,0.91262,0.003333,719.9163,262.5,0.08,0.232575,0.763138,25.0,0.129,21.5,25.0,7.65,25.0,0.206,21.5,25.0,5.8,25.0,0.223,21.5,25.0,3.44,25.0,0.196,21.5,25.0,5.8,25.0,0.203,21.5,25.0,3.44
654,4453.0833,186,13.083,False,31.1,True,26.14,24.999,0.225,2.922459,1.272443,0.927889,0.003333,722.8387,264.6,0.08,0.233797,0.773283,25.0,0.131,21.5,25.0,7.65,25.0,0.208,21.5,25.0,5.8,25.0,0.225,21.5,25.0,3.44,25.0,0.198,21.5,25.0,5.8,25.0,0.205,21.5,25.0,3.44
655,4453.25,186,13.25,False,31.2,True,26.14,25.456,0.297,2.726782,1.076766,0.732212,0.003333,725.5655,267.2,0.08,0.218143,0.728596,25.47,0.208,21.5,25.5,7.65,25.47,0.286,21.5,25.5,5.8,25.44,0.297,21.5,25.5,3.44,25.46,0.275,21.5,25.5,5.8,25.44,0.278,21.5,25.5,3.44
656,4453.4167,186,13.417,False,31.3,True,26.14,25.494,0.324,2.784616,1.1346,0.790046,0.003333,728.3501,270.2,0.08,0.222769,0.752403,25.5,0.229,21.5,25.5,7.65,25.5,0.312,21.5,25.5,5.8,25.49,0.324,21.5,25.5,3.44,25.5,0.3,21.5,25.5,5.8,25.49,0.305,21.5,25.5,3.44
657,4453.5833,186,13.583,False,31.4,True,26.14,25.499,0.332,2.802958,1.152942,0.808388,0.436448,731.1531,273.8,0.08,0.224237,0.76745,25.5,0.236,21.5,25.5,7.65,25.5,0.319,21.5,25.5,5.8,25.5,0.332,21.5,25.5,3.44,25.5,0.307,21.5,25.5,5.8,25.5,0.313,21.5,25.5,3.44
658,4453.75,186,13.75,False,31.5,True,26.14,25.499,0.34,2.818245,1.168229,0.823675,0.003333,733.9713,277.8,0.08,0.22546,0.782908,25.5,0.241,21.5,25.5,7.65,25.5,0.327,21.5,25.5,5.8,25.5,0.34,21.5,25.5,3.44,25.5,0.315,21.5,25.5,5.8,25.5,0.321,21.5,25.5,3.44
659,4453.8333,186,13.833,False,31.6,True,26.14,25.499,0.344,2.830841,1.180825,0.836271,0.003333,736.8022,280.0,0.08,0.226467,0.792635,25.5,0.244,21.5,25.5,7.65,25.5,0.331,21.5,25.5,5.8,25.5,0.344,21.5,25.5,3.44,25.5,0.319,21.5,25.5,5.8,25.5,0.33,21.5,25.5,3.44
660,4454.0,186,14.0,False,31.7,True,26.14,25.499,0.347,2.84152,1.191504,0.84695,0.003333,739.6437,284.8,0.08,0.227322,0.809265,25.5,0.247,21.5,25.5,7.65,25.5,0.334,21.5,25.5,5.8,25.5,0.347,21.5,25.5,3.44,25.5,0.322,21.5,25.5,5.8,25.5,0.34,21.5,25.5,3.44
661,4454.1667,186,14.167,False,31.7,True,26.14,25.499,0.35,2.849101,1.199085,0.854531,0.003333,742.4928,290.1,0.08,0.227928,0.826524,25.5,0.249,21.5,25.5,7.65,25.5,0.337,21.5,25.5,5.8,25.5,0.349,21.5,25.5,3.44,25.5,0.325,21.5,25.5,5.8,25.5,0.35,21.5,25.5,3.44
662,4454.3333,186,14.333,False,31.7,True,26.14,25.499,0.36,2.856174,1.206158,0.861604,0.003333,745.349,296.0,0.08,0.228494,0.845427,25.5,0.251,21.5,25.5,7.65,25.5,0.339,21.5,25.5,5.8,25.5,0.352,21.5,25.5,3.44,25.5,0.327,21.5,25.5,5.8,25.5,0.36,21.5,25.5,3.44
663,4454.5,186,14.5,False,31.7,True,26.14,25.499,0.369,2.862858,1.212842,0.868288,0.003333,748.2118,302.5,0.08,0.229029,0.866015,25.5,0.254,21.5,25.5,7.65,25.5,0.341,21.5,25.5,5.8,25.5,0.354,21.5,25.5,3.44,25.5,0.33,21.5,25.5,5.8,25.5,0.369,21.5,25.5,3.44
664,4454.75,186,14.75,False,31.7,True,26.14,25.499,0.376,2.867247,1.217231,0.872677,0.436465,751.0791,313.4,0.08,0.22938,0.898595,25.5,0.256,21.5,25.5,7.65,25.5,0.342,21.5,25.5,5.8,25.5,0.354,21.5,25.5,3.44,25.5,0.331,21.5,25.5,5.8,25.5,0.376,21.5,25.5,3.44
665,4454.9167,186,14.917,False,31.7,True,26.14,25.499,0.382,2.870872,1.220856,0.876302,0.003333,753.9499,321.3,0.08,0.22967,0.922411,25.5,0.258,21.5,25.5,7.65,25.5,0.342,21.5,25.5,5.8,25.5,0.354,21.5,25.5,3.44,25.5,0.331,21.5,25.5,5.8,25.5,0.382,21.5,25.5,3.44
666,4455.0833,186,15.083,False,31.7,True,26.14,25.499,0.388,2.873719,1.223703,0.879149,0.003333,756.8237,329.9,0.08,0.229897,0.94804,25.5,0.26,21.5,25.5,7.65,25.5,0.342,21.5,25.5,5.8,25.5,0.354,21.5,25.5,3.44,25.5,0.331,21.5,25.5,5.8,25.5,0.388,21.5,25.5,3.44
667,4455.2222,186,15.222,False,31.42,True,26.14,25.499,0.391,2.861462,1.211446,0.866892,0.003333,759.6851,337.4,0.08,0.228917,0.965457,25.5,0.261,21.5,25.5,7.65,25.5,0.34,21.5,25.5,5.8,25.5,0.352,21.5,25.5,3.44,25.5,0.33,21.5,25.5,5.8,25.5,0.391,21.5,25.5,3.44
668,4455.3889,186,15.389,False,31.13,True,26.14,25.499,0.393,2.848332,1.198316,0.853762,0.003333,762.5334,347.0,0.08,0.227867,0.988371,25.5,0.262,21.5,25.5,7.65,25.5,0.337,21.5,25.5,5.8,25.5,0.35,21.5,25.5,3.44,25.5,0.328,21.5,25.5,5.8,25.5,0.393,21.5,25.5,3.44
669,4455.5417,186,15.542,False,30.85,True,26.14,25.011,0.318,3.040988,1.390972,1.046418,0.003333,765.5744,356.2,0.08,0.243279,1.0832,25.01,0.181,21.5,25.0,7.65,25.01,0.252,21.5,25.0,5.8,25.01,0.267,21.5,25.0,3.44,25.01,0.244,21.5,25.0,5.8,25.01,0.318,21.5,25.0,3.44
670,4455.7083,186,15.708,False,30.57,True,26.14,25.0,0.287,2.966275,1.316259,0.971705,0.436479,768.5407,366.7,0.08,0.237302,1.087733,25.0,0.163,21.5,25.0,7.65,25.0,0.228,21.5,25.0,5.8,25.0,0.242,21.5,25.0,3.44,25.0,0.221,21.5,25.0,5.8,25.0,0.287,21.5,25.0,3.44
671,4455.875,186,15.875,False,30.28,True,26.14,24.999,0.273,2.92974,1.279724,0.93517,0.003333,771.4705,377.6,0.08,0.234379,1.10627,25.0,0.155,21.5,25.0,7.65,25.0,0.218,21.5,25.0,5.8,25.0,0.232,21.5,25.0,3.44,25.0,0.211,21.5,25.0,5.8,25.0,0.273,21.5,25.0,3.44
672,4456.0333,186,16.033,False,30.0,True,26.14,24.999,0.255,2.899822,1.249806,0.905252,0.003333,774.3703,388.3,0.34,0.98594,1.126001,25.0,0.149,21.5,25.0,7.65,25.0,0.209,21.5,25.0,5.8,25.0,0.223,21.5,25.0,3.44,25.0,0.203,21.5,25.0,5.8,25.0,0.255,21.5,25.0,3.44
673,4456.2,186,16.2,False,29.45,True,8.25,25.489,0.304,1.768296,0.85162,0.507066,0.003333,776.1386,399.9,0.34,0.601221,0.707142,25.48,0.204,21.5,25.5,2.42,25.49,0.265,21.5,25.5,1.83,25.49,0.278,21.5,25.5,1.09,25.49,0.259,21.5,25.5,1.83,25.49,0.304,21.5,25.5,1.09
674,4456.3667,186,16.367,False,28.9,True,8.25,25.5,0.299,1.803528,0.886852,0.542298,0.003333,777.9421,411.7,0.34,0.613199,0.742512,25.5,0.213,21.5,25.5,2.42,25.5,0.271,21.5,25.5,1.83,25.5,0.285,21.5,25.5,1.09,25.5,0.265,21.5,25.5,1.83,25.5,0.299,21.5,25.5,1.09
675,4456.5333,186,16.533,False,28.35,True,8.25,25.5,0.284,1.779899,0.863223,0.518669,0.003333,779.722,423.6,0.34,0.605166,0.753965,25.5,0.213,21.5,25.5,2.42,25.5,0.268,21.5,25.5,1.83,25.5,0.282,21.5,25.5,1.09,25.5,0.263,21.5,25.5,1.83,25.5,0.284,21.5,25.5,1.09
676,4456.7,186,16.7,False,27.8,True,8.25,25.5,0.278,1.755788,0.839112,0.494558,0.436454,781.4778,435.6,0.34,0.596968,0.764821,25.5,0.212,21.5,25.5,2.42,25.5,0.264,21.5,25.5,1.83,25.5,0.278,21.5,25.5,1.09,25.5,0.26,21.5,25.5,1.83,25.5,0.277,21.5,25.5,1.09
677,4456.875,186,16.875,False,27.25,True,8.25,25.5,0.274,1.7321,0.815424,0.47087,0.003333,783.2099,448.1,0.34,0.588914,0.776154,25.5,0.212,21.5,25.5,2.42,25.5,0.26,21.5,25.5,1.83,25.5,0.274,21.5,25.5,1.09,25.5,0.256,21.5,25.5,1.83,25.5,0.271,21.5,25.5,1.09
678,4457.0417,186,17.042,False,26.7,True,8.25,25.5,0.269,1.70894,0.792265,0.447711,0.003333,784.9188,459.9,0.34,0.58104,0.785942,25.5,0.211,21.5,25.5,2.42,25.5,0.256,21.5,25.5,1.83,25.5,0.269,21.5,25.5,1.09,25.5,0.252,21.5,25.5,1.83,25.5,0.265,21.5,25.5,1.09
679,4457.2083,186,17.208,False,26.13,True,2.75,25.5,0.244,1.367478,0.725805,0.381251,0.003333,786.2863,471.5,0.34,0.464942,0.644766,25.5,0.202,21.5,25.5,0.81,25.5,0.244,21.5,25.5,0.61,25.5,0.257,21.5,25.5,0.36,25.5,0.241,21.5,25.5,0.61,25.5,0.252,21.5,25.5,0.36
680,4457.375,186,17.375,False,25.57,True,2.75,25.5,0.237,1.339656,0.697983,0.353429,0.003333,787.626,482.7,0.34,0.455483,0.646652,25.5,0.2,21.5,25.5,0.81,25.5,0.237,21.5,25.5,0.61,25.5,0.25,21.5,25.5,0.36,25.5,0.235,21.5,25.5,0.61,25.5,0.244,21.5,25.5,0.36
681,4457.5333,186,17.533,False,25.0,True,2.75,25.5,0.231,1.315041,0.673368,0.328814,0.003333,788.941,493.0,0.34,0.447114,0.648315,25.5,0.198,21.5,25.5,0.81,25.5,0.231,21.5,25.5,0.61,25.5,0.244,21.5,25.5,0.36,25.5,0.23,21.5,25.5,0.61,25.5,0.237,21.5,25.5,0.36
682,4457.7,186,17.7,False,24.43,True,2.75,25.5,0.227,1.292537,0.650864,0.30631,0.003333,790.2335,503.2,0.34,0.439463,0.650405,25.5,0.197,21.5,25.5,0.81,25.5,0.227,21.5,25.5,0.61,25.5,0.239,21.5,25.5,0.36,25.5,0.226,21.5,25.5,0.61,25.5,0.232,21.5,25.5,0.36
683,4457.8667,186,17.867,False,23.87,True,2.75,25.5,0.223,1.271367,0.629694,0.28514,0.003333,791.5049,512.8,0.34,0.432265,0.651957,25.5,0.197,21.5,25.5,0.81,25.5,0.223,21.5,25.5,0.61,25.5,0.235,21.5,25.5,0.36,25.5,0.223,21.5,25.5,0.61,25.5,0.228,21.5,25.5,0.36
684,4458.0417,186,18.042,False,23.3,True,2.75,25.5,0.219,1.251295,0.609622,0.265068,0.436445,792.7562,522.1,0.34,0.42544,0.653301,25.5,0.196,21.5,25.5,0.81,25.5,0.219,21.5,25.5,0.61,25.5,0.23,21.5,25.5,0.36,25.5,0.219,21.5,25.5,0.61,25.5,0.223,21.5,25.5,0.36
685,4458.2083,186,18.208,False,23.03,True,2.75,25.5,0.217,1.240202,0.598529,0.253975,0.003333,793.9964,530.2,0.34,0.421669,0.657555,25.5,0.196,21.5,25.5,0.81,25.5,0.216,21.5,25.5,0.61,25.5,0.227,21.5,25.5,0.36,25.5,0.217,21.5,25.5,0.61,25.5,0.22,21.5,25.5,0.36
686,4458.375,186,18.375,False,22.77,True,2.75,25.5,0.215,1.22945,0.587777,0.243223,0.003333,795.2259,537.3,0.34,0.418013,0.660583,25.5,0.195,21.5,25.5,0.81,25.5,0.214,21.5,25.5,0.61,25.5,0.224,21.5,25.5,0.36,25.5,0.215,21.5,25.5,0.61,25.5,0.217,21.5,25.5,0.36
687,4458.5556,186,18.556,False,22.5,True,2.75,25.02,0.133,1.386366,0.744693,0.400139,0.003333,796.6122,544.0,0.34,0.471364,0.754183,25.02,0.114,21.5,25.0,0.81,25.02,0.131,21.5,25.0,0.61,25.03,0.144,21.5,25.0,0.36,25.02,0.133,21.5,25.0,0.61,25.03,0.138,21.5,25.0,0.36
688,4458.7222,186,18.722,False,22.23,True,2.75,25.001,0.112,1.319779,0.678106,0.333552,0.003333,797.932,549.1,0.34,0.448725,0.72469,25.0,0.096,21.5,25.0,0.81,25.0,0.11,21.5,25.0,0.61,25.0,0.122,21.5,25.0,0.36,25.0,0.112,21.5,25.0,0.61,25.0,0.115,21.5,25.0,0.36
689,4458.8889,186,18.889,False,21.97,True,2.75,25.0,0.103,1.2983,0.656627,0.312073,0.003333,799.2303,553.1,0.34,0.441422,0.71809,25.0,0.088,21.5,25.0,0.81,25.0,0.1,21.5,25.0,0.61,25.0,0.111,21.5,25.0,0.36,25.0,0.103,21.5,25.0,0.61,25.0,0.105,21.5,25.0,0.36
690,4459.0556,186,19.056,False,21.7,True,2.75,25.0,0.095,1.281433,0.63976,0.295206,0.003333,800.5117,556.1,0.34,0.435687,0.712605,25.0,0.082,21.5,25.0,0.81,25.0,0.092,21.5,25.0,0.61,25.0,0.103,21.5,25.0,0.36,25.0,0.095,21.5,25.0,0.61,25.0,0.097,21.5,25.0,0.36
691,4459.25,186,19.25,False,21.78,True,1.38,25.0,0.0,1.175509,0.625503,0.280949,0.003333,801.6872,558.3,0.34,0.399673,0.656286,25.0,0.075,21.5,25.0,0.4,25.0,0.084,21.5,25.0,0.31,25.0,0.094,21.5,25.0,0.18,25.0,0.087,21.5,25.0,0.31,25.0,0.089,21.5,25.0,0.18
692,4459.4167,186,19.417,False,21.87,True,1.38,25.0,0.0,1.169712,0.619706,0.275152,0.436435,802.8569,559.0,0.34,0.397702,0.653869,25.0,0.071,21.5,25.0,0.4,25.0,0.079,21.5,25.0,0.31,25.0,0.089,21.5,25.0,0.18,25.0,0.082,21.5,25.0,0.31,25.0,0.083,21.5,25.0,0.18
693,4459.5833,186,19.583,False,21.95,True,1.38,25.0,0.0,1.167221,0.617215,0.272661,0.003333,804.0242,558.6,0.34,0.396855,0.652009,25.0,0.068,21.5,25.0,0.4,25.0,0.074,21.5,25.0,0.31,25.0,0.084,21.5,25.0,0.18,25.0,0.077,21.5,25.0,0.31,25.0,0.077,21.5,25.0,0.18
694,4459.75,186,19.75,False,22.03,True,1.38,25.0,0.0,1.164623,0.614618,0.270064,0.003333,805.1888,557.3,0.34,0.395972,0.649045,25.0,0.066,21.5,25.0,0.4,25.0,0.072,21.5,25.0,0.31,25.0,0.081,21.5,25.0,0.18,25.0,0.075,21.5,25.0,0.31,25.0,0.075,21.5,25.0,0.18
695,4459.9167,186,19.917,False,22.12,True,1.38,25.0,0.0,1.163189,0.613183,0.268629,0.003333,806.352,555.0,0.34,0.395484,0.64557,25.0,0.065,21.5,25.0,0.4,25.0,0.07,21.5,25.0,0.31,25.0,0.079,21.5,25.0,0.18,25.0,0.073,21.5,25.0,0.31,25.0,0.073,21.5,25.0,0.18
696,4460.0833,186,20.083,False,22.2,True,1.38,25.0,0.0,1.162551,0.612546,0.267992,0.003333,807.5145,551.8,0.34,0.395268,0.641496,25.0,0.064,21.5,25.0,0.4,25.0,0.069,21.5,25.0,0.31,25.0,0.077,21.5,25.0,0.18,25.0,0.072,21.5,25.0,0.31,25.0,0.071,21.5,25.0,0.18
697,4460.1667,186,20.167,False,22.2,True,1.38,25.0,0.0,1.159609,0.609603,0.265049,0.003333,808.6741,549.9,0.34,0.394267,0.637669,25.0,0.063,21.5,25.0,0.4,25.0,0.068,21.5,25.0,0.31,25.0,0.076,21.5,25.0,0.18,25.0,0.071,21.5,25.0,0.31,25.0,0.07,21.5,25.0,0.18
698,4460.3333,186,20.333,False,22.2,True,1.38,25.0,0.0,1.154779,0.604773,0.260219,0.003333,809.8289,545.5,0.34,0.392625,0.629932,25.0,0.062,21.5,25.0,0.4,25.0,0.068,21.5,25.0,0.31,25.0,0.075,21.5,25.0,0.18,25.0,0.07,21.5,25.0,0.31,25.0,0.069,21.5,25.0,0.18
699,4460.5,186,20.5,False,22.2,True,1.38,25.0,0.0,1.152639,0.602634,0.25808,0.003333,810.9816,540.4,0.34,0.391897,0.622886,25.0,0.062,21.5,25.0,0.4,25.0,0.067,21.5,25.0,0.31,25.0,0.074,21.5,25.0,0.18,25.0,0.07,21.5,25.0,0.31,25.0,0.068,21.5,25.0,0.18
700,4460.6667,186,20.667,False,22.2,True,1.38,25.0,0.0,1.150701,0.600696,0.256142,0.436409,812.1323,534.7,0.34,0.391238,0.61528,25.0,0.061,21.5,25.0,0.4,25.0,0.066,21.5,25.0,0.31,25.0,0.073,21.5,25.0,0.18,25.0,0.069,21.5,25.0,0.31,25.0,0.067,21.5,25.0,0.18
701,4460.8333,186,20.833,False,22.2,True,1.38,25.0,0.0,1.148912,0.598907,0.254353,0.003333,813.2812,528.4,0.34,0.39063,0.607085,25.0,0.06,21.5,25.0,0.4,25.0,0.066,21.5,25.0,0.31,25.0,0.072,21.5,25.0,0.18,25.0,0.069,21.5,25.0,0.31,25.0,0.066,21.5,25.0,0.18
702,4461.0,186,21.0,False,22.2,True,1.38,25.0,0.0,1.147238,0.597233,0.252679,0.003333,814.4284,521.8,0.08,0.091779,0.598629,25.0,0.06,21.5,25.0,0.4,25.0,0.065,21.5,25.0,0.31,25.0,0.071,21.5,25.0,0.18,25.0,0.068,21.5,25.0,0.31,25.0,0.065,21.5,25.0,0.18
703,4461.2222,186,21.222,False,22.3,True,1.38,25.498,0.0,0.55181,0.093473,0.00625,0.003333,814.9802,512.3,0.08,0.044145,0.282693,25.3,0.103,21.5,24.9,0.4,25.49,0.134,21.5,24.9,0.31,25.61,0.156,21.5,24.9,0.18,25.51,0.139,21.5,24.9,0.31,25.59,0.148,21.5,24.9,0.18
704,4461.3889,186,21.389,False,22.4,True,1.38,24.918,0.0,1.148111,0.689774,0.34522,0.003333,816.1283,505.0,0.08,0.091849,0.579796,24.91,0.046,21.5,24.9,0.4,24.91,0.056,21.5,24.9,0.31,24.93,0.069,21.5,24.9,0.18,24.91,0.06,21.5,24.9,0.31,24.93,0.062,21.5,24.9,0.18
705,4461.5,186,21.5,False,22.5,True,1.38,24.9,0.0,1.091366,0.633029,0.288475,0.003333,817.2197,500.0,0.08,0.087309,0.545683,24.9,0.031,21.5,24.9,0.4,24.9,0.035,21.5,24.9,0.31,24.9,0.042,21.5,24.9,0.18,24.9,0.037,21.5,24.9,0.31,24.9,0.036,21.5,24.9,0.18
706,4461.7222,186,21.722,False,22.6,True,1.38,25.345,0.0,0.604536,0.146199,0.063311,0.003333,817.8242,490.0,0.08,0.048363,0.296223,24.9,0.023,21.5,24.9,0.4,25.4,0.108,21.5,24.9,0.31,25.51,0.132,21.5,24.9,0.18,25.42,0.113,21.5,24.9,0.31,25.49,0.123,21.5,24.9,0.18
707,4461.9167,186,21.917,False,22.7,True,1.38,25.007,0.0,0.972182,0.513844,0.252177,0.003333,818.7964,481.3,0.08,0.077775,0.467911,25.27,0.081,21.5,24.9,0.4,24.93,0.045,21.5,24.9,0.31,24.96,0.061,21.5,24.9,0.18,24.93,0.049,21.5,24.9,0.31,24.96,0.054,21.5,24.9,0.18
708,4462.0,186,22.0,False,22.8,True,1.38,25.032,0.0,0.939397,0.48106,0.219393,0.003333,819.7358,477.6,0.08,0.075152,0.448656,25.55,0.139,21.5,24.9,0.4,24.9,0.024,21.5,24.9,0.31,24.91,0.034,21.5,24.9,0.18,24.9,0.027,21.5,24.9,0.31,24.91,0.028,21.5,24.9,0.18
709,4462.25,186,22.25,False,22.8,True,1.38,24.909,0.0,1.046653,0.634149,0.289595,0.436415,820.7825,466.7,0.08,0.083732,0.488473,24.95,0.044,21.5,24.9,0.4,24.9,0.015,21.5,24.9,0.31,24.9,0.023,21.5,24.9,0.18,24.9,0.017,21.5,24.9,0.31,24.9,0.017,21.5,24.9,0.18
710,4462.3889,186,22.389,False,22.8,True,1.38,25.318,0.0,0.559125,0.146621,0.063734,0.003333,821.3416,460.9,0.08,0.04473,0.257701,24.9,0.021,21.5,24.9,0.4,25.37,0.084,21.5,24.9,0.31,25.47,0.108,21.5,24.9,0.18,25.39,0.089,21.5,24.9,0.31,25.46,0.1,21.5,24.9,0.18
711,4462.5833,186,22.583,False,22.8,True,1.38,24.932,0.0,1.055665,0.643161,0.298607,0.003333,822.3973,453.1,0.08,0.084453,0.478322,24.9,0.015,21.5,24.9,0.4,24.92,0.026,21.5,24.9,0.31,24.95,0.043,21.5,24.9,0.18,24.93,0.03,21.5,24.9,0.31,24.95,0.036,21.5,24.9,0.18
712,4462.75,186,22.75,False,22.8,True,1.38,24.972,0.0,0.880105,0.467601,0.205934,0.003333,823.2774,446.7,0.08,0.070408,0.393143,25.24,0.069,21.5,24.9,0.4,24.9,0.008,21.5,24.9,0.31,24.91,0.018,21.5,24.9,0.18,24.9,0.011,21.5,24.9,0.31,24.91,0.012,21.5,24.9,0.18
713,4462.8333,186,22.833,False,22.8,True,1.38,25.019,0.0,0.872582,0.460078,0.198411,0.003333,824.1499,443.6,0.08,0.069807,0.387078,25.5,0.123,21.5,24.9,0.4,24.9,0.001,21.5,24.9,0.31,24.9,0.01,21.5,24.9,0.18,24.9,0.004,21.5,24.9,0.31,24.9,0.004,21.5,24.9,0.18
714,4463.0556,186,23.056,False,22.8,True,1.38,25.295,0.0,0.572783,0.160279,0.077391,0.003333,824.7227,435.8,0.08,0.045823,0.249619,24.92,0.034,21.5,24.9,0.4,25.34,0.068,21.5,24.9,0.31,25.44,0.092,21.5,24.9,0.18,25.35,0.073,21.5,24.9,0.31,25.42,0.084,21.5,24.9,0.18
715,4463.25,186,23.25,False,22.88,False,0.0,25.613,0.0,0.527272,0.114768,0.03188,0.003333,825.25,429.5,0.08,0.042182,0.226463,25.17,0.061,15.6,28.0,0.0,25.65,0.134,15.6,28.0,0.0,25.79,0.169,15.6,28.0,0.0,25.68,0.141,15.6,28.0,0.0,25.77,0.16,15.6,28.0,0.0
716,4463.3333,186,23.333,False,22.97,False,0.0,25.765,0.0,0.527065,0.114561,0.031673,0.003333,825.7771,427.0,0.08,0.042165,0.225057,25.36,0.095,15.6,28.0,0.0,25.79,0.167,15.6,28.0,0.0,25.94,0.207,15.6,28.0,0.0,25.82,0.177,15.6,28.0,0.0,25.92,0.197,15.6,28.0,0.0
717,4463.5,186,23.5,False,23.05,False,0.0,25.843,0.0,0.412504,0.0,0.0,0.003333,826.1896,422.2,0.08,0.033,0.174159,25.51,0.128,15.6,28.0,0.0,25.85,0.186,15.6,28.0,0.0,26.0,0.229,15.6,28.0,0.0,25.88,0.196,15.6,28.0,0.0,25.98,0.218,15.6,28.0,0.0
718,4463.6667,186,23.667,False,23.13,False,0.0,25.89,0.0,0.412504,0.0,0.0,0.436389,826.6021,417.7,0.08,0.033,0.172303,25.6,0.151,15.6,28.0,0.0,25.88,0.2,15.6,28.0,0.0,26.04,0.246,15.6,28.0,0.0,25.92,0.211,15.6,28.0,0.0,26.01,0.235,15.6,28.0,0.0
719,4463.8333,186,23.833,False,23.22,False,0.0,25.922,0.0,0.412504,0.0,0.0,0.003333,827.0146,413.6,0.08,0.033,0.170612,25.65,0.168,15.6,28.0,0.0,25.91,0.212,15.6,28.0,0.0,26.07,0.26,15.6,28.0,0.0,25.94,0.223,15.6,28.0,0.0,26.04,0.249,15.6,28.0,0.0
720,4464.0,186,24.0,False,23.3,False,0.0,25.945,0.0,0.412504,0.0,0.0,0.003333,827.4271,409.8,0.08,0.033,0.169044,25.68,0.18,15.6,28.0,0.0,25.92,0.223,15.6,28.0,0.0,26.09,0.272,15.6,28.0,0.0,25.96,0.233,15.6,28.0,0.0,26.06,0.262,15.6,28.0,0.0
721,4464.1667,187,0.167,False,23.22,False,0.0,25.955,0.0,0.412504,0.0,0.0,0.003333,827.8396,378.0,0.08,0.033,0.155927,25.7,0.19,15.6,28.0,0.0,25.93,0.23,15.6,28.0,0.0,26.1,0.282,15.6,28.0,0.0,25.97,0.242,15.6,28.0,0.0,26.07,0.271,15.6,28.0,0.0
722,4464.3333,187,0.333,False,23.13,False,0.0,25.959,0.0,0.412504,0.0,0.0,0.003333,828.2521,378.5,0.08,0.033,0.156133,25.71,0.198,15.6,28.0,0.0,25.93,0.237,15.6,28.0,0.0,26.11,0.29,15.6,28.0,0.0,25.98,0.248,15.6,28.0,0.0,26.08,0.279,15.6,28.0,0.0
723,4464.5,187,0.5,False,23.05,False,0.0,25.96,0.0,0.412504,0.0,0.0,0.003333,828.6646,378.9,0.08,0.033,0.156298,25.71,0.204,15.6,28.0,0.0,25.93,0.242,15.6,28.0,0.0,26.11,0.297,15.6,28.0,0.0,25.97,0.254,15.6,28.0,0.0,26.08,0.286,15.6,28.0,0.0
724,4464.6667,187,0.667,False,22.97,False,0.0,25.957,0.0,0.412504,0.0,0.0,0.003333,829.0771,379.3,0.08,0.033,0.156463,25.71,0.209,15.6,28.0,0.0,25.93,0.246,15.6,28.0,0.0,26.11,0.302,15.6,28.0,0.0,25.97,0.259,15.6,28.0,0.0,26.07,0.291,15.6,28.0,0.0
725,4464.8333,187,0.833,False,22.88,False,0.0,25.953,0.0,0.412504,0.0,0.0,0.003333,829.4896,379.4,0.08,0.033,0.156504,25.7,0.214,15.6,28.0,0.0,25.92,0.249,15.6,28.0,0.0,26.1,0.307,15.6,28.0,0.0,25.97,0.263,15.6,28.0,0.0,26.07,0.296,15.6,28.0,0.0
726,4465.0,187,1.0,False,22.8,False,0.0,25.946,0.0,0.412504,0.0,0.0,0.003333,829.9021,379.5,0.08,0.033,0.156545,25.7,0.218,15.6,28.0,0.0,25.91,0.252,15.6,28.0,0.0,26.09,0.311,15.6,28.0,0.0,25.96,0.266,15.6,28.0,0.0,26.06,0.3,15.6,28.0,0.0
727,4465.1667,187,1.167,False,22.8,False,0.0,25.942,0.0,0.412504,0.0,0.0,0.003333,830.3146,379.4,0.08,0.033,0.156504,25.7,0.221,15.6,28.0,0.0,25.91,0.255,15.6,28.0,0.0,26.09,0.315,15.6,28.0,0.0,25.96,0.269,15.6,28.0,0.0,26.06,0.304,15.6,28.0,0.0
728,4465.3333,187,1.333,False,22.8,False,0.0,25.938,0.0,0.412504,0.0,0.0,0.436408,830.7271,379.3,0.08,0.033,0.156463,25.69,0.224,15.6,28.0,0.0,25.9,0.257,15.6,28.0,0.0,26.09,0.318,15.6,28.0,0.0,25.95,0.271,15.6,28.0,0.0,26.05,0.307,15.6,28.0,0.0
729,4465.5,187,1.5,False,22.8,False,0.0,25.933,0.0,0.412504,0.0,0.0,0.003333,831.1396,378.9,0.08,0.033,0.156298,25.69,0.227,15.6,28.0,0.0,25.9,0.258,15.6,28.0,0.0,26.08,0.32,15.6,28.0,0.0,25.95,0.273,15.6,28.0,0.0,26.05,0.309,15.6,28.0,0.0
730,4465.6667,187,1.667,False,22.8,False,0.0,25.927,0.0,0.412504,0.0,0.0,0.003333,831.5521,378.5,0.08,0.033,0.156133,25.69,0.229,15.6,28.0,0.0,25.89,0.259,15.6,28.0,0.0,26.07,0.322,15.6,28.0,0.0,25.94,0.275,15.6,28.0,0.0,26.04,0.311,15.6,28.0,0.0
731,4465.8333,187,1.833,False,22.8,False,0.0,25.921,0.0,0.412504,0.0,0.0,0.003333,831.9646,378.0,0.08,0.033,0.155927,25.69,0.23,15.6,28.0,0.0,25.88,0.259,15.6,28.0,0.0,26.07,0.323,15.6,28.0,0.0,25.93,0.275,15.6,28.0,0.0,26.04,0.312,15.6,28.0,0.0
732,4466.0,187,2.0,False,22.8,False,0.0,25.915,0.0,0.412504,0.0,0.0,0.003333,832.3771,377.3,0.08,0.033,0.155638,25.69,0.231,15.6,28.0,0.0,25.87,0.259,15.6,28.0,0.0,26.06,0.323,15.6,28.0,0.0,25.93,0.276,15.6,28.0,0.0,26.03,0.312,15.6,28.0,0.0
733,4466.1667,187,2.167,False,22.7,False,0.0,25.903,0.0,0.412504,0.0,0.0,0.003333,832.7896,376.5,0.08,0.033,0.155308,25.68,0.231,15.6,28.0,0.0,25.86,0.258,15.6,28.0,0.0,26.05,0.322,15.6,28.0,0.0,25.92,0.275,15.6,28.0,0.0,26.02,0.312,15.6,28.0,0.0
734,4466.3333,187,2.333,False,22.6,False,0.0,25.89,0.0,0.412504,0.0,0.0,0.003333,833.2021,375.6,0.08,0.033,0.154937,25.67,0.231,15.6,28.0,0.0,25.84,0.257,15.6,28.0,0.0,26.03,0.321,15.6,28.0,0.0,25.9,0.274,15.6,28.0,0.0,26.0,0.311,15.6,28.0,0.0
735,4466.5,187,2.5,False,22.5,False,0.0,25.875,0.0,0.412504,0.0,0.0,0.003333,833.6146,374.6,0.08,0.033,0.154524,25.66,0.23,15.6,28.0,0.0,25.83,0.255,15.6,28.0,0.0,26.02,0.32,15.6,28.0,0.0,25.89,0.273,15.6,28.0,0.0,25.99,0.31,15.6,28.0,0.0
736,4466.6667,187,2.667,False,22.4,False,0.0,25.859,0.0,0.412504,0.0,0.0,0.003333,834.0271,373.4,0.08,0.033,0.154029,25.64,0.229,15.6,28.0,0.0,25.81,0.254,15.6,28.0,0.0,26.0,0.319,15.6,28.0,0.0,25.87,0.272,15.6,28.0,0.0,25.97,0.308,15.6,28.0,0.0
737,4466.8333,187,2.833,False,22.3,False,0.0,25.842,0.0,0.412504,0.0,0.0,0.436399,834.4396,372.2,0.08,0.033,0.153534,25.63,0.228,15.6,28.0,0.0,25.79,0.252,15.6,28.0,0.0,25.98,0.317,15.6,28.0,0.0,25.86,0.27,15.6,28.0,0.0,25.95,0.307,15.6,28.0,0.0
738,4467.0,187,3.0,False,22.2,False,0.0,25.825,0.0,0.412504,0.0,0.0,0.003333,834.8522,370.8,0.08,0.033,0.152956,25.61,0.227,15.6,28.0,0.0,25.77,0.249,15.6,28.0,0.0,25.96,0.315,15.6,28.0,0.0,25.84,0.268,15.6,28.0,0.0,25.93,0.305,15.6,28.0,0.0
739,4467.1667,187,3.167,False,22.2,False,0.0,25.811,0.0,0.412504,0.0,0.0,0.003333,835.2647,369.4,0.08,0.033,0.152379,25.6,0.226,15.6,28.0,0.0,25.76,0.248,15.6,28.0,0.0,25.95,0.314,15.6,28.0,0.0,25.83,0.267,15.6,28.0,0.0,25.92,0.303,15.6,28.0,0.0
740,4467.3333,187,3.333,False,22.2,False,0.0,25.8,0.0,0.412504,0.0,0.0,0.003333,835.6772,367.8,0.08,0.033,0.151719,25.6,0.225,15.6,28.0,0.0,25.75,0.246,15.6,28.0,0.0,25.94,0.312,15.6,28.0,0.0,25.81,0.266,15.6,28.0,0.0,25.91,0.302,15.6,28.0,0.0
741,4467.5,187,3.5,False,22.2,False,0.0,25.789,0.0,0.412504,0.0,0.0,0.003333,836.0897,366.1,0.08,0.033,0.151018,25.59,0.224,15.6,28.0,0.0,25.74,0.244,15.6,28.0,0.0,25.93,0.31,15.6,28.0,0.0,25.8,0.264,15.6,28.0,0.0,25.89,0.3,15.6,28.0,0.0
742,4467.6667,187,3.667,False,22.2,False,0.0,25.778,0.0,0.412504,0.0,0.0,0.003333,836.5022,364.4,0.08,0.033,0.150316,25.58,0.222,15.6,28.0,0.0,25.72,0.242,15.6,28.0,0.0,25.91,0.308,15.6,28.0,0.0,25.79,0.262,15.6,28.0,0.0,25.88,0.297,15.6,28.0,0.0
743,4467.8333,187,3.833,False,22.2,False,0.0,25.768,0.0,0.412504,0.0,0.0,0.003333,836.9147,362.5,0.08,0.033,0.149533,25.57,0.219,15.6,28.0,0.0,25.71,0.239,15.6,28.0,0.0,25.9,0.305,15.6,28.0,0.0,25.78,0.259,15.6,28.0,0.0,25.87,0.294,15.6,28.0,0.0
744,4468.0,187,4.0,False,22.2,False,0.0,25.757,0.0,0.412504,0.0,0.0,0.003333,837.3272,360.5,0.08,0.033,0.148708,25.57,0.216,15.6,28.0,0.0,25.7,0.236,15.6,28.0,0.0,25.89,0.301,15.6,28.0,0.0,25.77,0.256,15.6,28.0,0.0,25.86,0.291,15.6,28.0,0.0
745,4468.1667,187,4.167,False,22.2,False,0.0,25.756,0.0,0.458338,0.0,0.0,0.003333,837.7855,358.5,0.08,0.036667,0.164314,25.57,0.217,15.6,28.0,0.0,25.7,0.235,15.6,28.0,0.0,25.89,0.301,15.6,28.0,0.0,25.77,0.256,15.6,28.0,0.0,25.86,0.291,15.6,28.0,0.0
746,4468.3333,187,4.333,False,22.2,False,0.0,25.752,0.0,0.458338,0.0,0.0,0.436395,838.2439,356.4,0.08,0.036667,0.163352,25.57,0.217,15.6,28.0,0.0,25.69,0.234,15.6,28.0,0.0,25.88,0.299,15.6,28.0,0.0,25.77,0.255,15.6,28.0,0.0,25.85,0.289,15.6,28.0,0.0
747,4468.5,187,4.5,False,22.2,False,0.0,25.746,0.0,0.458338,0.0,0.0,0.003333,838.7022,354.2,0.08,0.036667,0.162343,25.57,0.216,15.6,28.0,0.0,25.69,0.232,15.6,28.0,0.0,25.87,0.297,15.6,28.0,0.0,25.76,0.254,15.6,28.0,0.0,25.84,0.287,15.6,28.0,0.0
748,4468.6667,187,4.667,False,22.2,False,0.0,25.738,0.0,0.458338,0.0,0.0,0.003333,839.1605,351.9,0.08,0.036667,0.161289,25.57,0.216,15.6,28.0,0.0,25.68,0.23,15.6,28.0,0.0,25.86,0.295,15.6,28.0,0.0,25.75,0.252,15.6,28.0,0.0,25.83,0.285,15.6,28.0,0.0
749,4468.8333,187,4.833,False,22.2,False,0.0,25.73,0.0,0.458338,0.0,0.0,0.003333,839.6189,349.5,0.08,0.036667,0.160189,25.56,0.215,15.6,28.0,0.0,25.67,0.229,15.6,28.0,0.0,25.85,0.293,15.6,28.0,0.0,25.74,0.25,15.6,28.0,0.0,25.82,0.283,15.6,28.0,0.0
750,4469.0,187,5.0,False,22.2,False,0.0,25.721,0.0,0.458338,0.0,0.0,0.003333,840.0772,347.1,0.08,0.036667,0.159089,25.56,0.215,15.6,28.0,0.0,25.66,0.227,15.6,28.0,0.0,25.84,0.291,15.6,28.0,0.0,25.73,0.249,15.6,28.0,0.0,25.81,0.281,15.6,28.0,0.0
751,4469.25,187,5.25,False,22.2,True,2.75,25.523,0.204,1.021882,0.563545,0.21899,0.003333,841.0991,343.4,0.08,0.081751,0.350914,25.5,0.196,21.5,25.5,0.81,25.51,0.193,21.5,25.5,0.61,25.54,0.229,21.5,25.5,0.36,25.52,0.204,21.5,25.5,0.61,25.54,0.223,21.5,25.5,0.36
752,4469.3333,187,5.333,False,22.2,True,2.75,25.502,0.188,0.988253,0.529916,0.185361,0.003333,842.0873,342.1,0.08,0.07906,0.338081,25.5,0.185,21.5,25.5,0.81,25.5,0.18,21.5,25.5,0.61,25.5,0.205,21.5,25.5,0.36,25.5,0.188,21.5,25.5,0.61,25.5,0.2,21.5,25.5,0.36
753,4469.5,187,5.5,False,22.2,True,2.75,25.501,0.178,0.982271,0.523933,0.179379,0.003333,843.0696,339.5,0.08,0.078582,0.333481,25.5,0.176,21.5,25.5,0.81,25.5,0.171,21.5,25.5,0.61,25.5,0.192,21.5,25.5,0.36,25.5,0.178,21.5,25.5,0.61,25.5,0.187,21.5,25.5,0.36
754,4469.6667,187,5.667,False,22.2,True,2.75,25.5,0.169,0.97759,0.519252,0.174698,0.003333,844.0472,336.9,0.08,0.078207,0.32935,25.5,0.168,21.5,25.5,0.81,25.5,0.163,21.5,25.5,0.61,25.5,0.18,21.5,25.5,0.36,25.5,0.169,21.5,25.5,0.61,25.5,0.175,21.5,25.5,0.36
755,4469.8333,187,5.833,False,22.2,True,2.75,25.5,0.171,0.980513,0.522176,0.177621,0.436394,845.0277,334.2,0.08,0.078441,0.327688,25.5,0.161,21.5,25.5,0.81,25.5,0.158,21.5,25.5,0.61,25.5,0.191,21.5,25.5,0.36,25.5,0.171,21.5,25.5,0.61,25.5,0.167,21.5,25.5,0.36
756,4470.0,187,6.0,False,22.2,True,2.75,25.5,0.168,0.981757,0.52342,0.178866,0.003333,846.0095,331.5,0.08,0.078541,0.325453,25.5,0.154,21.5,25.5,0.81,25.5,0.152,21.5,25.5,0.61,25.5,0.195,21.5,25.5,0.36,25.5,0.168,21.5,25.5,0.61,25.5,0.159,21.5,25.5,0.36
757,4470.1667,187,6.167,False,22.38,True,5.5,25.5,0.211,1.131332,0.489659,0.145105,0.003333,847.1408,328.8,0.08,0.090507,0.371982,25.5,0.16,21.5,25.5,1.61,25.5,0.16,21.5,25.5,1.22,25.5,0.211,21.5,25.5,0.72,25.5,0.179,21.5,25.5,1.22,25.5,0.163,21.5,25.5,0.72
758,4470.3333,187,6.333,False,22.57,True,5.5,25.5,0.22,1.143602,0.501929,0.157375,0.003333,848.2844,326.0,0.08,0.091488,0.372814,25.5,0.162,21.5,25.5,1.61,25.5,0.164,21.5,25.5,1.22,25.5,0.22,21.5,25.5,0.72,25.5,0.185,21.5,25.5,1.22,25.5,0.165,21.5,25.5,0.72
759,4470.5833,187,6.583,False,22.75,True,5.5,25.5,0.229,1.154543,0.51287,0.168316,0.003333,849.4389,321.8,0.08,0.092363,0.371532,25.5,0.164,21.5,25.5,1.61,25.5,0.168,21.5,25.5,1.22,25.5,0.229,21.5,25.5,0.72,25.5,0.189,21.5,25.5,1.22,25.5,0.166,21.5,25.5,0.72
760,4470.75,187,6.75,False,22.93,True,5.5,25.5,0.235,1.164654,0.522982,0.178427,0.003333,850.6036,319.0,0.08,0.093172,0.371525,25.5,0.165,21.5,25.5,1.61,25.5,0.172,21.5,25.5,1.22,25.5,0.235,21.5,25.5,0.72,25.5,0.192,21.5,25.5,1.22,25.5,0.168,21.5,25.5,0.72
761,4470.9167,187,6.917,False,23.12,True,5.5,25.046,0.168,1.333755,0.692082,0.347528,0.003333,851.9374,316.2,0.08,0.1067,0.421733,25.04,0.089,21.5,25.0,1.61,25.03,0.098,21.5,25.0,1.22,25.06,0.168,21.5,25.0,0.72,25.04,0.118,21.5,25.0,1.22,25.06,0.098,21.5,25.0,0.72
762,4471.0833,187,7.083,False,23.3,True,5.5,25.006,0.149,1.290896,0.649224,0.304669,0.003333,853.2283,313.3,0.08,0.103272,0.404438,25.0,0.071,21.5,25.0,1.61,25.0,0.082,21.5,25.0,1.22,25.01,0.149,21.5,25.0,0.72,25.0,0.099,21.5,25.0,1.22,25.01,0.077,21.5,25.0,0.72
763,4471.2222,187,7.222,False,23.68,True,26.14,25.0,0.166,2.484563,0.834547,0.489993,0.436459,855.7128,311.0,0.08,0.198765,0.772699,25.0,0.089,21.5,25.0,7.65,25.0,0.099,21.5,25.0,5.8,25.0,0.166,21.5,25.0,3.44,25.0,0.114,21.5,25.0,5.8,25.0,0.092,21.5,25.0,3.44
764,4471.3889,187,7.389,False,24.07,True,26.14,24.999,0.169,2.509106,0.85909,0.514536,0.003333,858.2219,308.2,0.08,0.200728,0.773306,25.0,0.089,21.5,25.0,7.65,25.0,0.1,21.5,25.0,5.8,25.0,0.169,21.5,25.0,3.44,25.0,0.113,21.5,25.0,5.8,25.0,0.094,21.5,25.0,3.44
765,4471.5556,187,7.556,False,24.45,True,26.14,24.999,0.167,2.5238,0.873784,0.52923,0.003333,860.7457,305.4,0.08,0.201904,0.770768,25.0,0.087,21.5,25.0,7.65,25.0,0.101,21.5,25.0,5.8,25.0,0.167,21.5,25.0,3.44,25.0,0.111,21.5,25.0,5.8,25.0,0.095,21.5,25.0,3.44
766,4471.7222,187,7.722,False,24.83,True,26.14,24.999,0.185,2.542957,0.892941,0.548387,0.003333,863.2887,302.6,0.08,0.203437,0.769499,25.0,0.086,21.5,25.0,7.65,25.0,0.102,21.5,25.0,5.8,25.0,0.185,21.5,25.0,3.44,25.0,0.112,21.5,25.0,5.8,25.0,0.097,21.5,25.0,3.44
767,4471.875,187,7.875,False,25.22,True,26.14,24.902,0.183,2.597114,0.947098,0.602544,0.003333,865.8858,300.1,0.08,0.207769,0.779394,24.9,0.067,21.5,24.9,7.65,24.9,0.087,21.5,24.9,5.8,24.9,0.183,21.5,24.9,3.44,24.9,0.095,21.5,24.9,5.8,24.9,0.081,21.5,24.9,3.44
768,4472.0417,187,8.042,False,25.6,True,26.14,24.9,0.199,2.605135,0.955119,0.610565,0.003333,868.4909,297.3,0.08,0.208411,0.774507,24.9,0.062,21.5,24.9,7.65,24.9,0.085,21.5,24.9,5.8,24.9,0.199,21.5,24.9,3.44,24.9,0.092,21.5,24.9,5.8,24.9,0.079,21.5,24.9,3.44
769,4472.2,187,8.2,False,25.87,True,26.14,24.899,0.213,2.616721,0.966705,0.62215,0.003333,871.1076,294.8,0.08,0.209338,0.771409,24.9,0.059,21.5,24.9,7.65,24.9,0.085,21.5,24.9,5.8,24.9,0.213,21.5,24.9,3.44,24.9,0.089,21.5,24.9,5.8,24.9,0.079,21.5,24.9,3.44
770,4472.3667,187,8.367,False,26.13,True,26.14,24.9,0.227,2.629444,0.979428,0.634874,0.436476,873.7371,292.1,0.08,0.210356,0.768061,24.9,0.057,21.5,24.9,7.65,24.9,0.086,21.5,24.9,5.8,24.9,0.227,21.5,24.9,3.44,24.9,0.086,21.5,24.9,5.8,24.9,0.079,21.5,24.9,3.44
771,4472.5333,187,8.533,False,26.4,True,26.14,24.9,0.241,2.647551,0.997535,0.652981,0.003333,876.3846,289.5,0.08,0.211804,0.766466,24.9,0.055,21.5,24.9,7.65,24.9,0.087,21.5,24.9,5.8,24.9,0.241,21.5,24.9,3.44,24.9,0.086,21.5,24.9,5.8,24.9,0.079,21.5,24.9,3.44
772,4472.7,187,8.7,False,26.67,True,26.14,24.9,0.249,2.660247,1.010231,0.665677,0.003333,879.0449,286.9,0.08,0.21282,0.763225,24.9,0.053,21.5,24.9,7.65,24.9,0.088,21.5,24.9,5.8,24.9,0.249,21.5,24.9,3.44,24.9,0.086,21.5,24.9,5.8,24.9,0.08,21.5,24.9,3.44
773,4472.8667,187,8.867,False,26.93,True,26.14,24.9,0.255,2.671465,1.021449,0.676895,0.003333,881.7164,284.4,0.08,0.213717,0.759765,24.9,0.051,21.5,24.9,7.65,24.9,0.089,21.5,24.9,5.8,24.9,0.255,21.5,24.9,3.44,24.9,0.086,21.5,24.9,5.8,24.9,0.081,21.5,24.9,3.44
774,4473.0333,187,9.033,False,27.2,True,26.14,24.9,0.259,2.68225,1.032234,0.68768,0.003333,884.3986,282.0,0.08,0.21458,0.756394,24.9,0.05,21.5,24.9,7.65,24.9,0.09,21.5,24.9,5.8,24.9,0.259,21.5,24.9,3.44,24.9,0.087,21.5,24.9,5.8,24.9,0.081,21.5,24.9,3.44
775,4473.2,187,9.2,False,27.3,True,26.14,24.998,0.279,2.652458,1.002442,0.657888,0.003333,887.0511,279.6,0.08,0.212197,0.741627,25.0,0.065,21.5,25.0,7.65,25.0,0.108,21.5,25.0,5.8,25.0,0.279,21.5,25.0,3.44,25.0,0.104,21.5,25.0,5.8,25.0,0.099,21.5,25.0,3.44
776,4473.3667,187,9.367,False,27.4,True,26.14,25.0,0.287,2.673583,1.023567,0.679013,0.436477,889.7246,277.3,0.08,0.213887,0.741385,25.0,0.069,21.5,25.0,7.65,25.0,0.114,21.5,25.0,5.8,25.0,0.287,21.5,25.0,3.44,25.0,0.11,21.5,25.0,5.8,25.0,0.105,21.5,25.0,3.44
777,4473.5333,187,9.533,False,27.5,True,26.14,25.0,0.288,2.684586,1.03457,0.690016,0.003333,892.4092,275.1,0.08,0.214767,0.73853,25.0,0.072,21.5,25.0,7.65,25.0,0.119,21.5,25.0,5.8,25.0,0.288,21.5,25.0,3.44,25.0,0.115,21.5,25.0,5.8,25.0,0.11,21.5,25.0,3.44
778,4473.7,187,9.7,False,27.6,True,26.14,25.0,0.28,2.691417,1.041401,0.696847,0.003333,895.1007,272.9,0.08,0.215313,0.734488,25.0,0.075,21.5,25.0,7.65,25.0,0.122,21.5,25.0,5.8,25.0,0.28,21.5,25.0,3.44,25.0,0.118,21.5,25.0,5.8,25.0,0.114,21.5,25.0,3.44
779,4473.875,187,9.875,False,27.7,True,26.14,25.0,0.271,2.697259,1.047243,0.702689,0.003333,897.7979,270.8,0.08,0.215781,0.730418,25.0,0.078,21.5,25.0,7.65,25.0,0.126,21.5,25.0,5.8,25.0,0.271,21.5,25.0,3.44,25.0,0.121,21.5,25.0,5.8,25.0,0.118,21.5,25.0,3.44
780,4474.0556,187,10.056,False,27.8,True,26.14,25.0,0.259,2.702498,1.052482,0.707928,0.003333,900.5004,268.7,0.08,0.2162,0.726161,25.0,0.081,21.5,25.0,7.65,25.0,0.129,21.5,25.0,5.8,25.0,0.259,21.5,25.0,3.44,25.0,0.124,21.5,25.0,5.8,25.0,0.121,21.5,25.0,3.44
781,4474.2222,187,10.222,False,27.88,True,26.14,25.0,0.249,2.706068,1.056052,0.711498,0.003333,903.2065,266.9,0.08,0.216485,0.72225,25.0,0.083,21.5,25.0,7.65,25.0,0.131,21.5,25.0,5.8,25.0,0.249,21.5,25.0,3.44,25.0,0.127,21.5,25.0,5.8,25.0,0.124,21.5,25.0,3.44
782,4474.4167,187,10.417,False,27.97,True,26.14,24.999,0.238,2.709424,1.059408,0.714854,0.436473,905.9159,264.9,0.08,0.216754,0.717726,25.0,0.086,21.5,25.0,7.65,25.0,0.134,21.5,25.0,5.8,25.0,0.238,21.5,25.0,3.44,25.0,0.129,21.5,25.0,5.8,25.0,0.127,21.5,25.0,3.44
783,4474.5833,187,10.583,False,28.05,True,26.14,24.999,0.228,2.712565,1.062549,0.717995,0.003333,908.6285,263.4,0.08,0.217005,0.71449,25.0,0.088,21.5,25.0,7.65,25.0,0.136,21.5,25.0,5.8,25.0,0.228,21.5,25.0,3.44,25.0,0.131,21.5,25.0,5.8,25.0,0.129,21.5,25.0,3.44
784,4474.75,187,10.75,False,28.13,True,26.14,24.999,0.224,2.718181,1.068165,0.72361,0.003333,911.3466,262.0,0.08,0.217454,0.712163,25.0,0.09,21.5,25.0,7.65,25.0,0.139,21.5,25.0,5.8,25.0,0.224,21.5,25.0,3.44,25.0,0.134,21.5,25.0,5.8,25.0,0.132,21.5,25.0,3.44
785,4474.8889,187,10.889,False,28.22,True,26.14,25.0,0.219,2.724268,1.074252,0.729698,0.003333,914.0709,260.9,0.08,0.217941,0.710762,25.0,0.093,21.5,25.0,7.65,25.0,0.142,21.5,25.0,5.8,25.0,0.219,21.5,25.0,3.44,25.0,0.138,21.5,25.0,5.8,25.0,0.136,21.5,25.0,3.44
786,4475.0556,187,11.056,False,28.3,True,26.14,24.999,0.213,2.72882,1.078804,0.73425,0.003333,916.7997,259.8,0.08,0.218306,0.708947,25.0,0.095,21.5,25.0,7.65,25.0,0.145,21.5,25.0,5.8,25.0,0.213,21.5,25.0,3.44,25.0,0.14,21.5,25.0,5.8,25.0,0.138,21.5,25.0,3.44
787,4475.2083,187,11.208,False,28.58,True,13.76,25.0,0.202,2.597711,1.039362,0.694808,0.436497,919.3974,258.9,0.08,0.207817,0.672547,25.0,0.093,21.5,25.0,4.03,25.0,0.144,21.5,25.0,3.05,25.0,0.202,21.5,25.0,1.81,25.0,0.139,21.5,25.0,3.05,25.0,0.137,21.5,25.0,1.81
788,4475.375,187,11.375,False,28.87,True,13.76,25.0,0.193,2.606045,1.047697,0.703143,0.003333,922.0035,258.1,0.08,0.208484,0.67262,25.0,0.093,21.5,25.0,4.03,25.0,0.145,21.5,25.0,3.05,25.0,0.193,21.5,25.0,1.81,25.0,0.14,21.5,25.0,3.05,25.0,0.139,21.5,25.0,1.81
789,4475.5333,187,11.533,False,29.15,True,13.76,25.49,0.266,2.411763,0.853415,0.508861,0.003333,924.4153,257.5,0.08,0.192941,0.621029,25.48,0.174,21.5,25.5,4.03,25.49,0.229,21.5,25.5,3.05,25.49,0.266,21.5,25.5,1.81,25.49,0.223,21.5,25.5,3.05,25.49,0.221,21.5,25.5,1.81
790,4475.7,187,11.7,False,29.43,True,13.76,25.5,0.284,2.498227,0.939879,0.595324,0.003333,926.9135,257.1,0.08,0.199858,0.642294,25.5,0.193,21.5,25.5,4.03,25.5,0.247,21.5,25.5,3.05,25.5,0.284,21.5,25.5,1.81,25.5,0.241,21.5,25.5,3.05,25.5,0.239,21.5,25.5,1.81
791,4475.875,187,11.875,False,29.72,True,13.76,25.5,0.29,2.520357,0.962009,0.617455,0.003333,929.4338,256.9,0.08,0.201629,0.64748,25.5,0.201,21.5,25.5,4.03,25.5,0.254,21.5,25.5,3.05,25.5,0.29,21.5,25.5,1.81,25.5,0.248,21.5,25.5,3.05,25.5,0.247,21.5,25.5,1.81
792,4476.0556,187,12.056,False,30.0,True,13.76,25.5,0.294,2.537738,0.97939,0.634836,0.003333,931.9716,257.0,0.08,0.203019,0.652199,25.5,0.207,21.5,25.5,4.03,25.5,0.26,21.5,25.5,3.05,25.5,0.294,21.5,25.5,1.81,25.5,0.254,21.5,25.5,3.05,25.5,0.252,21.5,25.5,1.81
793,4476.2222,187,12.222,False,30.28,True,26.14,25.5,0.301,2.696381,1.046365,0.701811,0.436493,934.668,257.4,0.08,0.21571,0.694048,25.5,0.215,21.5,25.5,7.65,25.5,0.268,21.5,25.5,5.8,25.5,0.301,21.5,25.5,3.44,25.5,0.262,21.5,25.5,5.8,25.5,0.26,21.5,25.5,3.44
794,4476.4167,187,12.417,False,30.57,True,26.14,25.499,0.305,2.713307,1.063291,0.718737,0.003333,937.3813,258.3,0.08,0.217065,0.700847,25.5,0.22,21.5,25.5,7.65,25.5,0.273,21.5,25.5,5.8,25.5,0.305,21.5,25.5,3.44,25.5,0.267,21.5,25.5,5.8,25.5,0.265,21.5,25.5,3.44
795,4476.5833,187,12.583,False,30.85,True,26.14,25.499,0.308,2.728503,1.078487,0.733933,0.003333,940.1098,259.3,0.08,0.21828,0.707501,25.5,0.223,21.5,25.5,7.65,25.5,0.277,21.5,25.5,5.8,25.5,0.308,21.5,25.5,3.44,25.5,0.271,21.5,25.5,5.8,25.5,0.268,21.5,25.5,3.44
796,4476.75,187,12.75,False,31.13,True,26.14,25.499,0.311,2.743401,1.093385,0.748831,0.003333,942.8532,260.7,0.08,0.219472,0.715205,25.5,0.226,21.5,25.5,7.65,25.5,0.281,21.5,25.5,5.8,25.5,0.311,21.5,25.5,3.44,25.5,0.274,21.5,25.5,5.8,25.5,0.272,21.5,25.5,3.44
797,4476.9167,187,12.917,False,31.42,True,26.14,25.043,0.243,2.942174,1.292158,0.947604,0.003333,945.7953,262.5,0.08,0.235374,0.772321,25.03,0.151,21.0,25.0,7.65,25.03,0.209,21.0,25.0,5.8,25.06,0.243,21.0,25.0,3.44,25.04,0.202,21.0,25.0,5.8,25.06,0.204,21.0,25.0,3.44
798,4477.0,187,13.0,False,31.7,True,26.14,25.002,0.219,2.916001,1.265985,0.921431,0.436464,948.7113,263.5,0.08,0.23328,0.768366,25.0,0.131,21.0,25.0,7.65,25.0,0.189,21.0,25.0,5.8,25.0,0.219,21.0,25.0,3.44,25.0,0.182,21.0,25.0,5.8,25.0,0.182,21.0,25.0,3.44
799,4477.1667,187,13.167,False,31.78,True,26.14,24.999,0.213,2.905466,1.25545,0.910896,0.003333,951.6168,265.9,0.08,0.232437,0.772563,25.0,0.125,21.0,25.0,7.65,25.0,0.183,21.0,25.0,5.8,25.0,0.213,21.0,25.0,3.44,25.0,0.177,21.0,25.0,5.8,25.0,0.176,21.0,25.0,3.44
800,4477.3333,187,13.333,False,31.87,True,26.14,24.999,0.209,2.90046,1.250444,0.90589,0.003333,954.5173,268.7,0.08,0.232037,0.779354,25.0,0.119,21.0,25.0,7.65,25.0,0.18,21.0,25.0,5.8,25.0,0.209,21.0,25.0,3.44,25.0,0.173,21.0,25.0,5.8,25.0,0.172,21.0,25.0,3.44
801,4477.5,187,13.5,False,31.95,True,26.14,24.999,0.208,2.900665,1.250649,0.906094,0.003333,957.4179,271.9,0.08,0.232053,0.788691,25.0,0.115,21.0,25.0,7.65,25.0,0.18,21.0,25.0,5.8,25.0,0.208,21.0,25.0,3.44,25.0,0.172,21.0,25.0,5.8,25.0,0.171,21.0,25.0,3.44
802,4477.6667,187,13.667,False,32.03,True,26.14,24.999,0.208,2.895287,1.245271,0.900716,0.003333,960.3132,275.7,0.08,0.231623,0.798231,25.0,0.113,21.0,25.0,7.65,25.0,0.181,21.0,25.0,5.8,25.0,0.208,21.0,25.0,3.44,25.0,0.172,21.0,25.0,5.8,25.0,0.171,21.0,25.0,3.44
803,4477.8333,187,13.833,False,32.12,True,26.14,24.999,0.208,2.899691,1.249675,0.905121,0.003333,963.2129,280.0,0.08,0.231975,0.811914,25.0,0.111,21.0,25.0,7.65,25.0,0.182,21.0,25.0,5.8,25.0,0.208,21.0,25.0,3.44,25.0,0.173,21.0,25.0,5.8,25.0,0.177,21.0,25.0,3.44
804,4478.0,187,14.0,False,32.2,True,26.14,24.999,0.209,2.905669,1.255653,0.911099,0.003333,966.1186,284.8,0.08,0.232454,0.827535,25.0,0.11,21.0,25.0,7.65,25.0,0.183,21.0,25.0,5.8,25.0,0.209,21.0,25.0,3.44,25.0,0.174,21.0,25.0,5.8,25.0,0.185,21.0,25.0,3.44
805,4478.1667,187,14.167,False,32.3,True,26.14,24.999,0.211,2.915357,1.265341,0.920787,0.436462,969.0339,290.1,0.08,0.233229,0.845745,25.0,0.109,21.0,25.0,7.65,25.0,0.186,21.0,25.0,5.8,25.0,0.211,21.0,25.0,3.44,25.0,0.176,21.0,25.0,5.8,25.0,0.195,21.0,25.0,3.44
806,4478.3333,187,14.333,False,32.4,True,26.14,24.999,0.213,2.924761,1.274745,0.93019,0.003333,971.9587,296.0,0.08,0.233981,0.865729,25.0,0.108,21.0,25.0,7.65,25.0,0.189,21.0,25.0,5.8,25.0,0.213,21.0,25.0,3.44,25.0,0.178,21.0,25.0,5.8,25.0,0.204,21.0,25.0,3.44
807,4478.5,187,14.5,False,32.5,True,26.14,24.999,0.216,2.934484,1.284468,0.939914,0.003333,974.8932,302.5,0.08,0.234759,0.887682,25.0,0.108,21.0,25.0,7.65,25.0,0.192,21.0,25.0,5.8,25.0,0.216,21.0,25.0,3.44,25.0,0.18,21.0,25.0,5.8,25.0,0.213,21.0,25.0,3.44
808,4478.6667,187,14.667,False,32.6,True,26.14,24.999,0.223,2.942206,1.29219,0.947636,0.003333,977.8354,309.6,0.08,0.235377,0.910907,25.0,0.108,21.0,25.0,7.65,25.0,0.192,21.0,25.0,5.8,25.0,0.216,21.0,25.0,3.44,25.0,0.181,21.0,25.0,5.8,25.0,0.223,21.0,25.0,3.44
809,4478.8333,187,14.833,False,32.7,True,26.14,24.999,0.232,2.949261,1.299245,0.954691,0.003333,980.7847,317.3,0.08,0.235941,0.935801,25.0,0.109,21.0,25.0,7.65,25.0,0.193,21.0,25.0,5.8,25.0,0.216,21.0,25.0,3.44,25.0,0.181,21.0,25.0,5.8,25.0,0.232,21.0,25.0,3.44
810,4479.0,187,15.0,False,32.8,True,26.14,24.999,0.241,2.956124,1.306108,0.961554,0.003333,983.7408,325.5,0.08,0.23649,0.962218,25.0,0.109,21.0,25.0,7.65,25.0,0.193,21.0,25.0,5.8,25.0,0.215,21.0,25.0,3.44,25.0,0.181,21.0,25.0,5.8,25.0,0.241,21.0,25.0,3.44
811,4479.1667,187,15.167,False,32.43,True,26.14,24.999,0.25,2.945788,1.295772,0.951218,0.436453,986.6866,334.4,0.08,0.235663,0.985072,25.0,0.11,21.0,25.0,7.65,25.0,0.192,21.0,25.0,5.8,25.0,0.214,21.0,25.0,3.44,25.0,0.181,21.0,25.0,5.8,25.0,0.25,21.0,25.0,3.44
812,4479.4167,187,15.417,False,32.07,True,26.14,24.999,0.263,2.936675,1.286659,0.942105,0.003333,989.6232,348.6,0.08,0.234934,1.023725,25.0,0.112,21.0,25.0,7.65,25.0,0.19,21.0,25.0,5.8,25.0,0.213,21.0,25.0,3.44,25.0,0.18,21.0,25.0,5.8,25.0,0.263,21.0,25.0,3.44
813,4479.5833,187,15.583,False,31.7,True,26.14,24.999,0.273,2.927259,1.277243,0.932689,0.003333,992.5505,358.8,0.08,0.234181,1.050301,25.0,0.114,21.0,25.0,7.65,25.0,0.189,21.0,25.0,5.8,25.0,0.212,21.0,25.0,3.44,25.0,0.18,21.0,25.0,5.8,25.0,0.273,21.0,25.0,3.44
814,4479.75,187,15.75,False,31.33,True,26.14,24.999,0.27,2.915081,1.265065,0.920511,0.003333,995.4656,369.4,0.08,0.233206,1.076831,25.0,0.117,21.0,25.0,7.65,25.0,0.189,21.0,25.0,5.8,25.0,0.212,21.0,25.0,3.44,25.0,0.18,21.0,25.0,5.8,25.0,0.27,21.0,25.0,3.44
815,4479.8889,187,15.889,False,30.97,True,26.14,25.48,0.345,2.698213,1.048197,0.703643,0.003333,998.1638,378.5,0.08,0.215857,1.021274,25.48,0.198,21.0,25.5,7.65,25.48,0.268,21.0,25.5,5.8,25.47,0.288,21.0,25.5,3.44,25.48,0.259,21.0,25.5,5.8,25.47,0.345,21.0,25.5,3.44
816,4480.0417,187,16.042,False,30.6,True,26.14,25.499,0.366,2.750201,1.100185,0.755631,0.003333,1000.914,388.9,0.34,0.935068,1.069553,25.5,0.219,21.0,25.5,7.65,25.5,0.289,21.0,25.5,5.8,25.5,0.311,21.0,25.5,3.44,25.5,0.28,21.0,25.5,5.8,25.5,0.366,21.0,25.5,3.44
817,4480.2083,187,16.208,False,30.22,True,8.25,25.5,0.345,1.872231,0.955555,0.611001,0.436456,1002.7862,400.5,0.34,0.636558,0.749828,25.5,0.207,21.0,25.5,2.42,25.5,0.278,21.0,25.5,1.83,25.5,0.301,21.0,25.5,1.09,25.5,0.269,21.0,25.5,1.83,25.5,0.345,21.0,25.5,1.09
818,4480.375,187,16.375,False,29.83,True,8.25,25.5,0.331,1.848778,0.932102,0.587548,0.003333,1004.635,412.3,0.34,0.628584,0.762251,25.5,0.208,21.0,25.5,2.42,25.5,0.277,21.0,25.5,1.83,25.5,0.299,21.0,25.5,1.09,25.5,0.268,21.0,25.5,1.83,25.5,0.331,21.0,25.5,1.09
819,4480.5417,187,16.542,False,29.45,True,8.25,25.5,0.321,1.830811,0.914136,0.569581,0.003333,1006.4658,424.2,0.34,0.622476,0.77663,25.5,0.208,21.0,25.5,2.42,25.5,0.276,21.0,25.5,1.83,25.5,0.298,21.0,25.5,1.09,25.5,0.268,21.0,25.5,1.83,25.5,0.321,21.0,25.5,1.09
820,4480.7,187,16.7,False,29.07,True,8.25,25.5,0.313,1.811825,0.89515,0.550596,0.003333,1008.2776,435.6,0.34,0.616021,0.789231,25.5,0.209,21.0,25.5,2.42,25.5,0.273,21.0,25.5,1.83,25.5,0.295,21.0,25.5,1.09,25.5,0.265,21.0,25.5,1.83,25.5,0.313,21.0,25.5,1.09
821,4480.8667,187,16.867,False,28.68,True,8.25,25.5,0.304,1.792315,0.87564,0.531086,0.003333,1010.07,447.5,0.34,0.609387,0.802061,25.5,0.21,21.0,25.5,2.42,25.5,0.269,21.0,25.5,1.83,25.5,0.291,21.0,25.5,1.09,25.5,0.262,21.0,25.5,1.83,25.5,0.304,21.0,25.5,1.09
822,4481.0333,187,17.033,False,28.3,True,8.25,25.5,0.295,1.772591,0.855915,0.511361,0.003333,1011.8425,459.4,0.34,0.602681,0.814328,25.5,0.21,21.0,25.5,2.42,25.5,0.264,21.0,25.5,1.83,25.5,0.286,21.0,25.5,1.09,25.5,0.259,21.0,25.5,1.83,25.5,0.295,21.0,25.5,1.09
823,4481.2,187,17.2,False,27.47,True,2.75,25.5,0.25,1.416689,0.775016,0.430462,0.003333,1013.2592,470.9,0.34,0.481674,0.667119,25.5,0.202,21.0,25.5,0.81,25.5,0.25,21.0,25.5,0.61,25.5,0.272,21.0,25.5,0.36,25.5,0.246,21.0,25.5,0.61,25.5,0.276,21.0,25.5,0.36
824,4481.3667,187,17.367,False,26.63,True,2.75,25.5,0.24,1.375277,0.733604,0.38905,0.436446,1014.6345,482.2,0.34,0.467594,0.663158,25.5,0.199,21.0,25.5,0.81,25.5,0.24,21.0,25.5,0.61,25.5,0.262,21.0,25.5,0.36,25.5,0.238,21.0,25.5,0.61,25.5,0.261,21.0,25.5,0.36
825,4481.5333,187,17.533,False,25.8,True,2.75,25.5,0.23,1.336812,0.695139,0.350585,0.003333,1015.9713,493.0,0.34,0.454516,0.659048,25.5,0.195,21.0,25.5,0.81,25.5,0.23,21.0,25.5,0.61,25.5,0.252,21.0,25.5,0.36,25.5,0.229,21.0,25.5,0.61,25.5,0.245,21.0,25.5,0.36
826,4481.7,187,17.7,False,24.97,True,2.75,25.5,0.223,1.304083,0.66241,0.317856,0.003333,1017.2754,503.2,0.34,0.443388,0.656215,25.5,0.192,21.0,25.5,0.81,25.5,0.223,21.0,25.5,0.61,25.5,0.244,21.0,25.5,0.36,25.5,0.223,21.0,25.5,0.61,25.5,0.239,21.0,25.5,0.36
827,4481.8667,187,17.867,False,24.13,True,2.75,25.5,0.218,1.274092,0.63242,0.287865,0.003333,1018.5495,512.8,0.34,0.433191,0.653355,25.5,0.189,21.0,25.5,0.81,25.5,0.216,21.0,25.5,0.61,25.5,0.237,21.0,25.5,0.36,25.5,0.218,21.0,25.5,0.61,25.5,0.233,21.0,25.5,0.36
828,4482.0333,187,18.033,False,23.3,True,2.75,25.5,0.213,1.246091,0.604418,0.259864,0.003333,1019.7956,521.7,0.34,0.423671,0.650085,25.5,0.186,21.0,25.5,0.81,25.5,0.21,21.0,25.5,0.61,25.5,0.23,21.0,25.5,0.36,25.5,0.213,21.0,25.5,0.61,25.5,0.228,21.0,25.5,0.36
829,4482.2083,187,18.208,False,23.3,True,2.75,25.5,0.212,1.243421,0.601748,0.257194,0.003333,1021.039,530.2,0.34,0.422763,0.659262,25.5,0.185,21.0,25.5,0.81,25.5,0.207,21.0,25.5,0.61,25.5,0.227,21.0,25.5,0.36,25.5,0.212,21.0,25.5,0.61,25.5,0.228,21.0,25.5,0.36
830,4482.375,187,18.375,False,23.3,True,2.75,25.5,0.211,1.243937,0.602264,0.25771,0.003333,1022.2829,537.3,0.34,0.422938,0.668367,25.5,0.185,21.0,25.5,0.81,25.5,0.205,21.0,25.5,0.61,25.5,0.224,21.0,25.5,0.36,25.5,0.211,21.0,25.5,0.61,25.5,0.229,21.0,25.5,0.36
831,4482.5556,187,18.556,False,23.3,True,2.75,25.5,0.213,1.243909,0.602236,0.257682,0.003333,1023.5269,544.0,0.34,0.422929,0.676686,25.5,0.185,21.0,25.5,0.81,25.5,0.205,21.0,25.5,0.61,25.5,0.223,21.0,25.5,0.36,25.5,0.213,21.0,25.5,0.61,25.5,0.233,21.0,25.5,0.36
832,4482.7222,187,18.722,False,23.3,True,2.75,25.5,0.213,1.242474,0.600802,0.256247,0.436433,1024.7693,549.1,0.34,0.422441,0.682243,25.5,0.187,21.0,25.5,0.81,25.5,0.204,21.0,25.5,0.61,25.5,0.222,21.0,25.5,0.36,25.5,0.213,21.0,25.5,0.61,25.5,0.232,21.0,25.5,0.36
833,4482.8889,187,18.889,False,23.3,True,2.75,25.5,0.213,1.240884,0.599211,0.254657,0.003333,1026.0102,553.1,0.34,0.421901,0.686333,25.5,0.189,21.0,25.5,0.81,25.5,0.204,21.0,25.5,0.61,25.5,0.221,21.0,25.5,0.36,25.5,0.213,21.0,25.5,0.61,25.5,0.231,21.0,25.5,0.36
834,4483.0556,187,19.056,False,23.3,True,2.75,25.5,0.214,1.23955,0.597877,0.253323,0.003333,1027.2498,556.1,0.34,0.421447,0.689314,25.5,0.192,21.0,25.5,0.81,25.5,0.204,21.0,25.5,0.61,25.5,0.221,21.0,25.5,0.36,25.5,0.214,21.0,25.5,0.61,25.5,0.231,21.0,25.5,0.36
835,4483.2222,187,19.222,False,23.3,True,1.38,25.5,0.0,1.135943,0.585938,0.241383,0.003333,1028.3857,558.1,0.34,0.386221,0.63397,25.5,0.19,21.0,25.5,0.4,25.5,0.202,21.0,25.5,0.31,25.5,0.217,21.0,25.5,0.18,25.5,0.211,21.0,25.5,0.31,25.5,0.224,21.0,25.5,0.18
836,4483.3889,187,19.389,False,23.3,True,1.38,25.5,0.0,1.130747,0.580742,0.236188,0.003333,1029.5165,558.9,0.34,0.384454,0.631975,25.5,0.191,21.0,25.5,0.4,25.5,0.2,21.0,25.5,0.31,25.5,0.215,21.0,25.5,0.18,25.5,0.208,21.0,25.5,0.31,25.5,0.218,21.0,25.5,0.18
837,4483.5556,187,19.556,False,23.3,True,1.38,25.5,0.0,1.123863,0.573858,0.229304,0.003333,1030.6403,558.8,0.34,0.382113,0.628015,25.5,0.191,21.0,25.5,0.4,25.5,0.198,21.0,25.5,0.31,25.5,0.213,21.0,25.5,0.18,25.5,0.202,21.0,25.5,0.31,25.5,0.206,21.0,25.5,0.18
838,4483.75,187,19.75,False,23.3,True,1.38,25.5,0.0,1.120144,0.570138,0.225584,0.003333,1031.7605,557.3,0.34,0.380849,0.624256,25.5,0.19,21.0,25.5,0.4,25.5,0.198,21.0,25.5,0.31,25.5,0.211,21.0,25.5,0.18,25.5,0.201,21.0,25.5,0.31,25.5,0.203,21.0,25.5,0.18
839,4483.9167,187,19.917,False,23.3,True,1.38,25.5,0.0,1.117674,0.567668,0.223114,0.003333,1032.8781,555.0,0.34,0.380009,0.620309,25.5,0.19,21.0,25.5,0.4,25.5,0.197,21.0,25.5,0.31,25.5,0.21,21.0,25.5,0.18,25.5,0.2,21.0,25.5,0.31,25.5,0.2,21.0,25.5,0.18
840,4484.0833,187,20.083,False,23.3,True,1.38,25.5,0.0,1.115679,0.565674,0.22112,0.436425,1033.9938,551.8,0.34,0.379331,0.615632,25.5,0.189,21.0,25.5,0.4,25.5,0.197,21.0,25.5,0.31,25.5,0.209,21.0,25.5,0.18,25.5,0.199,21.0,25.5,0.31,25.5,0.199,21.0,25.5,0.18
841,4484.25,187,20.25,False,23.3,True,1.38,25.5,0.0,1.113393,0.563387,0.218833,0.003333,1035.1072,547.8,0.34,0.378553,0.609916,25.5,0.189,21.0,25.5,0.4,25.5,0.196,21.0,25.5,0.31,25.5,0.208,21.0,25.5,0.18,25.5,0.198,21.0,25.5,0.31,25.5,0.197,21.0,25.5,0.18
842,4484.4167,187,20.417,False,23.3,True,1.38,25.5,0.0,1.111136,0.561131,0.216577,0.003333,1036.2183,543.0,0.34,0.377786,0.603347,25.5,0.189,21.0,25.5,0.4,25.5,0.195,21.0,25.5,0.31,25.5,0.206,21.0,25.5,0.18,25.5,0.198,21.0,25.5,0.31,25.5,0.196,21.0,25.5,0.18
843,4484.5833,187,20.583,False,23.3,True,1.38,25.5,0.0,1.109348,0.559342,0.214788,0.003333,1037.3277,537.6,0.34,0.377178,0.596385,25.5,0.189,21.0,25.5,0.4,25.5,0.195,21.0,25.5,0.31,25.5,0.206,21.0,25.5,0.18,25.5,0.197,21.0,25.5,0.31,25.5,0.195,21.0,25.5,0.18
844,4484.75,187,20.75,False,23.3,True,1.38,25.5,0.0,1.10604,0.556035,0.211481,0.003333,1038.4337,531.6,0.34,0.376054,0.587971,25.5,0.189,21.0,25.5,0.4,25.5,0.195,21.0,25.5,0.31,25.5,0.205,21.0,25.5,0.18,25.5,0.198,21.0,25.5,0.31,25.5,0.194,21.0,25.5,0.18
845,4484.9167,187,20.917,False,23.3,True,1.38,25.5,0.0,1.104645,0.55464,0.210085,0.003333,1039.5384,525.2,0.34,0.375579,0.580159,25.5,0.19,21.0,25.5,0.4,25.5,0.195,21.0,25.5,0.31,25.5,0.205,21.0,25.5,0.18,25.5,0.198,21.0,25.5,0.31,25.5,0.194,21.0,25.5,0.18
846,4485.0833,187,21.083,False,23.3,True,1.38,25.5,0.0,1.103342,0.553337,0.208783,0.003333,1040.6417,518.3,0.08,0.088267,0.571862,25.5,0.191,21.0,25.5,0.4,25.5,0.195,21.0,25.5,0.31,25.5,0.205,21.0,25.5,0.18,25.5,0.198,21.0,25.5,0.31,25.5,0.194,21.0,25.5,0.18
847,4485.25,187,21.25,False,23.22,True,1.38,25.842,0.0,0.458338,0.0,0.0,0.003333,1041.1001,511.1,0.08,0.036667,0.234256,25.69,0.221,21.0,25.5,0.4,25.81,0.241,21.0,25.5,0.31,25.96,0.274,21.0,25.5,0.18,25.83,0.247,21.0,25.5,0.31,25.92,0.257,21.0,25.5,0.18
848,4485.4167,187,21.417,False,23.13,True,1.38,25.787,0.0,0.678227,0.219889,0.089962,0.003333,1041.7783,503.8,0.08,0.054258,0.341691,25.82,0.25,21.0,25.5,0.4,25.99,0.279,21.0,25.5,0.31,25.55,0.217,21.0,25.5,0.18,26.03,0.289,21.0,25.5,0.31,25.54,0.205,21.0,25.5,0.18
849,4485.5833,187,21.583,False,23.05,True,1.38,25.595,0.0,0.912234,0.453896,0.192229,0.436409,1042.6905,496.3,0.08,0.072979,0.452742,25.89,0.267,21.0,25.5,0.4,25.53,0.207,21.0,25.5,0.31,25.51,0.197,21.0,25.5,0.18,25.54,0.212,21.0,25.5,0.31,25.51,0.186,21.0,25.5,0.18
850,4485.75,187,21.75,False,22.97,True,1.38,25.586,0.0,0.885959,0.427621,0.165954,0.003333,1043.5765,488.8,0.08,0.070877,0.433057,25.92,0.278,21.0,25.5,0.4,25.5,0.19,21.0,25.5,0.31,25.5,0.189,21.0,25.5,0.18,25.5,0.193,21.0,25.5,0.31,25.5,0.179,21.0,25.5,0.18
851,4485.9167,187,21.917,False,22.88,True,1.38,25.749,0.0,0.67604,0.217702,0.085962,0.003333,1044.2525,481.3,0.08,0.054083,0.325378,25.93,0.285,21.0,25.5,0.4,25.5,0.183,21.0,25.5,0.31,25.93,0.256,21.0,25.5,0.18,25.5,0.186,21.0,25.5,0.31,25.88,0.24,21.0,25.5,0.18
852,4486.0833,187,22.083,False,22.8,True,1.38,25.853,0.0,0.600917,0.142579,0.045137,0.003333,1044.8534,473.9,0.08,0.048073,0.284775,25.93,0.291,21.0,25.5,0.4,25.77,0.225,21.0,25.5,0.31,25.54,0.204,21.0,25.5,0.18,25.8,0.233,21.0,25.5,0.31,26.22,0.301,21.0,25.5,0.18
853,4486.25,187,22.25,False,22.8,True,1.38,25.782,0.0,0.629574,0.21707,0.087143,0.003333,1045.483,466.7,0.08,0.050366,0.293822,25.92,0.293,21.0,25.5,0.4,25.93,0.259,21.0,25.5,0.31,25.51,0.185,21.0,25.5,0.18,25.97,0.27,21.0,25.5,0.31,25.57,0.209,21.0,25.5,0.18
854,4486.4167,187,22.417,False,22.8,True,1.38,25.692,0.0,0.739216,0.326712,0.128327,0.003333,1046.2222,459.8,0.08,0.059137,0.339892,25.92,0.295,21.0,25.5,0.4,26.0,0.276,21.0,25.5,0.31,25.5,0.178,21.0,25.5,0.18,25.54,0.201,21.0,25.5,0.31,25.51,0.182,21.0,25.5,0.18
855,4486.5833,187,22.583,False,22.8,True,1.38,25.743,0.0,0.641495,0.228991,0.097251,0.003333,1046.8637,453.1,0.08,0.05132,0.290662,25.91,0.298,21.0,25.5,0.4,25.53,0.202,21.0,25.5,0.31,25.89,0.241,21.0,25.5,0.18,25.5,0.184,21.0,25.5,0.31,25.87,0.237,21.0,25.5,0.18
856,4486.6667,187,22.667,False,22.8,True,1.38,25.831,0.0,0.627075,0.214571,0.082831,0.003333,1047.4908,449.8,0.08,0.050166,0.282058,25.91,0.301,21.0,25.5,0.4,25.5,0.184,21.0,25.5,0.31,26.15,0.296,21.0,25.5,0.18,25.5,0.178,21.0,25.5,0.31,26.1,0.287,21.0,25.5,0.18
857,4486.9167,187,22.917,False,22.8,True,1.38,25.665,0.0,0.733076,0.320572,0.127363,0.003333,1048.2239,440.6,0.08,0.058646,0.322993,25.9,0.303,21.0,25.5,0.4,25.5,0.178,21.0,25.5,0.31,25.58,0.21,21.0,25.5,0.18,25.77,0.22,21.0,25.5,0.31,25.57,0.206,21.0,25.5,0.18
858,4487.0,187,23.0,False,22.8,True,1.38,25.735,0.0,0.616464,0.20396,0.074033,0.436395,1048.8403,437.7,0.08,0.049317,0.269826,25.9,0.305,21.0,25.5,0.4,25.8,0.225,21.0,25.5,0.31,25.51,0.185,21.0,25.5,0.18,25.96,0.261,21.0,25.5,0.31,25.51,0.181,21.0,25.5,0.18
859,4487.2222,187,23.222,False,22.7,False,0.0,25.944,0.0,0.458784,0.137948,0.008021,0.003333,1049.2991,430.4,0.08,0.036703,0.197461,25.83,0.296,15.6,28.0,0.0,25.81,0.234,15.6,28.0,0.0,26.08,0.265,15.6,28.0,0.0,25.94,0.263,15.6,28.0,0.0,26.05,0.257,15.6,28.0,0.0
860,4487.3333,187,23.333,False,22.6,False,0.0,25.948,0.0,0.320836,0.0,0.0,0.003333,1049.62,427.0,0.08,0.025667,0.136997,25.75,0.283,15.6,28.0,0.0,25.82,0.239,15.6,28.0,0.0,26.15,0.298,15.6,28.0,0.0,25.92,0.263,15.6,28.0,0.0,26.1,0.286,15.6,28.0,0.0
861,4487.5,187,23.5,False,22.5,False,0.0,25.919,0.0,0.320836,0.0,0.0,0.003333,1049.9408,422.2,0.08,0.025667,0.135457,25.71,0.277,15.6,28.0,0.0,25.81,0.241,15.6,28.0,0.0,26.11,0.298,15.6,28.0,0.0,25.9,0.264,15.6,28.0,0.0,26.05,0.284,15.6,28.0,0.0
862,4487.6667,187,23.667,False,22.4,False,0.0,25.898,0.0,0.320836,0.0,0.0,0.003333,1050.2616,417.7,0.08,0.025667,0.134013,25.68,0.272,15.6,28.0,0.0,25.8,0.242,15.6,28.0,0.0,26.09,0.301,15.6,28.0,0.0,25.89,0.265,15.6,28.0,0.0,26.03,0.285,15.6,28.0,0.0
863,4487.8333,187,23.833,False,22.3,False,0.0,25.881,0.0,0.320836,0.0,0.0,0.003333,1050.5825,413.6,0.08,0.025667,0.132698,25.66,0.268,15.6,28.0,0.0,25.79,0.242,15.6,28.0,0.0,26.08,0.303,15.6,28.0,0.0,25.87,0.265,15.6,28.0,0.0,26.01,0.286,15.6,28.0,0.0
864,4488.0,187,24.0,False,22.2,False,0.0,25.864,0.0,0.320836,0.0,0.0,0.003333,1050.9033,409.8,0.08,0.025667,0.131479,25.64,0.264,15.6,28.0,0.0,25.77,0.241,15.6,28.0,0.0,26.06,0.305,15.6,28.0,0.0,25.86,0.264,15.6,28.0,0.0,25.99,0.287,15.6,28.0,0.0
865,4488.1667,188,0.167,True,22.2,False,0.0,25.851,0.0,0.320836,0.0,0.0,0.003333,1051.2241,378.0,0.08,0.025667,0.121276,25.62,0.26,15.6,28.0,0.0,25.76,0.241,15.6,28.0,0.0,26.05,0.307,15.6,28.0,0.0,25.84,0.264,15.6,28.0,0.0,25.98,0.289,15.6,28.0,0.0
866,4488.3333,188,0.333,True,22.2,False,0.0,25.84,0.0,0.320836,0.0,0.0,0.003333,1051.545,378.5,0.08,0.025667,0.121437,25.61,0.258,15.6,28.0,0.0,25.75,0.24,15.6,28.0,0.0,26.04,0.309,15.6,28.0,0.0,25.83,0.264,15.6,28.0,0.0,25.97,0.29,15.6,28.0,0.0
867,4488.5,188,0.5,True,22.2,False,0.0,25.829,0.0,0.320836,0.0,0.0,0.003333,1051.8658,378.9,0.08,0.025667,0.121565,25.6,0.255,15.6,28.0,0.0,25.74,0.239,15.6,28.0,0.0,26.03,0.31,15.6,28.0,0.0,25.82,0.263,15.6,28.0,0.0,25.96,0.291,15.6,28.0,0.0
868,4488.6667,188,0.667,True,22.2,False,0.0,25.818,0.0,0.320836,0.0,0.0,0.436414,1052.1866,379.3,0.08,0.025667,0.121693,25.59,0.253,15.6,28.0,0.0,25.72,0.238,15.6,28.0,0.0,26.02,0.312,15.6,28.0,0.0,25.81,0.263,15.6,28.0,0.0,25.95,0.292,15.6,28.0,0.0
869,4488.8333,188,0.833,True,22.2,False,0.0,25.807,0.0,0.320836,0.0,0.0,0.003333,1052.5075,379.4,0.08,0.025667,0.121725,25.58,0.251,15.6,28.0,0.0,25.71,0.237,15.6,28.0,0.0,26.01,0.312,15.6,28.0,0.0,25.8,0.262,15.6,28.0,0.0,25.94,0.292,15.6,28.0,0.0
870,4489.0,188,1.0,True,22.2,False,0.0,25.796,0.0,0.320836,0.0,0.0,0.003333,1052.8283,379.5,0.08,0.025667,0.121757,25.57,0.248,15.6,28.0,0.0,25.7,0.235,15.6,28.0,0.0,26.0,0.312,15.6,28.0,0.0,25.79,0.261,15.6,28.0,0.0,25.92,0.292,15.6,28.0,0.0
871,4489.1667,188,1.167,True,22.12,False,0.0,25.781,0.0,0.320836,0.0,0.0,0.003333,1053.1492,379.4,0.08,0.025667,0.121725,25.56,0.245,15.6,28.0,0.0,25.68,0.233,15.6,28.0,0.0,25.99,0.312,15.6,28.0,0.0,25.77,0.259,15.6,28.0,0.0,25.91,0.291,15.6,28.0,0.0
872,4489.3333,188,1.333,True,22.03,False,0.0,25.764,0.0,0.320836,0.0,0.0,0.003333,1053.47,379.3,0.08,0.025667,0.121693,25.54,0.242,15.6,28.0,0.0,25.66,0.23,15.6,28.0,0.0,25.97,0.311,15.6,28.0,0.0,25.76,0.257,15.6,28.0,0.0,25.89,0.29,15.6,28.0,0.0
873,4489.5,188,1.5,True,21.95,False,0.0,25.746,0.0,0.320836,0.0,0.0,0.003333,1053.7908,378.9,0.08,0.025667,0.121565,25.53,0.239,15.6,28.0,0.0,25.64,0.227,15.6,28.0,0.0,25.95,0.309,15.6,28.0,0.0,25.74,0.255,15.6,28.0,0.0,25.87,0.288,15.6,28.0,0.0
874,4489.6667,188,1.667,True,21.87,False,0.0,25.728,0.0,0.320836,0.0,0.0,0.003333,1054.1117,378.5,0.08,0.025667,0.121437,25.51,0.235,15.6,28.0,0.0,25.62,0.224,15.6,28.0,0.0,25.93,0.307,15.6,28.0,0.0,25.72,0.252,15.6,28.0,0.0,25.85,0.285,15.6,28.0,0.0
875,4489.8333,188,1.833,True,21.78,False,0.0,25.709,0.0,0.320836,0.0,0.0,0.003333,1054.4325,378.0,0.08,0.025667,0.121276,25.49,0.231,15.6,28.0,0.0,25.6,0.221,15.6,28.0,0.0,25.91,0.305,15.6,28.0,0.0,25.7,0.249,15.6,28.0,0.0,25.83,0.283,15.6,28.0,0.0
876,4490.0,188,2.0,True,21.7,False,0.0,25.689,0.0,0.320836,0.0,0.0,0.003333,1054.7533,377.3,0.08,0.025667,0.121052,25.48,0.227,15.6,28.0,0.0,25.58,0.217,15.6,28.0,0.0,25.89,0.302,15.6,28.0,0.0,25.68,0.245,15.6,28.0,0.0,25.81,0.28,15.6,28.0,0.0
877,4490.1667,188,2.167,True,21.7,False,0.0,25.673,0.0,0.320836,0.0,0.0,0.436404,1055.0742,376.5,0.08,0.025667,0.120795,25.46,0.224,15.6,28.0,0.0,25.57,0.214,15.6,28.0,0.0,25.88,0.3,15.6,28.0,0.0,25.67,0.243,15.6,28.0,0.0,25.8,0.278,15.6,28.0,0.0
878,4490.3333,188,2.333,True,21.7,False,0.0,25.659,0.0,0.320836,0.0,0.0,0.003333,1055.395,375.6,0.08,0.025667,0.120506,25.45,0.22,15.6,28.0,0.0,25.55,0.211,15.6,28.0,0.0,25.86,0.298,15.6,28.0,0.0,25.65,0.24,15.6,28.0,0.0,25.78,0.275,15.6,28.0,0.0
879,4490.5,188,2.5,True,21.7,False,0.0,25.645,0.0,0.320836,0.0,0.0,0.003333,1055.7158,374.6,0.08,0.025667,0.120185,25.44,0.217,15.6,28.0,0.0,25.54,0.208,15.6,28.0,0.0,25.85,0.295,15.6,28.0,0.0,25.64,0.237,15.6,28.0,0.0,25.77,0.273,15.6,28.0,0.0
880,4490.6667,188,2.667,True,21.7,False,0.0,25.631,0.0,0.320836,0.0,0.0,0.003333,1056.0367,373.4,0.08,0.025667,0.1198,25.43,0.214,15.6,28.0,0.0,25.52,0.205,15.6,28.0,0.0,25.83,0.293,15.6,28.0,0.0,25.62,0.235,15.6,28.0,0.0,25.75,0.271,15.6,28.0,0.0
881,4490.8333,188,2.833,True,21.7,False,0.0,25.618,0.0,0.320836,0.0,0.0,0.003333,1056.3575,372.2,0.08,0.025667,0.119415,25.42,0.211,15.6,28.0,0.0,25.51,0.202,15.6,28.0,0.0,25.82,0.29,15.6,28.0,0.0,25.61,0.232,15.6,28.0,0.0,25.74,0.268,15.6,28.0,0.0
882,4491.0,188,3.0,True,21.7,False,0.0,25.604,0.0,0.320836,0.0,0.0,0.003333,1056.6784,370.8,0.08,0.025667,0.118966,25.41,0.208,15.6,28.0,0.0,25.49,0.199,15.6,28.0,0.0,25.8,0.288,15.6,28.0,0.0,25.6,0.229,15.6,28.0,0.0,25.72,0.265,15.6,28.0,0.0
883,4491.1667,188,3.167,True,21.7,False,0.0,25.591,0.0,0.320836,0.0,0.0,0.003333,1056.9992,369.4,0.08,0.025667,0.118517,25.4,0.204,15.6,28.0,0.0,25.48,0.195,15.6,28.0,0.0,25.79,0.285,15.6,28.0,0.0,25.58,0.226,15.6,28.0,0.0,25.71,0.262,15.6,28.0,0.0
884,4491.3333,188,3.333,True,21.7,False,0.0,25.577,0.0,0.320836,0.0,0.0,0.003333,1057.32,367.8,0.08,0.025667,0.118004,25.39,0.201,15.6,28.0,0.0,25.46,0.192,15.6,28.0,0.0,25.77,0.282,15.6,28.0,0.0,25.57,0.223,15.6,28.0,0.0,25.69,0.26,15.6,28.0,0.0
885,4491.5,188,3.5,True,21.7,False,0.0,25.563,0.0,0.320836,0.0,0.0,0.003333,1057.6409,366.1,0.08,0.025667,0.117458,25.38,0.198,15.6,28.0,0.0,25.45,0.189,15.6,28.0,0.0,25.76,0.279,15.6,28.0,0.0,25.56,0.22,15.6,28.0,0.0,25.68,0.256,15.6,28.0,0.0
886,4491.6667,188,3.667,True,21.7,False,0.0,25.549,0.0,0.320836,0.0,0.0,0.436395,1057.9617,364.4,0.08,0.025667,0.116913,25.37,0.195,15.6,28.0,0.0,25.44,0.185,15.6,28.0,0.0,25.74,0.276,15.6,28.0,0.0,25.54,0.217,15.6,28.0,0.0,25.66,0.253,15.6,28.0,0.0
887,4491.8333,188,3.833,True,21.7,False,0.0,25.535,0.0,0.320836,0.0,0.0,0.003333,1058.2825,362.5,0.08,0.025667,0.116303,25.35,0.191,15.6,28.0,0.0,25.42,0.182,15.6,28.0,0.0,25.73,0.273,15.6,28.0,0.0,25.53,0.213,15.6,28.0,0.0,25.65,0.25,15.6,28.0,0.0
888,4492.0,188,4.0,True,21.7,False,0.0,25.521,0.0,0.320836,0.0,0.0,0.003333,1058.6034,360.5,0.08,0.025667,0.115662,25.34,0.188,15.6,28.0,0.0,25.41,0.178,15.6,28.0,0.0,25.71,0.27,15.6,28.0,0.0,25.51,0.21,15.6,28.0,0.0,25.63,0.247,15.6,28.0,0.0
889,4492.1667,188,4.167,True,21.78,False,0.0,25.512,0.0,0.320836,0.0,0.0,0.003333,1058.9242,358.5,0.08,0.025667,0.11502,25.34,0.185,15.6,28.0,0.0,25.4,0.176,15.6,28.0,0.0,25.7,0.267,15.6,28.0,0.0,25.5,0.208,15.6,28.0,0.0,25.62,0.244,15.6,28.0,0.0
890,4492.3333,188,4.333,True,21.87,False,0.0,25.504,0.0,0.320836,0.0,0.0,0.003333,1059.245,356.4,0.08,0.025667,0.114346,25.33,0.183,15.6,28.0,0.0,25.39,0.174,15.6,28.0,0.0,25.69,0.265,15.6,28.0,0.0,25.5,0.205,15.6,28.0,0.0,25.61,0.242,15.6,28.0,0.0
891,4492.5,188,4.5,True,21.95,False,0.0,25.498,0.0,0.320836,0.0,0.0,0.003333,1059.5659,354.2,0.08,0.025667,0.11364,25.33,0.181,15.6,28.0,0.0,25.38,0.172,15.6,28.0,0.0,25.68,0.263,15.6,28.0,0.0,25.49,0.203,15.6,28.0,0.0,25.6,0.24,15.6,28.0,0.0
892,4492.6667,188,4.667,True,22.03,False,0.0,25.491,0.0,0.320836,0.0,0.0,0.003333,1059.8867,351.9,0.08,0.025667,0.112902,25.33,0.18,15.6,28.0,0.0,25.38,0.17,15.6,28.0,0.0,25.67,0.261,15.6,28.0,0.0,25.48,0.201,15.6,28.0,0.0,25.6,0.238,15.6,28.0,0.0
893,4492.8333,188,4.833,True,22.12,False,0.0,25.485,0.0,0.320836,0.0,0.0,0.003333,1060.2076,349.5,0.08,0.025667,0.112132,25.32,0.178,15.6,28.0,0.0,25.37,0.168,15.6,28.0,0.0,25.67,0.259,15.6,28.0,0.0,25.48,0.199,15.6,28.0,0.0,25.59,0.236,15.6,28.0,0.0
894,4493.0,188,5.0,True,22.2,False,0.0,25.48,0.0,0.320836,0.0,0.0,0.003333,1060.5284,347.1,0.08,0.025667,0.111362,25.32,0.176,15.6,28.0,0.0,25.36,0.166,15.6,28.0,0.0,25.66,0.257,15.6,28.0,0.0,25.47,0.198,15.6,28.0,0.0,25.58,0.234,15.6,28.0,0.0
895,4493.25,188,5.25,True,22.12,True,2.75,25.496,0.193,0.971167,0.512829,0.168275,0.436414,1061.4996,343.4,0.08,0.077693,0.333499,25.46,0.19,21.5,25.5,0.81,25.49,0.179,21.5,25.5,0.61,25.52,0.221,21.5,25.5,0.36,25.5,0.193,21.5,25.5,0.61,25.51,0.21,21.5,25.5,0.36
896,4493.3333,188,5.333,True,22.03,True,2.75,25.5,0.19,0.976792,0.518454,0.1739,0.003333,1062.4764,342.1,0.08,0.078143,0.334161,25.5,0.19,21.5,25.5,0.81,25.5,0.174,21.5,25.5,0.61,25.5,0.204,21.5,25.5,0.36,25.5,0.186,21.5,25.5,0.61,25.5,0.195,21.5,25.5,0.36
897,4493.5,188,5.5,True,21.95,True,2.75,25.5,0.183,0.972707,0.514369,0.169815,0.003333,1063.4491,339.5,0.08,0.077817,0.330234,25.5,0.183,21.5,25.5,0.81,25.5,0.167,21.5,25.5,0.61,25.5,0.192,21.5,25.5,0.36,25.5,0.177,21.5,25.5,0.61,25.5,0.184,21.5,25.5,0.36
898,4493.6667,188,5.667,True,21.87,True,2.75,25.5,0.176,0.968552,0.510214,0.16566,0.003333,1064.4176,336.9,0.08,0.077484,0.326305,25.5,0.176,21.5,25.5,0.81,25.5,0.16,21.5,25.5,0.61,25.5,0.181,21.5,25.5,0.36,25.5,0.169,21.5,25.5,0.61,25.5,0.174,21.5,25.5,0.36
899,4493.8333,188,5.833,True,21.78,True,2.75,25.5,0.178,0.974979,0.516641,0.172087,0.003333,1065.3926,334.2,0.08,0.077998,0.325838,25.5,0.169,21.5,25.5,0.81,25.5,0.156,21.5,25.5,0.61,25.5,0.208,21.5,25.5,0.36,25.5,0.178,21.5,25.5,0.61,25.5,0.166,21.5,25.5,0.36
900,4494.0,188,6.0,True,21.7,True,2.75,25.5,0.181,0.980263,0.521925,0.177371,0.003333,1066.3729,331.5,0.08,0.078421,0.324957,25.5,0.164,21.5,25.5,0.81,25.5,0.153,21.5,25.5,0.61,25.5,0.222,21.5,25.5,0.36,25.5,0.181,21.5,25.5,0.61,25.5,0.159,21.5,25.5,0.36
901,4494.25,188,6.25,True,21.88,True,2.75,25.48,0.193,0.935236,0.476898,0.132344,0.003333,1067.3081,327.4,0.08,0.074819,0.306196,25.4,0.15,21.5,25.5,0.81,25.5,0.159,21.5,25.5,0.61,25.5,0.246,21.5,25.5,0.36,25.5,0.193,21.5,25.5,0.61,25.5,0.162,21.5,25.5,0.36
902,4494.4167,188,6.417,True,22.07,True,2.75,25.467,0.203,0.949408,0.49107,0.146516,0.003333,1068.2575,324.6,0.08,0.075953,0.308178,25.33,0.139,21.5,25.5,0.81,25.5,0.164,21.5,25.5,0.61,25.5,0.265,21.5,25.5,0.36,25.5,0.203,21.5,25.5,0.61,25.5,0.164,21.5,25.5,0.36
903,4494.5833,188,6.583,True,22.25,True,2.75,25.463,0.211,0.963347,0.505009,0.160455,0.003333,1069.2208,321.8,0.08,0.077068,0.310005,25.31,0.136,21.5,25.5,0.81,25.5,0.17,21.5,25.5,0.61,25.5,0.285,21.5,25.5,0.36,25.5,0.211,21.5,25.5,0.61,25.5,0.167,21.5,25.5,0.36
904,4494.7222,188,6.722,True,22.43,True,2.75,25.464,0.216,0.975471,0.517133,0.172579,0.436423,1070.1963,319.5,0.08,0.078038,0.311663,25.32,0.137,21.5,25.5,0.81,25.5,0.175,21.5,25.5,0.61,25.5,0.301,21.5,25.5,0.36,25.5,0.216,21.5,25.5,0.61,25.5,0.169,21.5,25.5,0.36
905,4494.8889,188,6.889,True,22.62,True,2.75,25.468,0.22,0.986708,0.52837,0.183816,0.003333,1071.183,316.6,0.08,0.078937,0.312392,25.34,0.141,21.5,25.5,0.81,25.5,0.179,21.5,25.5,0.61,25.5,0.317,21.5,25.5,0.36,25.5,0.22,21.5,25.5,0.61,25.5,0.171,21.5,25.5,0.36
906,4495.0556,188,7.056,True,22.8,True,2.75,25.473,0.223,0.997194,0.538856,0.194302,0.003333,1072.1802,313.8,0.08,0.079776,0.31292,25.37,0.147,21.5,25.5,0.81,25.5,0.184,21.5,25.5,0.61,25.5,0.334,21.5,25.5,0.36,25.5,0.223,21.5,25.5,0.61,25.5,0.173,21.5,25.5,0.36
907,4495.2083,188,7.208,True,23.17,True,8.25,25.011,0.275,1.492766,0.759426,0.414872,0.003333,1073.673,311.2,0.08,0.119421,0.464549,25.01,0.094,21.5,25.0,2.42,25.01,0.111,21.5,25.0,1.83,25.01,0.275,21.5,25.0,1.09,25.01,0.147,21.5,25.0,1.83,25.02,0.1,21.5,25.0,1.09
908,4495.375,188,7.375,True,23.53,True,8.25,25.0,0.268,1.46412,0.73078,0.386226,0.003333,1075.1371,308.4,0.08,0.11713,0.451535,25.0,0.084,21.5,25.0,2.42,25.0,0.099,21.5,25.0,1.83,25.0,0.268,21.5,25.0,1.09,25.0,0.13,21.5,25.0,1.83,25.0,0.087,21.5,25.0,1.09
909,4495.5417,188,7.542,True,23.9,True,8.25,25.0,0.274,1.476524,0.743183,0.398629,0.003333,1076.6136,305.6,0.08,0.118122,0.451226,25.0,0.079,21.5,25.0,2.42,25.0,0.097,21.5,25.0,1.83,25.0,0.274,21.5,25.0,1.09,25.0,0.122,21.5,25.0,1.83,25.0,0.083,21.5,25.0,1.09
910,4495.7,188,7.7,True,24.27,True,8.25,25.0,0.278,1.486541,0.753201,0.408647,0.003333,1078.1002,303.0,0.08,0.118923,0.450422,25.0,0.075,21.5,25.0,2.42,25.0,0.094,21.5,25.0,1.83,25.0,0.278,21.5,25.0,1.09,25.0,0.113,21.5,25.0,1.83,25.0,0.08,21.5,25.0,1.09
911,4495.8667,188,7.867,True,24.63,True,8.25,25.0,0.282,1.496676,0.763336,0.418782,0.003333,1079.5968,300.2,0.08,0.119734,0.449302,25.0,0.07,21.5,25.0,2.42,25.0,0.092,21.5,25.0,1.83,25.0,0.282,21.5,25.0,1.09,25.0,0.106,21.5,25.0,1.83,25.0,0.078,21.5,25.0,1.09
912,4496.0333,188,8.033,True,25.0,True,8.25,25.0,0.285,1.50694,0.7736,0.429046,0.436436,1081.1038,297.5,0.08,0.120555,0.448315,25.0,0.067,21.5,25.0,2.42,25.0,0.091,21.5,25.0,1.83,25.0,0.285,21.5,25.0,1.09,25.0,0.099,21.5,25.0,1.83,25.0,0.076,21.5,25.0,1.09
913,4496.2,188,8.2,True,25.37,True,8.25,25.452,0.369,1.329697,0.596357,0.251803,0.003333,1082.4335,294.8,0.08,0.106376,0.391995,25.37,0.124,21.5,25.5,2.42,25.46,0.168,21.5,25.5,1.83,25.49,0.369,21.5,25.5,1.09,25.47,0.172,21.5,25.5,1.83,25.47,0.155,21.5,25.5,1.09
914,4496.3667,188,8.367,True,25.73,True,8.25,25.499,0.394,1.414948,0.681608,0.337054,0.003333,1083.8484,292.1,0.08,0.113196,0.413306,25.5,0.157,21.5,25.5,2.42,25.5,0.189,21.5,25.5,1.83,25.5,0.394,21.5,25.5,1.09,25.5,0.187,21.5,25.5,1.83,25.5,0.173,21.5,25.5,1.09
915,4496.5333,188,8.533,True,26.1,True,8.25,25.5,0.405,1.437008,0.703668,0.359114,0.003333,1085.2854,289.5,0.08,0.114961,0.416014,25.5,0.161,21.5,25.5,2.42,25.5,0.196,21.5,25.5,1.83,25.5,0.405,21.5,25.5,1.09,25.5,0.193,21.5,25.5,1.83,25.5,0.179,21.5,25.5,1.09
916,4496.7,188,8.7,True,26.47,True,8.25,25.5,0.412,1.454376,0.721036,0.376482,0.003333,1086.7398,286.9,0.08,0.11635,0.417261,25.5,0.163,21.5,25.5,2.42,25.5,0.201,21.5,25.5,1.83,25.5,0.412,21.5,25.5,1.09,25.5,0.197,21.5,25.5,1.83,25.5,0.184,21.5,25.5,1.09
917,4496.8667,188,8.867,True,26.83,True,8.25,25.5,0.416,1.470461,0.73712,0.392566,0.003333,1088.2103,284.4,0.08,0.117637,0.418199,25.5,0.165,21.5,25.5,2.42,25.5,0.205,21.5,25.5,1.83,25.5,0.416,21.5,25.5,1.09,25.5,0.201,21.5,25.5,1.83,25.5,0.188,21.5,25.5,1.09
918,4497.0333,188,9.033,True,27.2,True,8.25,25.5,0.419,1.48552,0.752179,0.407625,0.003333,1089.6958,282.0,0.08,0.118842,0.418917,25.5,0.165,21.5,25.5,2.42,25.5,0.207,21.5,25.5,1.83,25.5,0.419,21.5,25.5,1.09,25.5,0.203,21.5,25.5,1.83,25.5,0.191,21.5,25.5,1.09
919,4497.2,188,9.2,True,27.48,True,8.25,25.007,0.338,1.678994,0.945653,0.601099,0.003333,1091.3748,279.6,0.08,0.134319,0.469447,25.01,0.083,21.5,25.0,2.42,25.01,0.126,21.5,25.0,1.83,25.01,0.338,21.5,25.0,1.09,25.01,0.122,21.5,25.0,1.83,25.01,0.112,21.5,25.0,1.09
920,4497.3667,188,9.367,True,27.77,True,8.25,25.0,0.314,1.626862,0.893522,0.548968,0.436444,1093.0017,277.3,0.08,0.130149,0.451129,25.0,0.067,21.5,25.0,2.42,25.0,0.11,21.5,25.0,1.83,25.0,0.314,21.5,25.0,1.09,25.0,0.107,21.5,25.0,1.83,25.0,0.096,21.5,25.0,1.09
921,4497.5333,188,9.533,True,28.05,True,8.25,25.0,0.301,1.622664,0.889323,0.544769,0.003333,1094.6243,275.1,0.08,0.129813,0.446395,25.0,0.059,21.5,25.0,2.42,25.0,0.103,21.5,25.0,1.83,25.0,0.301,21.5,25.0,1.09,25.0,0.1,21.5,25.0,1.83,25.0,0.09,21.5,25.0,1.09
922,4497.7,188,9.7,True,28.33,True,8.25,25.0,0.285,1.621068,0.887728,0.543174,0.003333,1096.2454,272.9,0.08,0.129685,0.44239,25.0,0.052,21.5,25.0,2.42,25.0,0.096,21.5,25.0,1.83,25.0,0.285,21.5,25.0,1.09,25.0,0.094,21.5,25.0,1.83,25.0,0.084,21.5,25.0,1.09
923,4497.8667,188,9.867,True,28.62,True,8.25,25.0,0.27,1.620121,0.886781,0.542227,0.003333,1097.8655,270.9,0.08,0.12961,0.438891,25.0,0.045,21.5,25.0,2.42,25.0,0.091,21.5,25.0,1.83,25.0,0.27,21.5,25.0,1.09,25.0,0.088,21.5,25.0,1.83,25.0,0.079,21.5,25.0,1.09
924,4498.0417,188,10.042,True,28.9,True,8.25,25.0,0.255,1.619853,0.886513,0.541958,0.003333,1099.4854,268.9,0.08,0.129588,0.435578,25.0,0.039,21.5,25.0,2.42,25.0,0.086,21.5,25.0,1.83,25.0,0.255,21.5,25.0,1.09,25.0,0.084,21.5,25.0,1.83,25.0,0.075,21.5,25.0,1.09
925,4498.2083,188,10.208,True,29.08,True,8.25,25.0,0.24,1.619707,0.886366,0.541812,0.003333,1101.1051,267.0,0.08,0.129577,0.432462,25.0,0.035,21.5,25.0,2.42,25.0,0.083,21.5,25.0,1.83,25.0,0.24,21.5,25.0,1.09,25.0,0.081,21.5,25.0,1.83,25.0,0.072,21.5,25.0,1.09
926,4498.375,188,10.375,True,29.27,True,8.25,25.0,0.226,1.620975,0.887634,0.54308,0.003333,1102.726,265.3,0.08,0.129678,0.430045,25.0,0.032,21.5,25.0,2.42,25.0,0.081,21.5,25.0,1.83,25.0,0.226,21.5,25.0,1.09,25.0,0.079,21.5,25.0,1.83,25.0,0.071,21.5,25.0,1.09
927,4498.5417,188,10.542,True,29.45,True,8.25,25.0,0.213,1.623253,0.889912,0.545358,0.003333,1104.3493,263.7,0.08,0.12986,0.428052,25.0,0.031,21.5,25.0,2.42,25.0,0.081,21.5,25.0,1.83,25.0,0.213,21.5,25.0,1.09,25.0,0.079,21.5,25.0,1.83,25.0,0.071,21.5,25.0,1.09
928,4498.7222,188,10.722,True,29.63,True,8.25,25.0,0.202,1.627805,0.894465,0.549911,0.436449,1105.9771,262.2,0.08,0.130224,0.426811,25.0,0.03,21.5,25.0,2.42,25.0,0.082,21.5,25.0,1.83,25.0,0.202,21.5,25.0,1.09,25.0,0.08,21.5,25.0,1.83,25.0,0.073,21.5,25.0,1.09
929,4498.8889,188,10.889,True,29.82,True,8.25,25.0,0.19,1.633785,0.900444,0.55589,0.003333,1107.6109,260.9,0.08,0.130703,0.426254,25.0,0.03,21.5,25.0,2.42,25.0,0.085,21.5,25.0,1.83,25.0,0.19,21.5,25.0,1.09,25.0,0.083,21.5,25.0,1.83,25.0,0.076,21.5,25.0,1.09
930,4499.0556,188,11.056,True,30.0,True,8.25,25.0,0.18,1.640404,0.907063,0.562509,0.003333,1109.2513,259.8,0.08,0.131232,0.426177,25.0,0.031,21.5,25.0,2.42,25.0,0.088,21.5,25.0,1.83,25.0,0.18,21.5,25.0,1.09,25.0,0.086,21.5,25.0,1.83,25.0,0.079,21.5,25.0,1.09
931,4499.2222,188,11.222,True,30.18,True,2.75,25.0,0.085,1.316206,0.857869,0.513314,0.003333,1110.5675,258.8,0.08,0.105297,0.340634,25.0,0.025,21.5,25.0,0.81,25.0,0.085,21.5,25.0,0.61,25.0,0.163,21.5,25.0,0.36,25.0,0.082,21.5,25.0,0.61,25.0,0.076,21.5,25.0,0.36
932,4499.3889,188,11.389,True,30.37,True,2.75,25.0,0.085,1.315636,0.857298,0.512744,0.003333,1111.8831,258.0,0.08,0.105251,0.339434,25.0,0.023,21.5,25.0,0.81,25.0,0.085,21.5,25.0,0.61,25.0,0.151,21.5,25.0,0.36,25.0,0.082,21.5,25.0,0.61,25.0,0.076,21.5,25.0,0.36
933,4499.5833,188,11.583,True,30.55,True,2.75,25.0,0.086,1.317943,0.859606,0.515052,0.003333,1113.2011,257.4,0.08,0.105435,0.339239,25.0,0.021,21.5,25.0,0.81,25.0,0.086,21.5,25.0,0.61,25.0,0.142,21.5,25.0,0.36,25.0,0.082,21.5,25.0,0.61,25.0,0.076,21.5,25.0,0.36
934,4499.75,188,11.75,True,30.73,True,2.75,25.0,0.085,1.320579,0.862242,0.517688,0.003333,1114.5217,257.0,0.08,0.105646,0.339389,25.0,0.019,21.5,25.0,0.81,25.0,0.085,21.5,25.0,0.61,25.0,0.138,21.5,25.0,0.36,25.0,0.081,21.5,25.0,0.61,25.0,0.075,21.5,25.0,0.36
935,4499.9167,188,11.917,True,30.92,True,2.75,25.0,0.083,1.323262,0.864924,0.52037,0.436441,1115.8449,256.9,0.08,0.105861,0.339946,25.0,0.017,21.5,25.0,0.81,25.0,0.083,21.5,25.0,0.61,25.0,0.135,21.5,25.0,0.36,25.0,0.079,21.5,25.0,0.61,25.0,0.073,21.5,25.0,0.36
936,4500.0833,188,12.083,True,31.1,True,2.75,25.0,0.082,1.326025,0.867687,0.523133,0.003333,1117.1709,257.1,0.08,0.106082,0.340921,25.0,0.015,21.5,25.0,0.81,25.0,0.082,21.5,25.0,0.61,25.0,0.132,21.5,25.0,0.36,25.0,0.078,21.5,25.0,0.61,25.0,0.072,21.5,25.0,0.36
937,4500.25,188,12.25,True,31.1,True,2.75,25.455,0.155,1.133074,0.674737,0.330183,0.003333,1118.304,257.5,0.08,0.090646,0.291767,25.46,0.088,21.5,25.5,0.81,25.47,0.155,21.5,25.5,0.61,25.44,0.199,21.5,25.5,0.36,25.46,0.15,21.5,25.5,0.61,25.44,0.14,21.5,25.5,0.36
938,4500.3333,188,12.333,True,31.1,True,2.75,25.497,0.172,1.203495,0.745157,0.400603,0.003333,1119.5075,257.9,0.08,0.09628,0.310381,25.5,0.102,21.5,25.5,0.81,25.5,0.172,21.5,25.5,0.61,25.49,0.219,21.5,25.5,0.36,25.5,0.168,21.5,25.5,0.61,25.49,0.16,21.5,25.5,0.36
939,4500.5,188,12.5,True,31.1,True,2.75,25.499,0.179,1.212197,0.753859,0.409305,0.003333,1120.7197,258.7,0.08,0.096976,0.313595,25.5,0.105,21.5,25.5,0.81,25.5,0.179,21.5,25.5,0.61,25.5,0.225,21.5,25.5,0.36,25.5,0.175,21.5,25.5,0.61,25.5,0.167,21.5,25.5,0.36
940,4500.6667,188,12.667,True,31.1,True,2.75,25.5,0.181,1.214162,0.755824,0.41127,0.003333,1121.9339,260.0,0.08,0.097133,0.315682,25.5,0.108,21.5,25.5,0.81,25.5,0.181,21.5,25.5,0.61,25.5,0.227,21.5,25.5,0.36,25.5,0.177,21.5,25.5,0.61,25.5,0.17,21.5,25.5,0.36
941,4500.8333,188,12.833,True,31.1,True,2.75,25.5,0.185,1.217389,0.759051,0.414497,0.003333,1123.1513,261.5,0.08,0.097391,0.318347,25.5,0.109,21.5,25.5,0.81,25.5,0.185,21.5,25.5,0.61,25.5,0.231,21.5,25.5,0.36,25.5,0.18,21.5,25.5,0.61,25.5,0.173,21.5,25.5,0.36
942,4501.0,188,13.0,True,31.1,True,2.75,25.5,0.188,1.220518,0.76218,0.417626,0.003333,1124.3718,263.5,0.08,0.097641,0.321607,25.5,0.11,21.5,25.5,0.81,25.5,0.188,21.5,25.5,0.61,25.5,0.233,21.5,25.5,0.36,25.5,0.183,21.5,25.5,0.61,25.5,0.176,21.5,25.5,0.36
943,4501.25,188,13.25,True,31.1,True,2.75,25.5,0.191,1.224267,0.765929,0.421375,0.436429,1125.596,267.2,0.08,0.097941,0.327124,25.5,0.111,21.5,25.5,0.81,25.5,0.191,21.5,25.5,0.61,25.5,0.236,21.5,25.5,0.36,25.5,0.185,21.5,25.5,0.61,25.5,0.179,21.5,25.5,0.36
944,4501.4167,188,13.417,True,31.1,True,2.75,25.5,0.194,1.227973,0.769636,0.425081,0.003333,1126.824,270.2,0.08,0.098238,0.331798,25.5,0.112,21.5,25.5,0.81,25.5,0.194,21.5,25.5,0.61,25.5,0.239,21.5,25.5,0.36,25.5,0.188,21.5,25.5,0.61,25.5,0.182,21.5,25.5,0.36
945,4501.5833,188,13.583,True,31.1,True,2.75,25.5,0.197,1.231874,0.773536,0.428982,0.003333,1128.0559,273.8,0.08,0.09855,0.337287,25.5,0.113,21.5,25.5,0.81,25.5,0.197,21.5,25.5,0.61,25.5,0.242,21.5,25.5,0.36,25.5,0.191,21.5,25.5,0.61,25.5,0.185,21.5,25.5,0.36
946,4501.75,188,13.75,True,31.1,True,2.75,25.5,0.201,1.232029,0.773691,0.429137,0.003333,1129.2879,277.8,0.08,0.098562,0.342258,25.5,0.115,21.5,25.5,0.81,25.5,0.201,21.5,25.5,0.61,25.5,0.245,21.5,25.5,0.36,25.5,0.194,21.5,25.5,0.61,25.5,0.188,21.5,25.5,0.36
947,4501.9167,188,13.917,True,31.1,True,2.75,25.5,0.204,1.237268,0.778931,0.434377,0.003333,1130.5252,282.3,0.08,0.098981,0.349281,25.5,0.116,21.5,25.5,0.81,25.5,0.204,21.5,25.5,0.61,25.5,0.247,21.5,25.5,0.36,25.5,0.197,21.5,25.5,0.61,25.5,0.199,21.5,25.5,0.36
948,4502.0833,188,14.083,True,31.1,True,2.75,25.5,0.207,1.243425,0.785088,0.440533,0.003333,1131.7686,287.4,0.08,0.099474,0.35736,25.5,0.118,21.5,25.5,0.81,25.5,0.207,21.5,25.5,0.61,25.5,0.25,21.5,25.5,0.36,25.5,0.2,21.5,25.5,0.61,25.5,0.212,21.5,25.5,0.36
949,4502.1667,188,14.167,True,31.2,True,2.75,25.5,0.209,1.251634,0.793296,0.448742,0.003333,1133.0202,290.1,0.08,0.100131,0.363099,25.5,0.119,21.5,25.5,0.81,25.5,0.209,21.5,25.5,0.61,25.5,0.252,21.5,25.5,0.36,25.5,0.202,21.5,25.5,0.61,25.5,0.226,21.5,25.5,0.36
950,4502.3333,188,14.333,True,31.3,True,2.75,25.5,0.21,1.25935,0.801012,0.456458,0.003333,1134.2796,296.0,0.08,0.100748,0.372768,25.5,0.119,21.5,25.5,0.81,25.5,0.21,21.5,25.5,0.61,25.5,0.253,21.5,25.5,0.36,25.5,0.203,21.5,25.5,0.61,25.5,0.241,21.5,25.5,0.36
951,4502.5,188,14.5,True,31.4,True,2.75,25.5,0.211,1.266616,0.808278,0.463724,0.436415,1135.5462,302.5,0.08,0.101329,0.383151,25.5,0.119,21.5,25.5,0.81,25.5,0.211,21.5,25.5,0.61,25.5,0.253,21.5,25.5,0.36,25.5,0.204,21.5,25.5,0.61,25.5,0.255,21.5,25.5,0.36
952,4502.6667,188,14.667,True,31.5,True,2.75,25.5,0.211,1.272247,0.813909,0.469355,0.003333,1136.8185,309.6,0.08,0.10178,0.393888,25.5,0.117,21.5,25.5,0.81,25.5,0.211,21.5,25.5,0.61,25.5,0.252,21.5,25.5,0.36,25.5,0.203,21.5,25.5,0.61,25.5,0.266,21.5,25.5,0.36
953,4502.9167,188,14.917,True,31.6,True,2.75,25.5,0.209,1.276688,0.81835,0.473796,0.003333,1138.0951,321.3,0.08,0.102135,0.4102,25.5,0.115,21.5,25.5,0.81,25.5,0.209,21.5,25.5,0.61,25.5,0.251,21.5,25.5,0.36,25.5,0.202,21.5,25.5,0.61,25.5,0.275,21.5,25.5,0.36
954,4503.0833,188,15.083,True,31.7,True,2.75,25.5,0.208,1.280886,0.822548,0.477994,0.003333,1139.376,329.9,0.08,0.102471,0.422564,25.5,0.113,21.5,25.5,0.81,25.5,0.208,21.5,25.5,0.61,25.5,0.249,21.5,25.5,0.36,25.5,0.2,21.5,25.5,0.61,25.5,0.281,21.5,25.5,0.36
955,4503.2222,188,15.222,True,31.6,True,2.75,25.5,0.206,1.278536,0.820198,0.475644,0.003333,1140.6546,337.4,0.08,0.102283,0.431378,25.5,0.111,21.5,25.5,0.81,25.5,0.206,21.5,25.5,0.61,25.5,0.247,21.5,25.5,0.36,25.5,0.199,21.5,25.5,0.61,25.5,0.286,21.5,25.5,0.36
956,4503.3889,188,15.389,True,31.5,True,2.75,25.5,0.204,1.276457,0.81812,0.473566,0.003333,1141.931,347.0,0.08,0.102117,0.442931,25.5,0.11,21.5,25.5,0.81,25.5,0.204,21.5,25.5,0.61,25.5,0.245,21.5,25.5,0.36,25.5,0.197,21.5,25.5,0.61,25.5,0.291,21.5,25.5,0.36
957,4503.5556,188,15.556,True,31.4,True,2.75,25.5,0.203,1.274161,0.815823,0.471269,0.003333,1143.2052,357.1,0.08,0.101933,0.455003,25.5,0.11,21.5,25.5,0.81,25.5,0.203,21.5,25.5,0.61,25.5,0.244,21.5,25.5,0.36,25.5,0.196,21.5,25.5,0.61,25.5,0.295,21.5,25.5,0.36
958,4503.7222,188,15.722,True,31.3,True,2.75,25.5,0.203,1.271978,0.81364,0.469086,0.003333,1144.4772,367.6,0.08,0.101758,0.467579,25.5,0.109,21.5,25.5,0.81,25.5,0.203,21.5,25.5,0.61,25.5,0.243,21.5,25.5,0.36,25.5,0.196,21.5,25.5,0.61,25.5,0.299,21.5,25.5,0.36
959,4503.8889,188,15.889,True,31.2,True,2.75,25.5,0.202,1.268126,0.809789,0.465235,0.436433,1145.7453,378.5,0.08,0.10145,0.479986,25.5,0.11,21.5,25.5,0.81,25.5,0.202,21.5,25.5,0.61,25.5,0.242,21.5,25.5,0.36,25.5,0.195,21.5,25.5,0.61,25.5,0.296,21.5,25.5,0.36
960,4504.0556,188,16.056,True,31.1,True,2.75,25.5,0.202,1.264562,0.806224,0.46167,0.003333,1147.0099,389.8,0.34,0.429951,0.492926,25.5,0.11,21.5,25.5,0.81,25.5,0.202,21.5,25.5,0.61,25.5,0.241,21.5,25.5,0.36,25.5,0.195,21.5,25.5,0.61,25.5,0.294,21.5,25.5,0.36
961,4504.2,188,16.2,True,31.1,False,0.0,26.387,0.0,0.723668,0.402832,0.058278,0.003333,1147.7335,399.9,0.34,0.246047,0.289395,25.86,0.161,15.6,28.0,0.0,26.35,0.329,15.6,28.0,0.0,26.62,0.406,15.6,28.0,0.0,26.33,0.319,15.6,28.0,0.0,26.78,0.483,15.6,28.0,0.0
962,4504.375,188,16.375,True,31.1,False,0.0,27.129,0.0,0.721129,0.400293,0.055738,0.037839,1148.4546,412.3,0.34,0.245184,0.297321,26.15,0.226,15.6,28.0,0.0,27.08,0.48,15.6,28.0,0.0,27.53,0.595,15.6,28.0,0.0,27.05,0.467,15.6,28.0,0.0,27.84,0.699,15.6,28.0,0.0
963,4504.5417,188,16.542,True,31.1,False,0.0,27.36,0.0,0.720852,0.400016,0.055462,0.012021,1149.1755,424.2,0.34,0.24509,0.305785,26.25,0.256,15.6,28.0,0.0,27.35,0.554,15.6,28.0,0.0,27.9,0.69,15.6,28.0,0.0,27.31,0.539,15.6,28.0,0.0,27.99,0.755,15.6,28.0,0.0
964,4504.7083,188,16.708,True,31.1,False,0.0,27.444,0.0,0.729645,0.408809,0.064255,0.003333,1149.9051,436.2,0.34,0.248079,0.318271,26.31,0.28,15.6,28.0,0.0,27.48,0.599,15.6,28.0,0.0,27.99,0.737,15.6,28.0,0.0,27.44,0.584,15.6,28.0,0.0,28.0,0.79,15.6,28.0,0.0
965,4504.875,188,16.875,True,31.1,False,0.0,27.486,0.0,0.737719,0.416883,0.072328,0.003333,1150.6429,448.1,0.34,0.250824,0.330572,26.36,0.3,15.6,28.0,0.0,27.55,0.633,15.6,28.0,0.0,28.0,0.76,15.6,28.0,0.0,27.52,0.619,15.6,28.0,0.0,28.0,0.816,15.6,28.0,0.0
966,4505.0556,188,17.056,True,31.1,False,0.0,27.519,0.0,0.744053,0.423217,0.078663,0.003333,1151.3869,460.9,0.34,0.252978,0.342934,26.4,0.319,15.6,28.0,0.0,27.61,0.661,15.6,28.0,0.0,28.0,0.778,15.6,28.0,0.0,27.59,0.651,15.6,28.0,0.0,28.0,0.84,15.6,28.0,0.0
967,4505.2222,188,17.222,True,30.82,False,0.0,27.336,0.0,0.320836,0.0,0.0,0.003333,1151.7078,472.5,0.34,0.109084,0.151595,26.28,0.315,15.6,29.0,0.0,27.29,0.627,15.6,29.0,0.0,27.71,0.749,15.6,29.0,0.0,27.27,0.62,15.6,29.0,0.0,28.12,0.877,15.6,29.0,0.0
968,4505.3889,188,17.389,True,30.53,False,0.0,27.247,0.0,0.320836,0.0,0.0,0.436416,1152.0286,483.6,0.34,0.109084,0.155157,26.21,0.309,15.6,29.0,0.0,27.1,0.593,15.6,29.0,0.0,27.56,0.725,15.6,29.0,0.0,27.1,0.593,15.6,29.0,0.0,28.26,0.928,15.6,29.0,0.0
969,4505.5556,188,17.556,True,30.25,False,0.0,27.234,0.0,0.320836,0.0,0.0,0.003333,1152.3494,494.4,0.34,0.109084,0.158622,26.19,0.311,15.6,29.0,0.0,27.04,0.582,15.6,29.0,0.0,27.52,0.719,15.6,29.0,0.0,27.06,0.593,15.6,29.0,0.0,28.37,0.966,15.6,29.0,0.0
970,4505.7222,188,17.722,True,29.97,False,0.0,27.227,0.0,0.320836,0.0,0.0,0.003333,1152.6703,504.5,0.34,0.109084,0.161862,26.18,0.315,15.6,29.0,0.0,27.0,0.576,15.6,29.0,0.0,27.49,0.717,15.6,29.0,0.0,27.05,0.597,15.6,29.0,0.0,28.42,0.984,15.6,29.0,0.0
971,4505.8889,188,17.889,True,29.68,False,0.0,27.216,0.0,0.320836,0.0,0.0,0.003333,1152.9911,514.1,0.34,0.109084,0.164942,26.17,0.319,15.6,29.0,0.0,26.96,0.571,15.6,29.0,0.0,27.46,0.715,15.6,29.0,0.0,27.06,0.603,15.6,29.0,0.0,28.42,0.99,15.6,29.0,0.0
972,4506.0417,188,18.042,True,29.4,False,0.0,27.201,0.0,0.320836,0.0,0.0,0.003333,1153.3119,522.1,0.34,0.109084,0.167509,26.17,0.323,15.6,29.0,0.0,26.93,0.565,15.6,29.0,0.0,27.44,0.712,15.6,29.0,0.0,27.06,0.607,15.6,29.0,0.0,28.4,0.99,15.6,29.0,0.0
973,4506.2083,188,18.208,True,28.95,False,0.0,27.176,0.0,0.320836,0.0,0.0,0.003333,1153.6328,530.2,0.34,0.109084,0.170107,26.16,0.326,15.6,28.0,0.0,26.9,0.559,15.6,28.0,0.0,27.41,0.708,15.6,28.0,0.0,27.05,0.61,15.6,28.0,0.0,28.36,0.983,15.6,28.0,0.0
974,4506.375,188,18.375,True,28.5,False,0.0,27.142,0.0,0.320836,0.0,0.0,0.003333,1153.9536,537.3,0.34,0.109084,0.172385,26.15,0.33,15.6,28.0,0.0,26.86,0.552,15.6,28.0,0.0,27.38,0.704,15.6,28.0,0.0,27.03,0.609,15.6,28.0,0.0,28.29,0.971,15.6,28.0,0.0
975,4506.5417,188,18.542,True,28.05,False,0.0,27.101,0.0,0.320836,0.0,0.0,0.003333,1154.2744,543.5,0.34,0.109084,0.174375,26.13,0.332,15.6,28.0,0.0,26.81,0.545,15.6,28.0,0.0,27.34,0.7,15.6,28.0,0.0,27.0,0.606,15.6,28.0,0.0,28.21,0.955,15.6,28.0,0.0
976,4506.7083,188,18.708,True,27.6,False,0.0,27.051,0.0,0.320836,0.0,0.0,0.003333,1154.5953,548.7,0.34,0.109084,0.176043,26.12,0.335,15.6,28.0,0.0,26.77,0.536,15.6,28.0,0.0,27.3,0.695,15.6,28.0,0.0,26.96,0.599,15.6,28.0,0.0,28.1,0.929,15.6,28.0,0.0
977,4506.875,188,18.875,True,27.15,False,0.0,26.997,0.0,0.320836,0.0,0.0,0.43642,1154.9161,552.8,0.34,0.109084,0.177358,26.09,0.336,15.6,28.0,0.0,26.72,0.528,15.6,28.0,0.0,27.26,0.69,15.6,28.0,0.0,26.92,0.591,15.6,28.0,0.0,27.99,0.906,15.6,28.0,0.0
978,4507.0417,188,19.042,True,26.7,False,0.0,26.943,0.0,0.320836,0.0,0.0,0.003333,1155.237,555.9,0.34,0.109084,0.178353,26.07,0.338,15.6,28.0,0.0,26.67,0.519,15.6,28.0,0.0,27.22,0.685,15.6,28.0,0.0,26.87,0.584,15.6,28.0,0.0,27.89,0.884,15.6,28.0,0.0
979,4507.2083,188,19.208,True,26.42,False,0.0,26.89,0.0,0.320836,0.0,0.0,0.003333,1155.5578,557.9,0.34,0.109084,0.178995,26.05,0.338,15.6,29.0,0.0,26.62,0.511,15.6,29.0,0.0,27.18,0.679,15.6,29.0,0.0,26.82,0.575,15.6,29.0,0.0,27.79,0.858,15.6,29.0,0.0
980,4507.375,188,19.375,True,26.13,False,0.0,26.836,0.0,0.320836,0.0,0.0,0.003333,1155.8786,558.9,0.34,0.109084,0.179315,26.02,0.338,15.6,29.0,0.0,26.57,0.502,15.6,29.0,0.0,27.14,0.673,15.6,29.0,0.0,26.77,0.564,15.6,29.0,0.0,27.67,0.828,15.6,29.0,0.0
981,4507.5417,188,19.542,True,25.85,False,0.0,26.767,0.0,0.320836,0.0,0.0,0.003333,1156.1995,558.8,0.34,0.109084,0.179283,26.0,0.337,15.6,29.0,0.0,26.52,0.491,15.6,29.0,0.0,27.1,0.665,15.6,29.0,0.0,26.7,0.543,15.6,29.0,0.0,27.52,0.78,15.6,29.0,0.0
982,4507.7083,188,19.708,True,25.57,False,0.0,26.7,0.0,0.320836,0.0,0.0,0.003333,1156.5203,557.7,0.34,0.109084,0.17893,25.97,0.335,15.6,29.0,0.0,26.47,0.481,15.6,29.0,0.0,27.05,0.658,15.6,29.0,0.0,26.63,0.529,15.6,29.0,0.0,27.38,0.748,15.6,29.0,0.0
983,4507.8889,188,19.889,True,25.28,False,0.0,26.642,0.0,0.320836,0.0,0.0,0.003333,1156.8411,555.5,0.34,0.109084,0.178225,25.94,0.332,15.6,29.0,0.0,26.42,0.472,15.6,29.0,0.0,27.01,0.651,15.6,29.0,0.0,26.57,0.517,15.6,29.0,0.0,27.27,0.722,15.6,29.0,0.0
984,4508.0556,188,20.056,True,25.0,False,0.0,26.592,0.0,0.320836,0.0,0.0,0.003333,1157.162,552.4,0.34,0.109084,0.17723,25.91,0.328,15.6,29.0,0.0,26.38,0.463,15.6,29.0,0.0,26.97,0.644,15.6,29.0,0.0,26.52,0.507,15.6,29.0,0.0,27.18,0.701,15.6,29.0,0.0
985,4508.2222,188,20.222,True,25.0,False,0.0,26.555,0.0,0.320836,0.0,0.0,0.003333,1157.4828,548.5,0.34,0.109084,0.175979,25.89,0.326,15.6,28.0,0.0,26.35,0.458,15.6,28.0,0.0,26.94,0.64,15.6,28.0,0.0,26.48,0.5,15.6,28.0,0.0,27.11,0.686,15.6,28.0,0.0
986,4508.3889,188,20.389,True,25.0,False,0.0,26.529,0.0,0.320836,0.0,0.0,0.436425,1157.8036,543.9,0.34,0.109084,0.174503,25.88,0.326,15.6,28.0,0.0,26.33,0.454,15.6,28.0,0.0,26.92,0.637,15.6,28.0,0.0,26.46,0.496,15.6,28.0,0.0,27.06,0.674,15.6,28.0,0.0
987,4508.5833,188,20.583,True,25.0,False,0.0,26.507,0.0,0.320836,0.0,0.0,0.003333,1158.1245,537.6,0.34,0.109084,0.172482,25.87,0.327,15.6,28.0,0.0,26.31,0.452,15.6,28.0,0.0,26.91,0.636,15.6,28.0,0.0,26.44,0.492,15.6,28.0,0.0,27.01,0.664,15.6,28.0,0.0
988,4508.75,188,20.75,True,25.0,False,0.0,26.49,0.0,0.320836,0.0,0.0,0.003333,1158.4453,531.6,0.34,0.109084,0.170557,25.86,0.328,15.6,28.0,0.0,26.29,0.45,15.6,28.0,0.0,26.89,0.635,15.6,28.0,0.0,26.42,0.49,15.6,28.0,0.0,26.98,0.658,15.6,28.0,0.0
989,4508.9167,188,20.917,True,25.0,False,0.0,26.476,0.0,0.320836,0.0,0.0,0.003333,1158.7662,525.2,0.34,0.109084,0.168503,25.86,0.33,15.6,28.0,0.0,26.28,0.449,15.6,28.0,0.0,26.88,0.634,15.6,28.0,0.0,26.41,0.489,15.6,28.0,0.0,26.95,0.652,15.6,28.0,0.0
990,4509.0833,188,21.083,True,25.0,False,0.0,26.464,0.0,0.320836,0.0,0.0,0.003333,1159.087,518.3,0.08,0.025667,0.16629,25.85,0.332,15.6,28.0,0.0,26.27,0.449,15.6,28.0,0.0,26.87,0.635,15.6,28.0,0.0,26.4,0.489,15.6,28.0,0.0,26.93,0.648,15.6,28.0,0.0
991,4509.25,188,21.25,True,24.9,False,0.0,26.449,0.0,0.320836,0.0,0.0,0.003333,1159.4078,511.1,0.08,0.025667,0.16398,25.85,0.333,15.6,28.0,0.0,26.26,0.447,15.6,28.0,0.0,26.86,0.633,15.6,28.0,0.0,26.38,0.487,15.6,28.0,0.0,26.9,0.644,15.6,28.0,0.0
992,4509.4167,188,21.417,True,24.8,False,0.0,26.433,0.0,0.320836,0.0,0.0,0.003333,1159.7287,503.8,0.08,0.025667,0.161637,25.84,0.332,15.6,28.0,0.0,26.24,0.445,15.6,28.0,0.0,26.84,0.631,15.6,28.0,0.0,26.37,0.485,15.6,28.0,0.0,26.87,0.639,15.6,28.0,0.0
993,4509.5833,188,21.583,True,24.7,False,0.0,26.417,0.0,0.320836,0.0,0.0,0.003333,1160.0495,496.3,0.08,0.025667,0.159231,25.83,0.331,15.6,28.0,0.0,26.23,0.442,15.6,28.0,0.0,26.83,0.628,15.6,28.0,0.0,26.35,0.482,15.6,28.0,0.0,26.85,0.633,15.6,28.0,0.0
994,4509.75,188,21.75,True,24.6,False,0.0,26.401,0.0,0.320836,0.0,0.0,0.003333,1160.3703,488.8,0.08,0.025667,0.156825,25.82,0.329,15.6,28.0,0.0,26.21,0.438,15.6,28.0,0.0,26.81,0.624,15.6,28.0,0.0,26.34,0.478,15.6,28.0,0.0,26.83,0.628,15.6,28.0,0.0
995,4509.8333,188,21.833,True,24.5,False,0.0,26.383,0.0,0.320836,0.0,0.0,0.436394,1160.6912,485.0,0.08,0.025667,0.155606,25.81,0.326,15.6,28.0,0.0,26.19,0.434,15.6,28.0,0.0,26.79,0.619,15.6,28.0,0.0,26.32,0.474,15.6,28.0,0.0,26.8,0.621,15.6,28.0,0.0
996,4510.0,188,22.0,True,24.4,False,0.0,26.367,0.0,0.320836,0.0,0.0,0.003333,1161.012,477.6,0.08,0.025667,0.153231,25.8,0.323,15.6,28.0,0.0,26.18,0.429,15.6,28.0,0.0,26.77,0.614,15.6,28.0,0.0,26.31,0.47,15.6,28.0,0.0,26.78,0.615,15.6,28.0,0.0
997,4510.1667,188,22.167,True,24.4,False,0.0,26.357,0.0,0.320836,0.0,0.0,0.003333,1161.3328,470.3,0.08,0.025667,0.150889,25.8,0.32,15.6,28.0,0.0,26.16,0.425,15.6,28.0,0.0,26.76,0.61,15.6,28.0,0.0,26.3,0.466,15.6,28.0,0.0,26.76,0.61,15.6,28.0,0.0
998,4510.3333,188,22.333,True,24.4,False,0.0,26.348,0.0,0.320836,0.0,0.0,0.003333,1161.6537,463.2,0.08,0.025667,0.148611,25.79,0.318,15.6,28.0,0.0,26.16,0.422,15.6,28.0,0.0,26.75,0.606,15.6,28.0,0.0,26.29,0.463,15.6,28.0,0.0,26.75,0.606,15.6,28.0,0.0
999,4510.5,188,22.5,True,24.4,False,0.0,26.341,0.0,0.320836,0.0,0.0,0.003333,1161.9745,456.4,0.08,0.025667,0.14643,25.79,0.315,15.6,28.0,0.0,26.15,0.418,15.6,28.0,0.0,26.74,0.602,15.6,28.0,0.0,26.28,0.46,15.6,28.0,0.0,26.74,0.601,15.6,28.0,0.0
1000,4510.6667,188,22.667,True,24.4,False,0.0,26.334,0.0,0.320836,0.0,0.0,0.003333,1162.2954,449.8,0.08,0.025667,0.144312,25.79,0.313,15.6,28.0,0.0,26.14,0.415,15.6,28.0,0.0,26.73,0.598,15.6,28.0,0.0,26.28,0.457,15.6,28.0,0.0,26.73,0.597,15.6,28.0,0.0
1001,4510.8333,188,22.833,True,24.4,False,0.0,26.327,0.0,0.320836,0.0,0.0,0.003333,1162.6162,443.6,0.08,0.025667,0.142323,25.79,0.31,15.6,28.0,0.0,26.13,0.411,15.6,28.0,0.0,26.72,0.594,15.6,28.0,0.0,26.27,0.454,15.6,28.0,0.0,26.72,0.592,15.6,28.0,0.0
1002,4511.0,188,23.0,True,24.4,False,0.0,26.321,0.0,0.320836,0.0,0.0,0.003333,1162.937,437.7,0.08,0.025667,0.14043,25.79,0.308,15.6,28.0,0.0,26.13,0.408,15.6,28.0,0.0,26.72,0.59,15.6,28.0,0.0,26.26,0.451,15.6,28.0,0.0,26.71,0.588,15.6,28.0,0.0
1003,4511.1667,188,23.167,True,24.32,False,0.0,26.31,0.0,0.320836,0.0,0.0,0.003333,1163.2579,432.2,0.08,0.025667,0.138666,25.78,0.305,15.6,28.0,0.0,26.12,0.404,15.6,28.0,0.0,26.7,0.586,15.6,28.0,0.0,26.26,0.447,15.6,28.0,0.0,26.7,0.583,15.6,28.0,0.0
1004,4511.3333,188,23.333,True,24.23,False,0.0,26.298,0.0,0.320836,0.0,0.0,0.003333,1163.5787,427.0,0.08,0.025667,0.136997,25.78,0.303,15.6,28.0,0.0,26.1,0.4,15.6,28.0,0.0,26.69,0.581,15.6,28.0,0.0,26.24,0.443,15.6,28.0,0.0,26.68,0.579,15.6,28.0,0.0
1005,4511.5,188,23.5,True,24.15,False,0.0,26.286,0.0,0.320836,0.0,0.0,0.436409,1163.8995,422.2,0.08,0.025667,0.135457,25.77,0.301,15.6,28.0,0.0,26.09,0.396,15.6,28.0,0.0,26.67,0.577,15.6,28.0,0.0,26.23,0.44,15.6,28.0,0.0,26.67,0.575,15.6,28.0,0.0
1006,4511.6667,188,23.667,True,24.07,False,0.0,26.273,0.0,0.320836,0.0,0.0,0.003333,1164.2204,417.7,0.08,0.025667,0.134013,25.76,0.299,15.6,28.0,0.0,26.08,0.393,15.6,28.0,0.0,26.66,0.573,15.6,28.0,0.0,26.22,0.437,15.6,28.0,0.0,26.65,0.57,15.6,28.0,0.0
1007,4511.8333,188,23.833,True,23.98,False,0.0,26.259,0.0,0.320836,0.0,0.0,0.003333,1164.5412,413.6,0.08,0.025667,0.132698,25.75,0.297,15.6,28.0,0.0,26.06,0.389,15.6,28.0,0.0,26.64,0.569,15.6,28.0,0.0,26.21,0.434,15.6,28.0,0.0,26.63,0.566,15.6,28.0,0.0
1008,4512.0,188,24.0,True,23.9,False,0.0,26.245,0.0,0.320836,0.0,0.0,0.003333,1164.862,409.8,0.08,0.025667,0.131479,25.74,0.295,15.6,28.0,0.0,26.05,0.386,15.6,28.0,0.0,26.62,0.565,15.6,28.0,0.0,26.19,0.431,15.6,28.0,0.0,26.62,0.563,15.6,28.0,0.0
1009,4512.1667,189,0.167,True,23.9,False,0.0,26.235,0.0,0.320836,0.0,0.0,0.003333,1165.1829,378.0,0.08,0.025667,0.121276,25.74,0.294,15.6,28.0,0.0,26.04,0.384,15.6,28.0,0.0,26.61,0.562,15.6,28.0,0.0,26.18,0.429,15.6,28.0,0.0,26.6,0.559,15.6,28.0,0.0
1010,4512.3333,189,0.333,True,23.9,False,0.0,26.226,0.0,0.320836,0.0,0.0,0.003333,1165.5037,378.5,0.08,0.025667,0.121437,25.73,0.293,15.6,28.0,0.0,26.03,0.381,15.6,28.0,0.0,26.6,0.559,15.6,28.0,0.0,26.18,0.427,15.6,28.0,0.0,26.59,0.556,15.6,28.0,0.0
1011,4512.5,189,0.5,True,23.9,False,0.0,26.217,0.0,0.320836,0.0,0.0,0.003333,1165.8246,378.9,0.08,0.025667,0.121565,25.73,0.293,15.6,28.0,0.0,26.02,0.379,15.6,28.0,0.0,26.59,0.556,15.6,28.0,0.0,26.17,0.424,15.6,28.0,0.0,26.58,0.554,15.6,28.0,0.0
1012,4512.6667,189,0.667,True,23.9,False,0.0,26.209,0.0,0.320836,0.0,0.0,0.003333,1166.1454,379.3,0.08,0.025667,0.121693,25.73,0.292,15.6,28.0,0.0,26.01,0.377,15.6,28.0,0.0,26.58,0.553,15.6,28.0,0.0,26.16,0.422,15.6,28.0,0.0,26.57,0.551,15.6,28.0,0.0
1013,4512.8333,189,0.833,True,23.9,False,0.0,26.201,0.0,0.320836,0.0,0.0,0.003333,1166.4662,379.4,0.08,0.025667,0.121725,25.72,0.291,15.6,28.0,0.0,26.0,0.374,15.6,28.0,0.0,26.57,0.55,15.6,28.0,0.0,26.15,0.42,15.6,28.0,0.0,26.56,0.548,15.6,28.0,0.0
1014,4513.0,189,1.0,True,23.9,False,0.0,26.192,0.0,0.320836,0.0,0.0,0.436396,1166.7871,379.5,0.08,0.025667,0.121757,25.72,0.29,15.6,28.0,0.0,26.0,0.372,15.6,28.0,0.0,26.56,0.547,15.6,28.0,0.0,26.14,0.418,15.6,28.0,0.0,26.55,0.544,15.6,28.0,0.0
1015,4513.1667,189,1.167,True,23.8,False,0.0,26.178,0.0,0.320836,0.0,0.0,0.003333,1167.1079,379.4,0.08,0.025667,0.121725,25.71,0.289,15.6,28.0,0.0,25.98,0.368,15.6,28.0,0.0,26.54,0.543,15.6,28.0,0.0,26.13,0.415,15.6,28.0,0.0,26.53,0.54,15.6,28.0,0.0
1016,4513.3333,189,1.333,True,23.7,False,0.0,26.161,0.0,0.320836,0.0,0.0,0.003333,1167.4287,379.3,0.08,0.025667,0.121693,25.7,0.287,15.6,28.0,0.0,25.96,0.365,15.6,28.0,0.0,26.52,0.539,15.6,28.0,0.0,26.11,0.411,15.6,28.0,0.0,26.51,0.536,15.6,28.0,0.0
1017,4513.5,189,1.5,True,23.6,False,0.0,26.143,0.0,0.320836,0.0,0.0,0.003333,1167.7496,378.9,0.08,0.025667,0.121565,25.69,0.286,15.6,28.0,0.0,25.94,0.36,15.6,28.0,0.0,26.5,0.534,15.6,28.0,0.0,26.1,0.408,15.6,28.0,0.0,26.49,0.531,15.6,28.0,0.0
1018,4513.6667,189,1.667,True,23.5,False,0.0,26.124,0.0,0.320836,0.0,0.0,0.003333,1168.0704,378.5,0.08,0.025667,0.121437,25.68,0.284,15.6,28.0,0.0,25.92,0.356,15.6,28.0,0.0,26.48,0.529,15.6,28.0,0.0,26.08,0.404,15.6,28.0,0.0,26.46,0.526,15.6,28.0,0.0
1019,4513.8333,189,1.833,True,23.4,False,0.0,26.104,0.0,0.320836,0.0,0.0,0.003333,1168.3913,378.0,0.08,0.025667,0.121276,25.66,0.282,15.6,28.0,0.0,25.9,0.352,15.6,28.0,0.0,26.45,0.525,15.6,28.0,0.0,26.06,0.4,15.6,28.0,0.0,26.44,0.521,15.6,28.0,0.0
1020,4514.0,189,2.0,True,23.3,False,0.0,26.083,0.0,0.320836,0.0,0.0,0.003333,1168.7121,377.3,0.08,0.025667,0.121052,25.65,0.281,15.6,28.0,0.0,25.88,0.348,15.6,28.0,0.0,26.43,0.52,15.6,28.0,0.0,26.04,0.396,15.6,28.0,0.0,26.42,0.517,15.6,28.0,0.0
1021,4514.1667,189,2.167,True,23.3,False,0.0,26.069,0.0,0.320836,0.0,0.0,0.003333,1169.0329,376.5,0.08,0.025667,0.120795,25.64,0.279,15.6,28.0,0.0,25.87,0.345,15.6,28.0,0.0,26.41,0.516,15.6,28.0,0.0,26.03,0.393,15.6,28.0,0.0,26.4,0.513,15.6,28.0,0.0
1022,4514.3333,189,2.333,True,23.3,False,0.0,26.056,0.0,0.320836,0.0,0.0,0.003333,1169.3538,375.6,0.08,0.025667,0.120506,25.63,0.278,15.6,28.0,0.0,25.85,0.342,15.6,28.0,0.0,26.4,0.513,15.6,28.0,0.0,26.01,0.391,15.6,28.0,0.0,26.38,0.51,15.6,28.0,0.0
1023,4514.5,189,2.5,True,23.3,False,0.0,26.045,0.0,0.320836,0.0,0.0,0.003333,1169.6746,374.6,0.08,0.025667,0.120185,25.62,0.277,15.6,28.0,0.0,25.84,0.34,15.6,28.0,0.0,26.38,0.51,15.6,28.0,0.0,26.0,0.389,15.6,28.0,0.0,26.37,0.507,15.6,28.0,0.0
1024,4514.6667,189,2.667,True,23.3,False,0.0,26.034,0.0,0.320836,0.0,0.0,0.43641,1169.9954,373.4,0.08,0.025667,0.1198,25.62,0.276,15.6,28.0,0.0,25.83,0.338,15.6,28.0,0.0,26.37,0.507,15.6,28.0,0.0,25.99,0.387,15.6,28.0,0.0,26.36,0.504,15.6,28.0,0.0
1025,4514.8333,189,2.833,True,23.3,False,0.0,26.023,0.0,0.320836,0.0,0.0,0.003333,1170.3163,372.2,0.08,0.025667,0.119415,25.61,0.275,15.6,28.0,0.0,25.82,0.335,15.6,28.0,0.0,26.36,0.504,15.6,28.0,0.0,25.98,0.384,15.6,28.0,0.0,26.34,0.5,15.6,28.0,0.0
1026,4515.0,189,3.0,True,23.3,False,0.0,26.013,0.0,0.320836,0.0,0.0,0.003333,1170.6371,370.8,0.08,0.025667,0.118966,25.6,0.274,15.6,28.0,0.0,25.81,0.333,15.6,28.0,0.0,26.34,0.501,15.6,28.0,0.0,25.97,0.382,15.6,28.0,0.0,26.33,0.497,15.6,28.0,0.0
1027,4515.1667,189,3.167,True,23.3,False,0.0,26.001,0.0,0.320836,0.0,0.0,0.003333,1170.9579,369.4,0.08,0.025667,0.118517,25.6,0.273,15.6,28.0,0.0,25.8,0.331,15.6,28.0,0.0,26.33,0.498,15.6,28.0,0.0,25.96,0.379,15.6,28.0,0.0,26.31,0.494,15.6,28.0,0.0
1028,4515.3333,189,3.333,True,23.3,False,0.0,25.988,0.0,0.320836,0.0,0.0,0.003333,1171.2788,367.8,0.08,0.025667,0.118004,25.59,0.272,15.6,28.0,0.0,25.79,0.328,15.6,28.0,0.0,26.31,0.494,15.6,28.0,0.0,25.95,0.377,15.6,28.0,0.0,26.3,0.49,15.6,28.0,0.0
1029,4515.5,189,3.5,True,23.3,False,0.0,25.975,0.0,0.320836,0.0,0.0,0.003333,1171.5996,366.1,0.08,0.025667,0.117458,25.58,0.27,15.6,28.0,0.0,25.78,0.324,15.6,28.0,0.0,26.3,0.49,15.6,28.0,0.0,25.94,0.373,15.6,28.0,0.0,26.28,0.486,15.6,28.0,0.0
1030,4515.6667,189,3.667,True,23.3,False,0.0,25.962,0.0,0.320836,0.0,0.0,0.003333,1171.9205,364.4,0.08,0.025667,0.116913,25.58,0.269,15.6,28.0,0.0,25.76,0.321,15.6,28.0,0.0,26.28,0.486,15.6,28.0,0.0,25.92,0.37,15.6,28.0,0.0,26.27,0.482,15.6,28.0,0.0
1031,4515.8333,189,3.833,True,23.3,False,0.0,25.948,0.0,0.320836,0.0,0.0,0.003333,1172.2413,362.5,0.08,0.025667,0.116303,25.57,0.267,15.6,28.0,0.0,25.75,0.317,15.6,28.0,0.0,26.26,0.481,15.6,28.0,0.0,25.91,0.367,15.6,28.0,0.0,26.25,0.477,15.6,28.0,0.0
1032,4516.0,189,4.0,True,23.3,False,0.0,25.934,0.0,0.320836,0.0,0.0,0.003333,1172.5621,360.5,0.08,0.025667,0.115662,25.56,0.266,15.6,28.0,0.0,25.73,0.314,15.6,28.0,0.0,26.25,0.477,15.6,28.0,0.0,25.9,0.363,15.6,28.0,0.0,26.23,0.473,15.6,28.0,0.0
1033,4516.1667,189,4.167,True,23.22,False,0.0,25.918,0.0,0.320836,0.0,0.0,0.436402,1172.883,358.5,0.08,0.025667,0.11502,25.55,0.263,15.6,28.0,0.0,25.72,0.31,15.6,28.0,0.0,26.23,0.472,15.6,28.0,0.0,25.88,0.36,15.6,28.0,0.0,26.21,0.468,15.6,28.0,0.0
1034,4516.3333,189,4.333,True,23.13,False,0.0,25.901,0.0,0.320836,0.0,0.0,0.003333,1173.2038,356.4,0.08,0.025667,0.114346,25.54,0.261,15.6,28.0,0.0,25.7,0.306,15.6,28.0,0.0,26.21,0.467,15.6,28.0,0.0,25.86,0.356,15.6,28.0,0.0,26.19,0.463,15.6,28.0,0.0
1035,4516.5,189,4.5,True,23.05,False,0.0,25.882,0.0,0.320836,0.0,0.0,0.003333,1173.5246,354.2,0.08,0.025667,0.11364,25.52,0.258,15.6,28.0,0.0,25.68,0.302,15.6,28.0,0.0,26.19,0.462,15.6,28.0,0.0,25.85,0.351,15.6,28.0,0.0,26.17,0.458,15.6,28.0,0.0
1036,4516.6667,189,4.667,True,22.97,False,0.0,25.864,0.0,0.320836,0.0,0.0,0.003333,1173.8455,351.9,0.08,0.025667,0.112902,25.51,0.255,15.6,28.0,0.0,25.67,0.297,15.6,28.0,0.0,26.17,0.457,15.6,28.0,0.0,25.83,0.347,15.6,28.0,0.0,26.15,0.453,15.6,28.0,0.0
1037,4516.8333,189,4.833,True,22.88,False,0.0,25.845,0.0,0.320836,0.0,0.0,0.003333,1174.1663,349.5,0.08,0.025667,0.112132,25.49,0.252,15.6,28.0,0.0,25.65,0.293,15.6,28.0,0.0,26.14,0.452,15.6,28.0,0.0,25.81,0.343,15.6,28.0,0.0,26.13,0.447,15.6,28.0,0.0
1038,4517.0,189,5.0,True,22.8,False,0.0,25.825,0.0,0.320836,0.0,0.0,0.003333,1174.4871,347.1,0.08,0.025667,0.111362,25.48,0.248,15.6,28.0,0.0,25.63,0.288,15.6,28.0,0.0,26.12,0.447,15.6,28.0,0.0,25.79,0.338,15.6,28.0,0.0,26.11,0.442,15.6,28.0,0.0
1039,4517.1667,189,5.167,True,22.8,False,0.0,25.809,0.0,0.320836,0.0,0.0,0.003333,1174.808,344.6,0.08,0.025667,0.11056,25.47,0.246,15.6,28.0,0.0,25.61,0.284,15.6,28.0,0.0,26.1,0.442,15.6,28.0,0.0,25.77,0.334,15.6,28.0,0.0,26.09,0.437,15.6,28.0,0.0
1040,4517.3333,189,5.333,True,22.8,False,0.0,25.793,0.0,0.320836,0.0,0.0,0.003333,1175.1288,342.1,0.08,0.025667,0.109758,25.45,0.242,15.6,28.0,0.0,25.6,0.28,15.6,28.0,0.0,26.09,0.437,15.6,28.0,0.0,25.76,0.33,15.6,28.0,0.0,26.07,0.432,15.6,28.0,0.0
1041,4517.5,189,5.5,True,22.8,False,0.0,25.779,0.0,0.320836,0.0,0.0,0.003333,1175.4497,339.5,0.08,0.025667,0.108924,25.44,0.24,15.6,28.0,0.0,25.58,0.276,15.6,28.0,0.0,26.07,0.432,15.6,28.0,0.0,25.75,0.326,15.6,28.0,0.0,26.05,0.427,15.6,28.0,0.0
1042,4517.6667,189,5.667,True,22.8,False,0.0,25.764,0.0,0.320836,0.0,0.0,0.436392,1175.7705,336.9,0.08,0.025667,0.10809,25.43,0.237,15.6,28.0,0.0,25.57,0.272,15.6,28.0,0.0,26.05,0.427,15.6,28.0,0.0,25.73,0.322,15.6,28.0,0.0,26.04,0.423,15.6,28.0,0.0
1043,4517.8333,189,5.833,True,22.8,False,0.0,25.79,0.0,0.320836,0.0,0.0,0.003333,1176.0913,334.2,0.08,0.025667,0.107224,25.42,0.234,15.6,28.0,0.0,25.57,0.274,15.6,28.0,0.0,26.15,0.468,15.6,28.0,0.0,25.77,0.34,15.6,28.0,0.0,26.03,0.422,15.6,28.0,0.0
1044,4518.0,189,6.0,True,22.8,False,0.0,25.817,0.0,0.320836,0.0,0.0,0.003333,1176.4122,331.5,0.08,0.025667,0.106357,25.42,0.233,15.6,28.0,0.0,25.57,0.275,15.6,28.0,0.0,26.25,0.498,15.6,28.0,0.0,25.82,0.352,15.6,28.0,0.0,26.03,0.422,15.6,28.0,0.0
1045,4518.25,189,6.25,True,23.07,False,0.0,25.854,0.0,0.320836,0.0,0.0,0.003333,1176.733,327.4,0.08,0.025667,0.105042,25.42,0.234,15.6,28.0,0.0,25.59,0.281,15.6,28.0,0.0,26.35,0.532,15.6,28.0,0.0,25.86,0.366,15.6,28.0,0.0,26.04,0.426,15.6,28.0,0.0
1046,4518.4167,189,6.417,True,23.33,False,0.0,25.903,0.0,0.320836,0.0,0.0,0.003333,1177.0538,324.6,0.08,0.025667,0.104144,25.44,0.237,15.6,28.0,0.0,25.62,0.289,15.6,28.0,0.0,26.47,0.565,15.6,28.0,0.0,25.91,0.381,15.6,28.0,0.0,26.07,0.432,15.6,28.0,0.0
1047,4518.5833,189,6.583,True,23.6,False,0.0,25.956,0.0,0.320836,0.0,0.0,0.003333,1177.3747,321.8,0.08,0.025667,0.103245,25.46,0.241,15.6,28.0,0.0,25.66,0.3,15.6,28.0,0.0,26.59,0.6,15.6,28.0,0.0,25.97,0.396,15.6,28.0,0.0,26.1,0.44,15.6,28.0,0.0
1048,4518.75,189,6.75,True,23.87,False,0.0,26.015,0.0,0.320836,0.0,0.0,0.003333,1177.6955,319.0,0.08,0.025667,0.102347,25.48,0.246,15.6,28.0,0.0,25.71,0.312,15.6,28.0,0.0,26.73,0.641,15.6,28.0,0.0,26.03,0.412,15.6,28.0,0.0,26.13,0.449,15.6,28.0,0.0
1049,4518.8889,189,6.889,True,24.13,False,0.0,26.075,0.0,0.320836,0.0,0.0,0.003333,1178.0163,316.6,0.08,0.025667,0.101577,25.51,0.252,15.6,28.0,0.0,25.75,0.325,15.6,28.0,0.0,26.87,0.684,15.6,28.0,0.0,26.08,0.429,15.6,28.0,0.0,26.16,0.459,15.6,28.0,0.0
1050,4519.0556,189,7.056,True,24.4,False,0.0,26.144,0.0,0.320836,0.0,0.0,0.003333,1178.3372,313.8,0.08,0.025667,0.100678,25.53,0.258,15.6,28.0,0.0,25.8,0.339,15.6,28.0,0.0,27.03,0.733,15.6,28.0,0.0,26.14,0.446,15.6,28.0,0.0,26.2,0.47,15.6,28.0,0.0
1051,4519.2222,189,7.222,True,24.78,False,0.0,26.219,0.0,0.320836,0.0,0.0,0.003333,1178.658,311.0,0.08,0.025667,0.09978,25.57,0.266,15.6,28.0,0.0,25.86,0.356,15.6,28.0,0.0,27.21,0.784,15.6,28.0,0.0,26.21,0.463,15.6,28.0,0.0,26.25,0.483,15.6,28.0,0.0
1052,4519.375,189,7.375,True,25.17,False,0.0,26.293,0.0,0.320836,0.0,0.0,0.436418,1178.9789,308.4,0.08,0.025667,0.098946,25.6,0.274,15.6,28.0,0.0,25.92,0.373,15.6,28.0,0.0,27.39,0.836,15.6,28.0,0.0,26.26,0.478,15.6,28.0,0.0,26.3,0.496,15.6,28.0,0.0
1053,4519.5417,189,7.542,True,25.55,False,0.0,26.372,0.0,0.320836,0.0,0.0,0.003333,1179.2997,305.6,0.08,0.025667,0.098048,25.64,0.283,15.6,28.0,0.0,25.98,0.392,15.6,28.0,0.0,27.57,0.891,15.6,28.0,0.0,26.32,0.493,15.6,28.0,0.0,26.35,0.511,15.6,28.0,0.0
1054,4519.7083,189,7.708,True,25.93,False,0.0,26.455,0.0,0.320836,0.0,0.0,0.003333,1179.6205,302.8,0.08,0.025667,0.097149,25.68,0.292,15.6,28.0,0.0,26.05,0.411,15.6,28.0,0.0,27.78,0.956,15.6,28.0,0.0,26.37,0.507,15.6,28.0,0.0,26.4,0.525,15.6,28.0,0.0
1055,4519.875,189,7.875,True,26.32,False,0.0,26.537,0.0,0.320836,0.0,0.0,0.003333,1179.9414,300.1,0.08,0.025667,0.096283,25.71,0.301,15.6,28.0,0.0,26.12,0.429,15.6,28.0,0.0,27.99,1.019,15.6,28.0,0.0,26.41,0.517,15.6,28.0,0.0,26.45,0.539,15.6,28.0,0.0
1056,4520.0333,189,8.033,True,26.7,False,0.0,26.612,0.0,0.320836,0.0,0.0,0.003333,1180.2622,297.5,0.08,0.025667,0.095449,25.74,0.309,15.6,28.0,0.0,26.18,0.447,15.6,28.0,0.0,28.19,1.079,15.6,28.0,0.0,26.44,0.525,15.6,28.0,0.0,26.5,0.552,15.6,28.0,0.0
1057,4520.2,189,8.2,True,26.97,False,0.0,26.682,0.0,0.320836,0.0,0.0,0.003333,1180.583,294.8,0.08,0.025667,0.094583,25.77,0.317,15.6,28.0,0.0,26.24,0.464,15.6,28.0,0.0,28.39,1.137,15.6,28.0,0.0,26.46,0.531,15.6,28.0,0.0,26.54,0.565,15.6,28.0,0.0
1058,4520.3667,189,8.367,True,27.23,False,0.0,26.684,0.0,0.418695,0.097859,0.045892,0.003333,1181.0017,292.1,0.08,0.033496,0.122301,25.8,0.324,15.6,28.0,0.0,26.3,0.481,15.6,28.0,0.0,28.25,1.139,15.6,28.0,0.0,26.48,0.537,15.6,28.0,0.0,26.59,0.577,15.6,28.0,0.0
1059,4520.5333,189,8.533,True,27.5,False,0.0,26.665,0.0,0.437575,0.116739,0.051781,0.003333,1181.4393,289.5,0.08,0.035006,0.126678,25.83,0.331,15.6,28.0,0.0,26.35,0.496,15.6,28.0,0.0,28.01,1.092,15.6,28.0,0.0,26.51,0.544,15.6,28.0,0.0,26.63,0.589,15.6,28.0,0.0
1060,4520.7,189,8.7,True,27.77,False,0.0,26.694,0.0,0.43755,0.116713,0.051755,0.003333,1181.8769,286.9,0.08,0.035004,0.125533,25.85,0.337,15.6,28.0,0.0,26.41,0.512,15.6,28.0,0.0,28.0,1.086,15.6,28.0,0.0,26.54,0.554,15.6,28.0,0.0,26.67,0.601,15.6,28.0,0.0
1061,4520.8667,189,8.867,True,28.03,False,0.0,26.828,0.0,0.320836,0.0,0.0,0.436417,1182.1977,284.4,0.08,0.025667,0.091246,25.88,0.344,15.6,28.0,0.0,26.46,0.528,15.6,28.0,0.0,28.51,1.166,15.6,28.0,0.0,26.58,0.564,15.6,28.0,0.0,26.71,0.613,15.6,28.0,0.0
1062,4521.0333,189,9.033,True,28.3,False,0.0,26.761,0.0,0.457317,0.13648,0.071522,0.003333,1182.655,282.0,0.08,0.036585,0.128963,25.9,0.35,15.6,28.0,0.0,26.52,0.544,15.6,28.0,0.0,28.01,1.098,15.6,28.0,0.0,26.62,0.575,15.6,28.0,0.0,26.76,0.625,15.6,28.0,0.0
1063,4521.2,189,9.2,True,28.48,False,0.0,26.792,0.0,0.441273,0.120437,0.055479,0.003333,1183.0963,279.6,0.08,0.035302,0.12338,25.93,0.355,15.6,28.0,0.0,26.57,0.559,15.6,28.0,0.0,28.0,1.08,15.6,28.0,0.0,26.66,0.586,15.6,28.0,0.0,26.8,0.638,15.6,28.0,0.0
1064,4521.3667,189,9.367,True,28.67,False,0.0,26.822,0.0,0.440819,0.119982,0.055024,0.003333,1183.5371,277.3,0.08,0.035265,0.122239,25.95,0.361,15.6,28.0,0.0,26.62,0.573,15.6,28.0,0.0,28.0,1.071,15.6,28.0,0.0,26.69,0.596,15.6,28.0,0.0,26.85,0.65,15.6,28.0,0.0
1065,4521.5333,189,9.533,True,28.85,False,0.0,26.968,0.0,0.320836,0.0,0.0,0.003333,1183.8579,275.1,0.08,0.025667,0.088262,25.97,0.366,15.6,28.0,0.0,26.67,0.587,15.6,28.0,0.0,28.58,1.153,15.6,28.0,0.0,26.73,0.607,15.6,28.0,0.0,26.89,0.663,15.6,28.0,0.0
1066,4521.7,189,9.7,True,29.03,False,0.0,26.881,0.0,0.457289,0.136453,0.071494,0.003333,1184.3152,272.9,0.08,0.036583,0.124794,25.99,0.371,15.6,28.0,0.0,26.71,0.599,15.6,28.0,0.0,28.01,1.071,15.6,28.0,0.0,26.77,0.616,15.6,28.0,0.0,26.93,0.673,15.6,28.0,0.0
1067,4521.8667,189,9.867,True,29.22,False,0.0,26.905,0.0,0.439717,0.11888,0.053922,0.003333,1184.7549,270.9,0.08,0.035177,0.119119,26.01,0.375,15.6,28.0,0.0,26.75,0.609,15.6,28.0,0.0,28.0,1.044,15.6,28.0,0.0,26.8,0.624,15.6,28.0,0.0,26.97,0.683,15.6,28.0,0.0
1068,4522.0333,189,10.033,True,29.4,False,0.0,26.928,0.0,0.437336,0.116499,0.051541,0.003333,1185.1923,269.0,0.08,0.034987,0.117643,26.03,0.38,15.6,28.0,0.0,26.78,0.619,15.6,28.0,0.0,28.0,1.027,15.6,28.0,0.0,26.82,0.632,15.6,28.0,0.0,27.0,0.691,15.6,28.0,0.0
1069,4522.2,189,10.2,True,29.6,False,0.0,27.049,0.0,0.320836,0.0,0.0,0.003333,1185.5131,267.1,0.08,0.025667,0.085695,26.05,0.384,15.6,28.0,0.0,26.81,0.627,15.6,28.0,0.0,28.5,1.089,15.6,28.0,0.0,26.85,0.638,15.6,28.0,0.0,27.03,0.699,15.6,28.0,0.0
1070,4522.375,189,10.375,True,29.8,False,0.0,26.973,0.0,0.447118,0.126281,0.061323,0.003333,1185.9602,265.3,0.08,0.035769,0.11862,26.07,0.388,15.6,28.0,0.0,26.85,0.635,15.6,28.0,0.0,28.01,1.014,15.6,28.0,0.0,26.88,0.645,15.6,28.0,0.0,27.06,0.707,15.6,28.0,0.0
1071,4522.5417,189,10.542,True,30.0,False,0.0,26.992,0.0,0.432219,0.111382,0.046424,0.436419,1186.3925,263.7,0.08,0.034578,0.113976,26.09,0.391,15.6,28.0,0.0,26.88,0.643,15.6,28.0,0.0,28.0,0.985,15.6,28.0,0.0,26.9,0.651,15.6,28.0,0.0,27.09,0.714,15.6,28.0,0.0
1072,4522.7083,189,10.708,True,30.2,False,0.0,27.011,0.0,0.427831,0.106995,0.042037,0.003333,1186.8203,262.3,0.08,0.034226,0.11222,26.11,0.394,15.6,28.0,0.0,26.9,0.65,15.6,28.0,0.0,28.0,0.961,15.6,28.0,0.0,26.92,0.656,15.6,28.0,0.0,27.12,0.721,15.6,28.0,0.0
1073,4522.9167,189,10.917,True,30.4,False,0.0,27.105,0.0,0.320836,0.0,0.0,0.003333,1187.1411,260.7,0.08,0.025667,0.083642,26.13,0.398,15.6,28.0,0.0,26.93,0.657,15.6,28.0,0.0,28.37,0.999,15.6,28.0,0.0,26.95,0.662,15.6,28.0,0.0,27.15,0.728,15.6,28.0,0.0
1074,4523.0833,189,11.083,True,30.6,False,0.0,27.151,0.0,0.320836,0.0,0.0,0.003333,1187.462,259.6,0.08,0.025667,0.083289,26.14,0.4,15.6,28.0,0.0,26.96,0.662,15.6,28.0,0.0,28.51,1.019,15.6,28.0,0.0,26.97,0.666,15.6,28.0,0.0,27.17,0.733,15.6,28.0,0.0
1075,4523.25,189,11.25,True,30.68,False,0.0,27.077,0.0,0.4299,0.109063,0.044105,0.003333,1187.8919,258.6,0.08,0.034392,0.111172,26.16,0.402,15.6,28.0,0.0,26.98,0.668,15.6,28.0,0.0,28.06,0.936,15.6,28.0,0.0,26.99,0.671,15.6,28.0,0.0,27.2,0.739,15.6,28.0,0.0
1076,4523.3333,189,11.333,True,30.77,False,0.0,27.081,0.0,0.4177,0.096864,0.031906,0.003333,1188.3096,258.2,0.08,0.033416,0.10785,26.17,0.405,15.6,28.0,0.0,27.0,0.674,15.6,28.0,0.0,28.01,0.903,15.6,28.0,0.0,27.01,0.675,15.6,28.0,0.0,27.22,0.744,15.6,28.0,0.0
1077,4523.5833,189,11.583,True,30.85,False,0.0,27.092,0.0,0.415705,0.094869,0.029911,0.003333,1188.7253,257.4,0.08,0.033256,0.107003,26.18,0.406,15.6,28.0,0.0,27.02,0.679,15.6,28.0,0.0,28.0,0.889,15.6,28.0,0.0,27.02,0.679,15.6,28.0,0.0,27.24,0.749,15.6,28.0,0.0
1078,4523.6667,189,11.667,True,30.93,False,0.0,27.146,0.0,0.320836,0.0,0.0,0.003333,1189.0461,257.2,0.08,0.025667,0.082519,26.19,0.407,15.6,28.0,0.0,27.05,0.687,15.6,28.0,0.0,28.17,0.916,15.6,28.0,0.0,27.05,0.686,15.6,28.0,0.0,27.27,0.757,15.6,28.0,0.0
1079,4523.8333,189,11.833,True,31.02,False,0.0,27.167,0.0,0.320836,0.0,0.0,0.003333,1189.3669,256.9,0.08,0.025667,0.082423,26.2,0.409,15.6,29.0,0.0,27.08,0.693,15.6,29.0,0.0,28.21,0.926,15.6,29.0,0.0,27.07,0.69,15.6,29.0,0.0,27.29,0.762,15.6,29.0,0.0
1080,4524.0,189,12.0,True,31.1,False,0.0,27.186,0.0,0.320836,0.0,0.0,0.436407,1189.6878,257.0,0.08,0.025667,0.082455,26.2,0.41,15.6,29.0,0.0,27.1,0.7,15.6,29.0,0.0,28.22,0.933,15.6,29.0,0.0,27.09,0.696,15.6,29.0,0.0,27.32,0.77,15.6,29.0,0.0
1081,4524.25,189,12.25,True,31.1,False,0.0,27.2,0.0,0.320836,0.0,0.0,0.003333,1190.0086,257.5,0.08,0.025667,0.082615,26.21,0.412,15.6,29.0,0.0,27.13,0.707,15.6,29.0,0.0,28.22,0.939,15.6,29.0,0.0,27.11,0.702,15.6,29.0,0.0,27.34,0.776,15.6,29.0,0.0
1082,4524.3889,189,12.389,True,31.1,False,0.0,27.216,0.0,0.320836,0.0,0.0,0.003333,1190.3294,258.1,0.08,0.025667,0.082808,26.22,0.413,15.6,29.0,0.0,27.15,0.715,15.6,29.0,0.0,28.22,0.945,15.6,29.0,0.0,27.13,0.708,15.6,29.0,0.0,27.36,0.783,15.6,29.0,0.0
1083,4524.5556,189,12.556,True,31.1,False,0.0,27.235,0.0,0.320836,0.0,0.0,0.003333,1190.6503,259.1,0.08,0.025667,0.083129,26.22,0.415,15.6,29.0,0.0,27.18,0.724,15.6,29.0,0.0,28.23,0.953,15.6,29.0,0.0,27.15,0.715,15.6,29.0,0.0,27.39,0.791,15.6,29.0,0.0
1084,4524.7222,189,12.722,True,31.1,False,0.0,27.251,0.0,0.320836,0.0,0.0,0.003333,1190.9711,260.4,0.08,0.025667,0.083546,26.23,0.417,15.6,29.0,0.0,27.21,0.73,15.6,29.0,0.0,28.24,0.959,15.6,29.0,0.0,27.17,0.72,15.6,29.0,0.0,27.41,0.796,15.6,29.0,0.0
1085,4524.9167,189,12.917,True,31.1,False,0.0,27.264,0.0,0.320836,0.0,0.0,0.003333,1191.292,262.5,0.08,0.025667,0.08422,26.24,0.419,15.6,29.0,0.0,27.23,0.736,15.6,29.0,0.0,28.24,0.964,15.6,29.0,0.0,27.19,0.725,15.6,29.0,0.0,27.43,0.801,15.6,29.0,0.0
1086,4525.0,189,13.0,True,31.1,False,0.0,27.279,0.0,0.320836,0.0,0.0,0.003333,1191.6128,263.5,0.08,0.025667,0.08454,26.25,0.421,15.6,29.0,0.0,27.25,0.742,15.6,29.0,0.0,28.24,0.97,15.6,29.0,0.0,27.21,0.73,15.6,29.0,0.0,27.45,0.807,15.6,29.0,0.0
1087,4525.1667,189,13.167,True,31.1,False,0.0,27.291,0.0,0.320836,0.0,0.0,0.003333,1191.9336,265.9,0.08,0.025667,0.08531,26.25,0.423,15.6,29.0,0.0,27.27,0.747,15.6,29.0,0.0,28.25,0.976,15.6,29.0,0.0,27.22,0.734,15.6,29.0,0.0,27.46,0.811,15.6,29.0,0.0
1088,4525.3333,189,13.333,True,31.1,False,0.0,27.311,0.0,0.320836,0.0,0.0,0.003333,1192.2545,268.7,0.08,0.025667,0.086209,26.26,0.425,15.6,29.0,0.0,27.29,0.757,15.6,29.0,0.0,28.27,0.986,15.6,29.0,0.0,27.24,0.742,15.6,29.0,0.0,27.49,0.82,15.6,29.0,0.0
1089,4525.5,189,13.5,True,31.1,False,0.0,27.327,0.0,0.320836,0.0,0.0,0.436408,1192.5753,271.9,0.08,0.025667,0.087235,26.27,0.428,15.6,29.0,0.0,27.32,0.764,15.6,29.0,0.0,28.28,0.994,15.6,29.0,0.0,27.26,0.748,15.6,29.0,0.0,27.51,0.826,15.6,29.0,0.0
1090,4525.6667,189,13.667,True,31.1,False,0.0,27.344,0.0,0.320836,0.0,0.0,0.003333,1192.8961,275.7,0.08,0.025667,0.088455,26.27,0.432,15.6,29.0,0.0,27.34,0.773,15.6,29.0,0.0,28.29,1.003,15.6,29.0,0.0,27.28,0.755,15.6,29.0,0.0,27.53,0.834,15.6,29.0,0.0
1091,4525.8333,189,13.833,True,31.1,False,0.0,27.362,0.0,0.320836,0.0,0.0,0.003333,1193.217,280.0,0.08,0.025667,0.089834,26.28,0.436,15.6,29.0,0.0,27.36,0.778,15.6,29.0,0.0,28.3,1.01,15.6,29.0,0.0,27.29,0.76,15.6,29.0,0.0,27.58,0.849,15.6,29.0,0.0
1092,4526.0833,189,14.083,True,31.1,False,0.0,27.385,0.0,0.320836,0.0,0.0,0.003333,1193.5378,287.4,0.08,0.025667,0.092208,26.29,0.44,15.6,29.0,0.0,27.37,0.786,15.6,29.0,0.0,28.31,1.019,15.6,29.0,0.0,27.31,0.766,15.6,29.0,0.0,27.64,0.874,15.6,29.0,0.0
1093,4526.25,189,14.25,True,30.92,False,0.0,27.412,0.0,0.320836,0.0,0.0,0.003333,1193.8586,293.0,0.08,0.025667,0.094005,26.29,0.443,15.6,28.0,0.0,27.39,0.792,15.6,28.0,0.0,28.32,1.027,15.6,28.0,0.0,27.32,0.772,15.6,28.0,0.0,27.74,0.906,15.6,28.0,0.0
1094,4526.4167,189,14.417,True,30.73,False,0.0,27.441,0.0,0.320836,0.0,0.0,0.003333,1194.1795,299.2,0.08,0.025667,0.095994,26.29,0.446,15.6,28.0,0.0,27.4,0.798,15.6,28.0,0.0,28.32,1.033,15.6,28.0,0.0,27.33,0.777,15.6,28.0,0.0,27.85,0.943,15.6,28.0,0.0
1095,4526.5833,189,14.583,True,30.55,False,0.0,27.472,0.0,0.320836,0.0,0.0,0.003333,1194.5003,306.0,0.08,0.025667,0.098176,26.29,0.448,15.6,28.0,0.0,27.41,0.804,15.6,28.0,0.0,28.33,1.039,15.6,28.0,0.0,27.34,0.782,15.6,28.0,0.0,27.99,0.987,15.6,28.0,0.0
1096,4526.75,189,14.75,True,30.37,False,0.0,27.502,0.0,0.320836,0.0,0.0,0.003333,1194.8212,313.4,0.08,0.025667,0.10055,26.29,0.45,15.6,28.0,0.0,27.42,0.808,15.6,28.0,0.0,28.33,1.044,15.6,28.0,0.0,27.35,0.785,15.6,28.0,0.0,28.12,1.029,15.6,28.0,0.0
1097,4526.8333,189,14.833,True,30.18,False,0.0,27.534,0.0,0.320836,0.0,0.0,0.003333,1195.142,317.3,0.08,0.025667,0.101801,26.29,0.452,15.6,28.0,0.0,27.43,0.811,15.6,28.0,0.0,28.32,1.047,15.6,28.0,0.0,27.35,0.788,15.6,28.0,0.0,28.28,1.077,15.6,28.0,0.0
1098,4527.0,189,15.0,True,30.0,False,0.0,27.561,0.0,0.320836,0.0,0.0,0.436395,1195.4628,325.5,0.08,0.025667,0.104432,26.29,0.454,15.6,28.0,0.0,27.43,0.813,15.6,28.0,0.0,28.32,1.049,15.6,28.0,0.0,27.35,0.79,15.6,28.0,0.0,28.42,1.12,15.6,28.0,0.0
1099,4527.1667,189,15.167,True,30.37,False,0.0,27.612,0.0,0.320836,0.0,0.0,0.003333,1195.7837,334.4,0.08,0.025667,0.107288,26.31,0.458,15.6,28.0,0.0,27.45,0.82,15.6,28.0,0.0,28.34,1.056,15.6,28.0,0.0,27.37,0.796,15.6,28.0,0.0,28.59,1.17,15.6,28.0,0.0
1100,4527.4167,189,15.417,True,30.73,False,0.0,27.527,0.0,0.457514,0.136677,0.071709,0.003333,1196.2412,348.6,0.08,0.036601,0.159489,26.33,0.463,15.6,28.0,0.0,27.48,0.827,15.6,28.0,0.0,28.36,1.062,15.6,28.0,0.0,27.4,0.802,15.6,28.0,0.0,28.07,1.094,15.6,28.0,0.0
1101,4527.5556,189,15.556,True,31.1,False,0.0,27.692,0.0,0.39854,0.077703,0.012734,0.003333,1196.6397,357.1,0.08,0.031883,0.142319,26.36,0.469,15.6,29.0,0.0,27.51,0.834,15.6,29.0,0.0,28.38,1.07,15.6,29.0,0.0,27.43,0.809,15.6,29.0,0.0,28.78,1.202,15.6,29.0,0.0
1102,4527.6667,189,15.667,True,31.47,False,0.0,27.768,0.0,0.416499,0.095662,0.030694,0.003333,1197.0562,364.0,0.08,0.03332,0.151606,26.41,0.477,15.6,29.0,0.0,27.56,0.844,15.6,29.0,0.0,28.42,1.078,15.6,29.0,0.0,27.47,0.819,15.6,29.0,0.0,28.99,1.266,15.6,29.0,0.0
1103,4527.9167,189,15.917,True,31.83,False,0.0,27.826,0.0,0.320836,0.0,0.0,0.003333,1197.3771,380.4,0.08,0.025667,0.122046,26.44,0.483,15.6,29.0,0.0,27.59,0.852,15.6,29.0,0.0,28.44,1.084,15.6,29.0,0.0,27.5,0.825,15.6,29.0,0.0,29.17,1.312,15.6,29.0,0.0
1104,4528.0833,189,16.083,True,32.2,False,0.0,27.885,0.0,0.320836,0.0,0.0,0.003333,1197.6979,391.7,0.34,0.109084,0.125672,26.47,0.489,15.6,29.0,0.0,27.62,0.86,15.6,29.0,0.0,28.47,1.091,15.6,29.0,0.0,27.54,0.833,15.6,29.0,0.0,29.33,1.355,15.6,29.0,0.0
1105,4528.2222,189,16.222,True,31.55,False,0.0,27.635,0.0,0.493025,0.172189,0.10722,0.003333,1198.1909,401.4,0.34,0.167629,0.1979,26.48,0.493,15.6,28.0,0.0,27.63,0.863,15.6,28.0,0.0,28.46,1.092,15.6,28.0,0.0,27.54,0.836,15.6,28.0,0.0,28.07,1.15,15.6,28.0,0.0
1106,4528.3889,189,16.389,True,30.9,False,0.0,27.609,0.0,0.454903,0.134066,0.069098,0.003333,1198.6458,413.2,0.34,0.154667,0.187966,26.47,0.495,15.6,28.0,0.0,27.61,0.862,15.6,28.0,0.0,28.43,1.09,15.6,28.0,0.0,27.52,0.835,15.6,28.0,0.0,28.01,1.106,15.6,28.0,0.0
1107,4528.5556,189,16.556,True,30.25,False,0.0,27.754,0.0,0.401206,0.080369,0.0154,0.003333,1199.047,425.2,0.34,0.13641,0.170593,26.45,0.495,15.6,29.0,0.0,27.59,0.859,15.6,29.0,0.0,28.4,1.087,15.6,29.0,0.0,27.5,0.833,15.6,29.0,0.0,28.83,1.224,15.6,29.0,0.0
1108,4528.7083,189,16.708,True,29.6,False,0.0,27.794,0.0,0.320836,0.0,0.0,0.436416,1199.3679,436.2,0.34,0.109084,0.139949,26.43,0.496,15.6,29.0,0.0,27.56,0.854,15.6,29.0,0.0,28.36,1.081,15.6,29.0,0.0,27.47,0.829,15.6,29.0,0.0,29.15,1.287,15.6,29.0,0.0
1109,4528.875,189,16.875,True,28.95,False,0.0,27.54,0.0,0.468435,0.147599,0.08263,0.003333,1199.8363,448.1,0.34,0.159268,0.209906,26.4,0.495,15.6,28.0,0.0,27.52,0.848,15.6,28.0,0.0,28.31,1.074,15.6,28.0,0.0,27.43,0.824,15.6,28.0,0.0,28.03,1.104,15.6,28.0,0.0
1110,4529.0417,189,17.042,True,28.3,False,0.0,27.501,0.0,0.439196,0.118359,0.053391,0.003333,1200.2755,459.9,0.34,0.149327,0.201986,26.37,0.494,15.6,28.0,0.0,27.47,0.841,15.6,28.0,0.0,28.26,1.066,15.6,28.0,0.0,27.4,0.82,15.6,28.0,0.0,28.0,1.061,15.6,28.0,0.0
1111,4529.2083,189,17.208,True,28.3,False,0.0,27.481,0.0,0.435109,0.114273,0.049304,0.003333,1200.7106,471.5,0.34,0.147937,0.205154,26.36,0.494,15.6,28.0,0.0,27.44,0.836,15.6,28.0,0.0,28.23,1.061,15.6,28.0,0.0,27.38,0.821,15.6,28.0,0.0,28.0,1.041,15.6,28.0,0.0
1112,4529.375,189,17.375,True,28.3,False,0.0,27.555,0.0,0.320836,0.0,0.0,0.003333,1201.0314,482.7,0.34,0.109084,0.154868,26.35,0.496,15.6,28.0,0.0,27.42,0.832,15.6,28.0,0.0,28.2,1.058,15.6,28.0,0.0,27.38,0.822,15.6,28.0,0.0,28.42,1.087,15.6,28.0,0.0
1113,4529.5417,189,17.542,True,28.3,False,0.0,27.466,0.0,0.43816,0.117324,0.052355,0.003333,1201.4696,493.5,0.34,0.148975,0.216232,26.36,0.498,15.6,28.0,0.0,27.4,0.829,15.6,28.0,0.0,28.18,1.054,15.6,28.0,0.0,27.38,0.825,15.6,28.0,0.0,28.01,1.019,15.6,28.0,0.0
1114,4529.7083,189,17.708,True,28.3,False,0.0,27.455,0.0,0.425579,0.104743,0.039774,0.003333,1201.8952,503.7,0.34,0.144697,0.214364,26.36,0.501,15.6,28.0,0.0,27.38,0.823,15.6,28.0,0.0,28.16,1.049,15.6,28.0,0.0,27.38,0.825,15.6,28.0,0.0,28.0,0.99,15.6,28.0,0.0
1115,4529.8667,189,17.867,True,28.3,False,0.0,27.443,0.0,0.421751,0.100914,0.035946,0.003333,1202.3169,512.8,0.34,0.143395,0.216274,26.36,0.503,15.6,28.0,0.0,27.35,0.815,15.6,28.0,0.0,28.13,1.043,15.6,28.0,0.0,27.37,0.822,15.6,28.0,0.0,28.0,0.97,15.6,28.0,0.0
1116,4530.0333,189,18.033,True,28.3,False,0.0,27.465,0.0,0.320836,0.0,0.0,0.003333,1202.6378,521.7,0.34,0.109084,0.16738,26.36,0.504,15.6,28.0,0.0,27.32,0.805,15.6,28.0,0.0,28.1,1.035,15.6,28.0,0.0,27.35,0.817,15.6,28.0,0.0,28.19,0.986,15.6,28.0,0.0
1117,4530.2,189,18.2,True,27.57,False,0.0,27.444,0.0,0.320836,0.0,0.0,0.436419,1202.9586,529.8,0.34,0.109084,0.169979,26.35,0.502,15.6,28.0,0.0,27.26,0.79,15.6,28.0,0.0,28.05,1.021,15.6,28.0,0.0,27.3,0.802,15.6,28.0,0.0,28.26,0.987,15.6,28.0,0.0
1118,4530.3667,189,18.367,True,26.83,False,0.0,27.375,0.0,0.320836,0.0,0.0,0.003333,1203.2794,537.0,0.34,0.109084,0.172289,26.31,0.496,15.6,28.0,0.0,27.19,0.77,15.6,28.0,0.0,27.98,1.003,15.6,28.0,0.0,27.22,0.781,15.6,28.0,0.0,28.17,0.96,15.6,28.0,0.0
1119,4530.5333,189,18.533,True,26.1,False,0.0,27.285,0.0,0.320836,0.0,0.0,0.003333,1203.6003,543.2,0.34,0.109084,0.174278,26.27,0.487,15.6,29.0,0.0,27.1,0.746,15.6,29.0,0.0,27.89,0.981,15.6,29.0,0.0,27.14,0.756,15.6,29.0,0.0,28.03,0.922,15.6,29.0,0.0
1120,4530.7,189,18.7,True,25.37,False,0.0,27.194,0.0,0.320836,0.0,0.0,0.003333,1203.9211,548.4,0.34,0.109084,0.175947,26.21,0.475,15.6,29.0,0.0,27.01,0.723,15.6,29.0,0.0,27.81,0.96,15.6,29.0,0.0,27.05,0.735,15.6,29.0,0.0,27.89,0.891,15.6,29.0,0.0
1121,4530.8667,189,18.867,True,24.63,False,0.0,27.109,0.0,0.320836,0.0,0.0,0.003333,1204.2419,552.6,0.34,0.109084,0.177294,26.15,0.462,15.6,28.0,0.0,26.93,0.702,15.6,28.0,0.0,27.72,0.939,15.6,28.0,0.0,26.97,0.715,15.6,28.0,0.0,27.77,0.864,15.6,28.0,0.0
1122,4531.0333,189,19.033,True,23.9,False,0.0,27.026,0.0,0.320836,0.0,0.0,0.003333,1204.5628,555.8,0.34,0.109084,0.178321,26.09,0.447,15.6,28.0,0.0,26.85,0.68,15.6,28.0,0.0,27.64,0.917,15.6,28.0,0.0,26.9,0.695,15.6,28.0,0.0,27.66,0.838,15.6,28.0,0.0
1123,4531.2083,189,19.208,True,23.9,False,0.0,26.963,0.0,0.320836,0.0,0.0,0.003333,1204.8836,557.9,0.34,0.109084,0.178995,26.05,0.434,15.6,28.0,0.0,26.78,0.662,15.6,28.0,0.0,27.57,0.898,15.6,28.0,0.0,26.84,0.68,15.6,28.0,0.0,27.57,0.82,15.6,28.0,0.0
1124,4531.375,189,19.375,True,23.9,False,0.0,26.923,0.0,0.320836,0.0,0.0,0.003333,1205.2045,558.9,0.34,0.109084,0.179315,26.02,0.426,15.6,28.0,0.0,26.74,0.647,15.6,28.0,0.0,27.53,0.884,15.6,28.0,0.0,26.81,0.67,15.6,28.0,0.0,27.52,0.81,15.6,28.0,0.0
1125,4531.5417,189,19.542,True,23.9,False,0.0,26.883,0.0,0.320836,0.0,0.0,0.003333,1205.5253,558.8,0.34,0.109084,0.179283,26.01,0.42,15.6,28.0,0.0,26.69,0.633,15.6,28.0,0.0,27.48,0.87,15.6,28.0,0.0,26.77,0.655,15.6,28.0,0.0,27.46,0.79,15.6,28.0,0.0
1126,4531.7222,189,19.722,True,23.9,False,0.0,26.843,0.0,0.320836,0.0,0.0,0.003333,1205.8461,557.6,0.34,0.109084,0.178898,25.99,0.415,15.6,28.0,0.0,26.65,0.62,15.6,28.0,0.0,27.44,0.858,15.6,28.0,0.0,26.73,0.643,15.6,28.0,0.0,27.4,0.775,15.6,28.0,0.0
1127,4531.8889,189,19.889,True,23.9,False,0.0,26.81,0.0,0.320836,0.0,0.0,0.436415,1206.167,555.5,0.34,0.109084,0.178225,25.98,0.411,15.6,28.0,0.0,26.62,0.609,15.6,28.0,0.0,27.41,0.847,15.6,28.0,0.0,26.7,0.633,15.6,28.0,0.0,27.34,0.763,15.6,28.0,0.0
1128,4532.0556,189,20.056,True,23.9,False,0.0,26.782,0.0,0.320836,0.0,0.0,0.003333,1206.4878,552.4,0.34,0.109084,0.17723,25.98,0.408,15.6,28.0,0.0,26.59,0.6,15.6,28.0,0.0,27.38,0.838,15.6,28.0,0.0,26.67,0.625,15.6,28.0,0.0,27.3,0.753,15.6,28.0,0.0
1129,4532.2222,189,20.222,True,23.98,False,0.0,26.76,0.0,0.320836,0.0,0.0,0.003333,1206.8086,548.5,0.34,0.109084,0.175979,25.97,0.406,15.6,28.0,0.0,26.56,0.592,15.6,28.0,0.0,27.35,0.83,15.6,28.0,0.0,26.65,0.619,15.6,28.0,0.0,27.27,0.747,15.6,28.0,0.0
1130,4532.3889,189,20.389,True,24.07,False,0.0,26.744,0.0,0.320836,0.0,0.0,0.003333,1207.1295,543.9,0.34,0.109084,0.174503,25.97,0.406,15.6,28.0,0.0,26.54,0.587,15.6,28.0,0.0,27.33,0.824,15.6,28.0,0.0,26.64,0.614,15.6,28.0,0.0,27.24,0.742,15.6,28.0,0.0
1131,4532.5556,189,20.556,True,24.15,False,0.0,26.731,0.0,0.320836,0.0,0.0,0.003333,1207.4503,538.6,0.34,0.109084,0.172803,25.97,0.406,15.6,28.0,0.0,26.53,0.582,15.6,28.0,0.0,27.31,0.819,15.6,28.0,0.0,26.62,0.61,15.6,28.0,0.0,27.22,0.738,15.6,28.0,0.0
1132,4532.75,189,20.75,True,24.23,False,0.0,26.72,0.0,0.320836,0.0,0.0,0.003333,1207.7711,531.6,0.34,0.109084,0.170557,25.97,0.406,15.6,28.0,0.0,26.52,0.578,15.6,28.0,0.0,27.3,0.814,15.6,28.0,0.0,26.61,0.607,15.6,28.0,0.0,27.2,0.735,15.6,28.0,0.0
1133,4532.9167,189,20.917,True,24.32,False,0.0,26.712,0.0,0.320836,0.0,0.0,0.003333,1208.092,525.2,0.34,0.109084,0.168503,25.98,0.407,15.6,28.0,0.0,26.51,0.576,15.6,28.0,0.0,27.28,0.811,15.6,28.0,0.0,26.61,0.605,15.6,28.0,0.0,27.19,0.733,15.6,28.0,0.0
1134,4533.0833,189,21.083,True,24.4,False,0.0,26.705,0.0,0.320836,0.0,0.0,0.003333,1208.4128,518.3,0.08,0.025667,0.16629,25.98,0.409,15.6,28.0,0.0,26.5,0.573,15.6,28.0,0.0,27.27,0.808,15.6,28.0,0.0,26.6,0.603,15.6,28.0,0.0,27.17,0.732,15.6,28.0,0.0
1135,4533.25,189,21.25,True,24.4,False,0.0,26.696,0.0,0.320836,0.0,0.0,0.003333,1208.7337,511.1,0.08,0.025667,0.16398,25.98,0.41,15.6,28.0,0.0,26.49,0.571,15.6,28.0,0.0,27.26,0.805,15.6,28.0,0.0,26.59,0.601,15.6,28.0,0.0,27.16,0.732,15.6,28.0,0.0
1136,4533.4167,189,21.417,True,24.4,False,0.0,26.688,0.0,0.320836,0.0,0.0,0.436409,1209.0545,503.8,0.08,0.025667,0.161637,25.98,0.411,15.6,28.0,0.0,26.48,0.569,15.6,28.0,0.0,27.24,0.802,15.6,28.0,0.0,26.59,0.6,15.6,28.0,0.0,27.15,0.731,15.6,28.0,0.0
1137,4533.5833,189,21.583,True,24.4,False,0.0,26.679,0.0,0.320836,0.0,0.0,0.003333,1209.3753,496.3,0.08,0.025667,0.159231,25.98,0.412,15.6,28.0,0.0,26.47,0.568,15.6,28.0,0.0,27.23,0.799,15.6,28.0,0.0,26.58,0.599,15.6,28.0,0.0,27.13,0.73,15.6,28.0,0.0
1138,4533.75,189,21.75,True,24.4,False,0.0,26.671,0.0,0.320836,0.0,0.0,0.003333,1209.6962,488.8,0.08,0.025667,0.156825,25.98,0.414,15.6,28.0,0.0,26.47,0.566,15.6,28.0,0.0,27.22,0.797,15.6,28.0,0.0,26.57,0.598,15.6,28.0,0.0,27.12,0.73,15.6,28.0,0.0
1139,4533.8333,189,21.833,True,24.4,False,0.0,26.662,0.0,0.320836,0.0,0.0,0.003333,1210.017,485.0,0.08,0.025667,0.155606,25.98,0.415,15.6,28.0,0.0,26.46,0.565,15.6,28.0,0.0,27.2,0.794,15.6,28.0,0.0,26.56,0.597,15.6,28.0,0.0,27.11,0.73,15.6,28.0,0.0
1140,4534.0,189,22.0,True,24.4,False,0.0,26.655,0.0,0.320836,0.0,0.0,0.003333,1210.3378,477.6,0.08,0.025667,0.153231,25.98,0.417,15.6,28.0,0.0,26.45,0.564,15.6,28.0,0.0,27.19,0.792,15.6,28.0,0.0,26.56,0.596,15.6,28.0,0.0,27.1,0.73,15.6,28.0,0.0
1141,4534.1667,189,22.167,True,24.5,False,0.0,26.652,0.0,0.320836,0.0,0.0,0.003333,1210.6587,470.3,0.08,0.025667,0.150889,25.98,0.419,15.6,28.0,0.0,26.45,0.564,15.6,28.0,0.0,27.18,0.791,15.6,28.0,0.0,26.56,0.597,15.6,28.0,0.0,27.09,0.731,15.6,28.0,0.0
1142,4534.3333,189,22.333,True,24.6,False,0.0,26.652,0.0,0.320836,0.0,0.0,0.003333,1210.9795,463.2,0.08,0.025667,0.148611,25.99,0.422,15.6,28.0,0.0,26.45,0.565,15.6,28.0,0.0,27.18,0.791,15.6,28.0,0.0,26.56,0.598,15.6,28.0,0.0,27.09,0.733,15.6,28.0,0.0
1143,4534.5,189,22.5,True,24.7,False,0.0,26.653,0.0,0.320836,0.0,0.0,0.003333,1211.3003,456.4,0.08,0.025667,0.14643,26.0,0.426,15.6,28.0,0.0,26.45,0.566,15.6,28.0,0.0,27.17,0.791,15.6,28.0,0.0,26.56,0.599,15.6,28.0,0.0,27.09,0.735,15.6,28.0,0.0
1144,4534.6667,189,22.667,True,24.8,False,0.0,26.654,0.0,0.320836,0.0,0.0,0.003333,1211.6212,449.8,0.08,0.025667,0.144312,26.0,0.429,15.6,28.0,0.0,26.45,0.567,15.6,28.0,0.0,27.17,0.791,15.6,28.0,0.0,26.56,0.6,15.6,28.0,0.0,27.08,0.737,15.6,28.0,0.0
1145,4534.8333,189,22.833,True,24.9,False,0.0,26.656,0.0,0.320836,0.0,0.0,0.436392,1211.942,443.6,0.08,0.025667,0.142323,26.01,0.433,15.6,28.0,0.0,26.45,0.569,15.6,28.0,0.0,27.17,0.792,15.6,28.0,0.0,26.56,0.602,15.6,28.0,0.0,27.08,0.74,15.6,28.0,0.0
1146,4535.0,189,23.0,True,25.0,False,0.0,26.658,0.0,0.320836,0.0,0.0,0.003333,1212.2629,437.7,0.08,0.025667,0.14043,26.02,0.437,15.6,28.0,0.0,26.46,0.571,15.6,28.0,0.0,27.17,0.793,15.6,28.0,0.0,26.57,0.604,15.6,28.0,0.0,27.08,0.742,15.6,28.0,0.0
1147,4535.1667,189,23.167,True,25.0,False,0.0,26.723,0.0,0.412504,0.0,0.0,0.003333,1212.6754,432.2,0.08,0.033,0.178284,26.1,0.452,15.6,28.0,0.0,26.52,0.583,15.6,28.0,0.0,27.22,0.803,15.6,28.0,0.0,26.63,0.616,15.6,28.0,0.0,27.15,0.755,15.6,28.0,0.0
1148,4535.3333,189,23.333,True,25.0,False,0.0,26.748,0.0,0.412504,0.0,0.0,0.003333,1213.0879,427.0,0.08,0.033,0.176139,26.13,0.46,15.6,28.0,0.0,26.55,0.589,15.6,28.0,0.0,27.24,0.807,15.6,28.0,0.0,26.65,0.622,15.6,28.0,0.0,27.16,0.76,15.6,28.0,0.0
1149,4535.5,189,23.5,True,25.0,False,0.0,26.757,0.0,0.412504,0.0,0.0,0.003333,1213.5004,422.2,0.08,0.033,0.174159,26.15,0.466,15.6,28.0,0.0,26.56,0.591,15.6,28.0,0.0,27.25,0.808,15.6,28.0,0.0,26.66,0.624,15.6,28.0,0.0,27.17,0.763,15.6,28.0,0.0
1150,4535.6667,189,23.667,True,25.0,False,0.0,26.76,0.0,0.412504,0.0,0.0,0.003333,1213.9129,417.7,0.08,0.033,0.172303,26.16,0.469,15.6,28.0,0.0,26.56,0.592,15.6,28.0,0.0,27.24,0.808,15.6,28.0,0.0,26.67,0.625,15.6,28.0,0.0,27.17,0.764,15.6,28.0,0.0
1151,4535.8333,189,23.833,True,25.0,False,0.0,26.76,0.0,0.412504,0.0,0.0,0.003333,1214.3254,413.6,0.08,0.033,0.170612,26.17,0.471,15.6,28.0,0.0,26.56,0.592,15.6,28.0,0.0,27.24,0.807,15.6,28.0,0.0,26.67,0.625,15.6,28.0,0.0,27.17,0.764,15.6,28.0,0.0
1152,4536.0,189,24.0,True,25.0,False,0.0,26.759,0.0,0.412504,0.0,0.0,0.003333,1214.7379,409.8,0.08,0.033,0.169044,26.18,0.472,15.6,28.0,0.0,26.56,0.591,15.6,28.0,0.0,27.23,0.805,15.6,28.0,0.0,26.67,0.625,15.6,28.0,0.0,27.16,0.763,15.6,28.0,0.0
1153,4536.1667,190,0.167,False,24.9,False,0.0,26.752,0.0,0.412504,0.0,0.0,0.003333,1215.1504,378.0,0.08,0.033,0.155927,26.18,0.473,15.6,28.0,0.0,26.55,0.589,15.6,28.0,0.0,27.22,0.802,15.6,28.0,0.0,26.66,0.623,15.6,28.0,0.0,27.15,0.761,15.6,28.0,0.0
1154,4536.3333,190,0.333,False,24.8,False,0.0,26.743,0.0,0.412504,0.0,0.0,0.003333,1215.5629,378.5,0.08,0.033,0.156133,26.17,0.473,15.6,28.0,0.0,26.54,0.587,15.6,28.0,0.0,27.21,0.798,15.6,28.0,0.0,26.65,0.621,15.6,28.0,0.0,27.14,0.759,15.6,28.0,0.0
1155,4536.5,190,0.5,False,24.7,False,0.0,26.732,0.0,0.412504,0.0,0.0,0.436411,1215.9754,378.9,0.08,0.033,0.156298,26.17,0.473,15.6,28.0,0.0,26.53,0.584,15.6,28.0,0.0,27.19,0.794,15.6,28.0,0.0,26.64,0.619,15.6,28.0,0.0,27.12,0.756,15.6,28.0,0.0
1156,4536.6667,190,0.667,False,24.6,False,0.0,26.72,0.0,0.412504,0.0,0.0,0.003333,1216.3879,379.3,0.08,0.033,0.156463,26.17,0.472,15.6,28.0,0.0,26.52,0.582,15.6,28.0,0.0,27.18,0.791,15.6,28.0,0.0,26.63,0.617,15.6,28.0,0.0,27.11,0.754,15.6,28.0,0.0
1157,4536.8333,190,0.833,False,24.5,False,0.0,26.707,0.0,0.412504,0.0,0.0,0.003333,1216.8004,379.4,0.08,0.033,0.156504,26.16,0.472,15.6,28.0,0.0,26.5,0.579,15.6,28.0,0.0,27.16,0.787,15.6,28.0,0.0,26.62,0.614,15.6,28.0,0.0,27.09,0.751,15.6,28.0,0.0
1158,4537.0,190,1.0,False,24.4,False,0.0,26.693,0.0,0.412504,0.0,0.0,0.003333,1217.2129,379.5,0.08,0.033,0.156545,26.15,0.471,15.6,28.0,0.0,26.49,0.576,15.6,28.0,0.0,27.14,0.782,15.6,28.0,0.0,26.61,0.611,15.6,28.0,0.0,27.07,0.747,15.6,28.0,0.0
1159,4537.1667,190,1.167,False,24.32,False,0.0,26.679,0.0,0.412504,0.0,0.0,0.003333,1217.6254,379.4,0.08,0.033,0.156504,26.14,0.47,15.6,28.0,0.0,26.48,0.572,15.6,28.0,0.0,27.12,0.778,15.6,28.0,0.0,26.59,0.608,15.6,28.0,0.0,27.06,0.744,15.6,28.0,0.0
1160,4537.3333,190,1.333,False,24.23,False,0.0,26.664,0.0,0.412504,0.0,0.0,0.003333,1218.0379,379.3,0.08,0.033,0.156463,26.14,0.469,15.6,28.0,0.0,26.46,0.569,15.6,28.0,0.0,27.1,0.773,15.6,28.0,0.0,26.58,0.605,15.6,28.0,0.0,27.04,0.74,15.6,28.0,0.0
1161,4537.5,190,1.5,False,24.15,False,0.0,26.649,0.0,0.412504,0.0,0.0,0.003333,1218.4504,378.9,0.08,0.033,0.156298,26.13,0.467,15.6,28.0,0.0,26.45,0.565,15.6,28.0,0.0,27.08,0.768,15.6,28.0,0.0,26.56,0.601,15.6,28.0,0.0,27.02,0.735,15.6,28.0,0.0
1162,4537.6667,190,1.667,False,24.07,False,0.0,26.633,0.0,0.412504,0.0,0.0,0.003333,1218.8629,378.5,0.08,0.033,0.156133,26.12,0.465,15.6,28.0,0.0,26.43,0.56,15.6,28.0,0.0,27.06,0.762,15.6,28.0,0.0,26.55,0.597,15.6,28.0,0.0,27.0,0.731,15.6,28.0,0.0
1163,4537.8333,190,1.833,False,23.98,False,0.0,26.616,0.0,0.412504,0.0,0.0,0.003333,1219.2754,378.0,0.08,0.033,0.155927,26.11,0.462,15.6,28.0,0.0,26.41,0.556,15.6,28.0,0.0,27.04,0.756,15.6,28.0,0.0,26.53,0.593,15.6,28.0,0.0,26.98,0.725,15.6,28.0,0.0
1164,4538.0,190,2.0,False,23.9,False,0.0,26.599,0.0,0.412504,0.0,0.0,0.436402,1219.6879,377.3,0.08,0.033,0.155638,26.1,0.459,15.6,28.0,0.0,26.4,0.551,15.6,28.0,0.0,27.02,0.75,15.6,28.0,0.0,26.52,0.588,15.6,28.0,0.0,26.96,0.72,15.6,28.0,0.0
1165,4538.1667,190,2.167,False,23.9,False,0.0,26.586,0.0,0.412504,0.0,0.0,0.003333,1220.1004,376.5,0.08,0.033,0.155308,26.09,0.457,15.6,28.0,0.0,26.38,0.546,15.6,28.0,0.0,27.0,0.744,15.6,28.0,0.0,26.51,0.584,15.6,28.0,0.0,26.94,0.715,15.6,28.0,0.0
1166,4538.3333,190,2.333,False,23.9,False,0.0,26.574,0.0,0.412504,0.0,0.0,0.003333,1220.5129,375.6,0.08,0.033,0.154937,26.09,0.454,15.6,28.0,0.0,26.37,0.542,15.6,28.0,0.0,26.99,0.738,15.6,28.0,0.0,26.5,0.58,15.6,28.0,0.0,26.93,0.71,15.6,28.0,0.0
1167,4538.5,190,2.5,False,23.9,False,0.0,26.562,0.0,0.412504,0.0,0.0,0.003333,1220.9254,374.6,0.08,0.033,0.154524,26.08,0.452,15.6,28.0,0.0,26.36,0.538,15.6,28.0,0.0,26.97,0.733,15.6,28.0,0.0,26.48,0.576,15.6,28.0,0.0,26.91,0.705,15.6,28.0,0.0
1168,4538.6667,190,2.667,False,23.9,False,0.0,26.551,0.0,0.412504,0.0,0.0,0.003333,1221.3379,373.4,0.08,0.033,0.154029,26.08,0.45,15.6,28.0,0.0,26.35,0.534,15.6,28.0,0.0,26.96,0.728,15.6,28.0,0.0,26.47,0.572,15.6,28.0,0.0,26.9,0.701,15.6,28.0,0.0
1169,4538.8333,190,2.833,False,23.9,False,0.0,26.539,0.0,0.412504,0.0,0.0,0.003333,1221.7504,372.2,0.08,0.033,0.153534,26.07,0.448,15.6,28.0,0.0,26.34,0.53,15.6,28.0,0.0,26.94,0.722,15.6,28.0,0.0,26.46,0.569,15.6,28.0,0.0,26.88,0.696,15.6,28.0,0.0
1170,4539.0,190,3.0,False,23.9,False,0.0,26.528,0.0,0.412504,0.0,0.0,0.003333,1222.163,370.8,0.08,0.033,0.152956,26.07,0.445,15.6,28.0,0.0,26.33,0.526,15.6,28.0,0.0,26.93,0.717,15.6,28.0,0.0,26.45,0.565,15.6,28.0,0.0,26.87,0.691,15.6,28.0,0.0
1171,4539.1667,190,3.167,False,23.8,False,0.0,26.511,0.0,0.412504,0.0,0.0,0.003333,1222.5755,369.4,0.08,0.033,0.152379,26.06,0.443,15.6,28.0,0.0,26.31,0.521,15.6,28.0,0.0,26.9,0.711,15.6,28.0,0.0,26.44,0.56,15.6,28.0,0.0,26.85,0.686,15.6,28.0,0.0
1172,4539.3333,190,3.333,False,23.7,False,0.0,26.493,0.0,0.412504,0.0,0.0,0.003333,1222.988,367.8,0.08,0.033,0.151719,26.05,0.439,15.6,28.0,0.0,26.29,0.516,15.6,28.0,0.0,26.88,0.704,15.6,28.0,0.0,26.42,0.555,15.6,28.0,0.0,26.83,0.68,15.6,28.0,0.0
1173,4539.5,190,3.5,False,23.6,False,0.0,26.473,0.0,0.412504,0.0,0.0,0.436392,1223.4005,366.1,0.08,0.033,0.151018,26.03,0.436,15.6,28.0,0.0,26.27,0.51,15.6,28.0,0.0,26.86,0.697,15.6,28.0,0.0,26.4,0.549,15.6,28.0,0.0,26.8,0.673,15.6,28.0,0.0
1174,4539.6667,190,3.667,False,23.5,False,0.0,26.453,0.0,0.412504,0.0,0.0,0.003333,1223.813,364.4,0.08,0.033,0.150316,26.02,0.432,15.6,28.0,0.0,26.25,0.505,15.6,28.0,0.0,26.83,0.69,15.6,28.0,0.0,26.38,0.544,15.6,28.0,0.0,26.78,0.667,15.6,28.0,0.0
1175,4539.8333,190,3.833,False,23.4,False,0.0,26.432,0.0,0.412504,0.0,0.0,0.003333,1224.2255,362.5,0.08,0.033,0.149533,26.0,0.428,15.6,28.0,0.0,26.23,0.499,15.6,28.0,0.0,26.81,0.683,15.6,28.0,0.0,26.36,0.538,15.6,28.0,0.0,26.75,0.66,15.6,28.0,0.0
1176,4540.0,190,4.0,False,23.3,False,0.0,26.41,0.0,0.412504,0.0,0.0,0.003333,1224.638,360.5,0.08,0.033,0.148708,25.99,0.424,15.6,28.0,0.0,26.21,0.493,15.6,28.0,0.0,26.78,0.675,15.6,28.0,0.0,26.34,0.532,15.6,28.0,0.0,26.73,0.653,15.6,28.0,0.0
1177,4540.1667,190,4.167,False,23.3,False,0.0,26.404,0.0,0.458338,0.0,0.0,0.003333,1225.0963,358.5,0.08,0.036667,0.164314,25.99,0.424,15.6,28.0,0.0,26.21,0.491,15.6,28.0,0.0,26.77,0.672,15.6,28.0,0.0,26.34,0.53,15.6,28.0,0.0,26.72,0.65,15.6,28.0,0.0
1178,4540.3333,190,4.333,False,23.3,False,0.0,26.397,0.0,0.458338,0.0,0.0,0.003333,1225.5547,356.4,0.08,0.036667,0.163352,25.99,0.423,15.6,28.0,0.0,26.2,0.488,15.6,28.0,0.0,26.76,0.668,15.6,28.0,0.0,26.33,0.528,15.6,28.0,0.0,26.71,0.646,15.6,28.0,0.0
1179,4540.5,190,4.5,False,23.3,False,0.0,26.389,0.0,0.458338,0.0,0.0,0.003333,1226.013,354.2,0.08,0.036667,0.162343,25.99,0.421,15.6,28.0,0.0,26.19,0.485,15.6,28.0,0.0,26.75,0.664,15.6,28.0,0.0,26.32,0.525,15.6,28.0,0.0,26.7,0.642,15.6,28.0,0.0
1180,4540.6667,190,4.667,False,23.3,False,0.0,26.38,0.0,0.458338,0.0,0.0,0.003333,1226.4713,351.9,0.08,0.036667,0.161289,25.98,0.42,15.6,28.0,0.0,26.18,0.482,15.6,28.0,0.0,26.74,0.659,15.6,28.0,0.0,26.31,0.522,15.6,28.0,0.0,26.68,0.638,15.6,28.0,0.0
1181,4540.8333,190,4.833,False,23.3,False,0.0,26.371,0.0,0.458338,0.0,0.0,0.003333,1226.9297,349.5,0.08,0.036667,0.160189,25.98,0.418,15.6,28.0,0.0,26.18,0.479,15.6,28.0,0.0,26.72,0.655,15.6,28.0,0.0,26.3,0.519,15.6,28.0,0.0,26.67,0.634,15.6,28.0,0.0
1182,4541.0,190,5.0,False,23.3,False,0.0,26.361,0.0,0.458338,0.0,0.0,0.436393,1227.388,347.1,0.08,0.036667,0.159089,25.97,0.416,15.6,28.0,0.0,26.17,0.476,15.6,28.0,0.0,26.71,0.65,15.6,28.0,0.0,26.3,0.515,15.6,28.0,0.0,26.66,0.63,15.6,28.0,0.0
1183,4541.25,190,5.25,False,23.4,True,2.75,25.588,0.371,1.260964,0.802626,0.458072,0.003333,1228.649,343.4,0.08,0.100877,0.433015,25.53,0.324,21.5,25.5,0.81,25.55,0.352,21.5,25.5,0.61,25.65,0.448,21.5,25.5,0.36,25.56,0.371,21.5,25.5,0.61,25.65,0.435,21.5,25.5,0.36
1184,4541.3333,190,5.333,False,23.5,True,2.75,25.507,0.325,1.14731,0.688972,0.344418,0.003333,1229.7963,342.1,0.08,0.091785,0.392495,25.5,0.295,21.5,25.5,0.81,25.5,0.312,21.5,25.5,0.61,25.52,0.371,21.5,25.5,0.36,25.5,0.325,21.5,25.5,0.61,25.51,0.362,21.5,25.5,0.36
1185,4541.5,190,5.5,False,23.6,True,2.75,25.502,0.301,1.119143,0.660805,0.316251,0.003333,1230.9154,339.5,0.08,0.089531,0.379949,25.5,0.277,21.5,25.5,0.81,25.5,0.291,21.5,25.5,0.61,25.5,0.337,21.5,25.5,0.36,25.5,0.301,21.5,25.5,0.61,25.5,0.328,21.5,25.5,0.36
1186,4541.6667,190,5.667,False,23.7,True,2.75,25.501,0.28,1.100085,0.641747,0.297193,0.003333,1232.0155,336.9,0.08,0.088007,0.370619,25.5,0.261,21.5,25.5,0.81,25.5,0.272,21.5,25.5,0.61,25.5,0.31,21.5,25.5,0.36,25.5,0.28,21.5,25.5,0.61,25.5,0.302,21.5,25.5,0.36
1187,4541.8333,190,5.833,False,23.8,True,2.75,25.5,0.273,1.093944,0.635606,0.291052,0.003333,1233.1095,334.2,0.08,0.087516,0.365596,25.5,0.247,21.5,25.5,0.81,25.5,0.258,21.5,25.5,0.61,25.5,0.309,21.5,25.5,0.36,25.5,0.273,21.5,25.5,0.61,25.5,0.281,21.5,25.5,0.36
1188,4542.0833,190,6.083,False,23.9,True,2.75,25.5,0.261,1.086526,0.628188,0.283634,0.003333,1234.196,330.1,0.08,0.086922,0.358662,25.5,0.234,21.5,25.5,0.81,25.5,0.244,21.5,25.5,0.61,25.5,0.3,21.5,25.5,0.36,25.5,0.261,21.5,25.5,0.61,25.5,0.26,21.5,25.5,0.36
1189,4542.25,190,6.25,False,24.18,True,5.5,25.5,0.313,1.276999,0.635326,0.290772,0.003333,1235.473,327.4,0.08,0.10216,0.41809,25.5,0.238,21.5,25.5,1.61,25.5,0.248,21.5,25.5,1.22,25.5,0.313,21.5,25.5,0.72,25.5,0.268,21.5,25.5,1.22,25.5,0.262,21.5,25.5,0.72
1190,4542.4167,190,6.417,False,24.47,True,5.5,25.5,0.319,1.291861,0.650189,0.305634,0.003333,1236.7648,324.6,0.08,0.103349,0.419338,25.5,0.237,21.5,25.5,1.61,25.5,0.248,21.5,25.5,1.22,25.5,0.319,21.5,25.5,0.72,25.5,0.269,21.5,25.5,1.22,25.5,0.26,21.5,25.5,0.72
1191,4542.5833,190,6.583,False,24.75,True,5.5,25.5,0.331,1.307869,0.666196,0.321642,0.436439,1238.0727,321.8,0.08,0.10463,0.420872,25.5,0.237,21.5,25.5,1.61,25.5,0.249,21.5,25.5,1.22,25.5,0.331,21.5,25.5,0.72,25.5,0.273,21.5,25.5,1.22,25.5,0.259,21.5,25.5,0.72
1192,4542.75,190,6.75,False,25.03,True,5.5,25.5,0.343,1.323569,0.681896,0.337342,0.003333,1239.3963,319.0,0.08,0.105885,0.422218,25.5,0.236,21.5,25.5,1.61,25.5,0.25,21.5,25.5,1.22,25.5,0.343,21.5,25.5,0.72,25.5,0.275,21.5,25.5,1.22,25.5,0.258,21.5,25.5,0.72
1193,4542.8889,190,6.889,False,25.32,True,5.5,25.02,0.276,1.532199,0.890527,0.545972,0.003333,1240.9285,316.6,0.08,0.122576,0.485094,25.02,0.151,21.0,25.0,1.61,25.02,0.167,21.0,25.0,1.22,25.03,0.276,21.0,25.0,0.72,25.02,0.194,21.0,25.0,1.22,25.03,0.178,21.0,25.0,0.72
1194,4543.0556,190,7.056,False,25.6,True,5.5,25.001,0.266,1.485272,0.843599,0.499045,0.003333,1242.4137,313.8,0.08,0.118822,0.466078,25.0,0.132,21.0,25.0,1.61,25.0,0.149,21.0,25.0,1.22,25.0,0.266,21.0,25.0,0.72,25.0,0.175,21.0,25.0,1.22,25.0,0.157,21.0,25.0,0.72
1195,4543.2083,190,7.208,False,25.97,True,26.14,24.999,0.293,2.693109,1.043093,0.698538,0.003333,1245.1069,311.2,0.08,0.215449,0.838095,25.0,0.146,21.0,25.0,7.65,25.0,0.162,21.0,25.0,5.8,25.0,0.293,21.0,25.0,3.44,25.0,0.189,21.0,25.0,5.8,25.0,0.171,21.0,25.0,3.44
1196,4543.375,190,7.375,False,26.33,True,26.14,24.999,0.31,2.721711,1.071695,0.727141,0.003333,1247.8286,308.4,0.08,0.217737,0.839376,25.0,0.143,21.0,25.0,7.65,25.0,0.162,21.0,25.0,5.8,25.0,0.31,21.0,25.0,3.44,25.0,0.186,21.0,25.0,5.8,25.0,0.171,21.0,25.0,3.44
1197,4543.5417,190,7.542,False,26.7,True,26.14,24.999,0.325,2.740307,1.090291,0.745737,0.003333,1250.5689,305.6,0.08,0.219225,0.837438,25.0,0.14,21.0,25.0,7.65,25.0,0.161,21.0,25.0,5.8,25.0,0.325,21.0,25.0,3.44,25.0,0.183,21.0,25.0,5.8,25.0,0.172,21.0,25.0,3.44
1198,4543.7,190,7.7,False,27.07,True,26.14,24.999,0.335,2.756024,1.106008,0.761454,0.436466,1253.3249,303.0,0.08,0.220482,0.835075,25.0,0.137,21.0,25.0,7.65,25.0,0.161,21.0,25.0,5.8,25.0,0.335,21.0,25.0,3.44,25.0,0.179,21.0,25.0,5.8,25.0,0.172,21.0,25.0,3.44
1199,4543.8667,190,7.867,False,27.43,True,26.14,25.491,0.425,2.560742,0.910726,0.566172,0.003333,1255.8856,300.2,0.08,0.204859,0.768735,25.49,0.217,21.0,25.5,7.65,25.49,0.246,21.0,25.5,5.8,25.49,0.425,21.0,25.5,3.44,25.49,0.26,21.0,25.5,5.8,25.49,0.254,21.0,25.5,3.44
1200,4544.0333,190,8.033,False,27.8,True,26.14,25.499,0.456,2.653928,1.003912,0.659358,0.003333,1258.5396,297.5,0.08,0.212314,0.789544,25.5,0.233,21.0,25.5,7.65,25.5,0.264,21.0,25.5,5.8,25.5,0.456,21.0,25.5,3.44,25.5,0.275,21.0,25.5,5.8,25.5,0.274,21.0,25.5,3.44
1201,4544.2,190,8.2,False,28.07,True,26.14,25.5,0.471,2.681004,1.030988,0.686433,0.003333,1261.2206,294.8,0.08,0.21448,0.79036,25.5,0.239,21.0,25.5,7.65,25.5,0.273,21.0,25.5,5.8,25.5,0.471,21.0,25.5,3.44,25.5,0.28,21.0,25.5,5.8,25.5,0.282,21.0,25.5,3.44
1202,4544.3667,190,8.367,False,28.33,True,26.14,25.5,0.484,2.703086,1.05307,0.708516,0.003333,1263.9237,292.1,0.08,0.216247,0.789571,25.5,0.244,21.0,25.5,7.65,25.5,0.28,21.0,25.5,5.8,25.5,0.484,21.0,25.5,3.44,25.5,0.284,21.0,25.5,5.8,25.5,0.289,21.0,25.5,3.44
1203,4544.5333,190,8.533,False,28.6,True,26.14,25.5,0.495,2.723955,1.073939,0.729385,0.003333,1266.6476,289.5,0.08,0.217916,0.788585,25.5,0.247,21.0,25.5,7.65,25.5,0.286,21.0,25.5,5.8,25.5,0.495,21.0,25.5,3.44,25.5,0.289,21.0,25.5,5.8,25.5,0.295,21.0,25.5,3.44
1204,4544.7,190,8.7,False,28.87,True,26.14,25.5,0.502,2.743012,1.092996,0.748442,0.436473,1269.3906,286.9,0.08,0.219441,0.78697,25.5,0.251,21.0,25.5,7.65,25.5,0.292,21.0,25.5,5.8,25.5,0.502,21.0,25.5,3.44,25.5,0.294,21.0,25.5,5.8,25.5,0.301,21.0,25.5,3.44
1205,4544.8667,190,8.867,False,29.13,True,26.14,25.5,0.508,2.760843,1.110827,0.766273,0.003333,1272.1515,284.4,0.08,0.220867,0.785184,25.5,0.253,21.0,25.5,7.65,25.5,0.297,21.0,25.5,5.8,25.5,0.508,21.0,25.5,3.44,25.5,0.298,21.0,25.5,5.8,25.5,0.305,21.0,25.5,3.44
1206,4545.0333,190,9.033,False,29.4,True,26.14,25.5,0.512,2.777773,1.127757,0.783203,0.003333,1274.9292,282.0,0.08,0.222222,0.783332,25.5,0.255,21.0,25.5,7.65,25.5,0.301,21.0,25.5,5.8,25.5,0.512,21.0,25.5,3.44,25.5,0.302,21.0,25.5,5.8,25.5,0.31,21.0,25.5,3.44
1207,4545.2,190,9.2,False,29.6,True,26.14,25.5,0.515,2.791142,1.141126,0.796572,0.003333,1277.7204,279.6,0.08,0.223291,0.780403,25.5,0.257,21.0,25.5,7.65,25.5,0.305,21.0,25.5,5.8,25.5,0.515,21.0,25.5,3.44,25.5,0.305,21.0,25.5,5.8,25.5,0.313,21.0,25.5,3.44
1208,4545.3667,190,9.367,False,29.8,True,26.14,25.5,0.516,2.803836,1.15382,0.809265,0.003333,1280.5242,277.3,0.08,0.224307,0.777504,25.5,0.259,21.0,25.5,7.65,25.5,0.309,21.0,25.5,5.8,25.5,0.516,21.0,25.5,3.44,25.5,0.309,21.0,25.5,5.8,25.5,0.317,21.0,25.5,3.44
1209,4545.5333,190,9.533,False,30.0,True,26.14,25.5,0.514,2.815097,1.165081,0.820527,0.003333,1283.3393,275.1,0.08,0.225208,0.774433,25.5,0.261,21.0,25.5,7.65,25.5,0.312,21.0,25.5,5.8,25.5,0.514,21.0,25.5,3.44,25.5,0.312,21.0,25.5,5.8,25.5,0.32,21.0,25.5,3.44
1210,4545.7,190,9.7,False,30.2,True,26.14,25.5,0.511,2.825717,1.175701,0.831147,0.003333,1286.165,272.9,0.08,0.226057,0.771138,25.5,0.262,21.0,25.5,7.65,25.5,0.315,21.0,25.5,5.8,25.5,0.511,21.0,25.5,3.44,25.5,0.315,21.0,25.5,5.8,25.5,0.323,21.0,25.5,3.44
1211,4545.8667,190,9.867,False,30.4,True,26.14,25.5,0.506,2.83575,1.185734,0.84118,0.436474,1289.0008,270.9,0.08,0.22686,0.768205,25.5,0.263,21.0,25.5,7.65,25.5,0.318,21.0,25.5,5.8,25.5,0.506,21.0,25.5,3.44,25.5,0.317,21.0,25.5,5.8,25.5,0.326,21.0,25.5,3.44
1212,4546.0333,190,10.033,False,30.6,True,26.14,25.5,0.501,2.845286,1.19527,0.850716,0.003333,1291.8461,269.0,0.08,0.227623,0.765382,25.5,0.264,21.0,25.5,7.65,25.5,0.322,21.0,25.5,5.8,25.5,0.501,21.0,25.5,3.44,25.5,0.32,21.0,25.5,5.8,25.5,0.329,21.0,25.5,3.44
1213,4546.2,190,10.2,False,30.4,True,26.14,25.5,0.492,2.835185,1.185169,0.840614,0.003333,1294.6813,267.1,0.08,0.226815,0.757278,25.5,0.264,21.0,25.5,7.65,25.5,0.323,21.0,25.5,5.8,25.5,0.492,21.0,25.5,3.44,25.5,0.321,21.0,25.5,5.8,25.5,0.33,21.0,25.5,3.44
1214,4546.3667,190,10.367,False,30.2,True,26.14,25.5,0.482,2.824398,1.174382,0.829827,0.003333,1297.5057,265.4,0.08,0.225952,0.749595,25.5,0.264,21.0,25.5,7.65,25.5,0.323,21.0,25.5,5.8,25.5,0.482,21.0,25.5,3.44,25.5,0.322,21.0,25.5,5.8,25.5,0.331,21.0,25.5,3.44
1215,4546.5333,190,10.533,False,30.0,True,26.14,25.5,0.469,2.812346,1.16233,0.817776,0.003333,1300.318,263.8,0.08,0.224988,0.741897,25.5,0.264,21.0,25.5,7.65,25.5,0.324,21.0,25.5,5.8,25.5,0.469,21.0,25.5,3.44,25.5,0.322,21.0,25.5,5.8,25.5,0.331,21.0,25.5,3.44
1216,4546.7083,190,10.708,False,29.8,True,26.14,25.499,0.454,2.79882,1.148804,0.80425,0.003333,1303.1168,262.3,0.08,0.223906,0.734131,25.5,0.263,21.0,25.5,7.65,25.5,0.323,21.0,25.5,5.8,25.5,0.454,21.0,25.5,3.44,25.5,0.321,21.0,25.5,5.8,25.5,0.33,21.0,25.5,3.44
1217,4546.8889,190,10.889,False,29.6,True,26.14,25.499,0.438,2.784826,1.13481,0.790256,0.436489,1305.9016,260.9,0.08,0.222786,0.726561,25.5,0.261,21.0,25.5,7.65,25.5,0.322,21.0,25.5,5.8,25.5,0.438,21.0,25.5,3.44,25.5,0.32,21.0,25.5,5.8,25.5,0.329,21.0,25.5,3.44
1218,4547.0556,190,11.056,False,29.4,True,26.14,25.499,0.422,2.770409,1.120393,0.775839,0.003333,1308.6721,259.8,0.08,0.221633,0.719752,25.5,0.26,21.0,25.5,7.65,25.5,0.321,21.0,25.5,5.8,25.5,0.422,21.0,25.5,3.44,25.5,0.318,21.0,25.5,5.8,25.5,0.328,21.0,25.5,3.44
1219,4547.2222,190,11.222,False,29.6,True,13.76,25.5,0.405,2.63159,1.073242,0.728687,0.003333,1311.3036,258.8,0.08,0.210527,0.681055,25.5,0.255,21.0,25.5,4.03,25.5,0.317,21.0,25.5,3.05,25.5,0.405,21.0,25.5,1.81,25.5,0.314,21.0,25.5,3.05,25.5,0.324,21.0,25.5,1.81
1220,4547.4167,190,11.417,False,29.8,True,13.76,25.499,0.39,2.633525,1.075177,0.730623,0.003333,1313.9372,257.9,0.08,0.210682,0.679186,25.5,0.254,21.0,25.5,4.03,25.5,0.316,21.0,25.5,3.05,25.5,0.39,21.0,25.5,1.81,25.5,0.313,21.0,25.5,3.05,25.5,0.323,21.0,25.5,1.81
1221,4547.5833,190,11.583,False,30.0,True,13.76,25.499,0.381,2.639507,1.081158,0.736604,0.003333,1316.5767,257.4,0.08,0.211161,0.679409,25.5,0.253,21.0,25.5,4.03,25.5,0.318,21.0,25.5,3.05,25.5,0.381,21.0,25.5,1.81,25.5,0.314,21.0,25.5,3.05,25.5,0.324,21.0,25.5,1.81
1222,4547.75,190,11.75,False,30.2,True,13.76,25.5,0.376,2.643814,1.085465,0.740911,0.436482,1319.2205,257.0,0.08,0.211505,0.67946,25.5,0.253,21.0,25.5,4.03,25.5,0.316,21.0,25.5,3.05,25.5,0.376,21.0,25.5,1.81,25.5,0.312,21.0,25.5,3.05,25.5,0.322,21.0,25.5,1.81
1223,4547.9167,190,11.917,False,30.4,True,13.76,25.5,0.374,2.650374,1.092025,0.747471,0.003333,1321.8709,256.9,0.08,0.21203,0.680881,25.5,0.253,21.0,25.5,4.03,25.5,0.316,21.0,25.5,3.05,25.5,0.374,21.0,25.5,1.81,25.5,0.312,21.0,25.5,3.05,25.5,0.322,21.0,25.5,1.81
1224,4548.0833,190,12.083,False,30.6,True,13.76,25.5,0.373,2.657947,1.099599,0.755045,0.003333,1324.5288,257.1,0.08,0.212636,0.683358,25.5,0.253,21.0,25.5,4.03,25.5,0.316,21.0,25.5,3.05,25.5,0.373,21.0,25.5,1.81,25.5,0.313,21.0,25.5,3.05,25.5,0.322,21.0,25.5,1.81
1225,4548.25,190,12.25,False,30.78,True,26.14,25.499,0.375,2.807147,1.157131,0.812576,0.003333,1327.336,257.5,0.08,0.224572,0.72284,25.5,0.257,21.0,25.5,7.65,25.5,0.32,21.0,25.5,5.8,25.5,0.375,21.0,25.5,3.44,25.5,0.317,21.0,25.5,5.8,25.5,0.326,21.0,25.5,3.44
1226,4548.4167,190,12.417,False,30.97,True,26.14,25.499,0.376,2.81623,1.166214,0.82166,0.003333,1330.1522,258.3,0.08,0.225298,0.727432,25.5,0.259,21.0,25.5,7.65,25.5,0.322,21.0,25.5,5.8,25.5,0.376,21.0,25.5,3.44,25.5,0.318,21.0,25.5,5.8,25.5,0.327,21.0,25.5,3.44
1227,4548.5833,190,12.583,False,31.15,True,26.14,25.499,0.376,2.824219,1.174203,0.829649,0.436486,1332.9764,259.3,0.08,0.225938,0.73232,25.5,0.259,21.0,25.5,7.65,25.5,0.323,21.0,25.5,5.8,25.5,0.376,21.0,25.5,3.44,25.5,0.32,21.0,25.5,5.8,25.5,0.328,21.0,25.5,3.44
1228,4548.75,190,12.75,False,31.33,True,26.14,25.499,0.377,2.83217,1.182154,0.8376,0.003333,1335.8086,260.7,0.08,0.226574,0.738347,25.5,0.259,21.0,25.5,7.65,25.5,0.325,21.0,25.5,5.8,25.5,0.377,21.0,25.5,3.44,25.5,0.321,21.0,25.5,5.8,25.5,0.329,21.0,25.5,3.44
1229,4548.9167,190,12.917,False,31.52,True,26.14,25.499,0.377,2.840082,1.190066,0.845512,0.003333,1338.6487,262.5,0.08,0.227207,0.745522,25.5,0.26,21.0,25.5,7.65,25.5,0.326,21.0,25.5,5.8,25.5,0.377,21.0,25.5,3.44,25.5,0.322,21.0,25.5,5.8,25.5,0.33,21.0,25.5,3.44
1230,4549.0833,190,13.083,False,31.7,True,26.14,25.499,0.378,2.847954,1.197938,0.853384,0.003333,1341.4966,264.6,0.08,0.227836,0.753569,25.5,0.259,21.0,25.5,7.65,25.5,0.327,21.0,25.5,5.8,25.5,0.378,21.0,25.5,3.44,25.5,0.323,21.0,25.5,5.8,25.5,0.331,21.0,25.5,3.44
1231,4549.1667,190,13.167,False,31.78,True,26.14,25.499,0.379,2.853515,1.203499,0.858945,0.003333,1344.3501,265.9,0.08,0.228281,0.75875,25.5,0.26,21.0,25.5,7.65,25.5,0.329,21.0,25.5,5.8,25.5,0.379,21.0,25.5,3.44,25.5,0.324,21.0,25.5,5.8,25.5,0.332,21.0,25.5,3.44
1232,4549.3333,190,13.333,False,31.87,True,26.14,25.499,0.38,2.85863,1.208614,0.86406,0.003333,1347.2088,268.7,0.08,0.22869,0.768114,25.5,0.259,21.0,25.5,7.65,25.5,0.331,21.0,25.5,5.8,25.5,0.38,21.0,25.5,3.44,25.5,0.326,21.0,25.5,5.8,25.5,0.333,21.0,25.5,3.44
1233,4549.5,190,13.5,False,31.95,True,26.14,25.499,0.381,2.864356,1.21434,0.869786,0.436436,1350.0731,271.9,0.08,0.229149,0.778818,25.5,0.259,21.0,25.5,7.65,25.5,0.333,21.0,25.5,5.8,25.5,0.381,21.0,25.5,3.44,25.5,0.328,21.0,25.5,5.8,25.5,0.335,21.0,25.5,3.44
1234,4549.6667,190,13.667,False,32.03,True,26.14,25.499,0.382,2.869649,1.219633,0.875079,0.003333,1352.9428,275.7,0.08,0.229572,0.791162,25.5,0.259,21.0,25.5,7.65,25.5,0.334,21.0,25.5,5.8,25.5,0.382,21.0,25.5,3.44,25.5,0.329,21.0,25.5,5.8,25.5,0.336,21.0,25.5,3.44
1235,4549.8333,190,13.833,False,32.12,True,26.14,25.499,0.383,2.876738,1.226721,0.882167,0.003333,1355.8195,280.0,0.08,0.230139,0.805487,25.5,0.26,21.0,25.5,7.65,25.5,0.336,21.0,25.5,5.8,25.5,0.383,21.0,25.5,3.44,25.5,0.33,21.0,25.5,5.8,25.5,0.344,21.0,25.5,3.44
1236,4550.0,190,14.0,False,32.2,True,26.14,25.499,0.386,2.886797,1.236781,0.892227,0.003333,1358.7063,284.8,0.08,0.230944,0.82216,25.5,0.26,21.0,25.5,7.65,25.5,0.339,21.0,25.5,5.8,25.5,0.386,21.0,25.5,3.44,25.5,0.333,21.0,25.5,5.8,25.5,0.356,21.0,25.5,3.44
1237,4550.25,190,14.25,False,32.12,True,26.14,25.499,0.387,2.890226,1.24021,0.895656,0.003333,1361.5965,293.0,0.08,0.231218,0.846836,25.5,0.261,21.0,25.5,7.65,25.5,0.341,21.0,25.5,5.8,25.5,0.387,21.0,25.5,3.44,25.5,0.335,21.0,25.5,5.8,25.5,0.366,21.0,25.5,3.44
1238,4550.4167,190,14.417,False,32.03,True,26.14,25.499,0.388,2.894002,1.243985,0.899431,0.003333,1364.4905,299.2,0.08,0.23152,0.865885,25.5,0.263,21.0,25.5,7.65,25.5,0.342,21.0,25.5,5.8,25.5,0.388,21.0,25.5,3.44,25.5,0.336,21.0,25.5,5.8,25.5,0.377,21.0,25.5,3.44
1239,4550.5556,190,14.556,False,31.95,True,26.14,25.499,0.39,2.897811,1.247795,0.903241,0.003333,1367.3883,304.8,0.08,0.231825,0.883253,25.5,0.265,21.0,25.5,7.65,25.5,0.344,21.0,25.5,5.8,25.5,0.39,21.0,25.5,3.44,25.5,0.338,21.0,25.5,5.8,25.5,0.387,21.0,25.5,3.44
1240,4550.7222,190,14.722,False,31.87,True,26.14,25.499,0.399,2.902466,1.25245,0.907896,0.43646,1370.2908,312.1,0.08,0.232197,0.90586,25.5,0.267,21.0,25.5,7.65,25.5,0.346,21.0,25.5,5.8,25.5,0.391,21.0,25.5,3.44,25.5,0.34,21.0,25.5,5.8,25.5,0.399,21.0,25.5,3.44
1241,4550.8889,190,14.889,False,31.78,True,26.14,25.499,0.412,2.907424,1.257408,0.912853,0.003333,1373.1982,320.0,0.08,0.232594,0.930376,25.5,0.269,21.0,25.5,7.65,25.5,0.348,21.0,25.5,5.8,25.5,0.393,21.0,25.5,3.44,25.5,0.342,21.0,25.5,5.8,25.5,0.412,21.0,25.5,3.44
1242,4551.0556,190,15.056,False,31.7,True,26.14,25.499,0.424,2.91252,1.262504,0.91795,0.003333,1376.1107,328.4,0.08,0.233002,0.956472,25.5,0.272,21.0,25.5,7.65,25.5,0.35,21.0,25.5,5.8,25.5,0.394,21.0,25.5,3.44,25.5,0.344,21.0,25.5,5.8,25.5,0.424,21.0,25.5,3.44
1243,4551.25,190,15.25,False,31.7,True,26.14,25.499,0.437,2.918328,1.268312,0.923757,0.003333,1379.0291,339.0,0.08,0.233466,0.989313,25.5,0.273,21.0,25.5,7.65,25.5,0.352,21.0,25.5,5.8,25.5,0.395,21.0,25.5,3.44,25.5,0.346,21.0,25.5,5.8,25.5,0.437,21.0,25.5,3.44
1244,4551.4167,190,15.417,False,31.7,True,26.14,25.499,0.45,2.9239,1.273884,0.929329,0.003333,1381.953,348.6,0.08,0.233912,1.019271,25.5,0.275,21.0,25.5,7.65,25.5,0.353,21.0,25.5,5.8,25.5,0.396,21.0,25.5,3.44,25.5,0.347,21.0,25.5,5.8,25.5,0.45,21.0,25.5,3.44
1245,4551.5833,190,15.583,False,31.7,True,26.14,25.499,0.462,2.928643,1.278627,0.934073,0.003333,1384.8816,358.8,0.08,0.234291,1.050797,25.5,0.277,21.0,25.5,7.65,25.5,0.354,21.0,25.5,5.8,25.5,0.396,21.0,25.5,3.44,25.5,0.348,21.0,25.5,5.8,25.5,0.462,21.0,25.5,3.44
1246,4551.75,190,15.75,False,31.7,True,26.14,25.499,0.47,2.931004,1.280988,0.936434,0.436466,1387.8126,369.4,0.08,0.23448,1.082713,25.5,0.278,21.0,25.5,7.65,25.5,0.354,21.0,25.5,5.8,25.5,0.395,21.0,25.5,3.44,25.5,0.348,21.0,25.5,5.8,25.5,0.47,21.0,25.5,3.44
1247,4551.9167,190,15.917,False,31.7,True,26.14,25.499,0.475,2.932147,1.282131,0.937577,0.003333,1390.7448,380.4,0.08,0.234572,1.115389,25.5,0.279,21.0,25.5,7.65,25.5,0.354,21.0,25.5,5.8,25.5,0.394,21.0,25.5,3.44,25.5,0.348,21.0,25.5,5.8,25.5,0.475,21.0,25.5,3.44
1248,4552.0833,190,16.083,False,31.7,True,26.14,25.499,0.478,2.931907,1.281891,0.937337,0.003333,1393.6767,391.7,0.34,0.996848,1.148428,25.5,0.279,21.0,25.5,7.65,25.5,0.353,21.0,25.5,5.8,25.5,0.393,21.0,25.5,3.44,25.5,0.348,21.0,25.5,5.8,25.5,0.478,21.0,25.5,3.44
1249,4552.2222,190,16.222,False,31.6,True,8.25,25.5,0.461,2.044059,1.127383,0.782829,0.003333,1395.7207,401.4,0.34,0.69498,0.820485,25.5,0.26,21.0,25.5,2.42,25.5,0.334,21.0,25.5,1.83,25.5,0.374,21.0,25.5,1.09,25.5,0.329,21.0,25.5,1.83,25.5,0.461,21.0,25.5,1.09
1250,4552.3889,190,16.389,False,31.5,True,8.25,25.5,0.455,2.023447,1.106772,0.762218,0.003333,1397.7442,413.2,0.34,0.687972,0.836088,25.5,0.254,21.0,25.5,2.42,25.5,0.328,21.0,25.5,1.83,25.5,0.367,21.0,25.5,1.09,25.5,0.322,21.0,25.5,1.83,25.5,0.455,21.0,25.5,1.09
1251,4552.5556,190,16.556,False,31.4,True,8.25,25.5,0.445,2.008399,1.091723,0.747169,0.003333,1399.7526,425.2,0.34,0.682856,0.853971,25.5,0.251,21.0,25.5,2.42,25.5,0.323,21.0,25.5,1.83,25.5,0.361,21.0,25.5,1.09,25.5,0.317,21.0,25.5,1.83,25.5,0.445,21.0,25.5,1.09
1252,4552.7222,190,16.722,False,31.3,True,8.25,25.5,0.452,1.999929,1.083253,0.738699,0.436446,1401.7525,437.2,0.34,0.679976,0.874369,25.5,0.248,21.0,25.5,2.42,25.5,0.319,21.0,25.5,1.83,25.5,0.356,21.0,25.5,1.09,25.5,0.314,21.0,25.5,1.83,25.5,0.452,21.0,25.5,1.09
1253,4552.8889,190,16.889,False,31.2,True,8.25,25.5,0.454,1.992131,1.075456,0.730901,0.003333,1403.7446,449.1,0.34,0.677325,0.894666,25.5,0.246,21.0,25.5,2.42,25.5,0.315,21.0,25.5,1.83,25.5,0.352,21.0,25.5,1.09,25.5,0.311,21.0,25.5,1.83,25.5,0.454,21.0,25.5,1.09
1254,4553.0556,190,17.056,False,31.1,True,8.25,25.5,0.458,1.985554,1.068879,0.724325,0.003333,1405.7302,460.9,0.34,0.675088,0.915142,25.5,0.245,21.0,25.5,2.42,25.5,0.312,21.0,25.5,1.83,25.5,0.347,21.0,25.5,1.09,25.5,0.309,21.0,25.5,1.83,25.5,0.458,21.0,25.5,1.09
1255,4553.2222,190,17.222,False,30.92,True,2.75,25.5,0.303,1.655998,1.014325,0.669771,0.003333,1407.3862,472.5,0.34,0.563039,0.782459,25.5,0.236,21.0,25.5,0.81,25.5,0.302,21.0,25.5,0.61,25.5,0.337,21.0,25.5,0.36,25.5,0.303,21.0,25.5,0.61,25.5,0.454,21.0,25.5,0.36
1256,4553.3889,190,17.389,False,30.73,True,2.75,25.5,0.302,1.643073,1.0014,0.656845,0.003333,1409.0293,483.6,0.34,0.558645,0.79459,25.5,0.234,21.0,25.5,0.81,25.5,0.298,21.0,25.5,0.61,25.5,0.331,21.0,25.5,0.36,25.5,0.302,21.0,25.5,0.61,25.5,0.456,21.0,25.5,0.36
1257,4553.5556,190,17.556,False,30.55,True,2.75,25.5,0.305,1.635431,0.993758,0.649204,0.003333,1410.6647,494.4,0.34,0.556046,0.808557,25.5,0.234,21.0,25.5,0.81,25.5,0.295,21.0,25.5,0.61,25.5,0.327,21.0,25.5,0.36,25.5,0.305,21.0,25.5,0.61,25.5,0.46,21.0,25.5,0.36
1258,4553.7222,190,17.722,False,30.37,True,2.75,25.5,0.305,1.622689,0.981016,0.636462,0.003333,1412.2874,504.5,0.34,0.551714,0.818647,25.5,0.234,21.0,25.5,0.81,25.5,0.292,21.0,25.5,0.61,25.5,0.323,21.0,25.5,0.36,25.5,0.305,21.0,25.5,0.61,25.5,0.447,21.0,25.5,0.36
1259,4553.875,190,17.875,False,30.18,True,2.75,25.5,0.306,1.610925,0.969252,0.624698,0.003333,1413.8983,513.3,0.34,0.547714,0.826888,25.5,0.235,21.0,25.5,0.81,25.5,0.29,21.0,25.5,0.61,25.5,0.321,21.0,25.5,0.36,25.5,0.306,21.0,25.5,0.61,25.5,0.435,21.0,25.5,0.36
1260,4554.0417,190,18.042,False,30.0,True,2.75,25.5,0.307,1.599319,0.957646,0.613092,0.436444,1415.4976,522.1,0.34,0.543769,0.835005,25.5,0.237,21.0,25.5,0.81,25.5,0.288,21.0,25.5,0.61,25.5,0.319,21.0,25.5,0.36,25.5,0.307,21.0,25.5,0.61,25.5,0.424,21.0,25.5,0.36
1261,4554.2083,190,18.208,False,29.82,True,2.75,25.5,0.306,1.585749,0.944076,0.599522,0.003333,1417.0834,530.2,0.34,0.539155,0.840764,25.5,0.238,21.0,25.5,0.81,25.5,0.286,21.0,25.5,0.61,25.5,0.316,21.0,25.5,0.36,25.5,0.306,21.0,25.5,0.61,25.5,0.41,21.0,25.5,0.36
1262,4554.375,190,18.375,False,29.63,True,2.75,25.5,0.301,1.568761,0.927088,0.582534,0.003333,1418.6521,537.3,0.34,0.533379,0.842895,25.5,0.238,21.0,25.5,0.81,25.5,0.283,21.0,25.5,0.61,25.5,0.313,21.0,25.5,0.36,25.5,0.301,21.0,25.5,0.61,25.5,0.392,21.0,25.5,0.36
1263,4554.5417,190,18.542,False,29.45,True,2.75,25.5,0.297,1.553081,0.911408,0.566854,0.003333,1420.2052,543.5,0.34,0.528047,0.844099,25.5,0.238,21.0,25.5,0.81,25.5,0.28,21.0,25.5,0.61,25.5,0.311,21.0,25.5,0.36,25.5,0.297,21.0,25.5,0.61,25.5,0.377,21.0,25.5,0.36
1264,4554.7083,190,18.708,False,29.27,True,2.75,25.5,0.294,1.538822,0.897149,0.552594,0.003333,1421.744,548.7,0.34,0.523199,0.844351,25.5,0.238,21.0,25.5,0.81,25.5,0.277,21.0,25.5,0.61,25.5,0.307,21.0,25.5,0.36,25.5,0.294,21.0,25.5,0.61,25.5,0.366,21.0,25.5,0.36
1265,4554.875,190,18.875,False,29.08,True,2.75,25.5,0.289,1.523286,0.881613,0.537059,0.003333,1423.2673,552.8,0.34,0.517917,0.842072,25.5,0.237,21.0,25.5,0.81,25.5,0.273,21.0,25.5,0.61,25.5,0.304,21.0,25.5,0.36,25.5,0.289,21.0,25.5,0.61,25.5,0.353,21.0,25.5,0.36
1266,4555.0417,190,19.042,False,28.9,True,2.75,25.5,0.285,1.509355,0.867682,0.523128,0.003333,1424.7767,555.9,0.34,0.513181,0.839051,25.5,0.236,21.0,25.5,0.81,25.5,0.27,21.0,25.5,0.61,25.5,0.3,21.0,25.5,0.36,25.5,0.285,21.0,25.5,0.61,25.5,0.344,21.0,25.5,0.36
1267,4555.2083,190,19.208,False,28.72,True,1.38,25.5,0.0,1.392879,0.842874,0.49832,0.003333,1426.1696,557.9,0.34,0.473579,0.777087,25.5,0.232,21.0,25.5,0.4,25.5,0.263,21.0,25.5,0.31,25.5,0.294,21.0,25.5,0.18,25.5,0.278,21.0,25.5,0.31,25.5,0.329,21.0,25.5,0.18
1268,4555.375,190,19.375,False,28.53,True,1.38,25.5,0.0,1.376127,0.826121,0.481567,0.436437,1427.5457,558.9,0.34,0.467883,0.769117,25.5,0.231,21.0,25.5,0.4,25.5,0.259,21.0,25.5,0.31,25.5,0.29,21.0,25.5,0.18,25.5,0.272,21.0,25.5,0.31,25.5,0.315,21.0,25.5,0.18
1269,4555.5417,190,19.542,False,28.35,True,1.38,25.5,0.0,1.357069,0.807064,0.46251,0.003333,1428.9028,558.8,0.34,0.461403,0.75833,25.5,0.229,21.0,25.5,0.4,25.5,0.255,21.0,25.5,0.31,25.5,0.285,21.0,25.5,0.18,25.5,0.262,21.0,25.5,0.31,25.5,0.294,21.0,25.5,0.18
1270,4555.7083,190,19.708,False,28.17,True,1.38,25.5,0.0,1.343898,0.793892,0.449338,0.003333,1430.2467,557.7,0.34,0.456925,0.749492,25.5,0.228,21.0,25.5,0.4,25.5,0.252,21.0,25.5,0.31,25.5,0.282,21.0,25.5,0.18,25.5,0.259,21.0,25.5,0.31,25.5,0.287,21.0,25.5,0.18
1271,4555.8889,190,19.889,False,27.98,True,1.38,25.5,0.0,1.332749,0.782744,0.43819,0.003333,1431.5794,555.5,0.34,0.453135,0.740342,25.5,0.228,21.0,25.5,0.4,25.5,0.251,21.0,25.5,0.31,25.5,0.28,21.0,25.5,0.18,25.5,0.256,21.0,25.5,0.31,25.5,0.282,21.0,25.5,0.18
1272,4556.0556,190,20.056,False,27.8,True,1.38,25.5,0.0,1.322778,0.772772,0.428218,0.003333,1432.9022,552.4,0.34,0.449744,0.730702,25.5,0.228,21.0,25.5,0.4,25.5,0.249,21.0,25.5,0.31,25.5,0.278,21.0,25.5,0.18,25.5,0.255,21.0,25.5,0.31,25.5,0.278,21.0,25.5,0.18
1273,4556.2222,190,20.222,False,27.8,True,1.38,25.5,0.0,1.319665,0.76966,0.425106,0.003333,1434.2218,548.5,0.34,0.448686,0.723836,25.5,0.227,21.0,25.5,0.4,25.5,0.249,21.0,25.5,0.31,25.5,0.277,21.0,25.5,0.18,25.5,0.254,21.0,25.5,0.31,25.5,0.276,21.0,25.5,0.18
1274,4556.3889,190,20.389,False,27.8,True,1.38,25.5,0.0,1.316726,0.766721,0.422167,0.003333,1435.5386,543.9,0.34,0.447687,0.716168,25.5,0.227,21.0,25.5,0.4,25.5,0.248,21.0,25.5,0.31,25.5,0.275,21.0,25.5,0.18,25.5,0.254,21.0,25.5,0.31,25.5,0.274,21.0,25.5,0.18
1275,4556.5833,190,20.583,False,27.8,True,1.38,25.5,0.0,1.314301,0.764295,0.419741,0.003333,1436.8529,537.6,0.34,0.446862,0.706568,25.5,0.227,21.0,25.5,0.4,25.5,0.248,21.0,25.5,0.31,25.5,0.274,21.0,25.5,0.18,25.5,0.253,21.0,25.5,0.31,25.5,0.273,21.0,25.5,0.18
1276,4556.75,190,20.75,False,27.8,True,1.38,25.5,0.0,1.312328,0.762323,0.417769,0.436416,1438.1652,531.6,0.34,0.446192,0.697634,25.5,0.226,21.0,25.5,0.4,25.5,0.247,21.0,25.5,0.31,25.5,0.273,21.0,25.5,0.18,25.5,0.253,21.0,25.5,0.31,25.5,0.271,21.0,25.5,0.18
1277,4556.9167,190,20.917,False,27.8,True,1.38,25.5,0.0,1.310569,0.760564,0.41601,0.003333,1439.4758,525.2,0.34,0.445594,0.688311,25.5,0.226,21.0,25.5,0.4,25.5,0.247,21.0,25.5,0.31,25.5,0.272,21.0,25.5,0.18,25.5,0.252,21.0,25.5,0.31,25.5,0.27,21.0,25.5,0.18
1278,4557.0833,190,21.083,False,27.8,True,1.38,25.5,0.0,1.308992,0.758986,0.414432,0.003333,1440.7848,518.3,0.08,0.104719,0.67845,25.5,0.226,21.0,25.5,0.4,25.5,0.246,21.0,25.5,0.31,25.5,0.271,21.0,25.5,0.18,25.5,0.252,21.0,25.5,0.31,25.5,0.27,21.0,25.5,0.18
1279,4557.2083,190,21.208,False,27.62,True,1.38,25.999,0.0,0.629038,0.1707,0.072802,0.003333,1441.4138,512.9,0.08,0.050323,0.322634,25.86,0.28,21.0,25.5,0.4,26.03,0.32,21.0,25.5,0.31,26.02,0.356,21.0,25.5,0.18,26.06,0.331,21.0,25.5,0.31,26.03,0.356,21.0,25.5,0.18
1280,4557.3889,190,21.389,False,27.43,True,1.38,25.523,0.0,1.220042,0.761704,0.41715,0.003333,1442.6338,505.0,0.08,0.097603,0.616121,25.51,0.231,21.0,25.5,0.4,25.51,0.253,21.0,25.5,0.31,25.54,0.267,21.0,25.5,0.18,25.51,0.26,21.0,25.5,0.31,25.55,0.266,21.0,25.5,0.18
1281,4557.5833,190,21.583,False,27.25,True,1.38,25.503,0.0,1.151595,0.693257,0.348703,0.003333,1443.7854,496.3,0.08,0.092128,0.571537,25.5,0.218,21.0,25.5,0.4,25.5,0.233,21.0,25.5,0.31,25.51,0.252,21.0,25.5,0.18,25.5,0.239,21.0,25.5,0.31,25.51,0.25,21.0,25.5,0.18
1282,4557.7083,190,21.708,False,27.07,True,1.38,25.977,0.0,0.615799,0.157461,0.074574,0.003333,1444.4012,490.7,0.08,0.049264,0.302172,25.5,0.213,21.0,25.5,0.4,25.99,0.304,21.0,25.5,0.31,26.18,0.352,21.0,25.5,0.18,26.02,0.315,21.0,25.5,0.31,26.2,0.354,21.0,25.5,0.18
1283,4557.9167,190,21.917,False,26.88,True,1.38,25.611,0.0,1.019601,0.561264,0.299597,0.003333,1445.4208,481.3,0.08,0.081568,0.490734,25.88,0.275,21.0,25.5,0.4,25.52,0.244,21.0,25.5,0.31,25.56,0.277,21.0,25.5,0.18,25.53,0.252,21.0,25.5,0.31,25.56,0.276,21.0,25.5,0.18
1284,4558.0833,190,22.083,False,26.7,True,1.38,25.65,0.0,1.026406,0.568068,0.264957,0.003333,1446.4472,473.9,0.08,0.082112,0.486414,26.23,0.341,21.0,25.5,0.4,25.5,0.224,21.0,25.5,0.31,25.51,0.248,21.0,25.5,0.18,25.5,0.231,21.0,25.5,0.31,25.51,0.247,21.0,25.5,0.18
1285,4558.2222,190,22.222,False,26.78,True,1.38,25.504,0.0,1.121762,0.709258,0.364704,0.436413,1447.569,467.9,0.08,0.089741,0.524872,25.52,0.234,21.0,25.5,0.4,25.5,0.216,21.0,25.5,0.31,25.5,0.237,21.0,25.5,0.18,25.5,0.222,21.0,25.5,0.31,25.5,0.236,21.0,25.5,0.18
1286,4558.375,190,22.375,False,26.87,True,1.38,25.954,0.0,0.569265,0.156761,0.073874,0.003333,1448.1383,461.5,0.08,0.045541,0.262716,25.5,0.214,21.0,25.5,0.4,25.95,0.284,21.0,25.5,0.31,26.15,0.335,21.0,25.5,0.18,25.99,0.296,21.0,25.5,0.31,26.17,0.338,21.0,25.5,0.18
1287,4558.5833,190,22.583,False,26.95,True,1.38,25.607,0.0,0.96135,0.548846,0.287179,0.003333,1449.0996,453.1,0.08,0.076908,0.435588,25.87,0.273,21.0,25.5,0.4,25.52,0.229,21.0,25.5,0.31,25.56,0.263,21.0,25.5,0.18,25.53,0.237,21.0,25.5,0.31,25.56,0.264,21.0,25.5,0.18
1288,4558.6667,190,22.667,False,27.03,True,1.38,25.642,0.0,0.928038,0.515534,0.253868,0.003333,1450.0277,449.8,0.08,0.074243,0.417432,26.19,0.339,21.0,25.5,0.4,25.5,0.212,21.0,25.5,0.31,25.51,0.236,21.0,25.5,0.18,25.5,0.218,21.0,25.5,0.31,25.51,0.236,21.0,25.5,0.18
1289,4558.9167,190,22.917,False,27.12,True,1.38,25.51,0.0,1.111457,0.698953,0.354398,0.003333,1451.1391,440.6,0.08,0.088917,0.489708,25.55,0.236,21.0,25.5,0.4,25.5,0.205,21.0,25.5,0.31,25.5,0.228,21.0,25.5,0.18,25.5,0.212,21.0,25.5,0.31,25.5,0.227,21.0,25.5,0.18
1290,4559.0417,190,23.042,False,27.2,True,1.38,25.948,0.0,0.57071,0.158206,0.075319,0.003333,1451.7098,436.3,0.08,0.045657,0.249001,25.5,0.212,21.0,25.5,0.4,25.95,0.273,21.0,25.5,0.31,26.14,0.324,21.0,25.5,0.18,25.98,0.284,21.0,25.5,0.31,26.17,0.327,21.0,25.5,0.18
1291,4559.25,190,23.25,False,27.12,False,0.0,26.369,0.0,0.532235,0.119731,0.036844,0.003333,1452.2421,429.5,0.08,0.042579,0.228595,25.79,0.253,15.6,28.0,0.0,26.33,0.352,15.6,28.0,0.0,26.64,0.43,15.6,28.0,0.0,26.4,0.369,15.6,28.0,0.0,26.68,0.436,15.6,28.0,0.0
1292,4559.3333,190,23.333,False,27.03,False,0.0,26.574,0.0,0.412504,0.0,0.0,0.003333,1452.6546,427.0,0.08,0.033,0.176139,26.12,0.318,15.6,28.0,0.0,26.49,0.39,15.6,28.0,0.0,26.83,0.477,15.6,28.0,0.0,26.56,0.409,15.6,28.0,0.0,26.87,0.486,15.6,28.0,0.0
1293,4559.5,190,23.5,False,26.95,False,0.0,26.641,0.0,0.412504,0.0,0.0,0.003333,1453.0671,422.2,0.08,0.033,0.174159,26.24,0.349,15.6,29.0,0.0,26.53,0.409,15.6,29.0,0.0,26.89,0.502,15.6,29.0,0.0,26.61,0.43,15.6,29.0,0.0,26.93,0.512,15.6,29.0,0.0
1294,4559.6667,190,23.667,False,26.87,False,0.0,26.678,0.0,0.412504,0.0,0.0,0.003333,1453.4796,417.7,0.08,0.033,0.172303,26.29,0.369,15.6,29.0,0.0,26.56,0.423,15.6,29.0,0.0,26.92,0.522,15.6,29.0,0.0,26.64,0.446,15.6,29.0,0.0,26.97,0.533,15.6,29.0,0.0
1295,4559.8333,190,23.833,False,26.78,False,0.0,26.702,0.0,0.412504,0.0,0.0,0.436406,1453.8921,413.6,0.08,0.033,0.170612,26.32,0.384,15.6,29.0,0.0,26.58,0.436,15.6,29.0,0.0,26.95,0.538,15.6,29.0,0.0,26.66,0.459,15.6,29.0,0.0,27.0,0.55,15.6,29.0,0.0
1296,4560.0,190,24.0,False,26.7,False,0.0,26.719,0.0,0.412504,0.0,0.0,0.003333,1454.3046,409.8,0.08,0.033,0.169044,26.34,0.396,15.6,29.0,0.0,26.59,0.447,15.6,29.0,0.0,26.97,0.553,15.6,29.0,0.0,26.68,0.471,15.6,29.0,0.0,27.02,0.566,15.6,29.0,0.0
1297,4560.1667,191,0.167,False,26.7,False,0.0,26.735,0.0,0.412504,0.0,0.0,0.003333,1454.7171,378.0,0.08,0.033,0.155927,26.35,0.407,15.6,29.0,0.0,26.6,0.457,15.6,29.0,0.0,26.99,0.567,15.6,29.0,0.0,26.69,0.482,15.6,29.0,0.0,27.04,0.581,15.6,29.0,0.0
1298,4560.3333,191,0.333,False,26.7,False,0.0,26.75,0.0,0.412504,0.0,0.0,0.003333,1455.1296,378.5,0.08,0.033,0.156133,26.37,0.417,15.6,29.0,0.0,26.61,0.467,15.6,29.0,0.0,27.0,0.58,15.6,29.0,0.0,26.7,0.493,15.6,29.0,0.0,27.06,0.594,15.6,29.0,0.0
1299,4560.5,191,0.5,False,26.7,False,0.0,26.762,0.0,0.412504,0.0,0.0,0.003333,1455.5421,378.9,0.08,0.033,0.156298,26.38,0.426,15.6,29.0,0.0,26.62,0.476,15.6,29.0,0.0,27.02,0.591,15.6,29.0,0.0,26.72,0.502,15.6,29.0,0.0,27.08,0.606,15.6,29.0,0.0
1300,4560.6667,191,0.667,False,26.7,False,0.0,26.773,0.0,0.412504,0.0,0.0,0.003333,1455.9546,379.3,0.08,0.033,0.156463,26.38,0.433,15.6,29.0,0.0,26.63,0.483,15.6,29.0,0.0,27.03,0.601,15.6,29.0,0.0,26.73,0.51,15.6,29.0,0.0,27.09,0.616,15.6,29.0,0.0
1301,4560.8333,191,0.833,False,26.7,False,0.0,26.782,0.0,0.412504,0.0,0.0,0.003333,1456.3671,379.4,0.08,0.033,0.156504,26.39,0.44,15.6,29.0,0.0,26.64,0.49,15.6,29.0,0.0,27.04,0.61,15.6,29.0,0.0,26.73,0.518,15.6,29.0,0.0,27.1,0.626,15.6,29.0,0.0
1302,4561.0,191,1.0,False,26.7,False,0.0,26.79,0.0,0.412504,0.0,0.0,0.003333,1456.7796,379.5,0.08,0.033,0.156545,26.4,0.446,15.6,29.0,0.0,26.65,0.497,15.6,29.0,0.0,27.05,0.618,15.6,29.0,0.0,26.74,0.525,15.6,29.0,0.0,27.11,0.634,15.6,29.0,0.0
1303,4561.1667,191,1.167,False,26.7,False,0.0,26.796,0.0,0.412504,0.0,0.0,0.003333,1457.1921,379.4,0.08,0.033,0.156504,26.4,0.452,15.6,29.0,0.0,26.65,0.503,15.6,29.0,0.0,27.05,0.625,15.6,29.0,0.0,26.75,0.531,15.6,29.0,0.0,27.12,0.642,15.6,29.0,0.0
1304,4561.3333,191,1.333,False,26.7,False,0.0,26.801,0.0,0.412504,0.0,0.0,0.436397,1457.6046,379.3,0.08,0.033,0.156463,26.41,0.457,15.6,29.0,0.0,26.66,0.508,15.6,29.0,0.0,27.06,0.632,15.6,29.0,0.0,26.75,0.537,15.6,29.0,0.0,27.13,0.649,15.6,29.0,0.0
1305,4561.5,191,1.5,False,26.7,False,0.0,26.805,0.0,0.412504,0.0,0.0,0.003333,1458.0171,378.9,0.08,0.033,0.156298,26.41,0.462,15.6,29.0,0.0,26.66,0.513,15.6,29.0,0.0,27.06,0.638,15.6,29.0,0.0,26.76,0.542,15.6,29.0,0.0,27.13,0.656,15.6,29.0,0.0
1306,4561.6667,191,1.667,False,26.7,False,0.0,26.808,0.0,0.412504,0.0,0.0,0.003333,1458.4296,378.5,0.08,0.033,0.156133,26.42,0.467,15.6,29.0,0.0,26.66,0.518,15.6,29.0,0.0,27.07,0.644,15.6,29.0,0.0,26.76,0.547,15.6,29.0,0.0,27.14,0.662,15.6,29.0,0.0
1307,4561.8333,191,1.833,False,26.7,False,0.0,26.81,0.0,0.412504,0.0,0.0,0.003333,1458.8421,378.0,0.08,0.033,0.155927,26.42,0.472,15.6,29.0,0.0,26.66,0.523,15.6,29.0,0.0,27.07,0.65,15.6,29.0,0.0,26.76,0.553,15.6,29.0,0.0,27.14,0.668,15.6,29.0,0.0
1308,4562.0,191,2.0,False,26.7,False,0.0,26.812,0.0,0.412504,0.0,0.0,0.003333,1459.2546,377.3,0.08,0.033,0.155638,26.42,0.476,15.6,29.0,0.0,26.66,0.528,15.6,29.0,0.0,27.07,0.655,15.6,29.0,0.0,26.76,0.557,15.6,29.0,0.0,27.14,0.674,15.6,29.0,0.0
1309,4562.1667,191,2.167,False,26.6,False,0.0,26.807,0.0,0.412504,0.0,0.0,0.003333,1459.6671,376.5,0.08,0.033,0.155308,26.42,0.48,15.6,29.0,0.0,26.66,0.531,15.6,29.0,0.0,27.07,0.659,15.6,29.0,0.0,26.76,0.561,15.6,29.0,0.0,27.14,0.678,15.6,29.0,0.0
1310,4562.3333,191,2.333,False,26.5,False,0.0,26.801,0.0,0.412504,0.0,0.0,0.003333,1460.0796,375.6,0.08,0.033,0.154937,26.41,0.482,15.6,29.0,0.0,26.65,0.533,15.6,29.0,0.0,27.06,0.662,15.6,29.0,0.0,26.75,0.563,15.6,29.0,0.0,27.13,0.681,15.6,29.0,0.0
1311,4562.5,191,2.5,False,26.4,False,0.0,26.793,0.0,0.412504,0.0,0.0,0.003333,1460.4921,374.6,0.08,0.033,0.154524,26.41,0.485,15.6,29.0,0.0,26.64,0.535,15.6,29.0,0.0,27.05,0.664,15.6,29.0,0.0,26.75,0.566,15.6,29.0,0.0,27.12,0.683,15.6,29.0,0.0
1312,4562.6667,191,2.667,False,26.3,False,0.0,26.784,0.0,0.412504,0.0,0.0,0.003333,1460.9046,373.4,0.08,0.033,0.154029,26.4,0.486,15.6,29.0,0.0,26.63,0.536,15.6,29.0,0.0,27.04,0.666,15.6,29.0,0.0,26.74,0.567,15.6,29.0,0.0,27.11,0.685,15.6,29.0,0.0
1313,4562.8333,191,2.833,False,26.2,False,0.0,26.774,0.0,0.412504,0.0,0.0,0.003333,1461.3171,372.2,0.08,0.033,0.153534,26.39,0.488,15.6,29.0,0.0,26.62,0.537,15.6,29.0,0.0,27.03,0.667,15.6,29.0,0.0,26.73,0.568,15.6,29.0,0.0,27.1,0.687,15.6,29.0,0.0
1314,4563.0,191,3.0,False,26.1,False,0.0,26.764,0.0,0.412504,0.0,0.0,0.436415,1461.7297,370.8,0.08,0.033,0.152956,26.38,0.489,15.6,29.0,0.0,26.61,0.537,15.6,29.0,0.0,27.02,0.668,15.6,29.0,0.0,26.72,0.569,15.6,29.0,0.0,27.09,0.688,15.6,29.0,0.0
1315,4563.1667,191,3.167,False,26.1,False,0.0,26.756,0.0,0.412504,0.0,0.0,0.003333,1462.1422,369.4,0.08,0.033,0.152379,26.38,0.49,15.6,29.0,0.0,26.6,0.538,15.6,29.0,0.0,27.01,0.669,15.6,29.0,0.0,26.71,0.57,15.6,29.0,0.0,27.08,0.689,15.6,29.0,0.0
1316,4563.3333,191,3.333,False,26.1,False,0.0,26.749,0.0,0.412504,0.0,0.0,0.003333,1462.5547,367.8,0.08,0.033,0.151719,26.37,0.49,15.6,29.0,0.0,26.6,0.539,15.6,29.0,0.0,27.0,0.669,15.6,29.0,0.0,26.7,0.57,15.6,29.0,0.0,27.07,0.689,15.6,29.0,0.0
1317,4563.5,191,3.5,False,26.1,False,0.0,26.742,0.0,0.412504,0.0,0.0,0.003333,1462.9672,366.1,0.08,0.033,0.151018,26.37,0.491,15.6,29.0,0.0,26.59,0.539,15.6,29.0,0.0,26.99,0.669,15.6,29.0,0.0,26.7,0.571,15.6,29.0,0.0,27.06,0.689,15.6,29.0,0.0
1318,4563.6667,191,3.667,False,26.1,False,0.0,26.735,0.0,0.412504,0.0,0.0,0.003333,1463.3797,364.4,0.08,0.033,0.150316,26.36,0.491,15.6,29.0,0.0,26.58,0.538,15.6,29.0,0.0,26.98,0.669,15.6,29.0,0.0,26.69,0.57,15.6,29.0,0.0,27.05,0.689,15.6,29.0,0.0
1319,4563.8333,191,3.833,False,26.1,False,0.0,26.727,0.0,0.412504,0.0,0.0,0.003333,1463.7922,362.5,0.08,0.033,0.149533,26.36,0.491,15.6,29.0,0.0,26.57,0.538,15.6,29.0,0.0,26.97,0.668,15.6,29.0,0.0,26.68,0.57,15.6,29.0,0.0,27.05,0.688,15.6,29.0,0.0
1320,4564.0,191,4.0,False,26.1,False,0.0,26.72,0.0,0.412504,0.0,0.0,0.003333,1464.2047,360.5,0.08,0.033,0.148708,26.36,0.49,15.6,29.0,0.0,26.57,0.536,15.6,29.0,0.0,26.97,0.667,15.6,29.0,0.0,26.67,0.569,15.6,29.0,0.0,27.04,0.687,15.6,29.0,0.0
1321,4564.1667,191,4.167,False,26.1,False,0.0,26.723,0.0,0.458338,0.0,0.0,0.003333,1464.663,358.5,0.08,0.036667,0.164314,26.36,0.493,15.6,29.0,0.0,26.57,0.539,15.6,29.0,0.0,26.97,0.668,15.6,29.0,0.0,26.68,0.572,15.6,29.0,0.0,27.04,0.689,15.6,29.0,0.0
1322,4564.3333,191,4.333,False,26.1,False,0.0,26.723,0.0,0.458338,0.0,0.0,0.003333,1465.1214,356.4,0.08,0.036667,0.163352,26.37,0.494,15.6,29.0,0.0,26.57,0.54,15.6,29.0,0.0,26.97,0.669,15.6,29.0,0.0,26.68,0.573,15.6,29.0,0.0,27.04,0.69,15.6,29.0,0.0
1323,4564.5,191,4.5,False,26.1,False,0.0,26.721,0.0,0.458338,0.0,0.0,0.436413,1465.5797,354.2,0.08,0.036667,0.162343,26.37,0.495,15.6,29.0,0.0,26.57,0.54,15.6,29.0,0.0,26.96,0.669,15.6,29.0,0.0,26.67,0.573,15.6,29.0,0.0,27.03,0.69,15.6,29.0,0.0
1324,4564.6667,191,4.667,False,26.1,False,0.0,26.718,0.0,0.458338,0.0,0.0,0.003333,1466.038,351.9,0.08,0.036667,0.161289,26.37,0.496,15.6,29.0,0.0,26.56,0.54,15.6,29.0,0.0,26.96,0.669,15.6,29.0,0.0,26.67,0.573,15.6,29.0,0.0,27.03,0.69,15.6,29.0,0.0
1325,4564.8333,191,4.833,False,26.1,False,0.0,26.714,0.0,0.458338,0.0,0.0,0.003333,1466.4964,349.5,0.08,0.036667,0.160189,26.37,0.496,15.6,29.0,0.0,26.56,0.54,15.6,29.0,0.0,26.95,0.668,15.6,29.0,0.0,26.67,0.573,15.6,29.0,0.0,27.02,0.689,15.6,29.0,0.0
1326,4565.0,191,5.0,False,26.1,False,0.0,26.709,0.0,0.458338,0.0,0.0,0.003333,1466.9547,347.1,0.08,0.036667,0.159089,26.37,0.496,15.6,29.0,0.0,26.55,0.539,15.6,29.0,0.0,26.94,0.667,15.6,29.0,0.0,26.66,0.573,15.6,29.0,0.0,27.02,0.688,15.6,29.0,0.0
1327,4565.25,191,5.25,False,25.92,True,2.75,25.618,0.378,1.381809,0.923471,0.578917,0.003333,1468.3365,343.4,0.08,0.110545,0.474513,25.56,0.344,21.5,25.5,0.81,25.57,0.36,21.5,25.5,0.61,25.68,0.436,21.5,25.5,0.36,25.59,0.378,21.5,25.5,0.61,25.69,0.446,21.5,25.5,0.36
1328,4565.3333,191,5.333,False,25.73,True,2.75,25.509,0.32,1.201246,0.742909,0.398354,0.003333,1469.5378,342.1,0.08,0.0961,0.410946,25.5,0.302,21.5,25.5,0.81,25.5,0.308,21.5,25.5,0.61,25.52,0.355,21.5,25.5,0.36,25.5,0.32,21.5,25.5,0.61,25.52,0.361,21.5,25.5,0.36
1329,4565.5,191,5.5,False,25.55,True,2.75,25.502,0.294,1.162147,0.703809,0.359255,0.003333,1470.6999,339.5,0.08,0.092972,0.394549,25.5,0.281,21.5,25.5,0.81,25.5,0.284,21.5,25.5,0.61,25.51,0.322,21.5,25.5,0.36,25.5,0.294,21.5,25.5,0.61,25.51,0.326,21.5,25.5,0.36
1330,4565.6667,191,5.667,False,25.37,True,2.75,25.501,0.272,1.135673,0.677335,0.332781,0.003333,1471.8356,336.9,0.08,0.090854,0.382608,25.5,0.263,21.5,25.5,0.81,25.5,0.264,21.5,25.5,0.61,25.5,0.295,21.5,25.5,0.36,25.5,0.272,21.5,25.5,0.61,25.5,0.298,21.5,25.5,0.36
1331,4565.8333,191,5.833,False,25.18,True,2.75,25.5,0.262,1.12108,0.662742,0.318188,0.003333,1472.9567,334.2,0.08,0.089686,0.374665,25.5,0.248,21.5,25.5,0.81,25.5,0.248,21.5,25.5,0.61,25.5,0.29,21.5,25.5,0.36,25.5,0.262,21.5,25.5,0.61,25.5,0.277,21.5,25.5,0.36
1332,4566.0,191,6.0,False,25.0,True,2.75,25.5,0.251,1.109682,0.651344,0.30679,0.436411,1474.0663,331.5,0.08,0.088775,0.367859,25.5,0.235,21.5,25.5,0.81,25.5,0.235,21.5,25.5,0.61,25.5,0.283,21.5,25.5,0.36,25.5,0.251,21.5,25.5,0.61,25.5,0.259,21.5,25.5,0.36
1333,4566.1667,191,6.167,False,25.47,True,5.5,25.5,0.295,1.326841,0.685168,0.340614,0.003333,1475.3932,328.8,0.08,0.106147,0.436265,25.5,0.238,21.5,25.5,1.61,25.5,0.24,21.5,25.5,1.22,25.5,0.295,21.5,25.5,0.72,25.5,0.259,21.5,25.5,1.22,25.5,0.261,21.5,25.5,0.72
1334,4566.4167,191,6.417,False,25.93,True,5.5,25.5,0.301,1.34696,0.705287,0.360733,0.003333,1476.7401,324.6,0.08,0.107757,0.437223,25.5,0.237,21.5,25.5,1.61,25.5,0.243,21.5,25.5,1.22,25.5,0.301,21.5,25.5,0.72,25.5,0.262,21.5,25.5,1.22,25.5,0.261,21.5,25.5,0.72
1335,4566.5833,191,6.583,False,26.4,True,5.5,25.5,0.308,1.366884,0.725211,0.380657,0.003333,1478.107,321.8,0.08,0.109351,0.439863,25.5,0.237,21.5,25.5,1.61,25.5,0.246,21.5,25.5,1.22,25.5,0.308,21.5,25.5,0.72,25.5,0.265,21.5,25.5,1.22,25.5,0.262,21.5,25.5,0.72
1336,4566.75,191,6.75,False,26.87,True,5.5,25.5,0.321,1.389921,0.748248,0.403694,0.003333,1479.4969,319.0,0.08,0.111194,0.443385,25.5,0.238,21.5,25.5,1.61,25.5,0.251,21.5,25.5,1.22,25.5,0.321,21.5,25.5,0.72,25.5,0.271,21.5,25.5,1.22,25.5,0.264,21.5,25.5,0.72
1337,4566.8889,191,6.889,False,27.33,True,5.5,25.02,0.257,1.61352,0.971847,0.627293,0.003333,1481.1105,316.6,0.08,0.129082,0.51084,25.02,0.155,21.5,25.0,1.61,25.02,0.172,21.5,25.0,1.22,25.03,0.257,21.5,25.0,0.72,25.02,0.194,21.5,25.0,1.22,25.03,0.188,21.5,25.0,0.72
1338,4567.0556,191,7.056,False,27.8,True,5.5,25.001,0.255,1.578942,0.93727,0.592715,0.003333,1482.6894,313.8,0.08,0.126315,0.495472,25.0,0.137,21.5,25.0,1.61,25.0,0.157,21.5,25.0,1.22,25.0,0.255,21.5,25.0,0.72,25.0,0.181,21.5,25.0,1.22,25.0,0.171,21.5,25.0,0.72
1339,4567.2083,191,7.208,False,28.17,True,26.14,24.999,0.284,2.793213,1.143197,0.798643,0.436464,1485.4826,311.2,0.08,0.223457,0.869248,25.0,0.154,21.5,25.0,7.65,25.0,0.174,21.5,25.0,5.8,25.0,0.284,21.5,25.0,3.44,25.0,0.198,21.5,25.0,5.8,25.0,0.186,21.5,25.0,3.44
1340,4567.375,191,7.375,False,28.53,True,26.14,24.999,0.299,2.822884,1.172868,0.828314,0.003333,1488.3055,308.4,0.08,0.225831,0.870578,25.0,0.152,21.5,25.0,7.65,25.0,0.175,21.5,25.0,5.8,25.0,0.299,21.5,25.0,3.44,25.0,0.197,21.5,25.0,5.8,25.0,0.188,21.5,25.0,3.44
1341,4567.5333,191,7.533,False,28.9,True,26.14,24.999,0.313,2.841451,1.191435,0.84688,0.003333,1491.147,305.7,0.08,0.227316,0.868631,25.0,0.149,21.5,25.0,7.65,25.0,0.176,21.5,25.0,5.8,25.0,0.313,21.5,25.0,3.44,25.0,0.196,21.5,25.0,5.8,25.0,0.189,21.5,25.0,3.44
1342,4567.7,191,7.7,False,29.27,True,26.14,24.999,0.323,2.858083,1.208067,0.863513,0.003333,1494.005,303.0,0.08,0.228647,0.865999,25.0,0.147,21.5,25.0,7.65,25.0,0.177,21.5,25.0,5.8,25.0,0.323,21.5,25.0,3.44,25.0,0.194,21.5,25.0,5.8,25.0,0.189,21.5,25.0,3.44
1343,4567.8667,191,7.867,False,29.63,True,26.14,24.901,0.316,2.916327,1.266311,0.921757,0.003333,1496.9214,300.2,0.08,0.233306,0.875481,24.9,0.127,21.5,24.9,7.65,24.9,0.162,21.5,24.9,5.8,24.9,0.316,21.5,24.9,3.44,24.9,0.175,21.5,24.9,5.8,24.9,0.174,21.5,24.9,3.44
1344,4568.0333,191,8.033,False,30.0,True,26.14,24.899,0.318,2.916675,1.266659,0.922105,0.003333,1499.838,297.5,0.08,0.233334,0.867711,24.9,0.121,21.5,24.9,7.65,24.9,0.159,21.5,24.9,5.8,24.9,0.318,21.5,24.9,3.44,24.9,0.168,21.5,24.9,5.8,24.9,0.17,21.5,24.9,3.44
1345,4568.2,191,8.2,False,30.18,True,26.14,24.899,0.324,2.92339,1.273374,0.92882,0.003333,1502.7614,294.8,0.08,0.233871,0.861815,24.9,0.118,21.5,24.9,7.65,24.9,0.159,21.5,24.9,5.8,24.9,0.324,21.5,24.9,3.44,24.9,0.164,21.5,24.9,5.8,24.9,0.17,21.5,24.9,3.44
1346,4568.3667,191,8.367,False,30.37,True,26.14,24.899,0.331,2.932932,1.282916,0.938362,0.436471,1505.6944,292.1,0.08,0.234635,0.85671,24.9,0.116,21.5,24.9,7.65,24.9,0.16,21.5,24.9,5.8,24.9,0.331,21.5,24.9,3.44,24.9,0.163,21.5,24.9,5.8,24.9,0.17,21.5,24.9,3.44
1347,4568.5333,191,8.533,False,30.55,True,26.14,24.899,0.337,2.944354,1.294338,0.949784,0.003333,1508.6387,289.5,0.08,0.235548,0.85239,24.9,0.115,21.5,24.9,7.65,24.9,0.161,21.5,24.9,5.8,24.9,0.337,21.5,24.9,3.44,24.9,0.163,21.5,24.9,5.8,24.9,0.172,21.5,24.9,3.44
1348,4568.7,191,8.7,False,30.73,True,26.14,24.899,0.342,2.955604,1.305588,0.961034,0.003333,1511.5943,286.9,0.08,0.236448,0.847963,24.9,0.115,21.5,24.9,7.65,24.9,0.163,21.5,24.9,5.8,24.9,0.342,21.5,24.9,3.44,24.9,0.164,21.5,24.9,5.8,24.9,0.173,21.5,24.9,3.44
1349,4568.8667,191,8.867,False,30.92,True,26.14,24.899,0.346,2.967118,1.317102,0.972548,0.003333,1514.5614,284.4,0.08,0.237369,0.843848,24.9,0.115,21.5,24.9,7.65,24.9,0.165,21.5,24.9,5.8,24.9,0.346,21.5,24.9,3.44,24.9,0.166,21.5,24.9,5.8,24.9,0.175,21.5,24.9,3.44
1350,4569.0333,191,9.033,False,31.1,True,26.14,24.9,0.35,2.978841,1.328825,0.984271,0.003333,1517.5403,282.0,0.08,0.238307,0.840033,24.9,0.115,21.5,24.9,7.65,24.9,0.167,21.5,24.9,5.8,24.9,0.35,21.5,24.9,3.44,24.9,0.167,21.5,24.9,5.8,24.9,0.177,21.5,24.9,3.44
1351,4569.2,191,9.2,False,31.02,True,26.14,24.998,0.369,2.930946,1.28093,0.936376,0.003333,1520.4712,279.6,0.08,0.234476,0.819493,25.0,0.131,21.5,25.0,7.65,25.0,0.185,21.5,25.0,5.8,25.0,0.369,21.5,25.0,3.44,25.0,0.185,21.5,25.0,5.8,25.0,0.194,21.5,25.0,3.44
1352,4569.3667,191,9.367,False,30.93,True,26.14,24.999,0.374,2.939325,1.289309,0.944755,0.436478,1523.4106,277.3,0.08,0.235146,0.815075,25.0,0.134,21.5,25.0,7.65,25.0,0.189,21.5,25.0,5.8,25.0,0.374,21.5,25.0,3.44,25.0,0.188,21.5,25.0,5.8,25.0,0.198,21.5,25.0,3.44
1353,4569.5417,191,9.542,False,30.85,True,26.14,24.999,0.371,2.935383,1.285367,0.940813,0.003333,1526.3459,275.0,0.08,0.234831,0.80723,25.0,0.133,21.5,25.0,7.65,25.0,0.19,21.5,25.0,5.8,25.0,0.371,21.5,25.0,3.44,25.0,0.189,21.5,25.0,5.8,25.0,0.198,21.5,25.0,3.44
1354,4569.7083,191,9.708,False,30.77,True,26.14,24.999,0.366,2.928104,1.278088,0.933533,0.003333,1529.274,272.8,0.08,0.234248,0.798787,25.0,0.133,21.5,25.0,7.65,25.0,0.189,21.5,25.0,5.8,25.0,0.366,21.5,25.0,3.44,25.0,0.188,21.5,25.0,5.8,25.0,0.198,21.5,25.0,3.44
1355,4569.875,191,9.875,False,30.68,True,26.14,24.999,0.359,2.919271,1.269255,0.924701,0.003333,1532.1933,270.8,0.08,0.233542,0.790539,25.0,0.131,21.5,25.0,7.65,25.0,0.188,21.5,25.0,5.8,25.0,0.359,21.5,25.0,3.44,25.0,0.187,21.5,25.0,5.8,25.0,0.197,21.5,25.0,3.44
1356,4570.0417,191,10.042,False,30.6,True,26.14,24.999,0.35,2.909375,1.259358,0.914804,0.003333,1535.1027,268.9,0.08,0.23275,0.782331,25.0,0.129,21.5,25.0,7.65,25.0,0.187,21.5,25.0,5.8,25.0,0.35,21.5,25.0,3.44,25.0,0.186,21.5,25.0,5.8,25.0,0.195,21.5,25.0,3.44
1357,4570.2083,191,10.208,False,30.6,True,26.14,24.999,0.341,2.909232,1.259216,0.914661,0.003333,1538.0119,267.0,0.08,0.232739,0.776765,25.0,0.128,21.5,25.0,7.65,25.0,0.187,21.5,25.0,5.8,25.0,0.341,21.5,25.0,3.44,25.0,0.186,21.5,25.0,5.8,25.0,0.196,21.5,25.0,3.44
1358,4570.375,191,10.375,False,30.6,True,26.14,24.999,0.332,2.910322,1.260306,0.915752,0.436483,1540.9222,265.3,0.08,0.232826,0.772109,25.0,0.129,21.5,25.0,7.65,25.0,0.188,21.5,25.0,5.8,25.0,0.332,21.5,25.0,3.44,25.0,0.187,21.5,25.0,5.8,25.0,0.197,21.5,25.0,3.44
1359,4570.5417,191,10.542,False,30.6,True,26.14,24.999,0.323,2.91206,1.262044,0.91749,0.003333,1543.8343,263.7,0.08,0.232965,0.76791,25.0,0.13,21.5,25.0,7.65,25.0,0.19,21.5,25.0,5.8,25.0,0.323,21.5,25.0,3.44,25.0,0.188,21.5,25.0,5.8,25.0,0.198,21.5,25.0,3.44
1360,4570.7083,191,10.708,False,30.6,True,26.14,25.0,0.312,2.914447,1.264431,0.919877,0.003333,1546.7487,262.3,0.08,0.233156,0.764459,25.0,0.132,21.5,25.0,7.65,25.0,0.193,21.5,25.0,5.8,25.0,0.312,21.5,25.0,3.44,25.0,0.191,21.5,25.0,5.8,25.0,0.201,21.5,25.0,3.44
1361,4570.875,191,10.875,False,30.6,True,26.14,25.0,0.302,2.917332,1.267316,0.922762,0.003333,1549.6661,261.0,0.08,0.233387,0.761424,25.0,0.135,21.5,25.0,7.65,25.0,0.195,21.5,25.0,5.8,25.0,0.302,21.5,25.0,3.44,25.0,0.193,21.5,25.0,5.8,25.0,0.204,21.5,25.0,3.44
1362,4571.0556,191,11.056,False,30.6,True,26.14,24.999,0.291,2.920404,1.270388,0.925834,0.003333,1552.5865,259.8,0.08,0.233632,0.758721,25.0,0.137,21.5,25.0,7.65,25.0,0.198,21.5,25.0,5.8,25.0,0.291,21.5,25.0,3.44,25.0,0.196,21.5,25.0,5.8,25.0,0.207,21.5,25.0,3.44
1363,4571.2222,191,11.222,False,30.78,True,13.76,25.0,0.277,2.782314,1.223965,0.879411,0.003333,1555.3688,258.8,0.08,0.222585,0.720063,25.0,0.135,21.5,25.0,4.03,25.0,0.197,21.5,25.0,3.05,25.0,0.277,21.5,25.0,1.81,25.0,0.195,21.5,25.0,3.05,25.0,0.206,21.5,25.0,1.81
1364,4571.3889,191,11.389,False,30.97,True,13.76,25.0,0.264,2.785355,1.227006,0.882452,0.436506,1558.1542,258.0,0.08,0.222828,0.718622,25.0,0.135,21.5,25.0,4.03,25.0,0.198,21.5,25.0,3.05,25.0,0.264,21.5,25.0,1.81,25.0,0.195,21.5,25.0,3.05,25.0,0.207,21.5,25.0,1.81
1365,4571.5556,191,11.556,False,31.15,True,13.76,25.48,0.331,2.577085,1.018736,0.674182,0.003333,1560.7312,257.4,0.08,0.206167,0.663342,25.48,0.216,21.5,25.5,4.03,25.48,0.279,21.5,25.5,3.05,25.47,0.331,21.5,25.5,1.81,25.48,0.276,21.5,25.5,3.05,25.47,0.284,21.5,25.5,1.81
1366,4571.7222,191,11.722,False,31.33,True,13.76,25.498,0.352,2.651291,1.092942,0.748388,0.003333,1563.3825,257.1,0.08,0.212103,0.681647,25.5,0.234,21.5,25.5,4.03,25.5,0.3,21.5,25.5,3.05,25.5,0.352,21.5,25.5,1.81,25.5,0.296,21.5,25.5,3.05,25.5,0.307,21.5,25.5,1.81
1367,4571.9167,191,11.917,False,31.52,True,13.76,25.5,0.357,2.672454,1.114105,0.769551,0.003333,1566.055,256.9,0.08,0.213796,0.686553,25.5,0.241,21.5,25.5,4.03,25.5,0.308,21.5,25.5,3.05,25.5,0.357,21.5,25.5,1.81,25.5,0.304,21.5,25.5,3.05,25.5,0.315,21.5,25.5,1.81
1368,4572.0833,191,12.083,False,31.7,True,13.76,25.5,0.361,2.688415,1.130066,0.785512,0.003333,1568.7434,257.1,0.08,0.215073,0.691191,25.5,0.246,21.5,25.5,4.03,25.5,0.314,21.5,25.5,3.05,25.5,0.361,21.5,25.5,1.81,25.5,0.31,21.5,25.5,3.05,25.5,0.32,21.5,25.5,1.81
1369,4572.25,191,12.25,False,31.7,True,26.14,25.499,0.368,2.840064,1.190048,0.845494,0.436494,1571.5835,257.5,0.08,0.227205,0.731317,25.5,0.254,21.5,25.5,7.65,25.5,0.322,21.5,25.5,5.8,25.5,0.368,21.5,25.5,3.44,25.5,0.318,21.5,25.5,5.8,25.5,0.328,21.5,25.5,3.44
1370,4572.4167,191,12.417,False,31.7,True,26.14,25.499,0.372,2.848968,1.198952,0.854398,0.003333,1574.4324,258.3,0.08,0.227917,0.735889,25.5,0.259,21.5,25.5,7.65,25.5,0.327,21.5,25.5,5.8,25.5,0.372,21.5,25.5,3.44,25.5,0.323,21.5,25.5,5.8,25.5,0.333,21.5,25.5,3.44
1371,4572.5833,191,12.583,False,31.7,True,26.14,25.499,0.374,2.855716,1.205699,0.861145,0.003333,1577.2881,259.3,0.08,0.228457,0.740487,25.5,0.262,21.5,25.5,7.65,25.5,0.331,21.5,25.5,5.8,25.5,0.374,21.5,25.5,3.44,25.5,0.326,21.5,25.5,5.8,25.5,0.336,21.5,25.5,3.44
1372,4572.75,191,12.75,False,31.7,True,26.14,25.499,0.377,2.861355,1.211338,0.866784,0.003333,1580.1495,260.7,0.08,0.228908,0.745955,25.5,0.265,21.5,25.5,7.65,25.5,0.334,21.5,25.5,5.8,25.5,0.377,21.5,25.5,3.44,25.5,0.33,21.5,25.5,5.8,25.5,0.339,21.5,25.5,3.44
1373,4572.9167,191,12.917,False,31.7,True,26.14,25.499,0.379,2.866324,1.216308,0.871754,0.003333,1583.0158,262.5,0.08,0.229306,0.75241,25.5,0.267,21.5,25.5,7.65,25.5,0.337,21.5,25.5,5.8,25.5,0.379,21.5,25.5,3.44,25.5,0.332,21.5,25.5,5.8,25.5,0.342,21.5,25.5,3.44
1374,4573.0,191,13.0,False,31.7,True,26.14,25.499,0.381,2.87102,1.221004,0.87645,0.003333,1585.8868,263.5,0.08,0.229682,0.756514,25.5,0.269,21.5,25.5,7.65,25.5,0.339,21.5,25.5,5.8,25.5,0.381,21.5,25.5,3.44,25.5,0.335,21.5,25.5,5.8,25.5,0.344,21.5,25.5,3.44
1375,4573.1667,191,13.167,False,31.78,True,26.14,25.499,0.383,2.877021,1.227005,0.882451,0.436466,1588.7639,265.9,0.08,0.230162,0.765,25.5,0.27,21.5,25.5,7.65,25.5,0.342,21.5,25.5,5.8,25.5,0.383,21.5,25.5,3.44,25.5,0.337,21.5,25.5,5.8,25.5,0.346,21.5,25.5,3.44
1376,4573.3333,191,13.333,False,31.87,True,26.14,25.499,0.384,2.881662,1.231645,0.887091,0.003333,1591.6455,268.7,0.08,0.230533,0.774302,25.5,0.27,21.5,25.5,7.65,25.5,0.344,21.5,25.5,5.8,25.5,0.384,21.5,25.5,3.44,25.5,0.339,21.5,25.5,5.8,25.5,0.348,21.5,25.5,3.44
1377,4573.5,191,13.5,False,31.95,True,26.14,25.499,0.385,2.886024,1.236008,0.891454,0.003333,1594.5316,271.9,0.08,0.230882,0.78471,25.5,0.27,21.5,25.5,7.65,25.5,0.345,21.5,25.5,5.8,25.5,0.385,21.5,25.5,3.44,25.5,0.34,21.5,25.5,5.8,25.5,0.349,21.5,25.5,3.44
1378,4573.6667,191,13.667,False,32.03,True,26.14,25.499,0.386,2.889556,1.23954,0.894986,0.003333,1597.4211,275.7,0.08,0.231165,0.796651,25.5,0.269,21.5,25.5,7.65,25.5,0.346,21.5,25.5,5.8,25.5,0.386,21.5,25.5,3.44,25.5,0.341,21.5,25.5,5.8,25.5,0.35,21.5,25.5,3.44
1379,4573.8333,191,13.833,False,32.12,True,26.14,25.499,0.386,2.894461,1.244444,0.89989,0.003333,1600.3156,280.0,0.08,0.231557,0.810449,25.5,0.268,21.5,25.5,7.65,25.5,0.347,21.5,25.5,5.8,25.5,0.386,21.5,25.5,3.44,25.5,0.341,21.5,25.5,5.8,25.5,0.357,21.5,25.5,3.44
1380,4574.0,191,14.0,False,32.2,True,26.14,25.499,0.386,2.900226,1.25021,0.905656,0.003333,1603.2158,284.8,0.08,0.232018,0.825984,25.5,0.268,21.5,25.5,7.65,25.5,0.348,21.5,25.5,5.8,25.5,0.386,21.5,25.5,3.44,25.5,0.342,21.5,25.5,5.8,25.5,0.368,21.5,25.5,3.44
1381,4574.1667,191,14.167,False,32.3,True,26.14,25.499,0.387,2.909617,1.259601,0.915047,0.436439,1606.1254,290.1,0.08,0.232769,0.84408,25.5,0.268,21.5,25.5,7.65,25.5,0.349,21.5,25.5,5.8,25.5,0.387,21.5,25.5,3.44,25.5,0.343,21.5,25.5,5.8,25.5,0.38,21.5,25.5,3.44
1382,4574.3333,191,14.333,False,32.4,True,26.14,25.499,0.392,2.919832,1.269816,0.925262,0.003333,1609.0452,296.0,0.08,0.233587,0.86427,25.5,0.268,21.5,25.5,7.65,25.5,0.35,21.5,25.5,5.8,25.5,0.388,21.5,25.5,3.44,25.5,0.344,21.5,25.5,5.8,25.5,0.392,21.5,25.5,3.44
1383,4574.5833,191,14.583,False,32.5,True,26.14,25.499,0.405,2.930246,1.28023,0.935676,0.003333,1611.9755,306.0,0.08,0.23442,0.896655,25.5,0.269,21.5,25.5,7.65,25.5,0.352,21.5,25.5,5.8,25.5,0.389,21.5,25.5,3.44,25.5,0.346,21.5,25.5,5.8,25.5,0.405,21.5,25.5,3.44
1384,4574.6667,191,14.667,False,32.6,True,26.14,25.499,0.419,2.942288,1.292272,0.947718,0.003333,1614.9178,309.6,0.08,0.235383,0.910932,25.5,0.27,21.5,25.5,7.65,25.5,0.354,21.5,25.5,5.8,25.5,0.391,21.5,25.5,3.44,25.5,0.347,21.5,25.5,5.8,25.5,0.419,21.5,25.5,3.44
1385,4574.8333,191,14.833,False,32.7,True,26.14,25.499,0.433,2.954471,1.304455,0.959901,0.003333,1617.8722,317.3,0.08,0.236358,0.937454,25.5,0.271,21.5,25.5,7.65,25.5,0.356,21.5,25.5,5.8,25.5,0.392,21.5,25.5,3.44,25.5,0.349,21.5,25.5,5.8,25.5,0.433,21.5,25.5,3.44
1386,4575.0,191,15.0,False,32.8,True,26.14,25.499,0.448,2.966982,1.316966,0.972412,0.003333,1620.8392,325.5,0.08,0.237359,0.965753,25.5,0.273,21.5,25.5,7.65,25.5,0.358,21.5,25.5,5.8,25.5,0.394,21.5,25.5,3.44,25.5,0.351,21.5,25.5,5.8,25.5,0.448,21.5,25.5,3.44
1387,4575.1667,191,15.167,False,32.7,True,26.14,25.499,0.462,2.969499,1.319483,0.974929,0.003333,1623.8087,334.4,0.08,0.23756,0.993,25.5,0.274,21.5,25.5,7.65,25.5,0.359,21.5,25.5,5.8,25.5,0.395,21.5,25.5,3.44,25.5,0.353,21.5,25.5,5.8,25.5,0.462,21.5,25.5,3.44
1388,4575.4167,191,15.417,False,32.6,True,26.14,25.499,0.475,2.971072,1.321056,0.976502,0.436481,1626.7798,348.6,0.08,0.237686,1.035716,25.5,0.276,21.5,25.5,7.65,25.5,0.361,21.5,25.5,5.8,25.5,0.395,21.5,25.5,3.44,25.5,0.354,21.5,25.5,5.8,25.5,0.475,21.5,25.5,3.44
1389,4575.5833,191,15.583,False,32.5,True,26.14,25.499,0.488,2.972526,1.32251,0.977956,0.003333,1629.7523,358.8,0.08,0.237802,1.066542,25.5,0.278,21.5,25.5,7.65,25.5,0.361,21.5,25.5,5.8,25.5,0.395,21.5,25.5,3.44,25.5,0.355,21.5,25.5,5.8,25.5,0.488,21.5,25.5,3.44
1390,4575.75,191,15.75,False,32.4,True,26.14,25.499,0.491,2.969794,1.319778,0.975224,0.003333,1632.7221,369.4,0.08,0.237584,1.097042,25.5,0.279,21.5,25.5,7.65,25.5,0.361,21.5,25.5,5.8,25.5,0.394,21.5,25.5,3.44,25.5,0.354,21.5,25.5,5.8,25.5,0.491,21.5,25.5,3.44
1391,4575.8889,191,15.889,False,32.3,True,26.14,25.499,0.491,2.964959,1.314943,0.970389,0.003333,1635.6871,378.5,0.08,0.237197,1.122237,25.5,0.28,21.5,25.5,7.65,25.5,0.36,21.5,25.5,5.8,25.5,0.393,21.5,25.5,3.44,25.5,0.354,21.5,25.5,5.8,25.5,0.491,21.5,25.5,3.44
1392,4576.0417,191,16.042,False,32.2,True,26.14,25.499,0.487,2.958638,1.308622,0.964068,0.003333,1638.6457,388.9,0.34,1.005937,1.150614,25.5,0.281,21.5,25.5,7.65,25.5,0.359,21.5,25.5,5.8,25.5,0.392,21.5,25.5,3.44,25.5,0.353,21.5,25.5,5.8,25.5,0.487,21.5,25.5,3.44
1393,4576.2083,191,16.208,False,32.12,True,8.25,25.5,0.458,2.06649,1.149814,0.80526,0.003333,1640.7122,400.5,0.34,0.702606,0.827629,25.5,0.261,21.5,25.5,2.42,25.5,0.34,21.5,25.5,1.83,25.5,0.372,21.5,25.5,1.09,25.5,0.334,21.5,25.5,1.83,25.5,0.458,21.5,25.5,1.09
1394,4576.375,191,16.375,False,32.03,True,8.25,25.5,0.444,2.041998,1.125323,0.780769,0.436452,1642.7542,412.3,0.34,0.694279,0.841916,25.5,0.255,21.5,25.5,2.42,25.5,0.333,21.5,25.5,1.83,25.5,0.365,21.5,25.5,1.09,25.5,0.327,21.5,25.5,1.83,25.5,0.444,21.5,25.5,1.09
1395,4576.5333,191,16.533,False,31.95,True,8.25,25.5,0.43,2.02517,1.108494,0.76394,0.003333,1644.7794,423.6,0.34,0.688558,0.857862,25.5,0.251,21.5,25.5,2.42,25.5,0.327,21.5,25.5,1.83,25.5,0.359,21.5,25.5,1.09,25.5,0.322,21.5,25.5,1.83,25.5,0.43,21.5,25.5,1.09
1396,4576.7083,191,16.708,False,31.87,True,8.25,25.5,0.429,2.013719,1.097043,0.752489,0.003333,1646.7931,436.2,0.34,0.684664,0.878384,25.5,0.247,21.5,25.5,2.42,25.5,0.323,21.5,25.5,1.83,25.5,0.354,21.5,25.5,1.09,25.5,0.317,21.5,25.5,1.83,25.5,0.429,21.5,25.5,1.09
1397,4576.875,191,16.875,False,31.78,True,8.25,25.5,0.429,2.00454,1.087864,0.74331,0.003333,1648.7976,448.1,0.34,0.681543,0.898234,25.5,0.244,21.5,25.5,2.42,25.5,0.319,21.5,25.5,1.83,25.5,0.349,21.5,25.5,1.09,25.5,0.314,21.5,25.5,1.83,25.5,0.429,21.5,25.5,1.09
1398,4577.0417,191,17.042,False,31.7,True,8.25,25.5,0.429,1.997018,1.080343,0.735788,0.003333,1650.7947,459.9,0.34,0.678986,0.918429,25.5,0.242,21.5,25.5,2.42,25.5,0.316,21.5,25.5,1.83,25.5,0.346,21.5,25.5,1.09,25.5,0.312,21.5,25.5,1.83,25.5,0.429,21.5,25.5,1.09
1399,4577.2083,191,17.208,False,31.6,True,2.75,25.5,0.305,1.66889,1.027217,0.682663,0.003333,1652.4635,471.5,0.34,0.567423,0.786882,25.5,0.232,21.5,25.5,0.81,25.5,0.305,21.5,25.5,0.61,25.5,0.335,21.5,25.5,0.36,25.5,0.304,21.5,25.5,0.61,25.5,0.424,21.5,25.5,0.36
1400,4577.3889,191,17.389,False,31.5,True,2.75,25.5,0.302,1.657136,1.015463,0.670909,0.003333,1654.1207,483.6,0.34,0.563426,0.801391,25.5,0.229,21.5,25.5,0.81,25.5,0.301,21.5,25.5,0.61,25.5,0.329,21.5,25.5,0.36,25.5,0.302,21.5,25.5,0.61,25.5,0.424,21.5,25.5,0.36
1401,4577.5556,191,17.556,False,31.4,True,2.75,25.5,0.302,1.649124,1.007451,0.662897,0.436445,1655.7698,494.4,0.34,0.560702,0.815327,25.5,0.226,21.5,25.5,0.81,25.5,0.297,21.5,25.5,0.61,25.5,0.325,21.5,25.5,0.36,25.5,0.302,21.5,25.5,0.61,25.5,0.424,21.5,25.5,0.36
1402,4577.7222,191,17.722,False,31.3,True,2.75,25.5,0.301,1.638206,0.996533,0.651979,0.003333,1657.408,504.5,0.34,0.55699,0.826475,25.5,0.225,21.5,25.5,0.81,25.5,0.293,21.5,25.5,0.61,25.5,0.32,21.5,25.5,0.36,25.5,0.301,21.5,25.5,0.61,25.5,0.413,21.5,25.5,0.36
1403,4577.8889,191,17.889,False,31.2,True,2.75,25.5,0.299,1.626859,0.985186,0.640632,0.003333,1659.0349,514.1,0.34,0.553132,0.836368,25.5,0.224,21.5,25.5,0.81,25.5,0.289,21.5,25.5,0.61,25.5,0.316,21.5,25.5,0.36,25.5,0.299,21.5,25.5,0.61,25.5,0.401,21.5,25.5,0.36
1404,4578.0417,191,18.042,False,31.1,True,2.75,25.5,0.297,1.61548,0.973807,0.629253,0.003333,1660.6503,522.1,0.34,0.549263,0.843442,25.5,0.223,21.5,25.5,0.81,25.5,0.285,21.5,25.5,0.61,25.5,0.312,21.5,25.5,0.36,25.5,0.297,21.5,25.5,0.61,25.5,0.389,21.5,25.5,0.36
1405,4578.2083,191,18.208,False,30.92,True,2.75,25.5,0.292,1.598736,0.957063,0.612509,0.003333,1662.2491,530.2,0.34,0.54357,0.84765,25.5,0.222,21.5,25.5,0.81,25.5,0.281,21.5,25.5,0.61,25.5,0.308,21.5,25.5,0.36,25.5,0.292,21.5,25.5,0.61,25.5,0.371,21.5,25.5,0.36
1406,4578.375,191,18.375,False,30.73,True,2.75,25.5,0.287,1.582758,0.941085,0.596531,0.003333,1663.8318,537.3,0.34,0.538138,0.850416,25.5,0.222,21.5,25.5,0.81,25.5,0.277,21.5,25.5,0.61,25.5,0.304,21.5,25.5,0.36,25.5,0.287,21.5,25.5,0.61,25.5,0.356,21.5,25.5,0.36
1407,4578.5417,191,18.542,False,30.55,True,2.75,25.5,0.281,1.565289,0.923616,0.579062,0.003333,1665.3971,543.5,0.34,0.532198,0.850734,25.5,0.221,21.5,25.5,0.81,25.5,0.273,21.5,25.5,0.61,25.5,0.3,21.5,25.5,0.36,25.5,0.281,21.5,25.5,0.61,25.5,0.337,21.5,25.5,0.36
1408,4578.7083,191,18.708,False,30.37,True,2.75,25.5,0.278,1.551848,0.910175,0.565621,0.003333,1666.949,548.7,0.34,0.527628,0.851499,25.5,0.22,21.5,25.5,0.81,25.5,0.27,21.5,25.5,0.61,25.5,0.297,21.5,25.5,0.36,25.5,0.278,21.5,25.5,0.61,25.5,0.329,21.5,25.5,0.36
1409,4578.875,191,18.875,False,30.18,True,2.75,25.5,0.275,1.53977,0.898097,0.553543,0.436432,1668.4887,552.8,0.34,0.523522,0.851185,25.5,0.219,21.5,25.5,0.81,25.5,0.266,21.5,25.5,0.61,25.5,0.294,21.5,25.5,0.36,25.5,0.275,21.5,25.5,0.61,25.5,0.323,21.5,25.5,0.36
1410,4579.0556,191,19.056,False,30.0,True,2.75,25.5,0.273,1.52845,0.886777,0.542223,0.003333,1670.0172,556.1,0.34,0.519673,0.849971,25.5,0.219,21.5,25.5,0.81,25.5,0.263,21.5,25.5,0.61,25.5,0.291,21.5,25.5,0.36,25.5,0.273,21.5,25.5,0.61,25.5,0.317,21.5,25.5,0.36
1411,4579.2222,191,19.222,False,29.72,True,1.38,25.5,0.0,1.41196,0.861955,0.5174,0.003333,1671.4292,558.1,0.34,0.480066,0.788015,25.5,0.216,21.5,25.5,0.4,25.5,0.258,21.5,25.5,0.31,25.5,0.286,21.5,25.5,0.18,25.5,0.267,21.5,25.5,0.31,25.5,0.308,21.5,25.5,0.18
1412,4579.3889,191,19.389,False,29.43,True,1.38,25.5,0.0,1.395279,0.845274,0.50072,0.003333,1672.8244,558.9,0.34,0.474395,0.779822,25.5,0.216,21.5,25.5,0.4,25.5,0.255,21.5,25.5,0.31,25.5,0.282,21.5,25.5,0.18,25.5,0.263,21.5,25.5,0.31,25.5,0.299,21.5,25.5,0.18
1413,4579.5556,191,19.556,False,29.15,True,1.38,25.5,0.0,1.376769,0.826763,0.482209,0.003333,1674.2012,558.8,0.34,0.468101,0.769338,25.5,0.216,21.5,25.5,0.4,25.5,0.251,21.5,25.5,0.31,25.5,0.278,21.5,25.5,0.18,25.5,0.256,21.5,25.5,0.31,25.5,0.285,21.5,25.5,0.18
1414,4579.7222,191,19.722,False,28.87,True,1.38,25.5,0.0,1.362778,0.812773,0.468219,0.003333,1675.564,557.6,0.34,0.463345,0.759885,25.5,0.216,21.5,25.5,0.4,25.5,0.249,21.5,25.5,0.31,25.5,0.277,21.5,25.5,0.18,25.5,0.254,21.5,25.5,0.31,25.5,0.28,21.5,25.5,0.18
1415,4579.8889,191,19.889,False,28.58,True,1.38,25.5,0.0,1.350463,0.800458,0.455904,0.003333,1676.9144,555.5,0.34,0.459158,0.750182,25.5,0.217,21.5,25.5,0.4,25.5,0.249,21.5,25.5,0.31,25.5,0.275,21.5,25.5,0.18,25.5,0.253,21.5,25.5,0.31,25.5,0.278,21.5,25.5,0.18
1416,4580.0556,191,20.056,False,28.3,True,1.38,25.5,0.0,1.338951,0.788945,0.444391,0.003333,1678.2534,552.4,0.34,0.455243,0.739636,25.5,0.218,21.5,25.5,0.4,25.5,0.248,21.5,25.5,0.31,25.5,0.274,21.5,25.5,0.18,25.5,0.253,21.5,25.5,0.31,25.5,0.275,21.5,25.5,0.18
1417,4580.25,191,20.25,False,28.3,True,1.38,25.5,0.0,1.337533,0.787528,0.442973,0.43642,1679.5909,547.8,0.34,0.454761,0.732701,25.5,0.22,21.5,25.5,0.4,25.5,0.249,21.5,25.5,0.31,25.5,0.274,21.5,25.5,0.18,25.5,0.253,21.5,25.5,0.31,25.5,0.275,21.5,25.5,0.18
1418,4580.4167,191,20.417,False,28.3,True,1.38,25.5,0.0,1.336622,0.786617,0.442063,0.003333,1680.9276,543.0,0.34,0.454452,0.725786,25.5,0.221,21.5,25.5,0.4,25.5,0.25,21.5,25.5,0.31,25.5,0.274,21.5,25.5,0.18,25.5,0.254,21.5,25.5,0.31,25.5,0.274,21.5,25.5,0.18
1419,4580.5833,191,20.583,False,28.3,True,1.38,25.5,0.0,1.336213,0.786208,0.441654,0.003333,1682.2638,537.6,0.34,0.454313,0.718348,25.5,0.222,21.5,25.5,0.4,25.5,0.251,21.5,25.5,0.31,25.5,0.275,21.5,25.5,0.18,25.5,0.255,21.5,25.5,0.31,25.5,0.274,21.5,25.5,0.18
1420,4580.75,191,20.75,False,28.3,True,1.38,25.5,0.0,1.336296,0.786291,0.441737,0.003333,1683.6001,531.6,0.34,0.454341,0.710375,25.5,0.224,21.5,25.5,0.4,25.5,0.252,21.5,25.5,0.31,25.5,0.275,21.5,25.5,0.18,25.5,0.256,21.5,25.5,0.31,25.5,0.275,21.5,25.5,0.18
1421,4580.9167,191,20.917,False,28.3,True,1.38,25.5,0.0,1.336561,0.786556,0.442002,0.003333,1684.9366,525.2,0.34,0.454431,0.701962,25.5,0.225,21.5,25.5,0.4,25.5,0.253,21.5,25.5,0.31,25.5,0.276,21.5,25.5,0.18,25.5,0.258,21.5,25.5,0.31,25.5,0.276,21.5,25.5,0.18
1422,4581.0833,191,21.083,False,28.3,True,1.38,25.5,0.0,1.33701,0.787004,0.44245,0.003333,1686.2736,518.3,0.08,0.106961,0.692972,25.5,0.227,21.5,25.5,0.4,25.5,0.255,21.5,25.5,0.31,25.5,0.277,21.5,25.5,0.18,25.5,0.259,21.5,25.5,0.31,25.5,0.277,21.5,25.5,0.18
1423,4581.2083,191,21.208,False,28.12,True,1.38,25.507,0.0,1.140848,0.68251,0.424095,0.003333,1687.4145,512.9,0.08,0.091268,0.585141,25.42,0.216,21.0,25.0,0.4,25.48,0.252,21.0,25.0,0.31,25.57,0.29,21.0,25.0,0.18,25.49,0.258,21.0,25.0,0.31,25.58,0.291,21.0,25.0,0.18
1424,4581.4167,191,21.417,False,27.93,True,1.38,25.072,0.0,1.302733,0.844396,0.499841,0.003333,1688.7172,503.8,0.08,0.104219,0.656317,25.05,0.129,21.0,25.0,0.4,25.05,0.151,21.0,25.0,0.31,25.1,0.183,21.0,25.0,0.18,25.06,0.157,21.0,25.0,0.31,25.1,0.183,21.0,25.0,0.18
1425,4581.5833,191,21.583,False,27.75,True,1.38,25.009,0.0,1.270212,0.811874,0.46732,0.003333,1689.9874,496.3,0.08,0.101617,0.630406,25.0,0.11,21.0,25.0,0.4,25.0,0.128,21.0,25.0,0.31,25.02,0.154,21.0,25.0,0.18,25.01,0.133,21.0,25.0,0.31,25.02,0.153,21.0,25.0,0.18
1426,4581.7,191,21.7,False,27.57,True,1.38,25.765,0.0,0.458338,0.0,0.0,0.43642,1690.4458,491.0,0.08,0.036667,0.225044,25.52,0.186,21.0,25.0,0.4,25.71,0.228,21.0,25.0,0.31,25.91,0.281,21.0,25.0,0.18,25.74,0.237,21.0,25.0,0.31,25.94,0.285,21.0,25.0,0.18
1427,4581.8889,191,21.889,False,27.38,True,1.38,25.022,0.0,1.315913,0.857575,0.513021,0.003333,1691.7617,482.5,0.08,0.105273,0.634928,25.01,0.119,21.0,25.0,0.4,25.01,0.139,21.0,25.0,0.31,25.03,0.173,21.0,25.0,0.18,25.02,0.146,21.0,25.0,0.31,25.04,0.174,21.0,25.0,0.18
1428,4582.0833,191,22.083,False,27.2,True,1.38,25.003,0.0,1.242926,0.784589,0.440034,0.003333,1693.0046,473.9,0.08,0.099434,0.589023,25.0,0.098,21.0,25.0,0.4,25.0,0.111,21.0,25.0,0.31,25.01,0.138,21.0,25.0,0.18,25.0,0.117,21.0,25.0,0.31,25.01,0.138,21.0,25.0,0.18
1429,4582.25,191,22.25,False,27.2,True,1.38,25.0,0.0,1.17631,0.763806,0.419252,0.003333,1694.1809,466.7,0.08,0.094105,0.548984,25.0,0.088,21.0,25.0,0.4,25.0,0.099,21.0,25.0,0.31,25.0,0.124,21.0,25.0,0.18,25.0,0.105,21.0,25.0,0.31,25.0,0.124,21.0,25.0,0.18
1430,4582.3667,191,22.367,False,27.2,True,1.38,25.709,0.0,0.412504,0.0,0.0,0.003333,1694.5934,461.8,0.08,0.033,0.190494,25.48,0.16,21.0,25.0,0.4,25.66,0.195,21.0,25.0,0.31,25.85,0.247,21.0,25.0,0.18,25.69,0.204,21.0,25.0,0.31,25.87,0.251,21.0,25.0,0.18
1431,4582.5556,191,22.556,False,27.2,True,1.38,25.02,0.0,1.234605,0.822101,0.477547,0.003333,1695.828,454.2,0.08,0.098768,0.560758,25.01,0.099,21.0,25.0,0.4,25.01,0.115,21.0,25.0,0.31,25.03,0.149,21.0,25.0,0.18,25.01,0.122,21.0,25.0,0.31,25.03,0.15,21.0,25.0,0.18
1432,4582.6667,191,22.667,False,27.2,True,1.38,25.0,0.0,1.170995,0.758491,0.413936,0.003333,1696.999,449.8,0.08,0.09368,0.526713,25.0,0.082,21.0,25.0,0.4,25.0,0.091,21.0,25.0,0.31,25.0,0.118,21.0,25.0,0.18,25.0,0.098,21.0,25.0,0.31,25.0,0.119,21.0,25.0,0.18
1433,4582.8333,191,22.833,False,27.2,True,1.38,24.999,0.0,1.156871,0.744367,0.399813,0.003333,1698.1559,443.6,0.08,0.09255,0.513188,25.0,0.075,21.0,25.0,0.4,25.0,0.083,21.0,25.0,0.31,25.0,0.109,21.0,25.0,0.18,25.0,0.089,21.0,25.0,0.31,25.0,0.109,21.0,25.0,0.18
1434,4583.0333,191,23.033,False,27.2,True,1.38,25.681,0.0,0.412504,0.0,0.0,0.003333,1698.5684,436.6,0.08,0.033,0.180099,25.46,0.145,21.0,25.0,0.4,25.63,0.177,21.0,25.0,0.31,25.81,0.229,21.0,25.0,0.18,25.66,0.187,21.0,25.0,0.31,25.84,0.233,21.0,25.0,0.18
1435,4583.25,191,23.25,False,27.2,False,0.0,26.265,0.0,0.412504,0.0,0.0,0.436414,1698.9809,429.5,0.08,0.033,0.17717,25.92,0.24,15.6,28.0,0.0,26.18,0.29,15.6,28.0,0.0,26.47,0.367,15.6,28.0,0.0,26.23,0.305,15.6,28.0,0.0,26.51,0.375,15.6,28.0,0.0
1436,4583.3333,191,23.333,False,27.2,False,0.0,26.496,0.0,0.412504,0.0,0.0,0.003333,1699.3934,427.0,0.08,0.033,0.176139,26.13,0.29,15.6,28.0,0.0,26.41,0.344,15.6,28.0,0.0,26.71,0.428,15.6,28.0,0.0,26.47,0.36,15.6,28.0,0.0,26.76,0.438,15.6,28.0,0.0
1437,4583.5,191,23.5,False,27.2,False,0.0,26.579,0.0,0.412504,0.0,0.0,0.003333,1699.8059,422.2,0.08,0.033,0.174159,26.2,0.317,15.6,28.0,0.0,26.49,0.372,15.6,28.0,0.0,26.8,0.461,15.6,28.0,0.0,26.55,0.389,15.6,28.0,0.0,26.85,0.472,15.6,28.0,0.0
1438,4583.6667,191,23.667,False,27.2,False,0.0,26.632,0.0,0.412504,0.0,0.0,0.003333,1700.2184,417.7,0.08,0.033,0.172303,26.25,0.338,15.6,28.0,0.0,26.54,0.394,15.6,28.0,0.0,26.86,0.487,15.6,28.0,0.0,26.6,0.412,15.6,28.0,0.0,26.91,0.499,15.6,28.0,0.0
1439,4583.8333,191,23.833,False,27.2,False,0.0,26.671,0.0,0.412504,0.0,0.0,0.003333,1700.6309,413.6,0.08,0.033,0.170612,26.28,0.355,15.6,28.0,0.0,26.57,0.412,15.6,28.0,0.0,26.9,0.509,15.6,28.0,0.0,26.64,0.431,15.6,28.0,0.0,26.96,0.522,15.6,28.0,0.0
1440,4584.0,191,24.0,False,27.2,False,0.0,26.703,0.0,0.412504,0.0,0.0,0.003333,1701.0434,409.8,0.08,0.033,0.169044,26.31,0.371,15.6,28.0,0.0,26.6,0.428,15.6,28.0,0.0,26.94,0.529,15.6,28.0,0.0,26.67,0.448,15.6,28.0,0.0,27.0,0.543,15.6,28.0,0.0
1441,4584.1667,192,0.167,False,27.12,False,0.0,26.726,0.0,0.412504,0.0,0.0,0.003333,1701.4559,378.0,0.08,0.033,0.155927,26.32,0.384,15.6,28.0,0.0,26.62,0.442,15.6,28.0,0.0,26.96,0.545,15.6,28.0,0.0,26.69,0.462,15.6,28.0,0.0,27.02,0.56,15.6,28.0,0.0
1442,4584.3333,192,0.333,False,27.03,False,0.0,26.743,0.0,0.412504,0.0,0.0,0.003333,1701.8684,378.5,0.08,0.033,0.156133,26.34,0.395,15.6,28.0,0.0,26.64,0.453,15.6,28.0,0.0,26.98,0.559,15.6,28.0,0.0,26.71,0.474,15.6,28.0,0.0,27.05,0.574,15.6,28.0,0.0
1443,4584.5,192,0.5,False,26.95,False,0.0,26.756,0.0,0.412504,0.0,0.0,0.003333,1702.2809,378.9,0.08,0.033,0.156298,26.35,0.404,15.6,28.0,0.0,26.65,0.463,15.6,28.0,0.0,27.0,0.571,15.6,28.0,0.0,26.72,0.484,15.6,28.0,0.0,27.06,0.587,15.6,28.0,0.0
1444,4584.6667,192,0.667,False,26.87,False,0.0,26.766,0.0,0.412504,0.0,0.0,0.436388,1702.6934,379.3,0.08,0.033,0.156463,26.36,0.412,15.6,28.0,0.0,26.66,0.471,15.6,28.0,0.0,27.01,0.581,15.6,28.0,0.0,26.73,0.493,15.6,28.0,0.0,27.08,0.597,15.6,28.0,0.0
1445,4584.8333,192,0.833,False,26.78,False,0.0,26.774,0.0,0.412504,0.0,0.0,0.003333,1703.1059,379.4,0.08,0.033,0.156504,26.36,0.419,15.6,28.0,0.0,26.66,0.478,15.6,28.0,0.0,27.02,0.59,15.6,28.0,0.0,26.74,0.501,15.6,28.0,0.0,27.09,0.607,15.6,28.0,0.0
1446,4585.0,192,1.0,False,26.7,False,0.0,26.778,0.0,0.412504,0.0,0.0,0.003333,1703.5184,379.5,0.08,0.033,0.156545,26.37,0.424,15.6,28.0,0.0,26.66,0.484,15.6,28.0,0.0,27.03,0.597,15.6,28.0,0.0,26.74,0.507,15.6,28.0,0.0,27.09,0.614,15.6,28.0,0.0
1447,4585.1667,192,1.167,False,26.7,False,0.0,26.785,0.0,0.412504,0.0,0.0,0.003333,1703.9309,379.4,0.08,0.033,0.156504,26.37,0.43,15.6,28.0,0.0,26.67,0.49,15.6,28.0,0.0,27.03,0.605,15.6,28.0,0.0,26.75,0.514,15.6,28.0,0.0,27.1,0.622,15.6,28.0,0.0
1448,4585.3333,192,1.333,False,26.7,False,0.0,26.791,0.0,0.412504,0.0,0.0,0.003333,1704.3434,379.3,0.08,0.033,0.156463,26.38,0.435,15.6,28.0,0.0,26.68,0.495,15.6,28.0,0.0,27.04,0.611,15.6,28.0,0.0,26.76,0.52,15.6,28.0,0.0,27.11,0.629,15.6,28.0,0.0
1449,4585.5,192,1.5,False,26.7,False,0.0,26.797,0.0,0.412504,0.0,0.0,0.003333,1704.756,378.9,0.08,0.033,0.156298,26.38,0.439,15.6,28.0,0.0,26.68,0.5,15.6,28.0,0.0,27.05,0.618,15.6,28.0,0.0,26.76,0.525,15.6,28.0,0.0,27.11,0.636,15.6,28.0,0.0
1450,4585.6667,192,1.667,False,26.7,False,0.0,26.801,0.0,0.412504,0.0,0.0,0.003333,1705.1685,378.5,0.08,0.033,0.156133,26.39,0.444,15.6,28.0,0.0,26.68,0.505,15.6,28.0,0.0,27.05,0.623,15.6,28.0,0.0,26.77,0.53,15.6,28.0,0.0,27.12,0.641,15.6,28.0,0.0
1451,4585.8333,192,1.833,False,26.7,False,0.0,26.805,0.0,0.412504,0.0,0.0,0.003333,1705.581,378.0,0.08,0.033,0.155927,26.39,0.448,15.6,28.0,0.0,26.69,0.509,15.6,28.0,0.0,27.05,0.628,15.6,28.0,0.0,26.77,0.535,15.6,28.0,0.0,27.12,0.647,15.6,28.0,0.0
1452,4586.0,192,2.0,False,26.7,False,0.0,26.807,0.0,0.412504,0.0,0.0,0.003333,1705.9935,377.3,0.08,0.033,0.155638,26.4,0.451,15.6,28.0,0.0,26.69,0.513,15.6,28.0,0.0,27.06,0.633,15.6,28.0,0.0,26.77,0.539,15.6,28.0,0.0,27.12,0.651,15.6,28.0,0.0
1453,4586.1667,192,2.167,False,26.7,False,0.0,26.809,0.0,0.412504,0.0,0.0,0.003333,1706.406,376.5,0.08,0.033,0.155308,26.4,0.454,15.6,28.0,0.0,26.69,0.517,15.6,28.0,0.0,27.06,0.637,15.6,28.0,0.0,26.77,0.543,15.6,28.0,0.0,27.13,0.656,15.6,28.0,0.0
1454,4586.3333,192,2.333,False,26.7,False,0.0,26.81,0.0,0.412504,0.0,0.0,0.436407,1706.8185,375.6,0.08,0.033,0.154937,26.4,0.458,15.6,28.0,0.0,26.69,0.52,15.6,28.0,0.0,27.06,0.641,15.6,28.0,0.0,26.77,0.547,15.6,28.0,0.0,27.13,0.66,15.6,28.0,0.0
1455,4586.5,192,2.5,False,26.7,False,0.0,26.81,0.0,0.412504,0.0,0.0,0.003333,1707.231,374.6,0.08,0.033,0.154524,26.4,0.462,15.6,28.0,0.0,26.69,0.524,15.6,28.0,0.0,27.06,0.645,15.6,28.0,0.0,26.77,0.551,15.6,28.0,0.0,27.13,0.664,15.6,28.0,0.0
1456,4586.6667,192,2.667,False,26.7,False,0.0,26.81,0.0,0.412504,0.0,0.0,0.003333,1707.6435,373.4,0.08,0.033,0.154029,26.4,0.465,15.6,28.0,0.0,26.69,0.528,15.6,28.0,0.0,27.06,0.649,15.6,28.0,0.0,26.77,0.554,15.6,28.0,0.0,27.13,0.668,15.6,28.0,0.0
1457,4586.8333,192,2.833,False,26.7,False,0.0,26.809,0.0,0.412504,0.0,0.0,0.003333,1708.056,372.2,0.08,0.033,0.153534,26.41,0.469,15.6,28.0,0.0,26.69,0.531,15.6,28.0,0.0,27.06,0.653,15.6,28.0,0.0,26.77,0.558,15.6,28.0,0.0,27.12,0.672,15.6,28.0,0.0
1458,4587.0,192,3.0,False,26.7,False,0.0,26.807,0.0,0.412504,0.0,0.0,0.003333,1708.4685,370.8,0.08,0.033,0.152956,26.41,0.473,15.6,28.0,0.0,26.68,0.535,15.6,28.0,0.0,27.05,0.657,15.6,28.0,0.0,26.77,0.562,15.6,28.0,0.0,27.12,0.676,15.6,28.0,0.0
1459,4587.1667,192,3.167,False,26.7,False,0.0,26.806,0.0,0.412504,0.0,0.0,0.003333,1708.881,369.4,0.08,0.033,0.152379,26.41,0.477,15.6,28.0,0.0,26.68,0.538,15.6,28.0,0.0,27.05,0.661,15.6,28.0,0.0,26.77,0.566,15.6,28.0,0.0,27.12,0.68,15.6,28.0,0.0
1460,4587.3333,192,3.333,False,26.7,False,0.0,26.805,0.0,0.412504,0.0,0.0,0.003333,1709.2935,367.8,0.08,0.033,0.151719,26.41,0.48,15.6,28.0,0.0,26.68,0.542,15.6,28.0,0.0,27.05,0.664,15.6,28.0,0.0,26.77,0.57,15.6,28.0,0.0,27.12,0.684,15.6,28.0,0.0
1461,4587.5,192,3.5,False,26.7,False,0.0,26.803,0.0,0.412504,0.0,0.0,0.003333,1709.706,366.1,0.08,0.033,0.151018,26.4,0.484,15.6,28.0,0.0,26.68,0.546,15.6,28.0,0.0,27.05,0.668,15.6,28.0,0.0,26.77,0.573,15.6,28.0,0.0,27.12,0.688,15.6,28.0,0.0
1462,4587.6667,192,3.667,False,26.7,False,0.0,26.801,0.0,0.412504,0.0,0.0,0.003333,1710.1185,364.4,0.08,0.033,0.150316,26.4,0.487,15.6,28.0,0.0,26.68,0.549,15.6,28.0,0.0,27.04,0.672,15.6,28.0,0.0,26.77,0.577,15.6,28.0,0.0,27.11,0.691,15.6,28.0,0.0
1463,4587.8333,192,3.833,False,26.7,False,0.0,26.799,0.0,0.412504,0.0,0.0,0.436397,1710.531,362.5,0.08,0.033,0.149533,26.4,0.491,15.6,28.0,0.0,26.68,0.553,15.6,28.0,0.0,27.04,0.675,15.6,28.0,0.0,26.77,0.581,15.6,28.0,0.0,27.11,0.695,15.6,28.0,0.0
1464,4588.0,192,4.0,False,26.7,False,0.0,26.797,0.0,0.412504,0.0,0.0,0.003333,1710.9435,360.5,0.08,0.033,0.148708,26.4,0.494,15.6,28.0,0.0,26.67,0.557,15.6,28.0,0.0,27.04,0.679,15.6,28.0,0.0,26.76,0.584,15.6,28.0,0.0,27.11,0.699,15.6,28.0,0.0
1465,4588.1667,192,4.167,False,26.7,False,0.0,26.804,0.0,0.458338,0.0,0.0,0.003333,1711.4018,358.5,0.08,0.036667,0.164314,26.41,0.501,15.6,28.0,0.0,26.68,0.562,15.6,28.0,0.0,27.04,0.684,15.6,28.0,0.0,26.77,0.59,15.6,28.0,0.0,27.11,0.704,15.6,28.0,0.0
1466,4588.3333,192,4.333,False,26.7,False,0.0,26.807,0.0,0.458338,0.0,0.0,0.003333,1711.8602,356.4,0.08,0.036667,0.163352,26.42,0.505,15.6,28.0,0.0,26.68,0.566,15.6,28.0,0.0,27.05,0.688,15.6,28.0,0.0,26.77,0.594,15.6,28.0,0.0,27.11,0.708,15.6,28.0,0.0
1467,4588.5,192,4.5,False,26.7,False,0.0,26.807,0.0,0.458338,0.0,0.0,0.003333,1712.3185,354.2,0.08,0.036667,0.162343,26.42,0.509,15.6,28.0,0.0,26.68,0.569,15.6,28.0,0.0,27.04,0.691,15.6,28.0,0.0,26.77,0.597,15.6,28.0,0.0,27.11,0.711,15.6,28.0,0.0
1468,4588.6667,192,4.667,False,26.7,False,0.0,26.806,0.0,0.458338,0.0,0.0,0.003333,1712.7769,351.9,0.08,0.036667,0.161289,26.42,0.512,15.6,28.0,0.0,26.68,0.572,15.6,28.0,0.0,27.04,0.693,15.6,28.0,0.0,26.77,0.599,15.6,28.0,0.0,27.11,0.713,15.6,28.0,0.0
1469,4588.8333,192,4.833,False,26.7,False,0.0,26.804,0.0,0.458338,0.0,0.0,0.003333,1713.2352,349.5,0.08,0.036667,0.160189,26.42,0.514,15.6,28.0,0.0,26.68,0.573,15.6,28.0,0.0,27.04,0.695,15.6,28.0,0.0,26.77,0.601,15.6,28.0,0.0,27.1,0.714,15.6,28.0,0.0
1470,4589.0,192,5.0,False,26.7,False,0.0,26.801,0.0,0.458338,0.0,0.0,0.003333,1713.6935,347.1,0.08,0.036667,0.159089,26.42,0.516,15.6,28.0,0.0,26.68,0.575,15.6,28.0,0.0,27.03,0.696,15.6,28.0,0.0,26.77,0.603,15.6,28.0,0.0,27.1,0.715,15.6,28.0,0.0
1471,4589.25,192,5.25,False,26.7,True,2.75,25.626,0.392,1.427258,0.96892,0.624366,0.003333,1715.1208,343.4,0.08,0.114181,0.49012,25.57,0.355,21.5,25.5,0.81,25.58,0.377,21.5,25.5,0.61,25.69,0.451,21.5,25.5,0.36,25.6,0.392,21.5,25.5,0.61,25.7,0.46,21.5,25.5,0.36
1472,4589.3333,192,5.333,False,26.7,True,2.75,25.509,0.331,1.233144,0.774807,0.430252,0.436399,1716.3539,342.1,0.08,0.098652,0.421859,25.5,0.31,21.5,25.5,0.81,25.5,0.321,21.5,25.5,0.61,25.52,0.367,21.5,25.5,0.36,25.5,0.331,21.5,25.5,0.61,25.52,0.372,21.5,25.5,0.36
1473,4589.5,192,5.5,False,26.7,True,2.75,25.502,0.304,1.19275,0.734412,0.389858,0.003333,1717.5467,339.5,0.08,0.09542,0.404939,25.5,0.288,21.5,25.5,0.81,25.5,0.295,21.5,25.5,0.61,25.51,0.332,21.5,25.5,0.36,25.5,0.304,21.5,25.5,0.61,25.51,0.336,21.5,25.5,0.36
1474,4589.6667,192,5.667,False,26.7,True,2.75,25.501,0.281,1.166297,0.707959,0.363405,0.003333,1718.713,336.9,0.08,0.093304,0.392925,25.5,0.27,21.5,25.5,0.81,25.5,0.274,21.5,25.5,0.61,25.5,0.305,21.5,25.5,0.36,25.5,0.281,21.5,25.5,0.61,25.5,0.308,21.5,25.5,0.36
1475,4589.8333,192,5.833,False,26.7,True,2.75,25.5,0.271,1.152888,0.69455,0.349996,0.003333,1719.8659,334.2,0.08,0.092231,0.385295,25.5,0.254,21.5,25.5,0.81,25.5,0.258,21.5,25.5,0.61,25.5,0.3,21.5,25.5,0.36,25.5,0.271,21.5,25.5,0.61,25.5,0.287,21.5,25.5,0.36
1476,4590.0,192,6.0,False,26.7,True,2.75,25.5,0.259,1.142657,0.684319,0.339765,0.003333,1721.0085,331.5,0.08,0.091413,0.378791,25.5,0.24,21.5,25.5,0.81,25.5,0.245,21.5,25.5,0.61,25.5,0.293,21.5,25.5,0.36,25.5,0.259,21.5,25.5,0.61,25.5,0.268,21.5,25.5,0.36
1477,4590.25,192,6.25,False,27.07,True,5.5,25.044,0.231,1.579021,0.937348,0.592794,0.003333,1722.5876,327.4,0.08,0.126322,0.516971,25.03,0.162,21.0,25.0,1.61,25.03,0.171,21.0,25.0,1.22,25.06,0.231,21.0,25.0,0.72,25.04,0.188,21.0,25.0,1.22,25.06,0.197,21.0,25.0,0.72
1478,4590.4167,192,6.417,False,27.43,True,5.5,25.006,0.21,1.541505,0.899832,0.555278,0.003333,1724.1291,324.6,0.08,0.12332,0.500372,25.0,0.138,21.0,25.0,1.61,25.0,0.15,21.0,25.0,1.22,25.01,0.21,21.0,25.0,0.72,25.0,0.167,21.0,25.0,1.22,25.01,0.171,21.0,25.0,0.72
1479,4590.5833,192,6.583,False,27.8,True,5.5,25.0,0.206,1.541129,0.899456,0.554902,0.003333,1725.6702,321.8,0.08,0.12329,0.495935,25.0,0.128,21.0,25.0,1.61,25.0,0.142,21.0,25.0,1.22,25.0,0.206,21.0,25.0,0.72,25.0,0.16,21.0,25.0,1.22,25.0,0.161,21.0,25.0,0.72
1480,4590.75,192,6.75,False,28.17,True,5.5,25.0,0.212,1.549628,0.907955,0.563401,0.003333,1727.2198,319.0,0.08,0.12397,0.494331,25.0,0.119,21.0,25.0,1.61,25.0,0.138,21.0,25.0,1.22,25.0,0.212,21.0,25.0,0.72,25.0,0.158,21.0,25.0,1.22,25.0,0.154,21.0,25.0,0.72
1481,4590.8889,192,6.889,False,28.53,True,5.5,25.0,0.226,1.563399,0.921726,0.577172,0.436441,1728.7832,316.6,0.08,0.125072,0.494972,25.0,0.113,21.0,25.0,1.61,25.0,0.135,21.0,25.0,1.22,25.0,0.226,21.0,25.0,0.72,25.0,0.158,21.0,25.0,1.22,25.0,0.15,21.0,25.0,0.72
1482,4591.0556,192,7.056,False,28.9,True,5.5,25.0,0.239,1.57856,0.936887,0.592333,0.003333,1730.3618,313.8,0.08,0.126285,0.495352,25.0,0.108,21.0,25.0,1.61,25.0,0.133,21.0,25.0,1.22,25.0,0.239,21.0,25.0,0.72,25.0,0.158,21.0,25.0,1.22,25.0,0.147,21.0,25.0,0.72
1483,4591.2222,192,7.222,False,29.08,True,26.14,25.479,0.354,2.587773,0.937757,0.593203,0.003333,1732.9495,311.0,0.08,0.207022,0.804797,25.48,0.211,21.0,25.5,7.65,25.48,0.237,21.0,25.5,5.8,25.47,0.354,21.0,25.5,3.44,25.48,0.262,21.0,25.5,5.8,25.47,0.245,21.0,25.5,3.44
1484,4591.3889,192,7.389,False,29.27,True,26.14,25.498,0.4,2.685848,1.035832,0.691278,0.003333,1735.6354,308.2,0.08,0.214868,0.827778,25.5,0.232,21.0,25.5,7.65,25.5,0.262,21.0,25.5,5.8,25.5,0.4,21.0,25.5,3.44,25.5,0.286,21.0,25.5,5.8,25.5,0.271,21.0,25.5,3.44
1485,4591.5417,192,7.542,False,29.45,True,26.14,25.499,0.43,2.720823,1.070806,0.726252,0.003333,1738.3562,305.6,0.08,0.217666,0.831483,25.5,0.241,21.0,25.5,7.65,25.5,0.274,21.0,25.5,5.8,25.5,0.43,21.0,25.5,3.44,25.5,0.296,21.0,25.5,5.8,25.5,0.284,21.0,25.5,3.44
1486,4591.7083,192,7.708,False,29.63,True,26.14,25.499,0.449,2.746164,1.096148,0.751594,0.003333,1741.1024,302.8,0.08,0.219693,0.831538,25.5,0.247,21.0,25.5,7.65,25.5,0.284,21.0,25.5,5.8,25.5,0.449,21.0,25.5,3.44,25.5,0.302,21.0,25.5,5.8,25.5,0.293,21.0,25.5,3.44
1487,4591.875,192,7.875,False,29.82,True,26.14,25.499,0.464,2.767187,1.117171,0.772617,0.436467,1743.8696,300.1,0.08,0.221375,0.830433,25.5,0.251,21.0,25.5,7.65,25.5,0.291,21.0,25.5,5.8,25.5,0.464,21.0,25.5,3.44,25.5,0.305,21.0,25.5,5.8,25.5,0.3,21.0,25.5,3.44
1488,4592.0333,192,8.033,False,30.0,True,26.14,25.5,0.479,2.786532,1.136516,0.791962,0.003333,1746.6561,297.5,0.08,0.222923,0.828993,25.5,0.254,21.0,25.5,7.65,25.5,0.299,21.0,25.5,5.8,25.5,0.479,21.0,25.5,3.44,25.5,0.308,21.0,25.5,5.8,25.5,0.306,21.0,25.5,3.44
1489,4592.2,192,8.2,False,30.1,True,26.14,25.5,0.489,2.799429,1.149412,0.804858,0.003333,1749.4555,294.8,0.08,0.223954,0.825272,25.5,0.257,21.0,25.5,7.65,25.5,0.304,21.0,25.5,5.8,25.5,0.489,21.0,25.5,3.44,25.5,0.31,21.0,25.5,5.8,25.5,0.311,21.0,25.5,3.44
1490,4592.3667,192,8.367,False,30.2,True,26.14,25.5,0.499,2.810974,1.160958,0.816403,0.003333,1752.2665,292.1,0.08,0.224878,0.821085,25.5,0.259,21.0,25.5,7.65,25.5,0.309,21.0,25.5,5.8,25.5,0.499,21.0,25.5,3.44,25.5,0.311,21.0,25.5,5.8,25.5,0.315,21.0,25.5,3.44
1491,4592.5333,192,8.533,False,30.3,True,26.14,25.5,0.508,2.821975,1.171959,0.827405,0.003333,1755.0885,289.5,0.08,0.225758,0.816962,25.5,0.261,21.0,25.5,7.65,25.5,0.313,21.0,25.5,5.8,25.5,0.508,21.0,25.5,3.44,25.5,0.314,21.0,25.5,5.8,25.5,0.319,21.0,25.5,3.44
1492,4592.7,192,8.7,False,30.4,True,26.14,25.5,0.51,2.830306,1.18029,0.835736,0.003333,1757.9188,286.9,0.08,0.226425,0.812015,25.5,0.262,21.0,25.5,7.65,25.5,0.316,21.0,25.5,5.8,25.5,0.51,21.0,25.5,3.44,25.5,0.316,21.0,25.5,5.8,25.5,0.322,21.0,25.5,3.44
1493,4592.875,192,8.875,False,30.5,True,26.14,25.499,0.511,2.837465,1.187449,0.842895,0.003333,1760.7562,284.3,0.08,0.226997,0.806691,25.5,0.263,21.0,25.5,7.65,25.5,0.318,21.0,25.5,5.8,25.5,0.511,21.0,25.5,3.44,25.5,0.318,21.0,25.5,5.8,25.5,0.324,21.0,25.5,3.44
1494,4593.0417,192,9.042,False,30.6,True,26.14,25.499,0.511,2.843623,1.193607,0.849053,0.43647,1763.5999,281.9,0.08,0.22749,0.801617,25.5,0.264,21.0,25.5,7.65,25.5,0.32,21.0,25.5,5.8,25.5,0.511,21.0,25.5,3.44,25.5,0.319,21.0,25.5,5.8,25.5,0.326,21.0,25.5,3.44
1495,4593.2083,192,9.208,False,30.6,True,26.14,25.499,0.51,2.845541,1.195525,0.850971,0.003333,1766.4454,279.5,0.08,0.227643,0.795329,25.5,0.264,21.0,25.5,7.65,25.5,0.322,21.0,25.5,5.8,25.5,0.51,21.0,25.5,3.44,25.5,0.321,21.0,25.5,5.8,25.5,0.328,21.0,25.5,3.44
1496,4593.375,192,9.375,False,30.6,True,26.14,25.499,0.508,2.847007,1.196991,0.852437,0.003333,1769.2924,277.2,0.08,0.227761,0.78919,25.5,0.265,21.0,25.5,7.65,25.5,0.323,21.0,25.5,5.8,25.5,0.508,21.0,25.5,3.44,25.5,0.322,21.0,25.5,5.8,25.5,0.329,21.0,25.5,3.44
1497,4593.5417,192,9.542,False,30.6,True,26.14,25.499,0.503,2.847316,1.1973,0.852746,0.003333,1772.1397,275.0,0.08,0.227785,0.783012,25.5,0.266,21.0,25.5,7.65,25.5,0.324,21.0,25.5,5.8,25.5,0.503,21.0,25.5,3.44,25.5,0.323,21.0,25.5,5.8,25.5,0.33,21.0,25.5,3.44
1498,4593.7083,192,9.708,False,30.6,True,26.14,25.499,0.499,2.847826,1.19781,0.853256,0.003333,1774.9876,272.8,0.08,0.227826,0.776887,25.5,0.266,21.0,25.5,7.65,25.5,0.326,21.0,25.5,5.8,25.5,0.499,21.0,25.5,3.44,25.5,0.324,21.0,25.5,5.8,25.5,0.332,21.0,25.5,3.44
1499,4593.875,192,9.875,False,30.6,True,26.14,25.499,0.493,2.84805,1.198034,0.85348,0.003333,1777.8356,270.8,0.08,0.227844,0.771252,25.5,0.267,21.0,25.5,7.65,25.5,0.327,21.0,25.5,5.8,25.5,0.493,21.0,25.5,3.44,25.5,0.325,21.0,25.5,5.8,25.5,0.333,21.0,25.5,3.44
1500,4594.0417,192,10.042,False,30.6,True,26.14,25.499,0.487,2.847879,1.197863,0.853309,0.436472,1780.6835,268.9,0.08,0.22783,0.765795,25.5,0.267,21.0,25.5,7.65,25.5,0.328,21.0,25.5,5.8,25.5,0.487,21.0,25.5,3.44,25.5,0.327,21.0,25.5,5.8,25.5,0.334,21.0,25.5,3.44
1501,4594.2083,192,10.208,False,30.78,True,26.14,25.499,0.48,2.853774,1.203758,0.859204,0.003333,1783.5373,267.0,0.08,0.228302,0.761958,25.5,0.268,21.0,25.5,7.65,25.5,0.33,21.0,25.5,5.8,25.5,0.48,21.0,25.5,3.44,25.5,0.328,21.0,25.5,5.8,25.5,0.336,21.0,25.5,3.44
1502,4594.375,192,10.375,False,30.97,True,26.14,25.499,0.472,2.859387,1.209371,0.864817,0.003333,1786.3967,265.3,0.08,0.228751,0.758595,25.5,0.268,21.0,25.5,7.65,25.5,0.331,21.0,25.5,5.8,25.5,0.472,21.0,25.5,3.44,25.5,0.329,21.0,25.5,5.8,25.5,0.337,21.0,25.5,3.44
1503,4594.5417,192,10.542,False,31.15,True,26.14,25.499,0.463,2.864308,1.214292,0.869738,0.003333,1789.261,263.7,0.08,0.229145,0.755318,25.5,0.268,21.0,25.5,7.65,25.5,0.333,21.0,25.5,5.8,25.5,0.463,21.0,25.5,3.44,25.5,0.33,21.0,25.5,5.8,25.5,0.338,21.0,25.5,3.44
1504,4594.7083,192,10.708,False,31.33,True,26.14,25.499,0.448,2.867102,1.217086,0.872532,0.003333,1792.1281,262.3,0.08,0.229368,0.752041,25.5,0.268,21.0,25.5,7.65,25.5,0.333,21.0,25.5,5.8,25.5,0.448,21.0,25.5,3.44,25.5,0.331,21.0,25.5,5.8,25.5,0.339,21.0,25.5,3.44
1505,4594.8889,192,10.889,False,31.52,True,26.14,25.499,0.435,2.86947,1.219454,0.8749,0.003333,1794.9975,260.9,0.08,0.229558,0.748645,25.5,0.267,21.0,25.5,7.65,25.5,0.334,21.0,25.5,5.8,25.5,0.435,21.0,25.5,3.44,25.5,0.331,21.0,25.5,5.8,25.5,0.339,21.0,25.5,3.44
1506,4595.0556,192,11.056,False,31.7,True,26.14,25.499,0.421,2.871533,1.221517,0.876963,0.436481,1797.8691,259.8,0.08,0.229723,0.746024,25.5,0.267,21.0,25.5,7.65,25.5,0.334,21.0,25.5,5.8,25.5,0.421,21.0,25.5,3.44,25.5,0.331,21.0,25.5,5.8,25.5,0.339,21.0,25.5,3.44
1507,4595.25,192,11.25,False,31.78,True,13.76,25.499,0.405,2.727994,1.169645,0.825091,0.003333,1800.5971,258.6,0.08,0.21824,0.705459,25.5,0.262,21.0,25.5,4.03,25.5,0.33,21.0,25.5,3.05,25.5,0.405,21.0,25.5,1.81,25.5,0.327,21.0,25.5,3.05,25.5,0.335,21.0,25.5,1.81
1508,4595.3333,192,11.333,False,31.87,True,13.76,25.499,0.393,2.727045,1.168696,0.824142,0.003333,1803.3241,258.2,0.08,0.218164,0.704123,25.5,0.261,21.0,25.5,4.03,25.5,0.33,21.0,25.5,3.05,25.5,0.393,21.0,25.5,1.81,25.5,0.327,21.0,25.5,3.05,25.5,0.335,21.0,25.5,1.81
1509,4595.5,192,11.5,False,31.95,True,13.76,25.499,0.383,2.726993,1.168644,0.82409,0.003333,1806.0511,257.6,0.08,0.218159,0.702473,25.5,0.261,21.0,25.5,4.03,25.5,0.329,21.0,25.5,3.05,25.5,0.383,21.0,25.5,1.81,25.5,0.326,21.0,25.5,3.05,25.5,0.334,21.0,25.5,1.81
1510,4595.6667,192,11.667,False,32.03,True,13.76,25.499,0.381,2.730083,1.171735,0.827181,0.003333,1808.7812,257.2,0.08,0.218407,0.702177,25.5,0.261,21.0,25.5,4.03,25.5,0.33,21.0,25.5,3.05,25.5,0.381,21.0,25.5,1.81,25.5,0.326,21.0,25.5,3.05,25.5,0.335,21.0,25.5,1.81
1511,4595.8333,192,11.833,False,32.12,True,13.76,25.499,0.378,2.731816,1.173467,0.828913,0.436471,1811.513,256.9,0.08,0.218545,0.701803,25.5,0.261,21.0,25.5,4.03,25.5,0.329,21.0,25.5,3.05,25.5,0.378,21.0,25.5,1.81,25.5,0.325,21.0,25.5,3.05,25.5,0.334,21.0,25.5,1.81
1512,4596.0833,192,12.083,False,32.2,True,13.76,25.499,0.377,2.735938,1.17759,0.833035,0.003333,1814.2489,257.1,0.08,0.218875,0.70341,25.5,0.262,21.0,25.5,4.03,25.5,0.33,21.0,25.5,3.05,25.5,0.377,21.0,25.5,1.81,25.5,0.326,21.0,25.5,3.05,25.5,0.335,21.0,25.5,1.81
1513,4596.25,192,12.25,False,32.3,True,26.14,25.499,0.382,2.886761,1.236744,0.89219,0.003333,1817.1357,257.5,0.08,0.230941,0.743341,25.5,0.267,21.0,25.5,7.65,25.5,0.336,21.0,25.5,5.8,25.5,0.382,21.0,25.5,3.44,25.5,0.332,21.0,25.5,5.8,25.5,0.34,21.0,25.5,3.44
1514,4596.3889,192,12.389,False,32.4,True,26.14,25.499,0.385,2.898094,1.248078,0.903524,0.003333,1820.0338,258.1,0.08,0.231848,0.747998,25.5,0.269,21.0,25.5,7.65,25.5,0.34,21.0,25.5,5.8,25.5,0.385,21.0,25.5,3.44,25.5,0.335,21.0,25.5,5.8,25.5,0.344,21.0,25.5,3.44
1515,4596.5556,192,12.556,False,32.5,True,26.14,25.499,0.387,2.908755,1.258739,0.914185,0.003333,1822.9425,259.1,0.08,0.2327,0.753658,25.5,0.272,21.0,25.5,7.65,25.5,0.344,21.0,25.5,5.8,25.5,0.387,21.0,25.5,3.44,25.5,0.339,21.0,25.5,5.8,25.5,0.347,21.0,25.5,3.44
1516,4596.7222,192,12.722,False,32.6,True,26.14,25.499,0.39,2.919045,1.269029,0.924475,0.436489,1825.8616,260.4,0.08,0.233524,0.760119,25.5,0.274,21.0,25.5,7.65,25.5,0.347,21.0,25.5,5.8,25.5,0.39,21.0,25.5,3.44,25.5,0.342,21.0,25.5,5.8,25.5,0.35,21.0,25.5,3.44
1517,4596.9167,192,12.917,False,32.7,True,26.14,25.499,0.393,2.929244,1.279228,0.934674,0.003333,1828.7908,262.5,0.08,0.23434,0.768927,25.5,0.277,21.0,25.5,7.65,25.5,0.35,21.0,25.5,5.8,25.5,0.393,21.0,25.5,3.44,25.5,0.345,21.0,25.5,5.8,25.5,0.353,21.0,25.5,3.44
1518,4597.0833,192,13.083,False,32.8,True,26.14,25.499,0.395,2.939823,1.289807,0.945253,0.003333,1831.7307,264.6,0.08,0.235186,0.777877,25.5,0.279,21.0,25.5,7.65,25.5,0.354,21.0,25.5,5.8,25.5,0.395,21.0,25.5,3.44,25.5,0.349,21.0,25.5,5.8,25.5,0.357,21.0,25.5,3.44
1519,4597.25,192,13.25,False,32.7,True,26.14,25.499,0.397,2.938624,1.288608,0.944054,0.003333,1834.6693,267.2,0.08,0.23509,0.7852,25.5,0.28,21.0,25.5,7.65,25.5,0.356,21.0,25.5,5.8,25.5,0.397,21.0,25.5,3.44,25.5,0.351,21.0,25.5,5.8,25.5,0.359,21.0,25.5,3.44
1520,4597.3333,192,13.333,False,32.6,True,26.14,25.499,0.398,2.936333,1.286317,0.941763,0.003333,1837.6056,268.7,0.08,0.234907,0.788993,25.5,0.28,21.0,25.5,7.65,25.5,0.358,21.0,25.5,5.8,25.5,0.398,21.0,25.5,3.44,25.5,0.352,21.0,25.5,5.8,25.5,0.36,21.0,25.5,3.44
1521,4597.5,192,13.5,False,32.5,True,26.14,25.499,0.399,2.933529,1.283513,0.938958,0.003333,1840.5391,271.9,0.08,0.234682,0.797626,25.5,0.28,21.0,25.5,7.65,25.5,0.359,21.0,25.5,5.8,25.5,0.399,21.0,25.5,3.44,25.5,0.353,21.0,25.5,5.8,25.5,0.361,21.0,25.5,3.44
1522,4597.6667,192,13.667,False,32.4,True,26.14,25.499,0.399,2.92938,1.279364,0.93481,0.003333,1843.4685,275.7,0.08,0.23435,0.80763,25.5,0.279,21.0,25.5,7.65,25.5,0.359,21.0,25.5,5.8,25.5,0.399,21.0,25.5,3.44,25.5,0.353,21.0,25.5,5.8,25.5,0.361,21.0,25.5,3.44
1523,4597.8333,192,13.833,False,32.3,True,26.14,25.499,0.399,2.926292,1.276276,0.931722,0.436464,1846.3948,280.0,0.08,0.234103,0.819362,25.5,0.279,21.0,25.5,7.65,25.5,0.359,21.0,25.5,5.8,25.5,0.399,21.0,25.5,3.44,25.5,0.353,21.0,25.5,5.8,25.5,0.368,21.0,25.5,3.44
1524,4598.0,192,14.0,False,32.2,True,26.14,25.499,0.398,2.923883,1.273867,0.929313,0.003333,1849.3187,284.8,0.08,0.233911,0.832722,25.5,0.278,21.0,25.5,7.65,25.5,0.359,21.0,25.5,5.8,25.5,0.398,21.0,25.5,3.44,25.5,0.353,21.0,25.5,5.8,25.5,0.377,21.0,25.5,3.44
1525,4598.25,192,14.25,False,32.3,True,26.14,25.499,0.4,2.93501,1.284994,0.94044,0.003333,1852.2537,293.0,0.08,0.234801,0.859958,25.5,0.279,21.0,25.5,7.65,25.5,0.361,21.0,25.5,5.8,25.5,0.4,21.0,25.5,3.44,25.5,0.355,21.0,25.5,5.8,25.5,0.388,21.0,25.5,3.44
1526,4598.4167,192,14.417,False,32.4,True,26.14,25.499,0.401,2.94679,1.296774,0.95222,0.003333,1855.2005,299.2,0.08,0.235743,0.88168,25.5,0.28,21.0,25.5,7.65,25.5,0.363,21.0,25.5,5.8,25.5,0.401,21.0,25.5,3.44,25.5,0.357,21.0,25.5,5.8,25.5,0.398,21.0,25.5,3.44
1527,4598.5833,192,14.583,False,32.5,True,26.14,25.499,0.409,2.958949,1.308933,0.964379,0.003333,1858.1594,306.0,0.08,0.236716,0.905438,25.5,0.282,21.0,25.5,7.65,25.5,0.366,21.0,25.5,5.8,25.5,0.403,21.0,25.5,3.44,25.5,0.359,21.0,25.5,5.8,25.5,0.409,21.0,25.5,3.44
1528,4598.75,192,14.75,False,32.6,True,26.14,25.499,0.422,2.971832,1.321816,0.977262,0.003333,1861.1313,313.4,0.08,0.237747,0.931372,25.5,0.284,21.0,25.5,7.65,25.5,0.368,21.0,25.5,5.8,25.5,0.405,21.0,25.5,3.44,25.5,0.361,21.0,25.5,5.8,25.5,0.422,21.0,25.5,3.44
1529,4598.9167,192,14.917,False,32.7,True,26.14,25.499,0.435,2.985317,1.335301,0.990747,0.436461,1864.1166,321.3,0.08,0.238825,0.959182,25.5,0.286,21.0,25.5,7.65,25.5,0.37,21.0,25.5,5.8,25.5,0.407,21.0,25.5,3.44,25.5,0.363,21.0,25.5,5.8,25.5,0.435,21.0,25.5,3.44
1530,4599.0833,192,15.083,False,32.8,True,26.14,25.499,0.449,2.99915,1.349133,1.004579,0.003333,1867.1157,329.9,0.08,0.239932,0.989419,25.5,0.289,21.0,25.5,7.65,25.5,0.372,21.0,25.5,5.8,25.5,0.409,21.0,25.5,3.44,25.5,0.366,21.0,25.5,5.8,25.5,0.449,21.0,25.5,3.44
1531,4599.25,192,15.25,False,32.43,True,26.14,25.499,0.46,2.985826,1.335809,0.991255,0.003333,1870.1016,339.0,0.08,0.238866,1.012195,25.5,0.291,21.0,25.5,7.65,25.5,0.371,21.0,25.5,5.8,25.5,0.408,21.0,25.5,3.44,25.5,0.366,21.0,25.5,5.8,25.5,0.46,21.0,25.5,3.44
1532,4599.4167,192,15.417,False,32.07,True,26.14,25.499,0.471,2.971922,1.321906,0.977352,0.003333,1873.0735,348.6,0.08,0.237754,1.036012,25.5,0.291,21.0,25.5,7.65,25.5,0.37,21.0,25.5,5.8,25.5,0.406,21.0,25.5,3.44,25.5,0.364,21.0,25.5,5.8,25.5,0.471,21.0,25.5,3.44
1533,4599.5833,192,15.583,False,31.7,True,26.14,25.499,0.481,2.95639,1.306374,0.96182,0.003333,1876.0299,358.8,0.08,0.236511,1.060753,25.5,0.291,21.0,25.5,7.65,25.5,0.367,21.0,25.5,5.8,25.5,0.403,21.0,25.5,3.44,25.5,0.362,21.0,25.5,5.8,25.5,0.481,21.0,25.5,3.44
1534,4599.75,192,15.75,False,31.33,True,26.14,25.499,0.484,2.938538,1.288522,0.943968,0.003333,1878.9684,369.4,0.08,0.235083,1.085496,25.5,0.291,21.0,25.5,7.65,25.5,0.365,21.0,25.5,5.8,25.5,0.4,21.0,25.5,3.44,25.5,0.36,21.0,25.5,5.8,25.5,0.484,21.0,25.5,3.44
1535,4599.9167,192,15.917,False,30.97,True,26.14,25.499,0.487,2.920204,1.270188,0.925634,0.436476,1881.8886,380.4,0.08,0.233616,1.110846,25.5,0.29,21.0,25.5,7.65,25.5,0.362,21.0,25.5,5.8,25.5,0.397,21.0,25.5,3.44,25.5,0.357,21.0,25.5,5.8,25.5,0.487,21.0,25.5,3.44
1536,4600.0833,192,16.083,False,30.6,True,26.14,25.499,0.486,2.900878,1.250862,0.906308,0.003333,1884.7895,391.7,0.34,0.986299,1.136274,25.5,0.288,21.0,25.5,7.65,25.5,0.359,21.0,25.5,5.8,25.5,0.393,21.0,25.5,3.44,25.5,0.355,21.0,25.5,5.8,25.5,0.486,21.0,25.5,3.44
1537,4600.25,192,16.25,False,30.5,True,8.25,25.5,0.469,2.017181,1.100506,0.755952,0.003333,1886.8067,403.4,0.34,0.685842,0.813731,25.5,0.267,21.0,25.5,2.42,25.5,0.34,21.0,25.5,1.83,25.5,0.374,21.0,25.5,1.09,25.5,0.336,21.0,25.5,1.83,25.5,0.469,21.0,25.5,1.09
1538,4600.3889,192,16.389,False,30.4,True,8.25,25.5,0.463,1.998293,1.081617,0.737063,0.003333,1888.805,413.2,0.34,0.67942,0.825695,25.5,0.262,21.0,25.5,2.42,25.5,0.335,21.0,25.5,1.83,25.5,0.368,21.0,25.5,1.09,25.5,0.33,21.0,25.5,1.83,25.5,0.463,21.0,25.5,1.09
1539,4600.5556,192,16.556,False,30.3,True,8.25,25.5,0.453,1.98613,1.069454,0.7249,0.003333,1890.7911,425.2,0.34,0.675284,0.844502,25.5,0.259,21.0,25.5,2.42,25.5,0.331,21.0,25.5,1.83,25.5,0.363,21.0,25.5,1.09,25.5,0.327,21.0,25.5,1.83,25.5,0.453,21.0,25.5,1.09
1540,4600.7222,192,16.722,False,30.2,True,8.25,25.5,0.444,1.975423,1.058747,0.714193,0.003333,1892.7665,437.2,0.34,0.671644,0.863655,25.5,0.258,21.0,25.5,2.42,25.5,0.328,21.0,25.5,1.83,25.5,0.359,21.0,25.5,1.09,25.5,0.324,21.0,25.5,1.83,25.5,0.444,21.0,25.5,1.09
1541,4600.8889,192,16.889,False,30.1,True,8.25,25.5,0.435,1.966001,1.049325,0.704771,0.003333,1894.7325,449.1,0.34,0.66844,0.882931,25.5,0.257,21.0,25.5,2.42,25.5,0.326,21.0,25.5,1.83,25.5,0.357,21.0,25.5,1.09,25.5,0.322,21.0,25.5,1.83,25.5,0.435,21.0,25.5,1.09
1542,4601.0417,192,17.042,False,30.0,True,8.25,25.5,0.426,1.958046,1.04137,0.696816,0.436455,1896.6906,459.9,0.34,0.665736,0.900505,25.5,0.258,21.0,25.5,2.42,25.5,0.325,21.0,25.5,1.83,25.5,0.355,21.0,25.5,1.09,25.5,0.322,21.0,25.5,1.83,25.5,0.426,21.0,25.5,1.09
1543,4601.2083,192,17.208,False,30.0,True,2.75,25.5,0.315,1.628686,0.987013,0.642459,0.003333,1898.3193,471.5,0.34,0.553753,0.767926,25.5,0.25,21.0,25.5,0.81,25.5,0.315,21.0,25.5,0.61,25.5,0.345,21.0,25.5,0.36,25.5,0.314,21.0,25.5,0.61,25.5,0.405,21.0,25.5,0.36
1544,4601.375,192,17.375,False,30.0,True,2.75,25.5,0.311,1.615753,0.97408,0.629526,0.003333,1899.935,482.7,0.34,0.549356,0.779924,25.5,0.249,21.0,25.5,0.81,25.5,0.311,21.0,25.5,0.61,25.5,0.341,21.0,25.5,0.36,25.5,0.311,21.0,25.5,0.61,25.5,0.392,21.0,25.5,0.36
1545,4601.5417,192,17.542,False,30.0,True,2.75,25.5,0.308,1.604007,0.962334,0.61778,0.003333,1901.539,493.5,0.34,0.545362,0.791577,25.5,0.248,21.0,25.5,0.81,25.5,0.307,21.0,25.5,0.61,25.5,0.337,21.0,25.5,0.36,25.5,0.308,21.0,25.5,0.61,25.5,0.373,21.0,25.5,0.36
1546,4601.7083,192,17.708,False,30.0,True,2.75,25.5,0.306,1.595739,0.954066,0.609512,0.003333,1903.1348,503.7,0.34,0.542551,0.803774,25.5,0.247,21.0,25.5,0.81,25.5,0.304,21.0,25.5,0.61,25.5,0.333,21.0,25.5,0.36,25.5,0.306,21.0,25.5,0.61,25.5,0.365,21.0,25.5,0.36
1547,4601.8889,192,17.889,False,30.0,True,2.75,25.5,0.304,1.5885,0.946827,0.602273,0.003333,1904.7233,514.1,0.34,0.54009,0.816648,25.5,0.246,21.0,25.5,0.81,25.5,0.301,21.0,25.5,0.61,25.5,0.33,21.0,25.5,0.36,25.5,0.304,21.0,25.5,0.61,25.5,0.357,21.0,25.5,0.36
1548,4602.0556,192,18.056,False,30.0,True,2.75,25.5,0.302,1.581981,0.940308,0.595754,0.003333,1906.3052,522.8,0.34,0.537874,0.82706,25.5,0.246,21.0,25.5,0.81,25.5,0.298,21.0,25.5,0.61,25.5,0.327,21.0,25.5,0.36,25.5,0.302,21.0,25.5,0.61,25.5,0.35,21.0,25.5,0.36
1549,4602.2222,192,18.222,False,29.72,True,2.75,25.5,0.298,1.563738,0.922065,0.577511,0.003333,1907.869,530.8,0.34,0.531671,0.830032,25.5,0.245,21.0,25.5,0.81,25.5,0.294,21.0,25.5,0.61,25.5,0.322,21.0,25.5,0.36,25.5,0.298,21.0,25.5,0.61,25.5,0.342,21.0,25.5,0.36
1550,4602.3889,192,18.389,False,29.43,True,2.75,25.5,0.294,1.545107,0.903434,0.55888,0.436433,1909.4141,537.9,0.34,0.525336,0.831113,25.5,0.243,21.0,25.5,0.81,25.5,0.289,21.0,25.5,0.61,25.5,0.318,21.0,25.5,0.36,25.5,0.294,21.0,25.5,0.61,25.5,0.334,21.0,25.5,0.36
1551,4602.5556,192,18.556,False,29.15,True,2.75,25.5,0.29,1.526577,0.884904,0.54035,0.003333,1910.9407,544.0,0.34,0.519036,0.830458,25.5,0.241,21.0,25.5,0.81,25.5,0.285,21.0,25.5,0.61,25.5,0.312,21.0,25.5,0.36,25.5,0.29,21.0,25.5,0.61,25.5,0.325,21.0,25.5,0.36
1552,4602.7222,192,18.722,False,28.87,True,2.75,25.5,0.286,1.509508,0.867835,0.523281,0.003333,1912.4502,549.1,0.34,0.513233,0.828871,25.5,0.239,21.0,25.5,0.81,25.5,0.28,21.0,25.5,0.61,25.5,0.308,21.0,25.5,0.36,25.5,0.286,21.0,25.5,0.61,25.5,0.319,21.0,25.5,0.36
1553,4602.8889,192,18.889,False,28.58,True,2.75,25.5,0.282,1.493142,0.851469,0.506915,0.003333,1913.9433,553.1,0.34,0.507668,0.825857,25.5,0.237,21.0,25.5,0.81,25.5,0.275,21.0,25.5,0.61,25.5,0.303,21.0,25.5,0.36,25.5,0.282,21.0,25.5,0.61,25.5,0.314,21.0,25.5,0.36
1554,4603.0556,192,19.056,False,28.3,True,2.75,25.5,0.277,1.476296,0.834623,0.490069,0.003333,1915.4196,556.1,0.34,0.501941,0.820968,25.5,0.235,21.0,25.5,0.81,25.5,0.27,21.0,25.5,0.61,25.5,0.298,21.0,25.5,0.36,25.5,0.277,21.0,25.5,0.61,25.5,0.307,21.0,25.5,0.36
1555,4603.2222,192,19.222,False,28.22,True,1.38,25.5,0.0,1.36549,0.815484,0.47093,0.003333,1916.7851,558.1,0.34,0.464266,0.76208,25.5,0.23,21.0,25.5,0.4,25.5,0.264,21.0,25.5,0.31,25.5,0.291,21.0,25.5,0.18,25.5,0.271,21.0,25.5,0.31,25.5,0.299,21.0,25.5,0.18
1556,4603.3889,192,19.389,False,28.13,True,1.38,25.5,0.0,1.35477,0.804765,0.460211,0.003333,1918.1399,558.9,0.34,0.460622,0.757181,25.5,0.227,21.0,25.5,0.4,25.5,0.259,21.0,25.5,0.31,25.5,0.285,21.0,25.5,0.18,25.5,0.267,21.0,25.5,0.31,25.5,0.292,21.0,25.5,0.18
1557,4603.5556,192,19.556,False,28.05,True,1.38,25.5,0.0,1.341484,0.791479,0.446925,0.003333,1919.4814,558.8,0.34,0.456105,0.749621,25.5,0.224,21.0,25.5,0.4,25.5,0.253,21.0,25.5,0.31,25.5,0.28,21.0,25.5,0.18,25.5,0.258,21.0,25.5,0.31,25.5,0.278,21.0,25.5,0.18
1558,4603.7222,192,19.722,False,27.97,True,1.38,25.5,0.0,1.332426,0.782421,0.437867,0.436435,1920.8138,557.6,0.34,0.453025,0.742961,25.5,0.222,21.0,25.5,0.4,25.5,0.25,21.0,25.5,0.31,25.5,0.276,21.0,25.5,0.18,25.5,0.255,21.0,25.5,0.31,25.5,0.273,21.0,25.5,0.18
1559,4603.8889,192,19.889,False,27.88,True,1.38,25.5,0.0,1.324853,0.774848,0.430294,0.003333,1922.1386,555.5,0.34,0.45045,0.735956,25.5,0.22,21.0,25.5,0.4,25.5,0.247,21.0,25.5,0.31,25.5,0.273,21.0,25.5,0.18,25.5,0.252,21.0,25.5,0.31,25.5,0.269,21.0,25.5,0.18
1560,4604.0556,192,20.056,False,27.8,True,1.38,25.5,0.0,1.317966,0.76796,0.423406,0.003333,1923.4566,552.4,0.34,0.448108,0.728044,25.5,0.218,21.0,25.5,0.4,25.5,0.245,21.0,25.5,0.31,25.5,0.27,21.0,25.5,0.18,25.5,0.249,21.0,25.5,0.31,25.5,0.266,21.0,25.5,0.18
1561,4604.25,192,20.25,False,27.8,True,1.38,25.5,0.0,1.314583,0.764578,0.420023,0.003333,1924.7712,547.8,0.34,0.446958,0.720128,25.5,0.216,21.0,25.5,0.4,25.5,0.243,21.0,25.5,0.31,25.5,0.268,21.0,25.5,0.18,25.5,0.247,21.0,25.5,0.31,25.5,0.263,21.0,25.5,0.18
1562,4604.4167,192,20.417,False,27.8,True,1.38,25.5,0.0,1.311381,0.761376,0.416822,0.003333,1926.0826,543.0,0.34,0.44587,0.71208,25.5,0.215,21.0,25.5,0.4,25.5,0.241,21.0,25.5,0.31,25.5,0.266,21.0,25.5,0.18,25.5,0.246,21.0,25.5,0.31,25.5,0.261,21.0,25.5,0.18
1563,4604.5833,192,20.583,False,27.8,True,1.38,25.5,0.0,1.308799,0.758793,0.414239,0.003333,1927.3914,537.6,0.34,0.444992,0.70361,25.5,0.213,21.0,25.5,0.4,25.5,0.24,21.0,25.5,0.31,25.5,0.264,21.0,25.5,0.18,25.5,0.244,21.0,25.5,0.31,25.5,0.259,21.0,25.5,0.18
1564,4604.75,192,20.75,False,27.8,True,1.38,25.5,0.0,1.306512,0.756507,0.411952,0.003333,1928.6979,531.6,0.34,0.444214,0.694542,25.5,0.212,21.0,25.5,0.4,25.5,0.239,21.0,25.5,0.31,25.5,0.263,21.0,25.5,0.18,25.5,0.243,21.0,25.5,0.31,25.5,0.258,21.0,25.5,0.18
1565,4604.9167,192,20.917,False,27.8,True,1.38,25.5,0.0,1.304459,0.754454,0.409899,0.003333,1930.0023,525.2,0.34,0.443516,0.685102,25.5,0.211,21.0,25.5,0.4,25.5,0.238,21.0,25.5,0.31,25.5,0.261,21.0,25.5,0.18,25.5,0.242,21.0,25.5,0.31,25.5,0.257,21.0,25.5,0.18
1566,4605.0833,192,21.083,False,27.8,True,1.38,25.5,0.0,1.3026,0.752594,0.40804,0.436417,1931.3049,518.3,0.08,0.104208,0.675137,25.5,0.21,21.0,25.5,0.4,25.5,0.237,21.0,25.5,0.31,25.5,0.26,21.0,25.5,0.18,25.5,0.242,21.0,25.5,0.31,25.5,0.256,21.0,25.5,0.18
1567,4605.2083,192,21.208,False,27.8,True,1.38,25.985,0.0,0.689857,0.231519,0.116506,0.003333,1931.9948,512.9,0.08,0.055189,0.353827,25.88,0.266,21.0,25.5,0.4,26.08,0.318,21.0,25.5,0.31,26.03,0.348,21.0,25.5,0.18,25.91,0.308,21.0,25.5,0.31,26.03,0.343,21.0,25.5,0.18
1568,4605.3889,192,21.389,False,27.8,True,1.38,25.526,0.0,1.208798,0.75046,0.405906,0.003333,1933.2036,505.0,0.08,0.096704,0.610443,25.51,0.216,21.0,25.5,0.4,25.51,0.247,21.0,25.5,0.31,25.55,0.259,21.0,25.5,0.18,25.52,0.235,21.0,25.5,0.31,25.55,0.254,21.0,25.5,0.18
1569,4605.5,192,21.5,False,27.8,True,1.38,25.5,0.0,1.159544,0.701207,0.356653,0.003333,1934.3631,500.0,0.08,0.092764,0.579772,25.5,0.204,21.0,25.5,0.4,25.5,0.228,21.0,25.5,0.31,25.5,0.243,21.0,25.5,0.18,25.5,0.224,21.0,25.5,0.31,25.5,0.239,21.0,25.5,0.18
1570,4605.7083,192,21.708,False,27.8,True,1.38,26.011,0.0,0.618685,0.160347,0.07746,0.003333,1934.9818,490.7,0.08,0.049495,0.303589,25.5,0.199,21.0,25.5,0.4,26.05,0.31,21.0,25.5,0.31,26.22,0.352,21.0,25.5,0.18,26.06,0.309,21.0,25.5,0.31,26.22,0.348,21.0,25.5,0.18
1571,4605.8889,192,21.889,False,27.8,True,1.38,25.593,0.0,1.035324,0.576986,0.315319,0.003333,1936.0171,482.5,0.08,0.082826,0.499544,25.88,0.261,21.0,25.5,0.4,25.51,0.243,21.0,25.5,0.31,25.53,0.269,21.0,25.5,0.18,25.51,0.242,21.0,25.5,0.31,25.53,0.264,21.0,25.5,0.18
1572,4606.0833,192,22.083,False,27.8,True,1.38,25.506,0.0,1.179207,0.720869,0.376315,0.003333,1937.1964,473.9,0.08,0.094337,0.558826,25.52,0.214,21.0,25.5,0.4,25.5,0.225,21.0,25.5,0.31,25.5,0.246,21.0,25.5,0.18,25.5,0.224,21.0,25.5,0.31,25.5,0.241,21.0,25.5,0.18
1573,4606.1667,192,22.167,False,27.7,True,1.38,25.5,0.0,1.101535,0.689031,0.344476,0.003333,1938.2979,470.3,0.08,0.088123,0.518052,25.5,0.2,21.0,25.5,0.4,25.5,0.217,21.0,25.5,0.31,25.5,0.237,21.0,25.5,0.18,25.5,0.217,21.0,25.5,0.31,25.5,0.232,21.0,25.5,0.18
1574,4606.375,192,22.375,False,27.6,True,1.38,25.992,0.0,0.569767,0.157263,0.074376,0.003333,1938.8677,461.5,0.08,0.045581,0.262948,25.5,0.195,21.0,25.5,0.4,26.02,0.295,21.0,25.5,0.31,26.2,0.341,21.0,25.5,0.18,26.04,0.298,21.0,25.5,0.31,26.2,0.337,21.0,25.5,0.18
1575,4606.5556,192,22.556,False,27.5,True,1.38,25.587,0.0,0.976183,0.563679,0.302012,0.003333,1939.8438,454.2,0.08,0.078095,0.443382,25.86,0.253,21.0,25.5,0.4,25.51,0.23,21.0,25.5,0.31,25.53,0.26,21.0,25.5,0.18,25.51,0.232,21.0,25.5,0.31,25.53,0.255,21.0,25.5,0.18
1576,4606.6667,192,22.667,False,27.4,True,1.38,25.647,0.0,0.937675,0.525171,0.263504,0.436414,1940.7815,449.8,0.08,0.075014,0.421766,26.23,0.33,21.0,25.5,0.4,25.5,0.213,21.0,25.5,0.31,25.5,0.235,21.0,25.5,0.18,25.5,0.215,21.0,25.5,0.31,25.5,0.231,21.0,25.5,0.18
1577,4606.9167,192,22.917,False,27.3,True,1.38,25.51,0.0,1.118704,0.7062,0.361646,0.003333,1941.9002,440.6,0.08,0.089496,0.492901,25.55,0.225,21.0,25.5,0.4,25.5,0.206,21.0,25.5,0.31,25.5,0.228,21.0,25.5,0.18,25.5,0.209,21.0,25.5,0.31,25.5,0.223,21.0,25.5,0.18
1578,4607.0417,192,23.042,False,27.2,True,1.38,25.968,0.0,0.569929,0.157425,0.074537,0.003333,1942.4701,436.3,0.08,0.045594,0.24866,25.5,0.202,21.0,25.5,0.4,25.99,0.28,21.0,25.5,0.31,26.17,0.327,21.0,25.5,0.18,26.01,0.285,21.0,25.5,0.31,26.17,0.324,21.0,25.5,0.18
1579,4607.25,192,23.25,False,27.12,False,0.0,26.407,0.0,0.531377,0.118873,0.035986,0.003333,1943.0015,429.5,0.08,0.04251,0.228226,25.8,0.245,15.6,28.0,0.0,26.41,0.366,15.6,28.0,0.0,26.69,0.436,15.6,28.0,0.0,26.45,0.374,15.6,28.0,0.0,26.69,0.433,15.6,28.0,0.0
1580,4607.3333,192,23.333,False,27.03,False,0.0,26.62,0.0,0.412504,0.0,0.0,0.003333,1943.414,427.0,0.08,0.033,0.176139,26.14,0.312,15.6,28.0,0.0,26.58,0.407,15.6,28.0,0.0,26.88,0.485,15.6,28.0,0.0,26.62,0.417,15.6,28.0,0.0,26.88,0.482,15.6,28.0,0.0
1581,4607.5,192,23.5,False,26.95,False,0.0,26.689,0.0,0.412504,0.0,0.0,0.003333,1943.8265,422.2,0.08,0.033,0.174159,26.26,0.343,15.6,28.0,0.0,26.63,0.426,15.6,28.0,0.0,26.94,0.51,15.6,28.0,0.0,26.67,0.438,15.6,28.0,0.0,26.94,0.508,15.6,28.0,0.0
1582,4607.6667,192,23.667,False,26.87,False,0.0,26.728,0.0,0.412504,0.0,0.0,0.003333,1944.239,417.7,0.08,0.033,0.172303,26.32,0.364,15.6,28.0,0.0,26.66,0.441,15.6,28.0,0.0,26.97,0.53,15.6,28.0,0.0,26.71,0.454,15.6,28.0,0.0,26.98,0.528,15.6,28.0,0.0
1583,4607.8333,192,23.833,False,26.78,False,0.0,26.752,0.0,0.412504,0.0,0.0,0.003333,1944.6515,413.6,0.08,0.033,0.170612,26.35,0.379,15.6,28.0,0.0,26.68,0.454,15.6,28.0,0.0,27.0,0.546,15.6,28.0,0.0,26.73,0.467,15.6,28.0,0.0,27.01,0.544,15.6,28.0,0.0
1584,4608.0,192,24.0,False,26.7,False,0.0,26.769,0.0,0.412504,0.0,0.0,0.003333,1945.064,409.8,0.08,0.033,0.169044,26.37,0.391,15.6,28.0,0.0,26.69,0.464,15.6,28.0,0.0,27.02,0.56,15.6,28.0,0.0,26.74,0.479,15.6,28.0,0.0,27.03,0.559,15.6,28.0,0.0
1585,4608.1667,193,0.167,False,26.7,False,0.0,26.785,0.0,0.412504,0.0,0.0,0.436404,1945.4765,378.0,0.08,0.033,0.155927,26.38,0.402,15.6,28.0,0.0,26.7,0.475,15.6,28.0,0.0,27.04,0.574,15.6,28.0,0.0,26.76,0.49,15.6,28.0,0.0,27.05,0.573,15.6,28.0,0.0
1586,4608.3333,193,0.333,False,26.7,False,0.0,26.799,0.0,0.412504,0.0,0.0,0.003333,1945.889,378.5,0.08,0.033,0.156133,26.39,0.412,15.6,28.0,0.0,26.71,0.484,15.6,28.0,0.0,27.06,0.586,15.6,28.0,0.0,26.77,0.5,15.6,28.0,0.0,27.06,0.585,15.6,28.0,0.0
1587,4608.5,193,0.5,False,26.7,False,0.0,26.81,0.0,0.412504,0.0,0.0,0.003333,1946.3016,378.9,0.08,0.033,0.156298,26.4,0.422,15.6,28.0,0.0,26.72,0.493,15.6,28.0,0.0,27.07,0.597,15.6,28.0,0.0,26.78,0.509,15.6,28.0,0.0,27.08,0.597,15.6,28.0,0.0
1588,4608.6667,193,0.667,False,26.7,False,0.0,26.82,0.0,0.412504,0.0,0.0,0.003333,1946.7141,379.3,0.08,0.033,0.156463,26.41,0.431,15.6,28.0,0.0,26.73,0.501,15.6,28.0,0.0,27.08,0.608,15.6,28.0,0.0,26.79,0.518,15.6,28.0,0.0,27.09,0.608,15.6,28.0,0.0
1589,4608.8333,193,0.833,False,26.7,False,0.0,26.828,0.0,0.412504,0.0,0.0,0.003333,1947.1266,379.4,0.08,0.033,0.156504,26.42,0.439,15.6,28.0,0.0,26.73,0.509,15.6,28.0,0.0,27.09,0.618,15.6,28.0,0.0,26.8,0.527,15.6,28.0,0.0,27.1,0.618,15.6,28.0,0.0
1590,4609.0,193,1.0,False,26.7,False,0.0,26.834,0.0,0.412504,0.0,0.0,0.003333,1947.5391,379.5,0.08,0.033,0.156545,26.43,0.447,15.6,28.0,0.0,26.74,0.516,15.6,28.0,0.0,27.1,0.627,15.6,28.0,0.0,26.8,0.535,15.6,28.0,0.0,27.1,0.627,15.6,28.0,0.0
1591,4609.1667,193,1.167,False,26.6,False,0.0,26.835,0.0,0.412504,0.0,0.0,0.003333,1947.9516,379.4,0.08,0.033,0.156504,26.43,0.454,15.6,28.0,0.0,26.74,0.523,15.6,28.0,0.0,27.1,0.634,15.6,28.0,0.0,26.8,0.541,15.6,28.0,0.0,27.11,0.635,15.6,28.0,0.0
1592,4609.3333,193,1.333,False,26.5,False,0.0,26.834,0.0,0.412504,0.0,0.0,0.003333,1948.3641,379.3,0.08,0.033,0.156463,26.43,0.46,15.6,28.0,0.0,26.74,0.528,15.6,28.0,0.0,27.1,0.641,15.6,28.0,0.0,26.8,0.547,15.6,28.0,0.0,27.11,0.642,15.6,28.0,0.0
1593,4609.5,193,1.5,False,26.4,False,0.0,26.831,0.0,0.412504,0.0,0.0,0.003333,1948.7766,378.9,0.08,0.033,0.156298,26.42,0.466,15.6,28.0,0.0,26.73,0.533,15.6,28.0,0.0,27.09,0.648,15.6,28.0,0.0,26.8,0.553,15.6,28.0,0.0,27.1,0.648,15.6,28.0,0.0
1594,4609.6667,193,1.667,False,26.3,False,0.0,26.826,0.0,0.412504,0.0,0.0,0.436395,1949.1891,378.5,0.08,0.033,0.156133,26.42,0.471,15.6,28.0,0.0,26.73,0.538,15.6,28.0,0.0,27.09,0.653,15.6,28.0,0.0,26.8,0.558,15.6,28.0,0.0,27.1,0.654,15.6,28.0,0.0
1595,4609.8333,193,1.833,False,26.2,False,0.0,26.821,0.0,0.412504,0.0,0.0,0.003333,1949.6016,378.0,0.08,0.033,0.155927,26.41,0.476,15.6,28.0,0.0,26.72,0.542,15.6,28.0,0.0,27.08,0.659,15.6,28.0,0.0,26.79,0.562,15.6,28.0,0.0,27.09,0.66,15.6,28.0,0.0
1596,4610.0,193,2.0,False,26.1,False,0.0,26.814,0.0,0.412504,0.0,0.0,0.003333,1950.0141,377.3,0.08,0.033,0.155638,26.41,0.48,15.6,28.0,0.0,26.71,0.546,15.6,28.0,0.0,27.08,0.663,15.6,28.0,0.0,26.78,0.567,15.6,28.0,0.0,27.09,0.664,15.6,28.0,0.0
1597,4610.1667,193,2.167,False,26.02,False,0.0,26.807,0.0,0.412504,0.0,0.0,0.003333,1950.4266,376.5,0.08,0.033,0.155308,26.4,0.484,15.6,28.0,0.0,26.7,0.549,15.6,28.0,0.0,27.07,0.668,15.6,28.0,0.0,26.78,0.57,15.6,28.0,0.0,27.08,0.669,15.6,28.0,0.0
1598,4610.3333,193,2.333,False,25.93,False,0.0,26.799,0.0,0.412504,0.0,0.0,0.003333,1950.8391,375.6,0.08,0.033,0.154937,26.39,0.488,15.6,28.0,0.0,26.7,0.552,15.6,28.0,0.0,27.06,0.671,15.6,28.0,0.0,26.77,0.574,15.6,28.0,0.0,27.07,0.672,15.6,28.0,0.0
1599,4610.5,193,2.5,False,25.85,False,0.0,26.79,0.0,0.412504,0.0,0.0,0.003333,1951.2516,374.6,0.08,0.033,0.154524,26.39,0.491,15.6,28.0,0.0,26.69,0.555,15.6,28.0,0.0,27.05,0.674,15.6,28.0,0.0,26.76,0.577,15.6,28.0,0.0,27.06,0.676,15.6,28.0,0.0
1600,4610.6667,193,2.667,False,25.77,False,0.0,26.78,0.0,0.412504,0.0,0.0,0.003333,1951.6641,373.4,0.08,0.033,0.154029,26.38,0.494,15.6,28.0,0.0,26.68,0.557,15.6,28.0,0.0,27.04,0.677,15.6,28.0,0.0,26.75,0.579,15.6,28.0,0.0,27.05,0.678,15.6,28.0,0.0
1601,4610.8333,193,2.833,False,25.68,False,0.0,26.77,0.0,0.412504,0.0,0.0,0.003333,1952.0766,372.2,0.08,0.033,0.153534,26.37,0.496,15.6,28.0,0.0,26.67,0.558,15.6,28.0,0.0,27.03,0.679,15.6,28.0,0.0,26.74,0.581,15.6,28.0,0.0,27.04,0.68,15.6,28.0,0.0
1602,4611.0,193,3.0,False,25.6,False,0.0,26.76,0.0,0.412504,0.0,0.0,0.003333,1952.4891,370.8,0.08,0.033,0.152956,26.36,0.498,15.6,28.0,0.0,26.65,0.56,15.6,28.0,0.0,27.02,0.681,15.6,28.0,0.0,26.73,0.583,15.6,28.0,0.0,27.03,0.682,15.6,28.0,0.0
1603,4611.1667,193,3.167,False,25.6,False,0.0,26.752,0.0,0.412504,0.0,0.0,0.003333,1952.9016,369.4,0.08,0.033,0.152379,26.36,0.5,15.6,28.0,0.0,26.65,0.561,15.6,28.0,0.0,27.01,0.683,15.6,28.0,0.0,26.72,0.585,15.6,28.0,0.0,27.02,0.684,15.6,28.0,0.0
1604,4611.3333,193,3.333,False,25.6,False,0.0,26.745,0.0,0.412504,0.0,0.0,0.436413,1953.3141,367.8,0.08,0.033,0.151719,26.35,0.501,15.6,28.0,0.0,26.64,0.563,15.6,28.0,0.0,27.0,0.684,15.6,28.0,0.0,26.72,0.586,15.6,28.0,0.0,27.01,0.686,15.6,28.0,0.0
1605,4611.5,193,3.5,False,25.6,False,0.0,26.739,0.0,0.412504,0.0,0.0,0.003333,1953.7266,366.1,0.08,0.033,0.151018,26.35,0.503,15.6,28.0,0.0,26.63,0.564,15.6,28.0,0.0,27.0,0.685,15.6,28.0,0.0,26.71,0.587,15.6,28.0,0.0,27.01,0.687,15.6,28.0,0.0
1606,4611.6667,193,3.667,False,25.6,False,0.0,26.732,0.0,0.412504,0.0,0.0,0.003333,1954.1391,364.4,0.08,0.033,0.150316,26.34,0.504,15.6,28.0,0.0,26.63,0.565,15.6,28.0,0.0,26.99,0.686,15.6,28.0,0.0,26.7,0.588,15.6,28.0,0.0,27.0,0.687,15.6,28.0,0.0
1607,4611.8333,193,3.833,False,25.6,False,0.0,26.725,0.0,0.412504,0.0,0.0,0.003333,1954.5516,362.5,0.08,0.033,0.149533,26.34,0.504,15.6,28.0,0.0,26.62,0.565,15.6,28.0,0.0,26.98,0.686,15.6,28.0,0.0,26.7,0.589,15.6,28.0,0.0,26.99,0.688,15.6,28.0,0.0
1608,4612.0,193,4.0,False,25.6,False,0.0,26.718,0.0,0.412504,0.0,0.0,0.003333,1954.9641,360.5,0.08,0.033,0.148708,26.34,0.504,15.6,28.0,0.0,26.61,0.565,15.6,28.0,0.0,26.97,0.686,15.6,28.0,0.0,26.69,0.589,15.6,28.0,0.0,26.98,0.687,15.6,28.0,0.0
1609,4612.1667,193,4.167,False,25.4,False,0.0,26.713,0.0,0.458338,0.0,0.0,0.003333,1955.4225,358.5,0.08,0.036667,0.164314,26.33,0.506,15.6,28.0,0.0,26.6,0.566,15.6,28.0,0.0,26.97,0.687,15.6,28.0,0.0,26.69,0.59,15.6,28.0,0.0,26.97,0.688,15.6,28.0,0.0
1610,4612.3333,193,4.333,False,25.2,False,0.0,26.7,0.0,0.458338,0.0,0.0,0.003333,1955.8808,356.4,0.08,0.036667,0.163352,26.33,0.506,15.6,28.0,0.0,26.59,0.564,15.6,28.0,0.0,26.95,0.685,15.6,28.0,0.0,26.67,0.589,15.6,28.0,0.0,26.96,0.686,15.6,28.0,0.0
1611,4612.5,193,4.5,False,25.0,False,0.0,26.684,0.0,0.458338,0.0,0.0,0.003333,1956.3392,354.2,0.08,0.036667,0.162343,26.31,0.504,15.6,28.0,0.0,26.57,0.562,15.6,28.0,0.0,26.93,0.682,15.6,28.0,0.0,26.66,0.587,15.6,28.0,0.0,26.94,0.683,15.6,28.0,0.0
1612,4612.6667,193,4.667,False,24.8,False,0.0,26.664,0.0,0.458338,0.0,0.0,0.003333,1956.7975,351.9,0.08,0.036667,0.161289,26.3,0.501,15.6,28.0,0.0,26.55,0.558,15.6,28.0,0.0,26.91,0.678,15.6,28.0,0.0,26.64,0.584,15.6,28.0,0.0,26.92,0.68,15.6,28.0,0.0
1613,4612.8333,193,4.833,False,24.6,False,0.0,26.644,0.0,0.458338,0.0,0.0,0.436413,1957.2558,349.5,0.08,0.036667,0.160189,26.28,0.498,15.6,28.0,0.0,26.53,0.554,15.6,28.0,0.0,26.89,0.674,15.6,28.0,0.0,26.62,0.58,15.6,28.0,0.0,26.9,0.675,15.6,28.0,0.0
1614,4613.0,193,5.0,False,24.4,False,0.0,26.621,0.0,0.458338,0.0,0.0,0.003333,1957.7142,347.1,0.08,0.036667,0.159089,26.26,0.494,15.6,28.0,0.0,26.51,0.549,15.6,28.0,0.0,26.87,0.669,15.6,28.0,0.0,26.6,0.576,15.6,28.0,0.0,26.87,0.67,15.6,28.0,0.0
1615,4613.25,193,5.25,False,24.5,True,2.75,25.61,0.388,1.353707,0.895369,0.550815,0.003333,1959.0679,343.4,0.08,0.108297,0.464863,25.55,0.356,21.5,25.5,0.81,25.57,0.374,21.5,25.5,0.61,25.67,0.445,21.5,25.5,0.36,25.58,0.388,21.5,25.5,0.61,25.67,0.445,21.5,25.5,0.36
1616,4613.3333,193,5.333,False,24.6,True,2.75,25.508,0.331,1.196786,0.738448,0.393894,0.003333,1960.2647,342.1,0.08,0.095743,0.40942,25.5,0.315,21.5,25.5,0.81,25.5,0.322,21.5,25.5,0.61,25.52,0.365,21.5,25.5,0.36,25.5,0.331,21.5,25.5,0.61,25.52,0.364,21.5,25.5,0.36
1617,4613.5,193,5.5,False,24.7,True,2.75,25.502,0.304,1.161811,0.703474,0.358919,0.003333,1961.4265,339.5,0.08,0.092945,0.394435,25.5,0.293,21.5,25.5,0.81,25.5,0.297,21.5,25.5,0.61,25.51,0.331,21.5,25.5,0.36,25.5,0.304,21.5,25.5,0.61,25.51,0.33,21.5,25.5,0.36
1618,4613.6667,193,5.667,False,24.8,True,2.75,25.5,0.282,1.138852,0.680514,0.33596,0.003333,1962.5653,336.9,0.08,0.091108,0.383679,25.5,0.275,21.5,25.5,0.81,25.5,0.276,21.5,25.5,0.61,25.5,0.304,21.5,25.5,0.36,25.5,0.282,21.5,25.5,0.61,25.5,0.303,21.5,25.5,0.36
1619,4613.8333,193,5.833,False,24.9,True,2.75,25.5,0.269,1.125561,0.667223,0.322669,0.003333,1963.6909,334.2,0.08,0.090045,0.376162,25.5,0.259,21.5,25.5,0.81,25.5,0.26,21.5,25.5,0.61,25.5,0.293,21.5,25.5,0.36,25.5,0.269,21.5,25.5,0.61,25.5,0.282,21.5,25.5,0.36
1620,4614.0,193,6.0,False,25.0,True,2.75,25.5,0.254,1.113659,0.655322,0.310767,0.003333,1964.8045,331.5,0.08,0.089093,0.369178,25.5,0.244,21.5,25.5,0.81,25.5,0.245,21.5,25.5,0.61,25.5,0.277,21.5,25.5,0.36,25.5,0.254,21.5,25.5,0.61,25.5,0.263,21.5,25.5,0.36
1621,4614.25,193,6.25,False,25.28,True,5.5,25.045,0.206,1.504681,0.863008,0.518454,0.003333,1966.3092,327.4,0.08,0.120374,0.492633,25.03,0.165,21.0,25.0,1.61,25.03,0.17,21.0,25.0,1.22,25.06,0.206,21.0,25.0,0.72,25.04,0.179,21.0,25.0,1.22,25.06,0.19,21.0,25.0,0.72
1622,4614.3333,193,6.333,False,25.57,True,5.5,25.003,0.18,1.460783,0.81911,0.474556,0.436435,1967.77,326.0,0.08,0.116863,0.476215,25.0,0.142,21.0,25.0,1.61,25.0,0.148,21.0,25.0,1.22,25.01,0.18,21.0,25.0,0.72,25.0,0.157,21.0,25.0,1.22,25.01,0.164,21.0,25.0,0.72
1623,4614.5833,193,6.583,False,25.85,True,5.5,25.0,0.17,1.456903,0.81523,0.470676,0.003333,1969.2269,321.8,0.08,0.116552,0.468831,25.0,0.133,21.0,25.0,1.61,25.0,0.141,21.0,25.0,1.22,25.0,0.17,21.0,25.0,0.72,25.0,0.149,21.0,25.0,1.22,25.0,0.155,21.0,25.0,0.72
1624,4614.75,193,6.75,False,26.13,True,5.5,25.0,0.167,1.460927,0.819254,0.4747,0.003333,1970.6878,319.0,0.08,0.116874,0.466036,25.0,0.127,21.0,25.0,1.61,25.0,0.138,21.0,25.0,1.22,25.0,0.167,21.0,25.0,0.72,25.0,0.145,21.0,25.0,1.22,25.0,0.15,21.0,25.0,0.72
1625,4614.9167,193,6.917,False,26.42,True,5.5,25.0,0.167,1.467677,0.826004,0.48145,0.003333,1972.1555,316.2,0.08,0.117414,0.46408,25.0,0.123,21.0,25.0,1.61,25.0,0.137,21.0,25.0,1.22,25.0,0.167,21.0,25.0,0.72,25.0,0.144,21.0,25.0,1.22,25.0,0.147,21.0,25.0,0.72
1626,4615.0833,193,7.083,False,26.7,True,5.5,25.0,0.169,1.476755,0.835082,0.490528,0.003333,1973.6323,313.3,0.08,0.11814,0.462667,25.0,0.12,21.0,25.0,1.61,25.0,0.137,21.0,25.0,1.22,25.0,0.169,21.0,25.0,0.72,25.0,0.143,21.0,25.0,1.22,25.0,0.146,21.0,25.0,0.72
1627,4615.25,193,7.25,False,26.78,True,26.14,24.999,0.193,2.686726,1.03671,0.692156,0.003333,1976.319,310.5,0.08,0.214938,0.834229,25.0,0.142,21.0,25.0,7.65,25.0,0.158,21.0,25.0,5.8,25.0,0.193,21.0,25.0,3.44,25.0,0.165,21.0,25.0,5.8,25.0,0.168,21.0,25.0,3.44
1628,4615.4167,193,7.417,False,26.87,True,26.14,24.999,0.2,2.709203,1.059186,0.714632,0.003333,1979.0282,307.7,0.08,0.216736,0.833622,25.0,0.144,21.0,25.0,7.65,25.0,0.163,21.0,25.0,5.8,25.0,0.2,21.0,25.0,3.44,25.0,0.169,21.0,25.0,5.8,25.0,0.174,21.0,25.0,3.44
1629,4615.5556,193,7.556,False,26.95,True,26.14,24.999,0.206,2.721241,1.071225,0.72667,0.436467,1981.7494,305.4,0.08,0.217699,0.831067,25.0,0.146,21.0,25.0,7.65,25.0,0.167,21.0,25.0,5.8,25.0,0.206,21.0,25.0,3.44,25.0,0.173,21.0,25.0,5.8,25.0,0.178,21.0,25.0,3.44
1630,4615.7222,193,7.722,False,27.03,True,26.14,24.999,0.215,2.734519,1.084503,0.739949,0.003333,1984.484,302.6,0.08,0.218762,0.827465,25.0,0.147,21.0,25.0,7.65,25.0,0.171,21.0,25.0,5.8,25.0,0.215,21.0,25.0,3.44,25.0,0.176,21.0,25.0,5.8,25.0,0.183,21.0,25.0,3.44
1631,4615.8889,193,7.889,False,27.12,True,26.14,25.479,0.303,2.538496,0.88848,0.543926,0.003333,1987.0225,299.8,0.08,0.20308,0.761041,25.48,0.231,21.0,25.5,7.65,25.48,0.258,21.0,25.5,5.8,25.47,0.303,21.0,25.5,3.44,25.48,0.262,21.0,25.5,5.8,25.47,0.266,21.0,25.5,3.44
1632,4616.0556,193,8.056,False,27.2,True,26.14,25.498,0.335,2.623182,0.973166,0.628612,0.003333,1989.6456,297.1,0.08,0.209855,0.779347,25.5,0.252,21.0,25.5,7.65,25.5,0.283,21.0,25.5,5.8,25.5,0.335,21.0,25.5,3.44,25.5,0.285,21.0,25.5,5.8,25.5,0.293,21.0,25.5,3.44
1633,4616.2083,193,8.208,False,27.38,True,26.14,25.5,0.352,2.652527,1.002511,0.657957,0.003333,1992.2982,294.6,0.08,0.212202,0.781434,25.5,0.261,21.0,25.5,7.65,25.5,0.295,21.0,25.5,5.8,25.5,0.352,21.0,25.5,3.44,25.5,0.296,21.0,25.5,5.8,25.5,0.305,21.0,25.5,3.44
1634,4616.375,193,8.375,False,27.57,True,26.14,25.5,0.365,2.675587,1.025571,0.681016,0.003333,1994.9737,292.0,0.08,0.214047,0.781271,25.5,0.267,21.0,25.5,7.65,25.5,0.305,21.0,25.5,5.8,25.5,0.365,21.0,25.5,3.44,25.5,0.305,21.0,25.5,5.8,25.5,0.314,21.0,25.5,3.44
1635,4616.5417,193,8.542,False,27.75,True,26.14,25.5,0.377,2.696244,1.046228,0.701674,0.436474,1997.67,289.4,0.08,0.215699,0.780293,25.5,0.272,21.0,25.5,7.65,25.5,0.313,21.0,25.5,5.8,25.5,0.377,21.0,25.5,3.44,25.5,0.312,21.0,25.5,5.8,25.5,0.322,21.0,25.5,3.44
1636,4616.7083,193,8.708,False,27.93,True,26.14,25.5,0.39,2.715582,1.065566,0.721012,0.003333,2000.3856,286.8,0.08,0.217247,0.778829,25.5,0.276,21.0,25.5,7.65,25.5,0.32,21.0,25.5,5.8,25.5,0.39,21.0,25.5,3.44,25.5,0.318,21.0,25.5,5.8,25.5,0.329,21.0,25.5,3.44
1637,4616.875,193,8.875,False,28.12,True,26.14,25.5,0.398,2.732092,1.082076,0.737521,0.003333,2003.1177,284.3,0.08,0.218567,0.776734,25.5,0.278,21.0,25.5,7.65,25.5,0.325,21.0,25.5,5.8,25.5,0.398,21.0,25.5,3.44,25.5,0.323,21.0,25.5,5.8,25.5,0.334,21.0,25.5,3.44
1638,4617.0417,193,9.042,False,28.3,True,26.14,25.499,0.405,2.747102,1.097086,0.752531,0.003333,2005.8648,281.9,0.08,0.219768,0.774408,25.5,0.281,21.0,25.5,7.65,25.5,0.33,21.0,25.5,5.8,25.5,0.405,21.0,25.5,3.44,25.5,0.327,21.0,25.5,5.8,25.5,0.338,21.0,25.5,3.44
1639,4617.2083,193,9.208,False,28.68,True,26.14,25.499,0.412,2.768643,1.118627,0.774073,0.003333,2008.6334,279.5,0.08,0.221491,0.773836,25.5,0.282,21.0,25.5,7.65,25.5,0.334,21.0,25.5,5.8,25.5,0.412,21.0,25.5,3.44,25.5,0.331,21.0,25.5,5.8,25.5,0.342,21.0,25.5,3.44
1640,4617.375,193,9.375,False,29.07,True,26.14,25.499,0.417,2.789462,1.139446,0.794892,0.003333,2011.4229,277.2,0.08,0.223157,0.773239,25.5,0.283,21.0,25.5,7.65,25.5,0.338,21.0,25.5,5.8,25.5,0.417,21.0,25.5,3.44,25.5,0.334,21.0,25.5,5.8,25.5,0.346,21.0,25.5,3.44
1641,4617.5333,193,9.533,False,29.45,True,26.14,25.5,0.421,2.809081,1.159064,0.81451,0.003333,2014.232,275.1,0.08,0.224726,0.772778,25.5,0.284,21.0,25.5,7.65,25.5,0.342,21.0,25.5,5.8,25.5,0.421,21.0,25.5,3.44,25.5,0.338,21.0,25.5,5.8,25.5,0.349,21.0,25.5,3.44
1642,4617.7,193,9.7,False,29.83,True,26.14,25.5,0.423,2.827957,1.177941,0.833387,0.436477,2017.0599,272.9,0.08,0.226237,0.77175,25.5,0.284,21.0,25.5,7.65,25.5,0.345,21.0,25.5,5.8,25.5,0.423,21.0,25.5,3.44,25.5,0.34,21.0,25.5,5.8,25.5,0.352,21.0,25.5,3.44
1643,4617.8667,193,9.867,False,30.22,True,26.14,25.5,0.425,2.846062,1.196046,0.851492,0.003333,2019.906,270.9,0.08,0.227685,0.770998,25.5,0.284,21.0,25.5,7.65,25.5,0.348,21.0,25.5,5.8,25.5,0.425,21.0,25.5,3.44,25.5,0.343,21.0,25.5,5.8,25.5,0.354,21.0,25.5,3.44
1644,4618.0333,193,10.033,False,30.6,True,26.14,25.5,0.426,2.863539,1.213523,0.868969,0.003333,2022.7695,269.0,0.08,0.229083,0.770292,25.5,0.283,21.0,25.5,7.65,25.5,0.351,21.0,25.5,5.8,25.5,0.426,21.0,25.5,3.44,25.5,0.345,21.0,25.5,5.8,25.5,0.356,21.0,25.5,3.44
1645,4618.2,193,10.2,False,30.87,True,26.14,25.5,0.428,2.874429,1.224413,0.879859,0.003333,2025.6439,267.1,0.08,0.229954,0.76776,25.5,0.283,21.0,25.5,7.65,25.5,0.352,21.0,25.5,5.8,25.5,0.428,21.0,25.5,3.44,25.5,0.346,21.0,25.5,5.8,25.5,0.357,21.0,25.5,3.44
1646,4618.3667,193,10.367,False,31.13,True,26.14,25.5,0.426,2.884553,1.234537,0.889983,0.003333,2028.5285,265.4,0.08,0.230764,0.76556,25.5,0.282,21.0,25.5,7.65,25.5,0.354,21.0,25.5,5.8,25.5,0.426,21.0,25.5,3.44,25.5,0.347,21.0,25.5,5.8,25.5,0.358,21.0,25.5,3.44
1647,4618.5333,193,10.533,False,31.4,True,26.14,25.5,0.423,2.893476,1.24346,0.898905,0.003333,2031.422,263.8,0.08,0.231478,0.763299,25.5,0.281,21.0,25.5,7.65,25.5,0.355,21.0,25.5,5.8,25.5,0.423,21.0,25.5,3.44,25.5,0.348,21.0,25.5,5.8,25.5,0.359,21.0,25.5,3.44
1648,4618.7,193,10.7,False,31.67,True,26.14,25.5,0.418,2.901352,1.251336,0.906782,0.436491,2034.3233,262.4,0.08,0.232108,0.761315,25.5,0.28,21.0,25.5,7.65,25.5,0.356,21.0,25.5,5.8,25.5,0.418,21.0,25.5,3.44,25.5,0.348,21.0,25.5,5.8,25.5,0.359,21.0,25.5,3.44
1649,4618.8667,193,10.867,False,31.93,True,26.14,25.5,0.412,2.908366,1.258349,0.913795,0.003333,2037.2317,261.0,0.08,0.232669,0.759083,25.5,0.278,21.0,25.5,7.65,25.5,0.357,21.0,25.5,5.8,25.5,0.412,21.0,25.5,3.44,25.5,0.348,21.0,25.5,5.8,25.5,0.359,21.0,25.5,3.44
1650,4619.0417,193,11.042,False,32.2,True,26.14,25.499,0.406,2.914919,1.264903,0.920349,0.003333,2040.1466,259.8,0.08,0.233194,0.757296,25.5,0.276,21.0,25.5,7.65,25.5,0.357,21.0,25.5,5.8,25.5,0.406,21.0,25.5,3.44,25.5,0.348,21.0,25.5,5.8,25.5,0.359,21.0,25.5,3.44
1651,4619.2083,193,11.208,False,31.93,True,13.76,25.5,0.394,2.756447,1.198099,0.853544,0.003333,2042.9031,258.9,0.08,0.220516,0.713644,25.5,0.27,21.0,25.5,4.03,25.5,0.353,21.0,25.5,3.05,25.5,0.394,21.0,25.5,1.81,25.5,0.343,21.0,25.5,3.05,25.5,0.354,21.0,25.5,1.81
1652,4619.3889,193,11.389,False,31.67,True,13.76,25.499,0.384,2.740369,1.182021,0.837467,0.003333,2045.6434,258.0,0.08,0.21923,0.707015,25.5,0.268,21.0,25.5,4.03,25.5,0.351,21.0,25.5,3.05,25.5,0.384,21.0,25.5,1.81,25.5,0.341,21.0,25.5,3.05,25.5,0.352,21.0,25.5,1.81
1653,4619.5556,193,11.556,False,31.4,True,13.76,25.5,0.376,2.725494,1.167146,0.822592,0.436495,2048.3689,257.4,0.08,0.21804,0.701542,25.5,0.266,21.0,25.5,4.03,25.5,0.349,21.0,25.5,3.05,25.5,0.376,21.0,25.5,1.81,25.5,0.339,21.0,25.5,3.05,25.5,0.35,21.0,25.5,1.81
1654,4619.75,193,11.75,False,31.13,True,13.76,25.499,0.371,2.711799,1.15345,0.808896,0.003333,2051.0807,257.0,0.08,0.216944,0.696932,25.5,0.265,21.0,25.5,4.03,25.5,0.347,21.0,25.5,3.05,25.5,0.371,21.0,25.5,1.81,25.5,0.337,21.0,25.5,3.05,25.5,0.348,21.0,25.5,1.81
1655,4619.8333,193,11.833,False,30.87,True,13.76,25.499,0.371,2.701991,1.143642,0.799088,0.003333,2053.7827,256.9,0.08,0.216159,0.694141,25.5,0.264,21.0,25.5,4.03,25.5,0.347,21.0,25.5,3.05,25.5,0.371,21.0,25.5,1.81,25.5,0.337,21.0,25.5,3.05,25.5,0.348,21.0,25.5,1.81
1656,4620.0,193,12.0,False,30.6,True,13.76,25.499,0.368,2.690049,1.131701,0.787147,0.003333,2056.4728,257.0,0.08,0.215204,0.691343,25.5,0.263,21.0,25.5,4.03,25.5,0.346,21.0,25.5,3.05,25.5,0.368,21.0,25.5,1.81,25.5,0.336,21.0,25.5,3.05,25.5,0.347,21.0,25.5,1.81
1657,4620.25,193,12.25,False,30.03,True,26.14,25.499,0.367,2.80062,1.150604,0.80605,0.003333,2059.2734,257.5,0.08,0.22405,0.72116,25.5,0.264,21.0,25.5,7.65,25.5,0.345,21.0,25.5,5.8,25.5,0.367,21.0,25.5,3.44,25.5,0.335,21.0,25.5,5.8,25.5,0.346,21.0,25.5,3.44
1658,4620.3889,193,12.389,False,29.47,True,26.14,25.499,0.365,2.774335,1.124319,0.779765,0.436491,2062.0477,258.1,0.08,0.221947,0.716056,25.5,0.26,21.0,25.5,7.65,25.5,0.344,21.0,25.5,5.8,25.5,0.365,21.0,25.5,3.44,25.5,0.334,21.0,25.5,5.8,25.5,0.345,21.0,25.5,3.44
1659,4620.5556,193,12.556,False,28.9,True,26.14,25.499,0.359,2.744687,1.094671,0.750117,0.003333,2064.7924,259.1,0.08,0.219575,0.711148,25.5,0.256,21.0,25.5,7.65,25.5,0.339,21.0,25.5,5.8,25.5,0.359,21.0,25.5,3.44,25.5,0.329,21.0,25.5,5.8,25.5,0.339,21.0,25.5,3.44
1660,4620.7222,193,12.722,False,28.33,True,26.14,25.499,0.351,2.712309,1.062293,0.717739,0.003333,2067.5047,260.4,0.08,0.216985,0.706285,25.5,0.25,21.0,25.5,7.65,25.5,0.331,21.0,25.5,5.8,25.5,0.351,21.0,25.5,3.44,25.5,0.321,21.0,25.5,5.8,25.5,0.331,21.0,25.5,3.44
1661,4620.8889,193,12.889,False,27.77,True,26.14,25.499,0.342,2.679469,1.029453,0.684899,0.003333,2070.1842,262.1,0.08,0.214358,0.702289,25.5,0.243,21.0,25.5,7.65,25.5,0.322,21.0,25.5,5.8,25.5,0.342,21.0,25.5,3.44,25.5,0.312,21.0,25.5,5.8,25.5,0.322,21.0,25.5,3.44
1662,4621.0417,193,13.042,False,27.2,True,26.14,25.499,0.33,2.64402,0.994004,0.64945,0.003333,2072.8282,264.1,0.08,0.211522,0.698286,25.5,0.236,21.0,25.5,7.65,25.5,0.309,21.0,25.5,5.8,25.5,0.33,21.0,25.5,3.44,25.5,0.301,21.0,25.5,5.8,25.5,0.31,21.0,25.5,3.44
1663,4621.2222,193,13.222,False,27.57,True,26.14,25.499,0.325,2.651335,1.001319,0.656765,0.003333,2075.4795,266.8,0.08,0.212107,0.707376,25.5,0.231,21.0,25.5,7.65,25.5,0.304,21.0,25.5,5.8,25.5,0.325,21.0,25.5,3.44,25.5,0.296,21.0,25.5,5.8,25.5,0.305,21.0,25.5,3.44
1664,4621.4167,193,13.417,False,27.93,True,26.14,25.499,0.322,2.660338,1.010322,0.665768,0.436464,2078.1399,270.2,0.08,0.212827,0.718823,25.5,0.228,21.0,25.5,7.65,25.5,0.301,21.0,25.5,5.8,25.5,0.322,21.0,25.5,3.44,25.5,0.293,21.0,25.5,5.8,25.5,0.303,21.0,25.5,3.44
1665,4621.5833,193,13.583,False,28.3,True,26.14,25.499,0.318,2.668662,1.018646,0.674092,0.003333,2080.8085,273.8,0.08,0.213493,0.73068,25.5,0.226,21.0,25.5,7.65,25.5,0.297,21.0,25.5,5.8,25.5,0.318,21.0,25.5,3.44,25.5,0.289,21.0,25.5,5.8,25.5,0.299,21.0,25.5,3.44
1666,4621.6667,193,13.667,False,28.67,True,26.14,25.499,0.319,2.68222,1.032204,0.68765,0.003333,2083.4907,275.7,0.08,0.214578,0.739488,25.5,0.226,21.0,25.5,7.65,25.5,0.298,21.0,25.5,5.8,25.5,0.319,21.0,25.5,3.44,25.5,0.29,21.0,25.5,5.8,25.5,0.299,21.0,25.5,3.44
1667,4621.8333,193,13.833,False,29.03,True,26.14,25.499,0.321,2.698971,1.048954,0.7044,0.003333,2086.1897,280.0,0.08,0.215918,0.755712,25.5,0.227,21.0,25.5,7.65,25.5,0.3,21.0,25.5,5.8,25.5,0.321,21.0,25.5,3.44,25.5,0.293,21.0,25.5,5.8,25.5,0.304,21.0,25.5,3.44
1668,4622.0,193,14.0,False,29.4,True,26.14,25.499,0.324,2.717997,1.067981,0.723427,0.003333,2088.9077,284.8,0.08,0.21744,0.774086,25.5,0.229,21.0,25.5,7.65,25.5,0.303,21.0,25.5,5.8,25.5,0.324,21.0,25.5,3.44,25.5,0.296,21.0,25.5,5.8,25.5,0.312,21.0,25.5,3.44
1669,4622.1667,193,14.167,False,28.85,True,26.14,25.499,0.324,2.702023,1.052006,0.707452,0.003333,2091.6097,290.1,0.08,0.216162,0.783857,25.5,0.231,21.0,25.5,7.65,25.5,0.304,21.0,25.5,5.8,25.5,0.324,21.0,25.5,3.44,25.5,0.297,21.0,25.5,5.8,25.5,0.317,21.0,25.5,3.44
1670,4622.3333,193,14.333,False,28.3,True,26.14,25.499,0.324,2.685461,1.035445,0.690891,0.003333,2094.2952,296.0,0.08,0.214837,0.794896,25.5,0.233,21.0,25.5,7.65,25.5,0.304,21.0,25.5,5.8,25.5,0.324,21.0,25.5,3.44,25.5,0.297,21.0,25.5,5.8,25.5,0.323,21.0,25.5,3.44
1671,4622.5,193,14.5,False,27.75,True,26.14,25.499,0.328,2.668573,1.018557,0.674003,0.436457,2096.9638,302.5,0.08,0.213486,0.807243,25.5,0.234,21.0,25.5,7.65,25.5,0.303,21.0,25.5,5.8,25.5,0.323,21.0,25.5,3.44,25.5,0.297,21.0,25.5,5.8,25.5,0.328,21.0,25.5,3.44
1672,4622.6667,193,14.667,False,27.2,True,26.14,25.499,0.332,2.65204,1.002024,0.65747,0.003333,2099.6158,309.6,0.08,0.212163,0.821072,25.5,0.235,21.0,25.5,7.65,25.5,0.303,21.0,25.5,5.8,25.5,0.323,21.0,25.5,3.44,25.5,0.297,21.0,25.5,5.8,25.5,0.332,21.0,25.5,3.44
1673,4622.8333,193,14.833,False,26.65,True,26.14,25.499,0.337,2.635511,0.985495,0.640941,0.003333,2102.2513,317.3,0.08,0.210841,0.836248,25.5,0.235,21.0,25.5,7.65,25.5,0.302,21.0,25.5,5.8,25.5,0.322,21.0,25.5,3.44,25.5,0.296,21.0,25.5,5.8,25.5,0.337,21.0,25.5,3.44
1674,4623.0833,193,15.083,False,26.1,True,26.14,25.499,0.337,2.618915,0.968899,0.624345,0.003333,2104.8702,329.9,0.08,0.209513,0.86398,25.5,0.236,21.0,25.5,7.65,25.5,0.302,21.0,25.5,5.8,25.5,0.323,21.0,25.5,3.44,25.5,0.297,21.0,25.5,5.8,25.5,0.337,21.0,25.5,3.44
1675,4623.25,193,15.25,False,26.2,True,26.14,25.499,0.342,2.625622,0.975606,0.631051,0.003333,2107.4959,339.0,0.08,0.21005,0.890086,25.5,0.237,21.0,25.5,7.65,25.5,0.304,21.0,25.5,5.8,25.5,0.324,21.0,25.5,3.44,25.5,0.298,21.0,25.5,5.8,25.5,0.342,21.0,25.5,3.44
1676,4623.4167,193,15.417,False,26.3,True,26.14,25.499,0.346,2.633111,0.983095,0.638541,0.003333,2110.129,348.6,0.08,0.210649,0.917903,25.5,0.239,21.0,25.5,7.65,25.5,0.306,21.0,25.5,5.8,25.5,0.326,21.0,25.5,3.44,25.5,0.3,21.0,25.5,5.8,25.5,0.346,21.0,25.5,3.44
1677,4623.5833,193,15.583,False,26.4,True,26.14,25.499,0.347,2.640279,0.990263,0.645709,0.436463,2112.7693,358.8,0.08,0.211222,0.947332,25.5,0.241,21.0,25.5,7.65,25.5,0.309,21.0,25.5,5.8,25.5,0.328,21.0,25.5,3.44,25.5,0.303,21.0,25.5,5.8,25.5,0.347,21.0,25.5,3.44
1678,4623.6667,193,15.667,False,26.5,True,26.14,25.499,0.357,2.648544,0.998528,0.653974,0.003333,2115.4178,364.0,0.08,0.211884,0.96407,25.5,0.244,21.0,25.5,7.65,25.5,0.311,21.0,25.5,5.8,25.5,0.33,21.0,25.5,3.44,25.5,0.304,21.0,25.5,5.8,25.5,0.357,21.0,25.5,3.44
1679,4623.8333,193,15.833,False,26.6,True,26.14,25.499,0.363,2.656695,1.006678,0.662124,0.003333,2118.0745,374.8,0.08,0.212536,0.995729,25.5,0.246,21.0,25.5,7.65,25.5,0.313,21.0,25.5,5.8,25.5,0.331,21.0,25.5,3.44,25.5,0.306,21.0,25.5,5.8,25.5,0.363,21.0,25.5,3.44
1680,4624.0,193,16.0,False,26.7,True,26.14,25.499,0.369,2.664742,1.014726,0.670172,0.003333,2120.7392,386.0,0.34,0.906012,1.028591,25.5,0.249,21.0,25.5,7.65,25.5,0.315,21.0,25.5,5.8,25.5,0.333,21.0,25.5,3.44,25.5,0.309,21.0,25.5,5.8,25.5,0.369,21.0,25.5,3.44
1681,4624.25,193,16.25,False,26.42,True,8.25,25.5,0.357,1.794281,0.877606,0.533052,0.003333,2122.5335,403.4,0.34,0.610056,0.723813,25.5,0.231,21.0,25.5,2.42,25.5,0.297,21.0,25.5,1.83,25.5,0.316,21.0,25.5,1.09,25.5,0.292,21.0,25.5,1.83,25.5,0.357,21.0,25.5,1.09
1682,4624.4167,193,16.417,False,26.13,True,8.25,25.5,0.356,1.774673,0.857997,0.513443,0.003333,2124.3082,415.2,0.34,0.603389,0.736844,25.5,0.229,21.0,25.5,2.42,25.5,0.293,21.0,25.5,1.83,25.5,0.311,21.0,25.5,1.09,25.5,0.287,21.0,25.5,1.83,25.5,0.356,21.0,25.5,1.09
1683,4624.5833,193,16.583,False,25.85,True,8.25,25.5,0.357,1.761646,0.84497,0.500416,0.436441,2126.0698,427.2,0.34,0.59896,0.752575,25.5,0.227,21.0,25.5,2.42,25.5,0.29,21.0,25.5,1.83,25.5,0.308,21.0,25.5,1.09,25.5,0.285,21.0,25.5,1.83,25.5,0.357,21.0,25.5,1.09
1684,4624.75,193,16.75,False,25.57,True,8.25,25.5,0.349,1.746193,0.829517,0.484963,0.003333,2127.816,439.2,0.34,0.593705,0.766928,25.5,0.228,21.0,25.5,2.42,25.5,0.286,21.0,25.5,1.83,25.5,0.304,21.0,25.5,1.09,25.5,0.281,21.0,25.5,1.83,25.5,0.349,21.0,25.5,1.09
1685,4624.8889,193,16.889,False,25.28,True,8.25,25.5,0.334,1.729396,0.81272,0.468166,0.003333,2129.5454,449.1,0.34,0.587995,0.776672,25.5,0.229,21.0,25.5,2.42,25.5,0.282,21.0,25.5,1.83,25.5,0.3,21.0,25.5,1.09,25.5,0.278,21.0,25.5,1.83,25.5,0.334,21.0,25.5,1.09
1686,4625.0556,193,17.056,False,25.0,True,8.25,25.5,0.323,1.71338,0.796704,0.45215,0.003333,2131.2588,460.9,0.34,0.582549,0.789697,25.5,0.23,21.0,25.5,2.42,25.5,0.278,21.0,25.5,1.83,25.5,0.296,21.0,25.5,1.09,25.5,0.276,21.0,25.5,1.83,25.5,0.323,21.0,25.5,1.09
1687,4625.2222,193,17.222,False,25.1,True,2.75,25.5,0.268,1.391033,0.74936,0.404806,0.003333,2132.6498,472.5,0.34,0.472951,0.657263,25.5,0.224,21.0,25.5,0.81,25.5,0.268,21.0,25.5,0.61,25.5,0.285,21.0,25.5,0.36,25.5,0.266,21.0,25.5,0.61,25.5,0.305,21.0,25.5,0.36
1688,4625.375,193,17.375,False,25.2,True,2.75,25.5,0.262,1.380098,0.738425,0.39387,0.003333,2134.0299,482.7,0.34,0.469233,0.666173,25.5,0.222,21.0,25.5,0.81,25.5,0.262,21.0,25.5,0.61,25.5,0.279,21.0,25.5,0.36,25.5,0.261,21.0,25.5,0.61,25.5,0.291,21.0,25.5,0.36
1689,4625.5417,193,17.542,False,25.3,True,2.75,25.5,0.256,1.370817,0.729144,0.38459,0.003333,2135.4007,493.5,0.34,0.466078,0.676498,25.5,0.222,21.0,25.5,0.81,25.5,0.256,21.0,25.5,0.61,25.5,0.273,21.0,25.5,0.36,25.5,0.256,21.0,25.5,0.61,25.5,0.274,21.0,25.5,0.36
1690,4625.7083,193,17.708,False,25.4,True,2.75,25.5,0.254,1.365956,0.724283,0.379729,0.003333,2136.7667,503.7,0.34,0.464425,0.688032,25.5,0.221,21.0,25.5,0.81,25.5,0.254,21.0,25.5,0.61,25.5,0.27,21.0,25.5,0.36,25.5,0.254,21.0,25.5,0.61,25.5,0.269,21.0,25.5,0.36
1691,4625.8889,193,17.889,False,25.5,True,2.75,25.5,0.252,1.362752,0.721079,0.376525,0.43644,2138.1295,514.1,0.34,0.463336,0.700591,25.5,0.221,21.0,25.5,0.81,25.5,0.252,21.0,25.5,0.61,25.5,0.268,21.0,25.5,0.36,25.5,0.252,21.0,25.5,0.61,25.5,0.264,21.0,25.5,0.36
1692,4626.0556,193,18.056,False,25.6,True,2.75,25.5,0.25,1.36063,0.718957,0.374403,0.003333,2139.4901,522.8,0.34,0.462614,0.711338,25.5,0.22,21.0,25.5,0.81,25.5,0.25,21.0,25.5,0.61,25.5,0.266,21.0,25.5,0.36,25.5,0.25,21.0,25.5,0.61,25.5,0.261,21.0,25.5,0.36
1693,4626.2222,193,18.222,False,25.22,True,2.75,25.5,0.248,1.34456,0.702887,0.358333,0.003333,2140.8346,530.8,0.34,0.45715,0.713692,25.5,0.22,21.0,25.5,0.81,25.5,0.248,21.0,25.5,0.61,25.5,0.262,21.0,25.5,0.36,25.5,0.248,21.0,25.5,0.61,25.5,0.257,21.0,25.5,0.36
1694,4626.3889,193,18.389,False,24.83,True,2.75,25.5,0.246,1.328931,0.687258,0.342704,0.003333,2142.1636,537.9,0.34,0.451837,0.714832,25.5,0.22,21.0,25.5,0.81,25.5,0.245,21.0,25.5,0.61,25.5,0.26,21.0,25.5,0.36,25.5,0.246,21.0,25.5,0.61,25.5,0.254,21.0,25.5,0.36
1695,4626.5556,193,18.556,False,24.45,True,2.75,25.5,0.245,1.313951,0.672278,0.327724,0.003333,2143.4775,544.0,0.34,0.446743,0.714789,25.5,0.221,21.0,25.5,0.81,25.5,0.243,21.0,25.5,0.61,25.5,0.257,21.0,25.5,0.36,25.5,0.245,21.0,25.5,0.61,25.5,0.251,21.0,25.5,0.36
1696,4626.7222,193,18.722,False,24.07,True,2.75,25.5,0.243,1.299571,0.657898,0.313344,0.003333,2144.7771,549.1,0.34,0.441854,0.713594,25.5,0.222,21.0,25.5,0.81,25.5,0.241,21.0,25.5,0.61,25.5,0.255,21.0,25.5,0.36,25.5,0.243,21.0,25.5,0.61,25.5,0.249,21.0,25.5,0.36
1697,4626.8889,193,18.889,False,23.68,True,2.75,25.5,0.242,1.285692,0.644019,0.299465,0.003333,2146.0628,553.1,0.34,0.437135,0.711116,25.5,0.223,21.0,25.5,0.81,25.5,0.24,21.0,25.5,0.61,25.5,0.253,21.0,25.5,0.36,25.5,0.242,21.0,25.5,0.61,25.5,0.246,21.0,25.5,0.36
1698,4627.0556,193,19.056,False,23.3,True,2.75,25.5,0.241,1.271899,0.630226,0.285672,0.003333,2147.3347,556.1,0.34,0.432446,0.707303,25.5,0.224,21.0,25.5,0.81,25.5,0.238,21.0,25.5,0.61,25.5,0.25,21.0,25.5,0.36,25.5,0.241,21.0,25.5,0.61,25.5,0.245,21.0,25.5,0.36
1699,4627.2222,193,19.222,False,23.3,True,1.38,25.5,0.0,1.167773,0.617768,0.273214,0.436433,2148.5025,558.1,0.34,0.397043,0.651734,25.5,0.222,21.0,25.5,0.4,25.5,0.235,21.0,25.5,0.31,25.5,0.246,21.0,25.5,0.18,25.5,0.238,21.0,25.5,0.31,25.5,0.241,21.0,25.5,0.18
1700,4627.4167,193,19.417,False,23.3,True,1.38,25.5,0.0,1.163049,0.613044,0.268489,0.003333,2149.6655,559.0,0.34,0.395437,0.650144,25.5,0.222,21.0,25.5,0.4,25.5,0.233,21.0,25.5,0.31,25.5,0.244,21.0,25.5,0.18,25.5,0.237,21.0,25.5,0.31,25.5,0.24,21.0,25.5,0.18
1701,4627.5833,193,19.583,False,23.3,True,1.38,25.5,0.0,1.158179,0.608174,0.26362,0.003333,2150.8237,558.6,0.34,0.393781,0.646959,25.5,0.222,21.0,25.5,0.4,25.5,0.231,21.0,25.5,0.31,25.5,0.241,21.0,25.5,0.18,25.5,0.234,21.0,25.5,0.31,25.5,0.236,21.0,25.5,0.18
1702,4627.75,193,19.75,False,23.3,True,1.38,25.5,0.0,1.154772,0.604766,0.260212,0.003333,2151.9785,557.3,0.34,0.392622,0.643554,25.5,0.222,21.0,25.5,0.4,25.5,0.23,21.0,25.5,0.31,25.5,0.24,21.0,25.5,0.18,25.5,0.233,21.0,25.5,0.31,25.5,0.234,21.0,25.5,0.18
1703,4627.9167,193,19.917,False,23.3,True,1.38,25.5,0.0,1.151951,0.601945,0.257391,0.003333,2153.1304,555.0,0.34,0.391663,0.639333,25.5,0.222,21.0,25.5,0.4,25.5,0.23,21.0,25.5,0.31,25.5,0.238,21.0,25.5,0.18,25.5,0.233,21.0,25.5,0.31,25.5,0.233,21.0,25.5,0.18
1704,4628.0833,193,20.083,False,23.3,True,1.38,25.5,0.0,1.149459,0.599454,0.2549,0.003333,2154.2799,551.8,0.34,0.390816,0.634272,25.5,0.222,21.0,25.5,0.4,25.5,0.229,21.0,25.5,0.31,25.5,0.237,21.0,25.5,0.18,25.5,0.232,21.0,25.5,0.31,25.5,0.232,21.0,25.5,0.18
1705,4628.25,193,20.25,False,23.4,True,1.38,25.5,0.0,1.150267,0.600262,0.255707,0.003333,2155.4301,547.8,0.34,0.391091,0.630116,25.5,0.222,21.0,25.5,0.4,25.5,0.229,21.0,25.5,0.31,25.5,0.236,21.0,25.5,0.18,25.5,0.232,21.0,25.5,0.31,25.5,0.231,21.0,25.5,0.18
1706,4628.4167,193,20.417,False,23.5,True,1.38,25.5,0.0,1.150965,0.60096,0.256406,0.003333,2156.5811,543.0,0.34,0.391328,0.624974,25.5,0.222,21.0,25.5,0.4,25.5,0.229,21.0,25.5,0.31,25.5,0.236,21.0,25.5,0.18,25.5,0.232,21.0,25.5,0.31,25.5,0.231,21.0,25.5,0.18
1707,4628.5,193,20.5,False,23.6,True,1.38,25.5,0.0,1.152003,0.601998,0.257444,0.436408,2157.7331,540.4,0.34,0.391681,0.622543,25.5,0.221,21.0,25.5,0.4,25.5,0.229,21.0,25.5,0.31,25.5,0.235,21.0,25.5,0.18,25.5,0.232,21.0,25.5,0.31,25.5,0.23,21.0,25.5,0.18
1708,4628.6667,193,20.667,False,23.7,True,1.38,25.5,0.0,1.153145,0.603139,0.258585,0.003333,2158.8863,534.7,0.34,0.392069,0.616586,25.5,0.22,21.0,25.5,0.4,25.5,0.228,21.0,25.5,0.31,25.5,0.234,21.0,25.5,0.18,25.5,0.231,21.0,25.5,0.31,25.5,0.229,21.0,25.5,0.18
1709,4628.8333,193,20.833,False,23.8,True,1.38,25.5,0.0,1.154356,0.60435,0.259796,0.003333,2160.0406,528.4,0.34,0.392481,0.609962,25.5,0.219,21.0,25.5,0.4,25.5,0.228,21.0,25.5,0.31,25.5,0.233,21.0,25.5,0.18,25.5,0.231,21.0,25.5,0.31,25.5,0.229,21.0,25.5,0.18
1710,4629.0,193,21.0,False,23.9,True,1.38,25.5,0.0,1.155619,0.605613,0.261059,0.003333,2161.1962,521.8,0.08,0.092449,0.603002,25.5,0.218,21.0,25.5,0.4,25.5,0.227,21.0,25.5,0.31,25.5,0.232,21.0,25.5,0.18,25.5,0.23,21.0,25.5,0.31,25.5,0.228,21.0,25.5,0.18
1711,4629.2222,193,21.222,False,23.98,True,1.38,25.929,0.0,0.504898,0.046561,0.003252,0.003333,2161.7011,512.3,0.08,0.040392,0.258659,25.74,0.253,21.0,25.5,0.4,25.89,0.284,21.0,25.5,0.31,26.06,0.311,21.0,25.5,0.18,25.91,0.289,21.0,25.5,0.31,26.05,0.306,21.0,25.5,0.18
1712,4629.4167,193,21.417,False,24.07,True,1.38,25.615,0.0,0.962627,0.504289,0.242622,0.003333,2162.6638,503.8,0.08,0.07701,0.484971,25.94,0.297,21.0,25.5,0.4,25.52,0.233,21.0,25.5,0.31,25.55,0.247,21.0,25.5,0.18,25.52,0.236,21.0,25.5,0.31,25.54,0.243,21.0,25.5,0.18
1713,4629.5,193,21.5,False,24.15,True,1.38,25.614,0.0,0.927454,0.469116,0.207449,0.003333,2163.5912,500.0,0.08,0.074196,0.463727,26.06,0.324,21.0,25.5,0.4,25.5,0.216,21.0,25.5,0.31,25.5,0.223,21.0,25.5,0.18,25.5,0.218,21.0,25.5,0.31,25.5,0.219,21.0,25.5,0.18
1714,4629.7222,193,21.722,False,24.23,True,1.38,25.706,0.0,0.867688,0.40935,0.194723,0.003333,2164.4589,490.0,0.08,0.069415,0.425167,25.52,0.233,21.0,25.5,0.4,25.5,0.208,21.0,25.5,0.31,26.01,0.299,21.0,25.5,0.18,25.5,0.211,21.0,25.5,0.31,26.0,0.294,21.0,25.5,0.18
1715,4629.9167,193,21.917,False,24.32,True,1.38,25.692,0.0,0.836336,0.377998,0.165184,0.003333,2165.2952,481.3,0.08,0.066907,0.402528,25.5,0.217,21.0,25.5,0.4,25.92,0.273,21.0,25.5,0.31,25.55,0.239,21.0,25.5,0.18,25.94,0.278,21.0,25.5,0.31,25.55,0.234,21.0,25.5,0.18
1716,4630.0833,193,22.083,False,24.4,True,1.38,25.514,0.0,1.08396,0.625622,0.281068,0.436415,2166.3792,473.9,0.08,0.086717,0.513689,25.5,0.21,21.0,25.5,0.4,25.52,0.219,21.0,25.5,0.31,25.51,0.216,21.0,25.5,0.18,25.53,0.222,21.0,25.5,0.31,25.51,0.211,21.0,25.5,0.18
1717,4630.25,193,22.25,False,24.22,True,1.38,25.55,0.0,0.869978,0.457474,0.195807,0.003333,2167.2492,466.7,0.08,0.069598,0.406019,25.74,0.247,21.0,25.5,0.4,25.5,0.2,21.0,25.5,0.31,25.5,0.205,21.0,25.5,0.18,25.5,0.202,21.0,25.5,0.31,25.5,0.2,21.0,25.5,0.18
1718,4630.3889,193,22.389,False,24.03,True,1.38,25.765,0.0,0.646096,0.233592,0.101852,0.003333,2167.8953,460.9,0.08,0.051688,0.297786,25.9,0.28,21.0,25.5,0.4,25.5,0.191,21.0,25.5,0.31,25.97,0.274,21.0,25.5,0.18,25.5,0.194,21.0,25.5,0.31,25.96,0.269,21.0,25.5,0.18
1719,4630.5833,193,22.583,False,23.85,True,1.38,25.767,0.0,0.639423,0.226919,0.096992,0.003333,2168.5347,453.1,0.08,0.051154,0.289722,25.99,0.3,21.0,25.5,0.4,25.87,0.247,21.0,25.5,0.31,25.54,0.218,21.0,25.5,0.18,25.89,0.253,21.0,25.5,0.31,25.54,0.213,21.0,25.5,0.18
1720,4630.6667,193,22.667,False,23.67,True,1.38,25.859,0.0,0.626062,0.213558,0.083631,0.003333,2169.1607,449.8,0.08,0.050085,0.281603,26.02,0.311,21.0,25.5,0.4,26.12,0.299,21.0,25.5,0.31,25.5,0.197,21.0,25.5,0.18,26.15,0.308,21.0,25.5,0.31,25.5,0.192,21.0,25.5,0.18
1721,4630.9167,193,22.917,False,23.48,True,1.38,25.526,0.0,1.037845,0.625341,0.280787,0.003333,2170.1986,440.6,0.08,0.083028,0.457274,25.54,0.229,21.0,25.5,0.4,25.54,0.209,21.0,25.5,0.31,25.5,0.188,21.0,25.5,0.18,25.55,0.214,21.0,25.5,0.31,25.5,0.183,21.0,25.5,0.18
1722,4631.0833,193,23.083,False,23.3,True,1.38,25.681,0.0,0.775029,0.362525,0.147898,0.003333,2170.9736,434.9,0.08,0.062002,0.33706,25.5,0.21,21.0,25.5,0.4,25.5,0.187,21.0,25.5,0.31,25.95,0.257,21.0,25.5,0.18,25.51,0.191,21.0,25.5,0.31,25.94,0.251,21.0,25.5,0.18
1723,4631.2222,193,23.222,False,23.3,False,0.0,25.994,0.0,0.666647,0.254143,0.039516,0.003333,2171.6403,430.4,0.08,0.053332,0.286925,25.64,0.224,15.6,28.0,0.0,25.98,0.254,15.6,28.0,0.0,26.18,0.307,15.6,28.0,0.0,26.01,0.262,15.6,28.0,0.0,26.16,0.301,15.6,28.0,0.0
1724,4631.3333,193,23.333,False,23.3,False,0.0,26.148,0.0,0.412504,0.0,0.0,0.003333,2172.0528,427.0,0.08,0.033,0.176139,25.81,0.257,15.6,28.0,0.0,26.15,0.298,15.6,28.0,0.0,26.3,0.338,15.6,28.0,0.0,26.19,0.309,15.6,28.0,0.0,26.29,0.332,15.6,28.0,0.0
1725,4631.5,193,23.5,False,23.3,False,0.0,26.183,0.0,0.412504,0.0,0.0,0.436389,2172.4653,422.2,0.08,0.033,0.174159,25.88,0.272,15.6,28.0,0.0,26.16,0.307,15.6,28.0,0.0,26.34,0.354,15.6,28.0,0.0,26.21,0.319,15.6,28.0,0.0,26.33,0.347,15.6,28.0,0.0
1726,4631.6667,193,23.667,False,23.3,False,0.0,26.202,0.0,0.412504,0.0,0.0,0.003333,2172.8778,417.7,0.08,0.033,0.172303,25.91,0.282,15.6,28.0,0.0,26.17,0.315,15.6,28.0,0.0,26.36,0.365,15.6,28.0,0.0,26.22,0.327,15.6,28.0,0.0,26.35,0.359,15.6,28.0,0.0
1727,4631.8333,193,23.833,False,23.3,False,0.0,26.214,0.0,0.412504,0.0,0.0,0.003333,2173.2903,413.6,0.08,0.033,0.170612,25.93,0.289,15.6,28.0,0.0,26.18,0.321,15.6,28.0,0.0,26.38,0.375,15.6,28.0,0.0,26.23,0.334,15.6,28.0,0.0,26.36,0.369,15.6,28.0,0.0
1728,4632.0,193,24.0,False,23.3,False,0.0,26.222,0.0,0.412504,0.0,0.0,0.003333,2173.7028,409.8,0.08,0.033,0.169044,25.93,0.295,15.6,28.0,0.0,26.18,0.327,15.6,28.0,0.0,26.39,0.384,15.6,28.0,0.0,26.23,0.341,15.6,28.0,0.0,26.37,0.377,15.6,28.0,0.0
1729,4632.1667,194,0.167,False,23.3,False,0.0,26.226,0.0,0.412504,0.0,0.0,0.003333,2174.1153,378.0,0.08,0.033,0.155927,25.94,0.299,15.6,28.0,0.0,26.19,0.332,15.6,28.0,0.0,26.39,0.39,15.6,28.0,0.0,26.24,0.346,15.6,28.0,0.0,26.38,0.384,15.6,28.0,0.0
1730,4632.3333,194,0.333,False,23.3,False,0.0,26.228,0.0,0.412504,0.0,0.0,0.003333,2174.5278,378.5,0.08,0.033,0.156133,25.94,0.301,15.6,28.0,0.0,26.19,0.335,15.6,28.0,0.0,26.4,0.396,15.6,28.0,0.0,26.24,0.35,15.6,28.0,0.0,26.38,0.389,15.6,28.0,0.0
1731,4632.5,194,0.5,False,23.3,False,0.0,26.229,0.0,0.412504,0.0,0.0,0.003333,2174.9403,378.9,0.08,0.033,0.156298,25.94,0.303,15.6,28.0,0.0,26.18,0.338,15.6,28.0,0.0,26.4,0.4,15.6,28.0,0.0,26.24,0.353,15.6,28.0,0.0,26.38,0.394,15.6,28.0,0.0
1732,4632.6667,194,0.667,False,23.3,False,0.0,26.228,0.0,0.412504,0.0,0.0,0.003333,2175.3528,379.3,0.08,0.033,0.156463,25.94,0.304,15.6,28.0,0.0,26.18,0.34,15.6,28.0,0.0,26.4,0.404,15.6,28.0,0.0,26.24,0.355,15.6,28.0,0.0,26.38,0.397,15.6,28.0,0.0
1733,4632.8333,194,0.833,False,23.3,False,0.0,26.226,0.0,0.412504,0.0,0.0,0.003333,2175.7653,379.4,0.08,0.033,0.156504,25.94,0.305,15.6,28.0,0.0,26.18,0.341,15.6,28.0,0.0,26.4,0.406,15.6,28.0,0.0,26.24,0.357,15.6,28.0,0.0,26.38,0.4,15.6,28.0,0.0
1734,4633.0,194,1.0,False,23.3,False,0.0,26.223,0.0,0.412504,0.0,0.0,0.003333,2176.1778,379.5,0.08,0.033,0.156545,25.94,0.305,15.6,28.0,0.0,26.17,0.342,15.6,28.0,0.0,26.39,0.408,15.6,28.0,0.0,26.23,0.358,15.6,28.0,0.0,26.38,0.402,15.6,28.0,0.0
1735,4633.1667,194,1.167,False,23.12,False,0.0,26.209,0.0,0.412504,0.0,0.0,0.436407,2176.5903,379.4,0.08,0.033,0.156504,25.92,0.303,15.6,28.0,0.0,26.16,0.34,15.6,28.0,0.0,26.38,0.407,15.6,28.0,0.0,26.22,0.357,15.6,28.0,0.0,26.36,0.401,15.6,28.0,0.0
1736,4633.3333,194,1.333,False,22.93,False,0.0,26.19,0.0,0.412504,0.0,0.0,0.003333,2177.0028,379.3,0.08,0.033,0.156463,25.91,0.301,15.6,28.0,0.0,26.14,0.336,15.6,28.0,0.0,26.36,0.405,15.6,28.0,0.0,26.2,0.354,15.6,28.0,0.0,26.34,0.398,15.6,28.0,0.0
1737,4633.5,194,1.5,False,22.75,False,0.0,26.168,0.0,0.412504,0.0,0.0,0.003333,2177.4153,378.9,0.08,0.033,0.156298,25.89,0.298,15.6,29.0,0.0,26.11,0.332,15.6,29.0,0.0,26.34,0.401,15.6,29.0,0.0,26.18,0.35,15.6,29.0,0.0,26.32,0.395,15.6,29.0,0.0
1738,4633.6667,194,1.667,False,22.57,False,0.0,26.143,0.0,0.412504,0.0,0.0,0.003333,2177.8278,378.5,0.08,0.033,0.156133,25.87,0.294,15.6,29.0,0.0,26.09,0.327,15.6,29.0,0.0,26.31,0.397,15.6,29.0,0.0,26.15,0.346,15.6,29.0,0.0,26.3,0.391,15.6,29.0,0.0
1739,4633.8333,194,1.833,False,22.38,False,0.0,26.117,0.0,0.412504,0.0,0.0,0.003333,2178.2403,378.0,0.08,0.033,0.155927,25.85,0.29,15.6,29.0,0.0,26.06,0.321,15.6,29.0,0.0,26.28,0.392,15.6,29.0,0.0,26.13,0.341,15.6,29.0,0.0,26.27,0.386,15.6,29.0,0.0
1740,4634.0,194,2.0,False,22.2,False,0.0,26.089,0.0,0.412504,0.0,0.0,0.003333,2178.6528,377.3,0.08,0.033,0.155638,25.83,0.285,15.6,29.0,0.0,26.02,0.315,15.6,29.0,0.0,26.26,0.387,15.6,29.0,0.0,26.1,0.336,15.6,29.0,0.0,26.24,0.381,15.6,29.0,0.0
1741,4634.1667,194,2.167,False,22.2,False,0.0,26.069,0.0,0.412504,0.0,0.0,0.003333,2179.0653,376.5,0.08,0.033,0.155308,25.81,0.281,15.6,29.0,0.0,26.0,0.31,15.6,29.0,0.0,26.23,0.383,15.6,29.0,0.0,26.08,0.332,15.6,29.0,0.0,26.22,0.377,15.6,29.0,0.0
1742,4634.3333,194,2.333,False,22.2,False,0.0,26.052,0.0,0.412504,0.0,0.0,0.003333,2179.4778,375.6,0.08,0.033,0.154937,25.8,0.278,15.6,29.0,0.0,25.98,0.306,15.6,29.0,0.0,26.22,0.379,15.6,29.0,0.0,26.06,0.328,15.6,29.0,0.0,26.2,0.373,15.6,29.0,0.0
1743,4634.5,194,2.5,False,22.2,False,0.0,26.037,0.0,0.412504,0.0,0.0,0.003333,2179.8904,374.6,0.08,0.033,0.154524,25.79,0.275,15.6,29.0,0.0,25.97,0.301,15.6,29.0,0.0,26.2,0.375,15.6,29.0,0.0,26.05,0.324,15.6,29.0,0.0,26.18,0.369,15.6,29.0,0.0
1744,4634.6667,194,2.667,False,22.2,False,0.0,26.023,0.0,0.412504,0.0,0.0,0.436398,2180.3029,373.4,0.08,0.033,0.154029,25.78,0.271,15.6,29.0,0.0,25.95,0.297,15.6,29.0,0.0,26.18,0.371,15.6,29.0,0.0,26.03,0.32,15.6,29.0,0.0,26.17,0.365,15.6,29.0,0.0
1745,4634.8333,194,2.833,False,22.2,False,0.0,26.008,0.0,0.412504,0.0,0.0,0.003333,2180.7154,372.2,0.08,0.033,0.153534,25.77,0.268,15.6,29.0,0.0,25.93,0.292,15.6,29.0,0.0,26.17,0.367,15.6,29.0,0.0,26.02,0.317,15.6,29.0,0.0,26.15,0.361,15.6,29.0,0.0
1746,4635.0,194,3.0,False,22.2,False,0.0,25.994,0.0,0.412504,0.0,0.0,0.003333,2181.1279,370.8,0.08,0.033,0.152956,25.76,0.264,15.6,29.0,0.0,25.92,0.288,15.6,29.0,0.0,26.15,0.363,15.6,29.0,0.0,26.0,0.313,15.6,29.0,0.0,26.14,0.357,15.6,29.0,0.0
1747,4635.1667,194,3.167,False,22.2,False,0.0,25.981,0.0,0.412504,0.0,0.0,0.003333,2181.5404,369.4,0.08,0.033,0.152379,25.75,0.261,15.6,29.0,0.0,25.9,0.284,15.6,29.0,0.0,26.14,0.359,15.6,29.0,0.0,25.99,0.309,15.6,29.0,0.0,26.12,0.353,15.6,29.0,0.0
1748,4635.3333,194,3.333,False,22.2,False,0.0,25.968,0.0,0.412504,0.0,0.0,0.003333,2181.9529,367.8,0.08,0.033,0.151719,25.75,0.257,15.6,29.0,0.0,25.89,0.28,15.6,29.0,0.0,26.12,0.355,15.6,29.0,0.0,25.98,0.306,15.6,29.0,0.0,26.11,0.349,15.6,29.0,0.0
1749,4635.5,194,3.5,False,22.2,False,0.0,25.956,0.0,0.412504,0.0,0.0,0.003333,2182.3654,366.1,0.08,0.033,0.151018,25.74,0.254,15.6,29.0,0.0,25.87,0.276,15.6,29.0,0.0,26.11,0.351,15.6,29.0,0.0,25.97,0.302,15.6,29.0,0.0,26.09,0.346,15.6,29.0,0.0
1750,4635.6667,194,3.667,False,22.2,False,0.0,25.943,0.0,0.412504,0.0,0.0,0.003333,2182.7779,364.4,0.08,0.033,0.150316,25.73,0.252,15.6,29.0,0.0,25.86,0.273,15.6,29.0,0.0,26.1,0.348,15.6,29.0,0.0,25.95,0.299,15.6,29.0,0.0,26.08,0.342,15.6,29.0,0.0
1751,4635.8333,194,3.833,False,22.2,False,0.0,25.931,0.0,0.412504,0.0,0.0,0.003333,2183.1904,362.5,0.08,0.033,0.149533,25.72,0.249,15.6,29.0,0.0,25.85,0.27,15.6,29.0,0.0,26.08,0.345,15.6,29.0,0.0,25.94,0.296,15.6,29.0,0.0,26.06,0.339,15.6,29.0,0.0
1752,4636.0,194,4.0,False,22.2,False,0.0,25.918,0.0,0.412504,0.0,0.0,0.003333,2183.6029,360.5,0.08,0.033,0.148708,25.71,0.246,15.6,29.0,0.0,25.83,0.266,15.6,29.0,0.0,26.07,0.342,15.6,29.0,0.0,25.93,0.293,15.6,29.0,0.0,26.05,0.336,15.6,29.0,0.0
1753,4636.1667,194,4.167,False,22.2,False,0.0,25.916,0.0,0.458338,0.0,0.0,0.436392,2184.0612,358.5,0.08,0.036667,0.164314,25.71,0.247,15.6,29.0,0.0,25.83,0.266,15.6,29.0,0.0,26.06,0.341,15.6,29.0,0.0,25.92,0.293,15.6,29.0,0.0,26.05,0.336,15.6,29.0,0.0
1754,4636.3333,194,4.333,False,22.2,False,0.0,25.911,0.0,0.458338,0.0,0.0,0.003333,2184.5196,356.4,0.08,0.036667,0.163352,25.71,0.246,15.6,29.0,0.0,25.83,0.264,15.6,29.0,0.0,26.06,0.339,15.6,29.0,0.0,25.92,0.291,15.6,29.0,0.0,26.04,0.334,15.6,29.0,0.0
1755,4636.5,194,4.5,False,22.2,False,0.0,25.904,0.0,0.458338,0.0,0.0,0.003333,2184.9779,354.2,0.08,0.036667,0.162343,25.71,0.245,15.6,29.0,0.0,25.82,0.262,15.6,29.0,0.0,26.05,0.337,15.6,29.0,0.0,25.91,0.289,15.6,29.0,0.0,26.03,0.331,15.6,29.0,0.0
1756,4636.6667,194,4.667,False,22.2,False,0.0,25.896,0.0,0.458338,0.0,0.0,0.003333,2185.4362,351.9,0.08,0.036667,0.161289,25.71,0.243,15.6,29.0,0.0,25.81,0.259,15.6,29.0,0.0,26.04,0.334,15.6,29.0,0.0,25.9,0.286,15.6,29.0,0.0,26.02,0.328,15.6,29.0,0.0
1757,4636.8333,194,4.833,False,22.2,False,0.0,25.886,0.0,0.458338,0.0,0.0,0.003333,2185.8946,349.5,0.08,0.036667,0.160189,25.7,0.241,15.6,29.0,0.0,25.8,0.256,15.6,29.0,0.0,26.03,0.331,15.6,29.0,0.0,25.89,0.284,15.6,29.0,0.0,26.01,0.325,15.6,29.0,0.0
1758,4637.0,194,5.0,False,22.2,False,0.0,25.877,0.0,0.458338,0.0,0.0,0.003333,2186.3529,347.1,0.08,0.036667,0.159089,25.7,0.239,15.6,29.0,0.0,25.79,0.253,15.6,29.0,0.0,26.02,0.327,15.6,29.0,0.0,25.88,0.28,15.6,29.0,0.0,26.0,0.321,15.6,29.0,0.0
1759,4637.25,194,5.25,False,22.12,True,2.75,25.538,0.213,1.054257,0.595919,0.251365,0.003333,2187.4072,343.4,0.08,0.084341,0.362032,25.51,0.199,21.5,25.5,0.81,25.52,0.199,21.5,25.5,0.61,25.56,0.241,21.5,25.5,0.36,25.53,0.213,21.5,25.5,0.61,25.56,0.237,21.5,25.5,0.36
1760,4637.3333,194,5.333,False,22.03,True,2.75,25.503,0.192,1.003671,0.545333,0.200779,0.003333,2188.4108,342.1,0.08,0.080294,0.343356,25.5,0.185,21.5,25.5,0.81,25.5,0.182,21.5,25.5,0.61,25.51,0.21,21.5,25.5,0.36,25.5,0.192,21.5,25.5,0.61,25.51,0.207,21.5,25.5,0.36
1761,4637.5,194,5.5,False,21.95,True,2.75,25.501,0.18,0.994241,0.535903,0.191349,0.003333,2189.4051,339.5,0.08,0.079539,0.337545,25.5,0.175,21.5,25.5,0.81,25.5,0.171,21.5,25.5,0.61,25.5,0.194,21.5,25.5,0.36,25.5,0.18,21.5,25.5,0.61,25.5,0.191,21.5,25.5,0.36
1762,4637.6667,194,5.667,False,21.87,True,2.75,25.5,0.169,0.987007,0.528669,0.184115,0.436391,2190.3921,336.9,0.08,0.078961,0.332523,25.5,0.167,21.5,25.5,0.81,25.5,0.161,21.5,25.5,0.61,25.5,0.181,21.5,25.5,0.36,25.5,0.169,21.5,25.5,0.61,25.5,0.178,21.5,25.5,0.36
1763,4637.8333,194,5.833,False,21.78,True,2.75,25.5,0.169,0.987755,0.529417,0.184863,0.003333,2191.3798,334.2,0.08,0.07902,0.330108,25.5,0.158,21.5,25.5,0.81,25.5,0.155,21.5,25.5,0.61,25.5,0.189,21.5,25.5,0.36,25.5,0.169,21.5,25.5,0.61,25.5,0.168,21.5,25.5,0.36
1764,4638.0,194,6.0,False,21.7,True,2.75,25.5,0.165,0.986895,0.528557,0.184003,0.003333,2192.3667,331.5,0.08,0.078952,0.327156,25.5,0.151,21.5,25.5,0.81,25.5,0.148,21.5,25.5,0.61,25.5,0.191,21.5,25.5,0.36,25.5,0.165,21.5,25.5,0.61,25.5,0.158,21.5,25.5,0.36
1765,4638.1667,194,6.167,False,21.97,True,5.5,25.5,0.207,1.131665,0.489992,0.145438,0.003333,2193.4984,328.8,0.08,0.090533,0.372092,25.5,0.157,21.5,25.5,1.61,25.5,0.156,21.5,25.5,1.22,25.5,0.207,21.5,25.5,0.72,25.5,0.175,21.5,25.5,1.22,25.5,0.163,21.5,25.5,0.72
1766,4638.3333,194,6.333,False,22.23,True,5.5,25.5,0.216,1.145402,0.503729,0.159175,0.003333,2194.6438,326.0,0.08,0.091632,0.373401,25.5,0.16,21.5,25.5,1.61,25.5,0.161,21.5,25.5,1.22,25.5,0.216,21.5,25.5,0.72,25.5,0.18,21.5,25.5,1.22,25.5,0.165,21.5,25.5,0.72
1767,4638.5833,194,6.583,False,22.5,True,5.5,25.5,0.224,1.157572,0.515899,0.171345,0.003333,2195.8014,321.8,0.08,0.092606,0.372507,25.5,0.162,21.5,25.5,1.61,25.5,0.164,21.5,25.5,1.22,25.5,0.224,21.5,25.5,0.72,25.5,0.185,21.5,25.5,1.22,25.5,0.166,21.5,25.5,0.72
1768,4638.75,194,6.75,False,22.77,True,5.5,25.5,0.237,1.171471,0.529798,0.185244,0.003333,2196.9728,319.0,0.08,0.093718,0.373699,25.5,0.163,21.5,25.5,1.61,25.5,0.169,21.5,25.5,1.22,25.5,0.237,21.5,25.5,0.72,25.5,0.191,21.5,25.5,1.22,25.5,0.168,21.5,25.5,0.72
1769,4638.9167,194,6.917,False,23.03,True,5.5,25.045,0.186,1.346749,0.705076,0.360522,0.003333,2198.3196,316.2,0.08,0.10774,0.425842,25.04,0.088,21.5,25.0,1.61,25.03,0.096,21.5,25.0,1.22,25.06,0.186,21.5,25.0,0.72,25.04,0.121,21.5,25.0,1.22,25.06,0.099,21.5,25.0,0.72
1770,4639.0556,194,7.056,False,23.3,True,5.5,25.003,0.177,1.313342,0.671669,0.327115,0.102971,2199.6329,313.8,0.08,0.105067,0.412127,25.0,0.069,21.5,25.0,1.61,25.0,0.079,21.5,25.0,1.22,25.0,0.177,21.5,25.0,0.72,25.0,0.104,21.5,25.0,1.22,25.0,0.078,21.5,25.0,0.72
1771,4639.2083,194,7.208,False,23.77,True,26.14,25.0,0.207,2.510079,0.860063,0.515509,0.336753,2202.143,311.2,0.08,0.200806,0.781137,25.0,0.089,21.5,25.0,7.65,25.0,0.099,21.5,25.0,5.8,25.0,0.207,21.5,25.0,3.44,25.0,0.124,21.5,25.0,5.8,25.0,0.095,21.5,25.0,3.44
1772,4639.375,194,7.375,False,24.23,True,26.14,24.999,0.225,2.544263,0.894247,0.549693,0.003333,2204.6873,308.4,0.08,0.203541,0.784651,25.0,0.091,21.5,25.0,7.65,25.0,0.104,21.5,25.0,5.8,25.0,0.225,21.5,25.0,3.44,25.0,0.127,21.5,25.0,5.8,25.0,0.1,21.5,25.0,3.44
1773,4639.5417,194,7.542,False,24.7,True,26.14,24.999,0.242,2.571305,0.921289,0.576734,0.003333,2207.2586,305.6,0.08,0.205704,0.785791,25.0,0.093,21.5,25.0,7.65,25.0,0.108,21.5,25.0,5.8,25.0,0.242,21.5,25.0,3.44,25.0,0.128,21.5,25.0,5.8,25.0,0.104,21.5,25.0,3.44
1774,4639.7,194,7.7,False,25.17,True,26.14,25.0,0.255,2.595918,0.945902,0.601348,0.003333,2209.8545,303.0,0.08,0.207673,0.786563,25.0,0.094,21.5,25.0,7.65,25.0,0.112,21.5,25.0,5.8,25.0,0.255,21.5,25.0,3.44,25.0,0.129,21.5,25.0,5.8,25.0,0.109,21.5,25.0,3.44
1775,4639.8667,194,7.867,False,25.63,True,26.14,24.901,0.251,2.657556,1.007539,0.662985,0.003333,2212.5121,300.2,0.08,0.212604,0.797798,24.9,0.079,21.5,24.9,7.65,24.9,0.1,21.5,24.9,5.8,24.9,0.251,21.5,24.9,3.44,24.9,0.113,21.5,24.9,5.8,24.9,0.097,21.5,24.9,3.44
1776,4640.0333,194,8.033,False,26.1,True,26.14,24.9,0.256,2.669167,1.019151,0.674597,0.003333,2215.1812,297.5,0.08,0.213533,0.794077,24.9,0.077,21.5,24.9,7.65,24.9,0.101,21.5,24.9,5.8,24.9,0.256,21.5,24.9,3.44,24.9,0.11,21.5,24.9,5.8,24.9,0.098,21.5,24.9,3.44
1777,4640.2,194,8.2,False,26.38,True,26.14,24.9,0.264,2.682683,1.032667,0.688113,0.436473,2217.8639,294.8,0.08,0.214615,0.790855,24.9,0.077,21.5,24.9,7.65,24.9,0.104,21.5,24.9,5.8,24.9,0.264,21.5,24.9,3.44,24.9,0.109,21.5,24.9,5.8,24.9,0.1,21.5,24.9,3.44
1778,4640.3667,194,8.367,False,26.67,True,26.14,24.9,0.272,2.697469,1.047453,0.702899,0.003333,2220.5614,292.1,0.08,0.215798,0.787931,24.9,0.077,21.5,24.9,7.65,24.9,0.107,21.5,24.9,5.8,24.9,0.272,21.5,24.9,3.44,24.9,0.109,21.5,24.9,5.8,24.9,0.103,21.5,24.9,3.44
1779,4640.5333,194,8.533,False,26.95,True,26.14,24.9,0.279,2.718161,1.068145,0.72359,0.003333,2223.2795,289.5,0.08,0.217453,0.786908,24.9,0.077,21.5,24.9,7.65,24.9,0.109,21.5,24.9,5.8,24.9,0.279,21.5,24.9,3.44,24.9,0.11,21.5,24.9,5.8,24.9,0.105,21.5,24.9,3.44
1780,4640.7,194,8.7,False,27.23,True,26.14,24.9,0.277,2.731878,1.081862,0.737308,0.003333,2226.0114,286.9,0.08,0.21855,0.783776,24.9,0.078,21.5,24.9,7.65,24.9,0.113,21.5,24.9,5.8,24.9,0.277,21.5,24.9,3.44,24.9,0.113,21.5,24.9,5.8,24.9,0.109,21.5,24.9,3.44
1781,4640.8667,194,8.867,False,27.52,True,26.14,24.998,0.289,2.705042,1.055026,0.710472,0.003333,2228.7165,284.4,0.08,0.216403,0.769314,25.0,0.095,21.5,25.0,7.65,25.0,0.133,21.5,25.0,5.8,25.0,0.289,21.5,25.0,3.44,25.0,0.132,21.5,25.0,5.8,25.0,0.129,21.5,25.0,3.44
1782,4641.0333,194,9.033,False,27.8,True,26.14,25.0,0.29,2.731428,1.081412,0.736858,0.003333,2231.4479,282.0,0.08,0.218514,0.770263,25.0,0.099,21.5,25.0,7.65,25.0,0.141,21.5,25.0,5.8,25.0,0.29,21.5,25.0,3.44,25.0,0.139,21.5,25.0,5.8,25.0,0.137,21.5,25.0,3.44
1783,4641.2083,194,9.208,False,27.98,True,26.14,25.0,0.281,2.742666,1.09265,0.748096,0.436477,2234.1906,279.5,0.08,0.219413,0.766575,25.0,0.102,21.5,25.0,7.65,25.0,0.146,21.5,25.0,5.8,25.0,0.281,21.5,25.0,3.44,25.0,0.144,21.5,25.0,5.8,25.0,0.142,21.5,25.0,3.44
1784,4641.375,194,9.375,False,28.17,True,26.14,25.0,0.277,2.753794,1.103778,0.759224,0.003333,2236.9443,277.2,0.08,0.220304,0.763352,25.0,0.104,21.5,25.0,7.65,25.0,0.15,21.5,25.0,5.8,25.0,0.277,21.5,25.0,3.44,25.0,0.148,21.5,25.0,5.8,25.0,0.146,21.5,25.0,3.44
1785,4641.5556,194,9.556,False,28.35,True,26.14,24.999,0.27,2.764345,1.114329,0.769775,0.003333,2239.7087,274.8,0.08,0.221148,0.759642,25.0,0.106,21.5,25.0,7.65,25.0,0.155,21.5,25.0,5.8,25.0,0.27,21.5,25.0,3.44,25.0,0.152,21.5,25.0,5.8,25.0,0.151,21.5,25.0,3.44
1786,4641.7222,194,9.722,False,28.53,True,26.14,24.999,0.27,2.776164,1.126148,0.781594,0.003333,2242.4849,272.7,0.08,0.222093,0.75706,25.0,0.108,21.5,25.0,7.65,25.0,0.159,21.5,25.0,5.8,25.0,0.27,21.5,25.0,3.44,25.0,0.155,21.5,25.0,5.8,25.0,0.155,21.5,25.0,3.44
1787,4641.875,194,9.875,False,28.72,True,26.14,25.0,0.27,2.788108,1.138092,0.793538,0.003333,2245.273,270.8,0.08,0.223049,0.75502,25.0,0.109,21.5,25.0,7.65,25.0,0.163,21.5,25.0,5.8,25.0,0.27,21.5,25.0,3.44,25.0,0.159,21.5,25.0,5.8,25.0,0.159,21.5,25.0,3.44
1788,4642.0417,194,10.042,False,28.9,True,26.14,25.0,0.269,2.799968,1.149952,0.805398,0.003333,2248.0729,268.9,0.08,0.223997,0.752911,25.0,0.111,21.5,25.0,7.65,25.0,0.166,21.5,25.0,5.8,25.0,0.269,21.5,25.0,3.44,25.0,0.162,21.5,25.0,5.8,25.0,0.163,21.5,25.0,3.44
1789,4642.2083,194,10.208,False,28.98,True,26.14,25.0,0.266,2.805244,1.155228,0.810674,0.436484,2250.8782,267.0,0.08,0.22442,0.749,25.0,0.112,21.5,25.0,7.65,25.0,0.169,21.5,25.0,5.8,25.0,0.266,21.5,25.0,3.44,25.0,0.165,21.5,25.0,5.8,25.0,0.166,21.5,25.0,3.44
1790,4642.375,194,10.375,False,29.07,True,26.14,24.999,0.263,2.809984,1.159968,0.815414,0.003333,2253.6882,265.3,0.08,0.224799,0.745489,25.0,0.113,21.5,25.0,7.65,25.0,0.172,21.5,25.0,5.8,25.0,0.263,21.5,25.0,3.44,25.0,0.167,21.5,25.0,5.8,25.0,0.168,21.5,25.0,3.44
1791,4642.5417,194,10.542,False,29.15,True,26.14,24.902,0.243,2.854675,1.204659,0.860105,0.003333,2256.5428,263.7,0.08,0.228374,0.752778,24.9,0.097,21.5,24.9,7.65,24.9,0.158,21.5,24.9,5.8,24.9,0.243,21.5,24.9,3.44,24.9,0.152,21.5,24.9,5.8,24.9,0.154,21.5,24.9,3.44
1792,4642.7083,194,10.708,False,29.23,True,26.14,24.9,0.233,2.837611,1.187595,0.843041,0.003333,2259.3804,262.3,0.08,0.227009,0.744305,24.9,0.094,21.5,24.9,7.65,24.9,0.155,21.5,24.9,5.8,24.9,0.233,21.5,24.9,3.44,24.9,0.149,21.5,24.9,5.8,24.9,0.151,21.5,24.9,3.44
1793,4642.875,194,10.875,False,29.32,True,26.14,24.899,0.224,2.835125,1.185109,0.840555,0.003333,2262.2156,261.0,0.08,0.22681,0.739968,24.9,0.092,21.5,24.9,7.65,24.9,0.154,21.5,24.9,5.8,24.9,0.224,21.5,24.9,3.44,24.9,0.148,21.5,24.9,5.8,24.9,0.15,21.5,24.9,3.44
1794,4643.0556,194,11.056,False,29.4,True,26.14,24.899,0.215,2.833502,1.183486,0.838932,0.003333,2265.0491,259.8,0.08,0.22668,0.736144,24.9,0.091,21.5,24.9,7.65,24.9,0.153,21.5,24.9,5.8,24.9,0.215,21.5,24.9,3.44,24.9,0.147,21.5,24.9,5.8,24.9,0.148,21.5,24.9,3.44
1795,4643.2222,194,11.222,False,29.5,True,13.76,24.9,0.202,2.689883,1.131534,0.78698,0.436491,2267.739,258.8,0.08,0.215191,0.696142,24.9,0.086,21.5,24.9,4.03,24.9,0.148,21.5,24.9,3.05,24.9,0.202,21.5,24.9,1.81,24.9,0.142,21.5,24.9,3.05,24.9,0.144,21.5,24.9,1.81
1796,4643.3889,194,11.389,False,29.6,True,13.76,24.9,0.192,2.687066,1.128717,0.784163,0.003333,2270.426,258.0,0.08,0.214965,0.693263,24.9,0.085,21.5,24.9,4.03,24.9,0.146,21.5,24.9,3.05,24.9,0.192,21.5,24.9,1.81,24.9,0.14,21.5,24.9,3.05,24.9,0.142,21.5,24.9,1.81
1797,4643.5833,194,11.583,False,29.7,True,13.76,24.899,0.182,2.689484,1.131135,0.786581,0.003333,2273.1155,257.4,0.08,0.215159,0.692273,24.9,0.083,21.5,24.9,4.03,24.9,0.142,21.5,24.9,3.05,24.9,0.182,21.5,24.9,1.81,24.9,0.137,21.5,24.9,3.05,24.9,0.139,21.5,24.9,1.81
1798,4643.75,194,11.75,False,29.8,True,13.76,24.899,0.178,2.689871,1.131522,0.786968,0.003333,2275.8054,257.0,0.08,0.21519,0.691297,24.9,0.082,21.5,24.9,4.03,24.9,0.141,21.5,24.9,3.05,24.9,0.178,21.5,24.9,1.81,24.9,0.135,21.5,24.9,3.05,24.9,0.137,21.5,24.9,1.81
1799,4643.8889,194,11.889,False,29.9,True,13.76,24.9,0.176,2.691635,1.133286,0.788732,0.003333,2278.497,256.9,0.08,0.215331,0.691481,24.9,0.081,21.5,24.9,4.03,24.9,0.141,21.5,24.9,3.05,24.9,0.176,21.5,24.9,1.81,24.9,0.135,21.5,24.9,3.05,24.9,0.137,21.5,24.9,1.81
1800,4644.0556,194,12.056,False,30.0,True,13.76,24.9,0.175,2.694419,1.136071,0.791517,0.436494,2281.1914,257.0,0.08,0.215554,0.692466,24.9,0.08,21.5,24.9,4.03,24.9,0.141,21.5,24.9,3.05,24.9,0.175,21.5,24.9,1.81,24.9,0.135,21.5,24.9,3.05,24.9,0.136,21.5,24.9,1.81
1801,4644.2222,194,12.222,False,30.18,True,26.14,24.899,0.179,2.846073,1.196057,0.851503,0.003333,2284.0375,257.4,0.08,0.227686,0.732579,24.9,0.084,21.5,24.9,7.65,24.9,0.145,21.5,24.9,5.8,24.9,0.179,21.5,24.9,3.44,24.9,0.139,21.5,24.9,5.8,24.9,0.14,21.5,24.9,3.44
1802,4644.3889,194,12.389,False,30.37,True,26.14,24.899,0.181,2.857778,1.207761,0.863207,0.003333,2286.8953,258.1,0.08,0.228622,0.737592,24.9,0.085,21.5,24.9,7.65,24.9,0.148,21.5,24.9,5.8,24.9,0.181,21.5,24.9,3.44,24.9,0.141,21.5,24.9,5.8,24.9,0.143,21.5,24.9,3.44
1803,4644.5417,194,12.542,False,30.55,True,26.14,24.9,0.183,2.869117,1.219101,0.874547,0.003333,2289.7644,259.0,0.08,0.229529,0.743101,24.9,0.086,21.5,24.9,7.65,24.9,0.15,21.5,24.9,5.8,24.9,0.183,21.5,24.9,3.44,24.9,0.144,21.5,24.9,5.8,24.9,0.145,21.5,24.9,3.44
1804,4644.7083,194,12.708,False,30.73,True,26.14,24.9,0.185,2.874051,1.224035,0.879481,0.003333,2292.6385,260.3,0.08,0.229924,0.748116,24.9,0.088,21.5,24.9,7.65,24.9,0.153,21.5,24.9,5.8,24.9,0.185,21.5,24.9,3.44,24.9,0.147,21.5,24.9,5.8,24.9,0.148,21.5,24.9,3.44
1805,4644.8889,194,12.889,False,30.92,True,26.14,24.899,0.188,2.885721,1.235705,0.891151,0.003333,2295.5242,262.1,0.08,0.230858,0.756348,24.9,0.09,21.5,24.9,7.65,24.9,0.156,21.5,24.9,5.8,24.9,0.188,21.5,24.9,3.44,24.9,0.149,21.5,24.9,5.8,24.9,0.151,21.5,24.9,3.44
1806,4645.0556,194,13.056,False,31.1,True,26.14,24.899,0.19,2.897571,1.247555,0.903001,0.4365,2298.4217,264.2,0.08,0.231806,0.765538,24.9,0.091,21.5,24.9,7.65,24.9,0.159,21.5,24.9,5.8,24.9,0.19,21.5,24.9,3.44,24.9,0.152,21.5,24.9,5.8,24.9,0.153,21.5,24.9,3.44
1807,4645.2222,194,13.222,False,31.28,True,26.14,24.995,0.206,2.861167,1.211151,0.866597,0.003333,2301.2829,266.8,0.08,0.228893,0.763359,25.0,0.107,21.5,25.0,7.65,25.0,0.176,21.5,25.0,5.8,24.99,0.206,21.5,25.0,3.44,25.0,0.169,21.5,25.0,5.8,24.99,0.17,21.5,25.0,3.44
1808,4645.4167,194,13.417,False,31.47,True,26.14,24.999,0.21,2.875718,1.225702,0.881148,0.003333,2304.1586,270.2,0.08,0.230057,0.777019,25.0,0.109,21.5,25.0,7.65,25.0,0.181,21.5,25.0,5.8,25.0,0.21,21.5,25.0,3.44,25.0,0.173,21.5,25.0,5.8,25.0,0.174,21.5,25.0,3.44
1809,4645.5833,194,13.583,False,31.65,True,26.14,24.999,0.211,2.880706,1.23069,0.886136,0.003333,2307.0393,273.8,0.08,0.230456,0.788737,25.0,0.107,21.5,25.0,7.65,25.0,0.182,21.5,25.0,5.8,25.0,0.211,21.5,25.0,3.44,25.0,0.174,21.5,25.0,5.8,25.0,0.174,21.5,25.0,3.44
1810,4645.75,194,13.75,False,31.83,True,26.14,24.999,0.21,2.882523,1.232507,0.887953,0.003333,2309.9219,277.8,0.08,0.230602,0.800765,25.0,0.104,21.5,25.0,7.65,25.0,0.182,21.5,25.0,5.8,25.0,0.21,21.5,25.0,3.44,25.0,0.173,21.5,25.0,5.8,25.0,0.173,21.5,25.0,3.44
1811,4645.9167,194,13.917,False,32.02,True,26.14,24.999,0.208,2.884351,1.234335,0.889781,0.003333,2312.8062,282.3,0.08,0.230748,0.814252,25.0,0.101,21.5,25.0,7.65,25.0,0.18,21.5,25.0,5.8,25.0,0.208,21.5,25.0,3.44,25.0,0.171,21.5,25.0,5.8,25.0,0.178,21.5,25.0,3.44
1812,4646.0833,194,14.083,False,32.2,True,26.14,24.999,0.205,2.886071,1.236055,0.891501,0.436457,2315.6923,287.4,0.08,0.230886,0.829457,25.0,0.097,21.5,25.0,7.65,25.0,0.178,21.5,25.0,5.8,25.0,0.205,21.5,25.0,3.44,25.0,0.169,21.5,25.0,5.8,25.0,0.185,21.5,25.0,3.44
1813,4646.1667,194,14.167,False,32.3,True,26.14,24.999,0.203,2.890777,1.240761,0.896207,0.003333,2318.5831,290.1,0.08,0.231262,0.838614,25.0,0.095,21.5,25.0,7.65,25.0,0.176,21.5,25.0,5.8,25.0,0.203,21.5,25.0,3.44,25.0,0.167,21.5,25.0,5.8,25.0,0.194,21.5,25.0,3.44
1814,4646.3333,194,14.333,False,32.4,True,26.14,24.999,0.206,2.897939,1.247923,0.903369,0.003333,2321.481,296.0,0.08,0.231835,0.85779,25.0,0.093,21.5,25.0,7.65,25.0,0.176,21.5,25.0,5.8,25.0,0.202,21.5,25.0,3.44,25.0,0.166,21.5,25.0,5.8,25.0,0.206,21.5,25.0,3.44
1815,4646.5,194,14.5,False,32.5,True,26.14,24.999,0.219,2.906786,1.25677,0.912216,0.003333,2324.3878,302.5,0.08,0.232543,0.879303,25.0,0.092,21.5,25.0,7.65,25.0,0.176,21.5,25.0,5.8,25.0,0.202,21.5,25.0,3.44,25.0,0.167,21.5,25.0,5.8,25.0,0.219,21.5,25.0,3.44
1816,4646.6667,194,14.667,False,32.6,True,26.14,24.999,0.233,2.916641,1.266625,0.92207,0.003333,2327.3044,309.6,0.08,0.233331,0.902992,25.0,0.093,21.5,25.0,7.65,25.0,0.177,21.5,25.0,5.8,25.0,0.203,21.5,25.0,3.44,25.0,0.168,21.5,25.0,5.8,25.0,0.233,21.5,25.0,3.44
1817,4646.8333,194,14.833,False,32.7,True,26.14,24.999,0.246,2.927725,1.277709,0.933155,0.003333,2330.2321,317.3,0.08,0.234218,0.928967,25.0,0.093,21.5,25.0,7.65,25.0,0.179,21.5,25.0,5.8,25.0,0.204,21.5,25.0,3.44,25.0,0.17,21.5,25.0,5.8,25.0,0.246,21.5,25.0,3.44
1818,4647.0,194,15.0,False,32.8,True,26.14,24.999,0.26,2.938872,1.288856,0.944302,0.003333,2333.171,325.5,0.08,0.23511,0.956603,25.0,0.094,21.5,25.0,7.65,25.0,0.181,21.5,25.0,5.8,25.0,0.205,21.5,25.0,3.44,25.0,0.171,21.5,25.0,5.8,25.0,0.26,21.5,25.0,3.44
1819,4647.1667,194,15.167,False,32.8,True,26.14,24.999,0.273,2.945327,1.295311,0.950757,0.436464,2336.1163,334.4,0.08,0.235626,0.984917,25.0,0.096,21.5,25.0,7.65,25.0,0.183,21.5,25.0,5.8,25.0,0.206,21.5,25.0,3.44,25.0,0.173,21.5,25.0,5.8,25.0,0.273,21.5,25.0,3.44
1820,4647.4167,194,15.417,False,32.8,True,26.14,24.999,0.285,2.95168,1.301664,0.95711,0.003333,2339.068,348.6,0.08,0.236134,1.028956,25.0,0.098,21.5,25.0,7.65,25.0,0.184,21.5,25.0,5.8,25.0,0.207,21.5,25.0,3.44,25.0,0.174,21.5,25.0,5.8,25.0,0.285,21.5,25.0,3.44
1821,4647.5833,194,15.583,False,32.8,True,26.14,24.999,0.297,2.957949,1.307933,0.963379,0.003333,2342.026,358.8,0.08,0.236636,1.061312,25.0,0.099,21.5,25.0,7.65,25.0,0.186,21.5,25.0,5.8,25.0,0.208,21.5,25.0,3.44,25.0,0.176,21.5,25.0,5.8,25.0,0.297,21.5,25.0,3.44
1822,4647.75,194,15.75,False,32.8,True,26.14,24.999,0.309,2.963065,1.313049,0.968495,0.003333,2344.989,369.4,0.08,0.237045,1.094556,25.0,0.101,21.5,25.0,7.65,25.0,0.186,21.5,25.0,5.8,25.0,0.208,21.5,25.0,3.44,25.0,0.176,21.5,25.0,5.8,25.0,0.309,21.5,25.0,3.44
1823,4647.9167,194,15.917,False,32.8,True,26.14,24.999,0.32,2.967479,1.317463,0.972909,0.003333,2347.9565,380.4,0.08,0.237398,1.128829,25.0,0.103,21.5,25.0,7.65,25.0,0.186,21.5,25.0,5.8,25.0,0.208,21.5,25.0,3.44,25.0,0.177,21.5,25.0,5.8,25.0,0.32,21.5,25.0,3.44
1824,4648.0556,194,16.056,False,32.8,True,26.14,24.999,0.327,2.970546,1.32053,0.975976,0.003333,2350.9271,389.8,0.34,1.009986,1.157919,25.0,0.105,21.5,25.0,7.65,25.0,0.186,21.5,25.0,5.8,25.0,0.207,21.5,25.0,3.44,25.0,0.177,21.5,25.0,5.8,25.0,0.327,21.5,25.0,3.44
1825,4648.2222,194,16.222,False,32.8,True,8.25,25.48,0.391,1.886881,0.970206,0.625652,0.436453,2352.8139,401.4,0.34,0.64154,0.757394,25.48,0.162,21.5,25.5,2.42,25.48,0.244,21.5,25.5,1.83,25.47,0.263,21.5,25.5,1.09,25.48,0.235,21.5,25.5,1.83,25.47,0.391,21.5,25.5,1.09
1826,4648.3889,194,16.389,False,32.8,True,8.25,25.498,0.418,1.942969,1.026293,0.681739,0.003333,2354.7569,413.2,0.34,0.660609,0.802835,25.5,0.174,21.5,25.5,2.42,25.5,0.257,21.5,25.5,1.83,25.5,0.277,21.5,25.5,1.09,25.5,0.248,21.5,25.5,1.83,25.5,0.418,21.5,25.5,1.09
1827,4648.5556,194,16.556,False,32.8,True,8.25,25.5,0.428,1.950705,1.034029,0.689475,0.003333,2356.7076,425.2,0.34,0.66324,0.82944,25.5,0.177,21.5,25.5,2.42,25.5,0.259,21.5,25.5,1.83,25.5,0.279,21.5,25.5,1.09,25.5,0.25,21.5,25.5,1.83,25.5,0.428,21.5,25.5,1.09
1828,4648.7222,194,16.722,False,32.8,True,8.25,25.5,0.419,1.949278,1.032603,0.688049,0.003333,2358.6569,437.2,0.34,0.662755,0.852225,25.5,0.179,21.5,25.5,2.42,25.5,0.26,21.5,25.5,1.83,25.5,0.279,21.5,25.5,1.09,25.5,0.251,21.5,25.5,1.83,25.5,0.419,21.5,25.5,1.09
1829,4648.875,194,16.875,False,32.8,True,8.25,25.5,0.409,1.947121,1.030445,0.685891,0.003333,2360.604,448.1,0.34,0.662021,0.872505,25.5,0.182,21.5,25.5,2.42,25.5,0.262,21.5,25.5,1.83,25.5,0.28,21.5,25.5,1.09,25.5,0.253,21.5,25.5,1.83,25.5,0.409,21.5,25.5,1.09
1830,4649.0417,194,17.042,False,32.8,True,8.25,25.5,0.396,1.944364,1.027689,0.683135,0.003333,2362.5484,459.9,0.34,0.661084,0.894213,25.5,0.184,21.5,25.5,2.42,25.5,0.262,21.5,25.5,1.83,25.5,0.28,21.5,25.5,1.09,25.5,0.255,21.5,25.5,1.83,25.5,0.396,21.5,25.5,1.09
1831,4649.2,194,17.2,False,32.52,True,2.75,25.5,0.253,1.605834,0.964161,0.619607,0.003333,2364.1542,470.9,0.34,0.545984,0.756187,25.5,0.177,21.5,25.5,0.81,25.5,0.253,21.5,25.5,0.61,25.5,0.272,21.5,25.5,0.36,25.5,0.248,21.5,25.5,0.61,25.5,0.367,21.5,25.5,0.36
1832,4649.3667,194,17.367,False,32.23,True,2.75,25.5,0.249,1.580578,0.938905,0.594351,0.436445,2365.7348,482.2,0.34,0.537397,0.762155,25.5,0.175,21.5,25.5,0.81,25.5,0.249,21.5,25.5,0.61,25.5,0.267,21.5,25.5,0.36,25.5,0.245,21.5,25.5,0.61,25.5,0.34,21.5,25.5,0.36
1833,4649.5333,194,17.533,False,31.95,True,2.75,25.5,0.244,1.55684,0.915167,0.570613,0.003333,2367.2916,493.0,0.34,0.529326,0.767522,25.5,0.174,21.5,25.5,0.81,25.5,0.244,21.5,25.5,0.61,25.5,0.263,21.5,25.5,0.36,25.5,0.241,21.5,25.5,0.61,25.5,0.311,21.5,25.5,0.36
1834,4649.7,194,17.7,False,31.67,True,2.75,25.5,0.24,1.538471,0.896798,0.552244,0.003333,2368.8301,503.2,0.34,0.52308,0.774159,25.5,0.172,21.5,25.5,0.81,25.5,0.24,21.5,25.5,0.61,25.5,0.259,21.5,25.5,0.36,25.5,0.238,21.5,25.5,0.61,25.5,0.3,21.5,25.5,0.36
1835,4649.8667,194,17.867,False,31.38,True,2.75,25.5,0.235,1.521931,0.880258,0.535704,0.003333,2370.352,512.8,0.34,0.517456,0.780446,25.5,0.171,21.5,25.5,0.81,25.5,0.235,21.5,25.5,0.61,25.5,0.255,21.5,25.5,0.36,25.5,0.235,21.5,25.5,0.61,25.5,0.291,21.5,25.5,0.36
1836,4650.0333,194,18.033,False,31.1,True,2.75,25.5,0.232,1.506101,0.864428,0.519874,0.003333,2371.8581,521.7,0.34,0.512074,0.785733,25.5,0.17,21.5,25.5,0.81,25.5,0.231,21.5,25.5,0.61,25.5,0.251,21.5,25.5,0.36,25.5,0.232,21.5,25.5,0.61,25.5,0.283,21.5,25.5,0.36
1837,4650.2083,194,18.208,False,31.02,True,2.75,25.5,0.229,1.498054,0.856381,0.511827,0.003333,2373.3562,530.2,0.34,0.509338,0.794268,25.5,0.169,21.5,25.5,0.81,25.5,0.228,21.5,25.5,0.61,25.5,0.248,21.5,25.5,0.36,25.5,0.229,21.5,25.5,0.61,25.5,0.275,21.5,25.5,0.36
1838,4650.375,194,18.375,False,30.93,True,2.75,25.5,0.227,1.490242,0.848569,0.504015,0.003333,2374.8464,537.3,0.34,0.506682,0.800707,25.5,0.168,21.5,25.5,0.81,25.5,0.225,21.5,25.5,0.61,25.5,0.245,21.5,25.5,0.36,25.5,0.227,21.5,25.5,0.61,25.5,0.269,21.5,25.5,0.36
1839,4650.5417,194,18.542,False,30.85,True,2.75,25.011,0.145,1.670479,1.028806,0.684252,0.003333,2376.5169,543.5,0.34,0.567963,0.907905,25.01,0.087,21.5,25.0,0.81,25.01,0.142,21.5,25.0,0.61,25.02,0.165,21.5,25.0,0.36,25.01,0.145,21.5,25.0,0.61,25.02,0.185,21.5,25.0,0.36
1840,4650.7083,194,18.708,False,30.77,True,2.75,25.0,0.126,1.601942,0.960269,0.615715,0.436436,2378.1189,548.7,0.34,0.54466,0.878986,25.0,0.071,21.5,25.0,0.81,25.0,0.123,21.5,25.0,0.61,25.0,0.144,21.5,25.0,0.36,25.0,0.126,21.5,25.0,0.61,25.0,0.162,21.5,25.0,0.36
1841,4650.8889,194,18.889,False,30.68,True,2.75,25.0,0.118,1.583147,0.941474,0.59692,0.003333,2379.702,553.1,0.34,0.53827,0.875639,25.0,0.065,21.5,25.0,0.81,25.0,0.114,21.5,25.0,0.61,25.0,0.135,21.5,25.0,0.36,25.0,0.118,21.5,25.0,0.61,25.0,0.151,21.5,25.0,0.36
1842,4651.0556,194,19.056,False,30.6,True,2.75,25.0,0.111,1.569597,0.927924,0.58337,0.003333,2381.2716,556.1,0.34,0.533663,0.872853,25.0,0.06,21.5,25.0,0.81,25.0,0.107,21.5,25.0,0.61,25.0,0.128,21.5,25.0,0.36,25.0,0.111,21.5,25.0,0.61,25.0,0.144,21.5,25.0,0.36
1843,4651.2222,194,19.222,False,30.32,True,1.38,25.0,0.0,1.449606,0.899601,0.555047,0.003333,2382.7212,558.1,0.34,0.492866,0.809025,25.0,0.053,21.5,25.0,0.4,25.0,0.098,21.5,25.0,0.31,25.0,0.12,21.5,25.0,0.18,25.0,0.103,21.5,25.0,0.31,25.0,0.133,21.5,25.0,0.18
1844,4651.3889,194,19.389,False,30.03,True,1.38,25.0,0.0,1.430875,0.88087,0.536316,0.003333,2384.1521,558.9,0.34,0.486498,0.799716,25.0,0.05,21.5,25.0,0.4,25.0,0.093,21.5,25.0,0.31,25.0,0.114,21.5,25.0,0.18,25.0,0.097,21.5,25.0,0.31,25.0,0.125,21.5,25.0,0.18
1845,4651.5556,194,19.556,False,29.75,True,1.38,25.0,0.0,1.411247,0.861241,0.516687,0.003333,2385.5633,558.8,0.34,0.479824,0.788605,25.0,0.048,21.5,25.0,0.4,25.0,0.087,21.5,25.0,0.31,25.0,0.108,21.5,25.0,0.18,25.0,0.089,21.5,25.0,0.31,25.0,0.112,21.5,25.0,0.18
1846,4651.7222,194,19.722,False,29.47,True,1.38,25.0,0.0,1.39637,0.846365,0.501811,0.003333,2386.9597,557.6,0.34,0.474766,0.778616,25.0,0.046,21.5,25.0,0.4,25.0,0.084,21.5,25.0,0.31,25.0,0.105,21.5,25.0,0.18,25.0,0.086,21.5,25.0,0.31,25.0,0.107,21.5,25.0,0.18
1847,4651.8889,194,19.889,False,29.18,True,1.38,25.0,0.0,1.383203,0.833198,0.488644,0.003333,2388.3429,555.5,0.34,0.470289,0.768369,25.0,0.046,21.5,25.0,0.4,25.0,0.082,21.5,25.0,0.31,25.0,0.103,21.5,25.0,0.18,25.0,0.084,21.5,25.0,0.31,25.0,0.104,21.5,25.0,0.18
1848,4652.0556,194,20.056,False,28.9,True,1.38,25.0,0.0,1.371083,0.821077,0.476523,0.436431,2389.714,552.4,0.34,0.466168,0.757386,25.0,0.045,21.5,25.0,0.4,25.0,0.08,21.5,25.0,0.31,25.0,0.101,21.5,25.0,0.18,25.0,0.082,21.5,25.0,0.31,25.0,0.102,21.5,25.0,0.18
1849,4652.2222,194,20.222,False,28.8,True,1.38,25.472,0.0,1.179528,0.629523,0.284969,0.003333,2390.8935,548.5,0.34,0.40104,0.646971,25.45,0.119,21.5,25.5,0.4,25.48,0.159,21.5,25.5,0.31,25.47,0.176,21.5,25.5,0.18,25.48,0.16,21.5,25.5,0.31,25.47,0.176,21.5,25.5,0.18
1850,4652.4167,194,20.417,False,28.7,True,1.38,25.496,0.0,1.244284,0.694278,0.349724,0.003333,2392.1378,543.0,0.34,0.423056,0.675646,25.49,0.14,21.5,25.5,0.4,25.5,0.175,21.5,25.5,0.31,25.49,0.193,21.5,25.5,0.18,25.5,0.177,21.5,25.5,0.31,25.49,0.193,21.5,25.5,0.18
1851,4652.5833,194,20.583,False,28.6,True,1.38,25.499,0.0,1.252504,0.702498,0.357944,0.003333,2393.3903,537.6,0.34,0.425851,0.673346,25.5,0.147,21.5,25.5,0.4,25.5,0.182,21.5,25.5,0.31,25.5,0.2,21.5,25.5,0.18,25.5,0.184,21.5,25.5,0.31,25.5,0.2,21.5,25.5,0.18
1852,4652.75,194,20.75,False,28.5,True,1.38,25.5,0.0,1.254614,0.704608,0.360054,0.003333,2394.6449,531.6,0.34,0.426569,0.666953,25.5,0.153,21.5,25.5,0.4,25.5,0.187,21.5,25.5,0.31,25.5,0.205,21.5,25.5,0.18,25.5,0.189,21.5,25.5,0.31,25.5,0.205,21.5,25.5,0.18
1853,4652.9167,194,20.917,False,28.4,True,1.38,25.5,0.0,1.255796,0.705791,0.361237,0.003333,2395.9007,525.2,0.34,0.426971,0.659544,25.5,0.159,21.5,25.5,0.4,25.5,0.192,21.5,25.5,0.31,25.5,0.209,21.5,25.5,0.18,25.5,0.194,21.5,25.5,0.31,25.5,0.209,21.5,25.5,0.18
1854,4653.0833,194,21.083,False,28.3,True,1.38,25.5,0.0,1.256328,0.706322,0.361768,0.003333,2397.157,518.3,0.08,0.100506,0.651155,25.5,0.163,21.5,25.5,0.4,25.5,0.196,21.5,25.5,0.31,25.5,0.213,21.5,25.5,0.18,25.5,0.198,21.5,25.5,0.31,25.5,0.213,21.5,25.5,0.18
1855,4653.2222,194,21.222,False,28.12,True,1.38,25.426,0.0,1.110336,0.651999,0.378383,0.003333,2398.2674,512.3,0.08,0.088827,0.568825,25.56,0.182,21.0,25.0,0.4,25.01,0.11,21.0,25.0,0.31,25.76,0.263,21.0,25.0,0.18,25.02,0.113,21.0,25.0,0.31,25.77,0.265,21.0,25.0,0.18
1856,4653.4167,194,21.417,False,27.93,True,1.38,25.064,0.0,1.233414,0.775077,0.430522,0.003333,2399.5008,503.8,0.08,0.098673,0.621394,25.06,0.08,21.0,25.0,0.4,25.0,0.088,21.0,25.0,0.31,25.13,0.138,21.0,25.0,0.18,25.0,0.091,21.0,25.0,0.31,25.13,0.138,21.0,25.0,0.18
1857,4653.5833,194,21.583,False,27.75,True,1.38,25.009,0.0,1.203481,0.745143,0.400589,0.436412,2400.7043,496.3,0.08,0.096278,0.597288,25.01,0.061,21.0,25.0,0.4,25.0,0.078,21.0,25.0,0.31,25.02,0.106,21.0,25.0,0.18,25.0,0.08,21.0,25.0,0.31,25.02,0.106,21.0,25.0,0.18
1858,4653.7083,194,21.708,False,27.57,True,1.38,25.663,0.0,0.458338,0.0,0.0,0.003333,2401.1626,490.7,0.08,0.036667,0.224906,25.45,0.129,21.0,25.0,0.4,25.63,0.169,21.0,25.0,0.31,25.79,0.217,21.0,25.0,0.18,25.64,0.174,21.0,25.0,0.31,25.81,0.22,21.0,25.0,0.18
1859,4653.8889,194,21.889,False,27.38,True,1.38,25.02,0.0,1.251899,0.793561,0.449007,0.003333,2402.4145,482.5,0.08,0.100152,0.604041,25.01,0.07,21.0,25.0,0.4,25.01,0.091,21.0,25.0,0.31,25.03,0.122,21.0,25.0,0.18,25.01,0.095,21.0,25.0,0.31,25.03,0.123,21.0,25.0,0.18
1860,4654.0833,194,22.083,False,27.2,True,1.38,25.003,0.0,1.184283,0.725945,0.381391,0.003333,2403.5988,473.9,0.08,0.094743,0.561232,25.0,0.056,21.0,25.0,0.4,25.0,0.069,21.0,25.0,0.31,25.01,0.094,21.0,25.0,0.18,25.0,0.073,21.0,25.0,0.31,25.01,0.094,21.0,25.0,0.18
1861,4654.25,194,22.25,False,27.2,True,1.38,25.0,0.0,1.123041,0.710537,0.365983,0.003333,2404.7218,466.7,0.08,0.089843,0.524123,25.0,0.049,21.0,25.0,0.4,25.0,0.061,21.0,25.0,0.31,25.0,0.083,21.0,25.0,0.18,25.0,0.064,21.0,25.0,0.31,25.0,0.084,21.0,25.0,0.18
1862,4654.375,194,22.375,False,27.2,True,1.38,25.619,0.0,0.412504,0.0,0.0,0.003333,2405.1343,461.5,0.08,0.033,0.190371,25.42,0.114,21.0,25.0,0.4,25.59,0.148,21.0,25.0,0.31,25.73,0.193,21.0,25.0,0.18,25.6,0.154,21.0,25.0,0.31,25.76,0.197,21.0,25.0,0.18
1863,4654.5556,194,22.556,False,27.2,True,1.38,25.018,0.0,1.182484,0.76998,0.425426,0.003333,2406.3168,454.2,0.08,0.094599,0.537084,25.01,0.061,21.0,25.0,0.4,25.01,0.077,21.0,25.0,0.31,25.03,0.106,21.0,25.0,0.18,25.01,0.082,21.0,25.0,0.31,25.03,0.107,21.0,25.0,0.18
1864,4654.6667,194,22.667,False,27.2,True,1.38,25.0,0.0,1.122385,0.709881,0.365327,0.003333,2407.4392,449.8,0.08,0.089791,0.504849,25.0,0.049,21.0,25.0,0.4,25.0,0.059,21.0,25.0,0.31,25.0,0.081,21.0,25.0,0.18,25.0,0.063,21.0,25.0,0.31,25.0,0.082,21.0,25.0,0.18
1865,4654.8333,194,22.833,False,27.2,True,1.38,24.999,0.0,1.112221,0.699717,0.355163,0.003333,2408.5514,443.6,0.08,0.088978,0.493381,25.0,0.045,21.0,25.0,0.4,25.0,0.054,21.0,25.0,0.31,25.0,0.075,21.0,25.0,0.18,25.0,0.057,21.0,25.0,0.31,25.0,0.075,21.0,25.0,0.18
1866,4655.0417,194,23.042,False,27.2,True,1.38,25.599,0.0,0.412504,0.0,0.0,0.436418,2408.9639,436.3,0.08,0.033,0.179976,25.4,0.109,21.0,25.0,0.4,25.57,0.139,21.0,25.0,0.31,25.71,0.182,21.0,25.0,0.18,25.58,0.145,21.0,25.0,0.31,25.74,0.186,21.0,25.0,0.18
1867,4655.1667,194,23.167,False,27.2,False,0.0,26.096,0.0,0.320836,0.0,0.0,0.003333,2409.2848,432.2,0.08,0.025667,0.138666,25.79,0.189,15.6,28.0,0.0,26.04,0.238,15.6,28.0,0.0,26.27,0.3,15.6,28.0,0.0,26.07,0.246,15.6,28.0,0.0,26.31,0.308,15.6,28.0,0.0
1868,4655.3333,194,23.333,False,27.2,False,0.0,26.212,0.0,0.320836,0.0,0.0,0.003333,2409.6056,427.0,0.08,0.025667,0.136997,25.88,0.217,15.6,28.0,0.0,26.15,0.27,15.6,28.0,0.0,26.4,0.338,15.6,28.0,0.0,26.18,0.279,15.6,28.0,0.0,26.44,0.348,15.6,28.0,0.0
1869,4655.5,194,23.5,False,27.2,False,0.0,26.272,0.0,0.320836,0.0,0.0,0.003333,2409.9264,422.2,0.08,0.025667,0.135457,25.93,0.238,15.6,28.0,0.0,26.21,0.292,15.6,28.0,0.0,26.46,0.364,15.6,28.0,0.0,26.24,0.302,15.6,28.0,0.0,26.51,0.376,15.6,28.0,0.0
1870,4655.6667,194,23.667,False,27.2,False,0.0,26.311,0.0,0.320836,0.0,0.0,0.003333,2410.2473,417.7,0.08,0.025667,0.134013,25.96,0.254,15.6,28.0,0.0,26.25,0.31,15.6,28.0,0.0,26.5,0.386,15.6,28.0,0.0,26.28,0.321,15.6,28.0,0.0,26.56,0.398,15.6,28.0,0.0
1871,4655.8333,194,23.833,False,27.2,False,0.0,26.34,0.0,0.320836,0.0,0.0,0.003333,2410.5681,413.6,0.08,0.025667,0.132698,25.98,0.268,15.6,28.0,0.0,26.27,0.325,15.6,28.0,0.0,26.54,0.404,15.6,28.0,0.0,26.31,0.336,15.6,28.0,0.0,26.59,0.417,15.6,28.0,0.0
1872,4656.0,194,24.0,False,27.2,False,0.0,26.363,0.0,0.320836,0.0,0.0,0.003333,2410.8889,409.8,0.08,0.025667,0.131479,26.0,0.28,15.6,28.0,0.0,26.3,0.338,15.6,28.0,0.0,26.56,0.42,15.6,28.0,0.0,26.33,0.35,15.6,28.0,0.0,26.62,0.434,15.6,28.0,0.0
1873,4656.1667,195,0.167,True,27.12,False,0.0,26.378,0.0,0.320836,0.0,0.0,0.003333,2411.2098,378.0,0.08,0.025667,0.121276,26.01,0.29,15.6,28.0,0.0,26.31,0.349,15.6,28.0,0.0,26.58,0.433,15.6,28.0,0.0,26.35,0.361,15.6,28.0,0.0,26.64,0.447,15.6,28.0,0.0
1874,4656.3333,195,0.333,True,27.03,False,0.0,26.389,0.0,0.320836,0.0,0.0,0.003333,2411.5306,378.5,0.08,0.025667,0.121437,26.02,0.298,15.6,28.0,0.0,26.32,0.358,15.6,28.0,0.0,26.59,0.444,15.6,28.0,0.0,26.36,0.37,15.6,28.0,0.0,26.66,0.459,15.6,28.0,0.0
1875,4656.5,195,0.5,True,26.95,False,0.0,26.397,0.0,0.320836,0.0,0.0,0.436389,2411.8515,378.9,0.08,0.025667,0.121565,26.02,0.305,15.6,28.0,0.0,26.33,0.365,15.6,28.0,0.0,26.6,0.453,15.6,28.0,0.0,26.37,0.378,15.6,28.0,0.0,26.67,0.468,15.6,28.0,0.0
1876,4656.6667,195,0.667,True,26.87,False,0.0,26.403,0.0,0.320836,0.0,0.0,0.003333,2412.1723,379.3,0.08,0.025667,0.121693,26.03,0.31,15.6,28.0,0.0,26.33,0.371,15.6,28.0,0.0,26.61,0.461,15.6,28.0,0.0,26.37,0.384,15.6,28.0,0.0,26.67,0.476,15.6,28.0,0.0
1877,4656.8333,195,0.833,True,26.78,False,0.0,26.406,0.0,0.320836,0.0,0.0,0.003333,2412.4931,379.4,0.08,0.025667,0.121725,26.03,0.314,15.6,28.0,0.0,26.33,0.376,15.6,28.0,0.0,26.62,0.467,15.6,28.0,0.0,26.37,0.39,15.6,28.0,0.0,26.68,0.483,15.6,28.0,0.0
1878,4657.0,195,1.0,True,26.7,False,0.0,26.407,0.0,0.320836,0.0,0.0,0.003333,2412.814,379.5,0.08,0.025667,0.121757,26.03,0.317,15.6,28.0,0.0,26.33,0.38,15.6,28.0,0.0,26.62,0.472,15.6,28.0,0.0,26.38,0.394,15.6,28.0,0.0,26.68,0.488,15.6,28.0,0.0
1879,4657.1667,195,1.167,True,26.52,False,0.0,26.403,0.0,0.320836,0.0,0.0,0.003333,2413.1348,379.4,0.08,0.025667,0.121725,26.02,0.319,15.6,28.0,0.0,26.32,0.382,15.6,28.0,0.0,26.62,0.475,15.6,28.0,0.0,26.37,0.396,15.6,28.0,0.0,26.68,0.491,15.6,28.0,0.0
1880,4657.3333,195,1.333,True,26.33,False,0.0,26.395,0.0,0.320836,0.0,0.0,0.003333,2413.4556,379.3,0.08,0.025667,0.121693,26.02,0.32,15.6,28.0,0.0,26.32,0.383,15.6,28.0,0.0,26.61,0.477,15.6,28.0,0.0,26.36,0.398,15.6,28.0,0.0,26.67,0.494,15.6,28.0,0.0
1881,4657.5,195,1.5,True,26.15,False,0.0,26.386,0.0,0.320836,0.0,0.0,0.003333,2413.7765,378.9,0.08,0.025667,0.121565,26.0,0.321,15.6,28.0,0.0,26.3,0.384,15.6,28.0,0.0,26.6,0.479,15.6,28.0,0.0,26.36,0.4,15.6,28.0,0.0,26.66,0.496,15.6,28.0,0.0
1882,4657.6667,195,1.667,True,25.97,False,0.0,26.374,0.0,0.320836,0.0,0.0,0.003333,2414.0973,378.5,0.08,0.025667,0.121437,25.99,0.321,15.6,28.0,0.0,26.29,0.384,15.6,28.0,0.0,26.59,0.48,15.6,28.0,0.0,26.34,0.401,15.6,28.0,0.0,26.65,0.498,15.6,28.0,0.0
1883,4657.8333,195,1.833,True,25.78,False,0.0,26.361,0.0,0.320836,0.0,0.0,0.003333,2414.4182,378.0,0.08,0.025667,0.121276,25.98,0.321,15.6,28.0,0.0,26.28,0.384,15.6,28.0,0.0,26.58,0.481,15.6,28.0,0.0,26.33,0.401,15.6,28.0,0.0,26.64,0.498,15.6,28.0,0.0
1884,4658.0,195,2.0,True,25.6,False,0.0,26.346,0.0,0.320836,0.0,0.0,0.003333,2414.739,377.3,0.08,0.025667,0.121052,25.97,0.321,15.6,28.0,0.0,26.26,0.384,15.6,28.0,0.0,26.56,0.481,15.6,28.0,0.0,26.32,0.401,15.6,28.0,0.0,26.63,0.499,15.6,28.0,0.0
1885,4658.1667,195,2.167,True,25.6,False,0.0,26.34,0.0,0.320836,0.0,0.0,0.436407,2415.0598,376.5,0.08,0.025667,0.120795,25.96,0.321,15.6,28.0,0.0,26.25,0.385,15.6,28.0,0.0,26.55,0.482,15.6,28.0,0.0,26.31,0.402,15.6,28.0,0.0,26.62,0.5,15.6,28.0,0.0
1886,4658.3333,195,2.333,True,25.6,False,0.0,26.336,0.0,0.320836,0.0,0.0,0.003333,2415.3807,375.6,0.08,0.025667,0.120506,25.95,0.321,15.6,28.0,0.0,26.25,0.386,15.6,28.0,0.0,26.55,0.484,15.6,28.0,0.0,26.31,0.404,15.6,28.0,0.0,26.62,0.502,15.6,28.0,0.0
1887,4658.5,195,2.5,True,25.6,False,0.0,26.333,0.0,0.320836,0.0,0.0,0.003333,2415.7015,374.6,0.08,0.025667,0.120185,25.95,0.321,15.6,28.0,0.0,26.25,0.386,15.6,28.0,0.0,26.55,0.484,15.6,28.0,0.0,26.31,0.404,15.6,28.0,0.0,26.61,0.503,15.6,28.0,0.0
1888,4658.6667,195,2.667,True,25.6,False,0.0,26.33,0.0,0.320836,0.0,0.0,0.003333,2416.0223,373.4,0.08,0.025667,0.1198,25.95,0.32,15.6,28.0,0.0,26.24,0.387,15.6,28.0,0.0,26.54,0.485,15.6,28.0,0.0,26.3,0.405,15.6,28.0,0.0,26.61,0.503,15.6,28.0,0.0
1889,4658.8333,195,2.833,True,25.6,False,0.0,26.327,0.0,0.320836,0.0,0.0,0.003333,2416.3432,372.2,0.08,0.025667,0.119415,25.95,0.319,15.6,28.0,0.0,26.24,0.387,15.6,28.0,0.0,26.54,0.485,15.6,28.0,0.0,26.3,0.405,15.6,28.0,0.0,26.61,0.503,15.6,28.0,0.0
1890,4659.0,195,3.0,True,25.6,False,0.0,26.325,0.0,0.320836,0.0,0.0,0.003333,2416.664,370.8,0.08,0.025667,0.118966,25.94,0.317,15.6,28.0,0.0,26.24,0.386,15.6,28.0,0.0,26.54,0.484,15.6,28.0,0.0,26.3,0.405,15.6,28.0,0.0,26.6,0.503,15.6,28.0,0.0
1891,4659.1667,195,3.167,True,25.5,False,0.0,26.315,0.0,0.320836,0.0,0.0,0.003333,2416.9848,369.4,0.08,0.025667,0.118517,25.94,0.315,15.6,28.0,0.0,26.23,0.384,15.6,28.0,0.0,26.53,0.482,15.6,28.0,0.0,26.29,0.404,15.6,28.0,0.0,26.59,0.501,15.6,28.0,0.0
1892,4659.3333,195,3.333,True,25.4,False,0.0,26.304,0.0,0.320836,0.0,0.0,0.003333,2417.3057,367.8,0.08,0.025667,0.118004,25.93,0.313,15.6,28.0,0.0,26.22,0.382,15.6,28.0,0.0,26.52,0.48,15.6,28.0,0.0,26.28,0.401,15.6,28.0,0.0,26.58,0.498,15.6,28.0,0.0
1893,4659.5,195,3.5,True,25.3,False,0.0,26.291,0.0,0.320836,0.0,0.0,0.003333,2417.6265,366.1,0.08,0.025667,0.117458,25.92,0.31,15.6,28.0,0.0,26.2,0.379,15.6,28.0,0.0,26.5,0.477,15.6,28.0,0.0,26.27,0.398,15.6,28.0,0.0,26.57,0.495,15.6,28.0,0.0
1894,4659.6667,195,3.667,True,25.2,False,0.0,26.276,0.0,0.320836,0.0,0.0,0.436398,2417.9474,364.4,0.08,0.025667,0.116913,25.9,0.307,15.6,28.0,0.0,26.19,0.375,15.6,28.0,0.0,26.49,0.473,15.6,28.0,0.0,26.25,0.395,15.6,28.0,0.0,26.55,0.492,15.6,28.0,0.0
1895,4659.8333,195,3.833,True,25.1,False,0.0,26.261,0.0,0.320836,0.0,0.0,0.003333,2418.2682,362.5,0.08,0.025667,0.116303,25.89,0.303,15.6,28.0,0.0,26.17,0.372,15.6,28.0,0.0,26.47,0.469,15.6,28.0,0.0,26.24,0.392,15.6,28.0,0.0,26.54,0.488,15.6,28.0,0.0
1896,4660.0,195,4.0,True,25.0,False,0.0,26.245,0.0,0.320836,0.0,0.0,0.003333,2418.589,360.5,0.08,0.025667,0.115662,25.88,0.3,15.6,28.0,0.0,26.15,0.367,15.6,28.0,0.0,26.45,0.465,15.6,28.0,0.0,26.22,0.388,15.6,28.0,0.0,26.52,0.484,15.6,28.0,0.0
1897,4660.1667,195,4.167,True,25.0,False,0.0,26.233,0.0,0.320836,0.0,0.0,0.003333,2418.9099,358.5,0.08,0.025667,0.11502,25.87,0.297,15.6,28.0,0.0,26.14,0.364,15.6,28.0,0.0,26.44,0.462,15.6,28.0,0.0,26.21,0.385,15.6,28.0,0.0,26.5,0.48,15.6,28.0,0.0
1898,4660.3333,195,4.333,True,25.0,False,0.0,26.222,0.0,0.320836,0.0,0.0,0.003333,2419.2307,356.4,0.08,0.025667,0.114346,25.86,0.295,15.6,28.0,0.0,26.13,0.361,15.6,28.0,0.0,26.43,0.459,15.6,28.0,0.0,26.2,0.383,15.6,28.0,0.0,26.49,0.477,15.6,28.0,0.0
1899,4660.5,195,4.5,True,25.0,False,0.0,26.211,0.0,0.320836,0.0,0.0,0.003333,2419.5515,354.2,0.08,0.025667,0.11364,25.86,0.293,15.6,28.0,0.0,26.12,0.358,15.6,28.0,0.0,26.42,0.456,15.6,28.0,0.0,26.19,0.38,15.6,28.0,0.0,26.48,0.474,15.6,28.0,0.0
1900,4660.6667,195,4.667,True,25.0,False,0.0,26.2,0.0,0.320836,0.0,0.0,0.003333,2419.8724,351.9,0.08,0.025667,0.112902,25.85,0.292,15.6,28.0,0.0,26.1,0.355,15.6,28.0,0.0,26.4,0.453,15.6,28.0,0.0,26.18,0.378,15.6,28.0,0.0,26.47,0.471,15.6,28.0,0.0
1901,4660.8333,195,4.833,True,25.0,False,0.0,26.189,0.0,0.320836,0.0,0.0,0.003333,2420.1932,349.5,0.08,0.025667,0.112132,25.85,0.291,15.6,28.0,0.0,26.09,0.353,15.6,28.0,0.0,26.39,0.45,15.6,28.0,0.0,26.17,0.375,15.6,28.0,0.0,26.45,0.469,15.6,28.0,0.0
1902,4661.0,195,5.0,True,25.0,False,0.0,26.178,0.0,0.320836,0.0,0.0,0.003333,2420.514,347.1,0.08,0.025667,0.111362,25.84,0.289,15.6,28.0,0.0,26.08,0.35,15.6,28.0,0.0,26.38,0.448,15.6,28.0,0.0,26.15,0.373,15.6,28.0,0.0,26.44,0.466,15.6,28.0,0.0
1903,4661.25,195,5.25,True,24.82,True,2.75,25.568,0.266,1.171606,0.713268,0.368714,0.436416,2421.6856,343.4,0.08,0.093728,0.402329,25.52,0.23,21.0,25.5,0.81,25.54,0.254,21.0,25.5,0.61,25.61,0.31,21.0,25.5,0.36,25.55,0.266,21.0,25.5,0.61,25.62,0.319,21.0,25.5,0.36
1904,4661.3333,195,5.333,True,24.63,True,2.75,25.506,0.235,1.077757,0.619419,0.274865,0.003333,2422.7634,342.1,0.08,0.086221,0.368701,25.5,0.212,21.0,25.5,0.81,25.5,0.226,21.0,25.5,0.61,25.51,0.263,21.0,25.5,0.36,25.5,0.235,21.0,25.5,0.61,25.51,0.268,21.0,25.5,0.36
1905,4661.5,195,5.5,True,24.45,True,2.75,25.502,0.22,1.060859,0.602522,0.257967,0.003333,2423.8243,339.5,0.08,0.084869,0.360162,25.5,0.201,21.0,25.5,0.81,25.5,0.212,21.0,25.5,0.61,25.5,0.243,21.0,25.5,0.36,25.5,0.22,21.0,25.5,0.61,25.5,0.247,21.0,25.5,0.36
1906,4661.6667,195,5.667,True,24.27,True,2.75,25.5,0.206,1.048549,0.590211,0.245657,0.003333,2424.8728,336.9,0.08,0.083884,0.353256,25.5,0.191,21.0,25.5,0.81,25.5,0.199,21.0,25.5,0.61,25.5,0.226,21.0,25.5,0.36,25.5,0.206,21.0,25.5,0.61,25.5,0.229,21.0,25.5,0.36
1907,4661.8333,195,5.833,True,24.08,True,2.75,25.5,0.204,1.044834,0.586496,0.241942,0.003333,2425.9176,334.2,0.08,0.083587,0.349184,25.5,0.182,21.0,25.5,0.81,25.5,0.191,21.0,25.5,0.61,25.5,0.23,21.0,25.5,0.36,25.5,0.204,21.0,25.5,0.61,25.5,0.215,21.0,25.5,0.36
1908,4662.0,195,6.0,True,23.9,True,2.75,25.5,0.196,1.039434,0.581096,0.236542,0.003333,2426.9571,331.5,0.08,0.083155,0.344572,25.5,0.174,21.0,25.5,0.81,25.5,0.182,21.0,25.5,0.61,25.5,0.224,21.0,25.5,0.36,25.5,0.196,21.0,25.5,0.61,25.5,0.203,21.0,25.5,0.36
1909,4662.1667,195,6.167,True,24.08,True,2.75,25.5,0.198,1.019452,0.561114,0.21656,0.003333,2427.9765,328.8,0.08,0.081556,0.335196,25.5,0.174,21.0,25.5,0.81,25.5,0.184,21.0,25.5,0.61,25.5,0.227,21.0,25.5,0.36,25.5,0.198,21.0,25.5,0.61,25.5,0.202,21.0,25.5,0.36
1910,4662.3333,195,6.333,True,24.27,True,2.75,25.5,0.199,1.024878,0.56654,0.221986,0.003333,2429.0014,326.0,0.08,0.08199,0.33411,25.5,0.174,21.0,25.5,0.81,25.5,0.186,21.0,25.5,0.61,25.5,0.226,21.0,25.5,0.36,25.5,0.199,21.0,25.5,0.61,25.5,0.201,21.0,25.5,0.36
1911,4662.5833,195,6.583,True,24.45,True,2.75,25.5,0.201,1.032783,0.574445,0.229891,0.003333,2430.0342,321.8,0.08,0.082623,0.332349,25.5,0.174,21.0,25.5,0.81,25.5,0.189,21.0,25.5,0.61,25.5,0.227,21.0,25.5,0.36,25.5,0.201,21.0,25.5,0.61,25.5,0.201,21.0,25.5,0.36
1912,4662.75,195,6.75,True,24.63,True,2.75,25.5,0.206,1.041719,0.583381,0.238827,0.436425,2431.0759,319.0,0.08,0.083337,0.332308,25.5,0.175,21.0,25.5,0.81,25.5,0.193,21.0,25.5,0.61,25.5,0.235,21.0,25.5,0.36,25.5,0.206,21.0,25.5,0.61,25.5,0.203,21.0,25.5,0.36
1913,4662.9167,195,6.917,True,24.82,True,2.75,25.5,0.212,1.053303,0.594965,0.250411,0.003333,2432.1292,316.2,0.08,0.084264,0.333054,25.5,0.176,21.0,25.5,0.81,25.5,0.198,21.0,25.5,0.61,25.5,0.249,21.0,25.5,0.36,25.5,0.212,21.0,25.5,0.61,25.5,0.205,21.0,25.5,0.36
1914,4663.0556,195,7.056,True,25.0,True,2.75,25.5,0.217,1.064877,0.606539,0.261985,0.003333,2433.1941,313.8,0.08,0.08519,0.334158,25.5,0.178,21.0,25.5,0.81,25.5,0.203,21.0,25.5,0.61,25.5,0.261,21.0,25.5,0.36,25.5,0.217,21.0,25.5,0.61,25.5,0.208,21.0,25.5,0.36
1915,4663.2222,195,7.222,True,25.47,True,8.25,25.5,0.28,1.406394,0.673053,0.328499,0.003333,2434.6005,311.0,0.08,0.112511,0.437388,25.5,0.187,21.0,25.5,2.42,25.5,0.215,21.0,25.5,1.83,25.5,0.28,21.0,25.5,1.09,25.5,0.229,21.0,25.5,1.83,25.5,0.219,21.0,25.5,1.09
1916,4663.375,195,7.375,True,25.93,True,8.25,25.5,0.294,1.432561,0.699221,0.354667,0.003333,2436.033,308.4,0.08,0.114605,0.441802,25.5,0.189,21.0,25.5,2.42,25.5,0.222,21.0,25.5,1.83,25.5,0.294,21.0,25.5,1.09,25.5,0.234,21.0,25.5,1.83,25.5,0.225,21.0,25.5,1.09
1917,4663.5417,195,7.542,True,26.4,True,8.25,25.5,0.307,1.456394,0.723054,0.3785,0.003333,2437.4894,305.6,0.08,0.116512,0.445074,25.5,0.191,21.0,25.5,2.42,25.5,0.228,21.0,25.5,1.83,25.5,0.307,21.0,25.5,1.09,25.5,0.238,21.0,25.5,1.83,25.5,0.23,21.0,25.5,1.09
1918,4663.7,195,7.7,True,26.87,True,8.25,25.5,0.318,1.478573,0.745232,0.400678,0.003333,2438.968,303.0,0.08,0.118286,0.448008,25.5,0.193,21.0,25.5,2.42,25.5,0.233,21.0,25.5,1.83,25.5,0.318,21.0,25.5,1.09,25.5,0.24,21.0,25.5,1.83,25.5,0.234,21.0,25.5,1.09
1919,4663.8667,195,7.867,True,27.33,True,8.25,25.5,0.328,1.500265,0.766925,0.422371,0.003333,2440.4683,300.2,0.08,0.120021,0.45038,25.5,0.193,21.0,25.5,2.42,25.5,0.237,21.0,25.5,1.83,25.5,0.328,21.0,25.5,1.09,25.5,0.242,21.0,25.5,1.83,25.5,0.237,21.0,25.5,1.09
1920,4664.0333,195,8.033,True,27.8,True,8.25,25.5,0.341,1.523296,0.789955,0.445401,0.436437,2441.9916,297.5,0.08,0.121864,0.453181,25.5,0.193,21.0,25.5,2.42,25.5,0.241,21.0,25.5,1.83,25.5,0.341,21.0,25.5,1.09,25.5,0.243,21.0,25.5,1.83,25.5,0.241,21.0,25.5,1.09
1921,4664.2,195,8.2,True,28.07,True,8.25,25.5,0.349,1.536972,0.803632,0.459077,0.003333,2443.5285,294.8,0.08,0.122958,0.453099,25.5,0.193,21.0,25.5,2.42,25.5,0.244,21.0,25.5,1.83,25.5,0.349,21.0,25.5,1.09,25.5,0.243,21.0,25.5,1.83,25.5,0.243,21.0,25.5,1.09
1922,4664.3667,195,8.367,True,28.33,True,8.25,25.5,0.357,1.550148,0.816807,0.472253,0.003333,2445.0787,292.1,0.08,0.124012,0.452798,25.5,0.192,21.0,25.5,2.42,25.5,0.246,21.0,25.5,1.83,25.5,0.357,21.0,25.5,1.09,25.5,0.243,21.0,25.5,1.83,25.5,0.245,21.0,25.5,1.09
1923,4664.5333,195,8.533,True,28.6,True,8.25,25.5,0.363,1.563106,0.829766,0.485212,0.003333,2446.6418,289.5,0.08,0.125049,0.452519,25.5,0.192,21.0,25.5,2.42,25.5,0.248,21.0,25.5,1.83,25.5,0.363,21.0,25.5,1.09,25.5,0.244,21.0,25.5,1.83,25.5,0.246,21.0,25.5,1.09
1924,4664.7,195,8.7,True,28.87,True,8.25,25.5,0.37,1.576315,0.842975,0.498421,0.003333,2448.2181,286.9,0.08,0.126105,0.452245,25.5,0.19,21.0,25.5,2.42,25.5,0.249,21.0,25.5,1.83,25.5,0.37,21.0,25.5,1.09,25.5,0.245,21.0,25.5,1.83,25.5,0.248,21.0,25.5,1.09
1925,4664.8667,195,8.867,True,29.13,True,8.25,25.5,0.377,1.589318,0.855978,0.511424,0.003333,2449.8074,284.4,0.08,0.127145,0.452002,25.5,0.189,21.0,25.5,2.42,25.5,0.251,21.0,25.5,1.83,25.5,0.377,21.0,25.5,1.09,25.5,0.245,21.0,25.5,1.83,25.5,0.249,21.0,25.5,1.09
1926,4665.0333,195,9.033,True,29.4,True,8.25,25.5,0.383,1.601998,0.868658,0.524104,0.003333,2451.4094,282.0,0.08,0.12816,0.451763,25.5,0.187,21.0,25.5,2.42,25.5,0.252,21.0,25.5,1.83,25.5,0.383,21.0,25.5,1.09,25.5,0.246,21.0,25.5,1.83,25.5,0.25,21.0,25.5,1.09
1927,4665.2,195,9.2,True,29.5,True,8.25,25.5,0.388,1.608784,0.875443,0.530889,0.003333,2453.0182,279.6,0.08,0.128703,0.449816,25.5,0.185,21.0,25.5,2.42,25.5,0.253,21.0,25.5,1.83,25.5,0.388,21.0,25.5,1.09,25.5,0.247,21.0,25.5,1.83,25.5,0.251,21.0,25.5,1.09
1928,4665.3667,195,9.367,True,29.6,True,8.25,25.5,0.397,1.616477,0.883136,0.538582,0.436443,2454.6347,277.3,0.08,0.129318,0.448249,25.5,0.183,21.0,25.5,2.42,25.5,0.254,21.0,25.5,1.83,25.5,0.397,21.0,25.5,1.09,25.5,0.247,21.0,25.5,1.83,25.5,0.252,21.0,25.5,1.09
1929,4665.5333,195,9.533,True,29.7,True,8.25,25.5,0.399,1.622325,0.888984,0.54443,0.003333,2456.257,275.1,0.08,0.129786,0.446301,25.5,0.181,21.0,25.5,2.42,25.5,0.255,21.0,25.5,1.83,25.5,0.399,21.0,25.5,1.09,25.5,0.248,21.0,25.5,1.83,25.5,0.253,21.0,25.5,1.09
1930,4665.7,195,9.7,True,29.8,True,8.25,25.5,0.395,1.625709,0.892368,0.547814,0.003333,2457.8827,272.9,0.08,0.130057,0.443656,25.5,0.179,21.0,25.5,2.42,25.5,0.255,21.0,25.5,1.83,25.5,0.395,21.0,25.5,1.09,25.5,0.248,21.0,25.5,1.83,25.5,0.253,21.0,25.5,1.09
1931,4665.8667,195,9.867,True,29.9,True,8.25,25.5,0.39,1.628204,0.894863,0.550309,0.003333,2459.5109,270.9,0.08,0.130256,0.44108,25.5,0.177,21.0,25.5,2.42,25.5,0.255,21.0,25.5,1.83,25.5,0.39,21.0,25.5,1.09,25.5,0.248,21.0,25.5,1.83,25.5,0.253,21.0,25.5,1.09
1932,4666.0333,195,10.033,True,30.0,True,8.25,25.5,0.384,1.630145,0.896804,0.55225,0.003333,2461.1411,269.0,0.08,0.130412,0.438509,25.5,0.176,21.0,25.5,2.42,25.5,0.255,21.0,25.5,1.83,25.5,0.384,21.0,25.5,1.09,25.5,0.247,21.0,25.5,1.83,25.5,0.253,21.0,25.5,1.09
1933,4666.2083,195,10.208,True,30.18,True,8.25,25.5,0.377,1.634617,0.901276,0.556722,0.003333,2462.7757,267.0,0.08,0.130769,0.436443,25.5,0.174,21.0,25.5,2.42,25.5,0.256,21.0,25.5,1.83,25.5,0.377,21.0,25.5,1.09,25.5,0.247,21.0,25.5,1.83,25.5,0.253,21.0,25.5,1.09
1934,4666.375,195,10.375,True,30.37,True,8.25,25.5,0.369,1.63873,0.905389,0.560835,0.003333,2464.4144,265.3,0.08,0.131098,0.434755,25.5,0.172,21.0,25.5,2.42,25.5,0.256,21.0,25.5,1.83,25.5,0.369,21.0,25.5,1.09,25.5,0.247,21.0,25.5,1.83,25.5,0.253,21.0,25.5,1.09
1935,4666.5417,195,10.542,True,30.55,True,8.25,25.5,0.36,1.642353,0.909012,0.564458,0.003333,2466.0568,263.7,0.08,0.131388,0.433088,25.5,0.17,21.0,25.5,2.42,25.5,0.256,21.0,25.5,1.83,25.5,0.36,21.0,25.5,1.09,25.5,0.247,21.0,25.5,1.83,25.5,0.253,21.0,25.5,1.09
1936,4666.7083,195,10.708,True,30.73,True,8.25,25.5,0.348,1.645041,0.9117,0.567146,0.436448,2467.7018,262.3,0.08,0.131603,0.431494,25.5,0.168,21.0,25.5,2.42,25.5,0.256,21.0,25.5,1.83,25.5,0.348,21.0,25.5,1.09,25.5,0.246,21.0,25.5,1.83,25.5,0.253,21.0,25.5,1.09
1937,4666.8889,195,10.889,True,30.92,True,8.25,25.5,0.337,1.647517,0.914177,0.569623,0.003333,2469.3493,260.9,0.08,0.131801,0.429837,25.5,0.165,21.0,25.5,2.42,25.5,0.255,21.0,25.5,1.83,25.5,0.337,21.0,25.5,1.09,25.5,0.246,21.0,25.5,1.83,25.5,0.253,21.0,25.5,1.09
1938,4667.0556,195,11.056,True,31.1,True,8.25,25.5,0.325,1.64969,0.916349,0.571795,0.003333,2470.999,259.8,0.08,0.131975,0.428589,25.5,0.163,21.0,25.5,2.42,25.5,0.255,21.0,25.5,1.83,25.5,0.325,21.0,25.5,1.09,25.5,0.245,21.0,25.5,1.83,25.5,0.253,21.0,25.5,1.09
1939,4667.25,195,11.25,True,31.1,True,2.75,25.5,0.247,1.319003,0.860666,0.516111,0.003333,2472.318,258.6,0.08,0.10552,0.341094,25.5,0.153,21.0,25.5,0.81,25.5,0.247,21.0,25.5,0.61,25.5,0.306,21.0,25.5,0.36,25.5,0.237,21.0,25.5,0.61,25.5,0.245,21.0,25.5,0.36
1940,4667.4167,195,11.417,True,31.1,True,2.75,25.5,0.246,1.311975,0.853637,0.509083,0.003333,2473.63,257.9,0.08,0.104958,0.338358,25.5,0.149,21.0,25.5,0.81,25.5,0.246,21.0,25.5,0.61,25.5,0.293,21.0,25.5,0.36,25.5,0.236,21.0,25.5,0.61,25.5,0.244,21.0,25.5,0.36
1941,4667.5833,195,11.583,True,31.1,True,2.75,25.5,0.244,1.306587,0.848249,0.503695,0.003333,2474.9366,257.4,0.08,0.104527,0.336316,25.5,0.145,21.0,25.5,0.81,25.5,0.244,21.0,25.5,0.61,25.5,0.283,21.0,25.5,0.36,25.5,0.233,21.0,25.5,0.61,25.5,0.242,21.0,25.5,0.36
1942,4667.75,195,11.75,True,31.1,True,2.75,25.5,0.239,1.299732,0.841394,0.49684,0.003333,2476.2363,257.0,0.08,0.103979,0.334031,25.5,0.141,21.0,25.5,0.81,25.5,0.239,21.0,25.5,0.61,25.5,0.275,21.0,25.5,0.36,25.5,0.229,21.0,25.5,0.61,25.5,0.237,21.0,25.5,0.36
1943,4667.9167,195,11.917,True,31.1,True,2.75,25.5,0.236,1.295121,0.836783,0.492229,0.436439,2477.5314,256.9,0.08,0.10361,0.332716,25.5,0.138,21.0,25.5,0.81,25.5,0.236,21.0,25.5,0.61,25.5,0.27,21.0,25.5,0.36,25.5,0.226,21.0,25.5,0.61,25.5,0.235,21.0,25.5,0.36
1944,4668.0833,195,12.083,True,31.1,True,2.75,25.5,0.234,1.291326,0.832988,0.488434,0.003333,2478.8228,257.1,0.08,0.103306,0.332,25.5,0.135,21.0,25.5,0.81,25.5,0.234,21.0,25.5,0.61,25.5,0.267,21.0,25.5,0.36,25.5,0.223,21.0,25.5,0.61,25.5,0.232,21.0,25.5,0.36
1945,4668.2222,195,12.222,True,31.28,True,2.75,25.5,0.232,1.294005,0.835667,0.491113,0.003333,2480.1168,257.4,0.08,0.10352,0.333077,25.5,0.132,21.0,25.5,0.81,25.5,0.232,21.0,25.5,0.61,25.5,0.264,21.0,25.5,0.36,25.5,0.221,21.0,25.5,0.61,25.5,0.23,21.0,25.5,0.36
1946,4668.3889,195,12.389,True,31.47,True,2.75,25.5,0.23,1.297129,0.838791,0.494237,0.003333,2481.4139,258.1,0.08,0.10377,0.334789,25.5,0.129,21.0,25.5,0.81,25.5,0.23,21.0,25.5,0.61,25.5,0.261,21.0,25.5,0.36,25.5,0.219,21.0,25.5,0.61,25.5,0.228,21.0,25.5,0.36
1947,4668.5417,195,12.542,True,31.65,True,2.75,25.5,0.229,1.300518,0.84218,0.497626,0.003333,2482.7144,259.0,0.08,0.104041,0.336834,25.5,0.126,21.0,25.5,0.81,25.5,0.229,21.0,25.5,0.61,25.5,0.259,21.0,25.5,0.36,25.5,0.218,21.0,25.5,0.61,25.5,0.227,21.0,25.5,0.36
1948,4668.7083,195,12.708,True,31.83,True,2.75,25.5,0.224,1.30048,0.842142,0.497588,0.003333,2484.0149,260.3,0.08,0.104038,0.338515,25.5,0.123,21.0,25.5,0.81,25.5,0.224,21.0,25.5,0.61,25.5,0.254,21.0,25.5,0.36,25.5,0.213,21.0,25.5,0.61,25.5,0.222,21.0,25.5,0.36
1949,4668.875,195,12.875,True,32.02,True,2.75,25.5,0.222,1.30328,0.844942,0.500388,0.003333,2485.3182,262.0,0.08,0.104262,0.341459,25.5,0.12,21.0,25.5,0.81,25.5,0.222,21.0,25.5,0.61,25.5,0.252,21.0,25.5,0.36,25.5,0.211,21.0,25.5,0.61,25.5,0.22,21.0,25.5,0.36
1950,4669.0556,195,13.056,True,32.2,True,2.75,25.5,0.221,1.307019,0.848681,0.504127,0.003333,2486.6252,264.2,0.08,0.104562,0.345314,25.5,0.117,21.0,25.5,0.81,25.5,0.221,21.0,25.5,0.61,25.5,0.25,21.0,25.5,0.36,25.5,0.21,21.0,25.5,0.61,25.5,0.218,21.0,25.5,0.36
1951,4669.2222,195,13.222,True,32.3,True,2.75,25.5,0.22,1.309329,0.850992,0.506438,0.436435,2487.9345,266.8,0.08,0.104746,0.349329,25.5,0.115,21.0,25.5,0.81,25.5,0.22,21.0,25.5,0.61,25.5,0.249,21.0,25.5,0.36,25.5,0.209,21.0,25.5,0.61,25.5,0.218,21.0,25.5,0.36
1952,4669.4167,195,13.417,True,32.4,True,2.75,25.5,0.22,1.312164,0.853826,0.509272,0.003333,2489.2467,270.2,0.08,0.104973,0.354547,25.5,0.113,21.0,25.5,0.81,25.5,0.22,21.0,25.5,0.61,25.5,0.249,21.0,25.5,0.36,25.5,0.208,21.0,25.5,0.61,25.5,0.217,21.0,25.5,0.36
1953,4669.5833,195,13.583,True,32.5,True,2.75,25.5,0.22,1.315411,0.857073,0.512519,0.003333,2490.5621,273.8,0.08,0.105233,0.36016,25.5,0.112,21.0,25.5,0.81,25.5,0.22,21.0,25.5,0.61,25.5,0.249,21.0,25.5,0.36,25.5,0.208,21.0,25.5,0.61,25.5,0.217,21.0,25.5,0.36
1954,4669.6667,195,13.667,True,32.6,True,2.75,25.5,0.221,1.315258,0.85692,0.512366,0.003333,2491.8774,275.7,0.08,0.105221,0.362617,25.5,0.111,21.0,25.5,0.81,25.5,0.221,21.0,25.5,0.61,25.5,0.249,21.0,25.5,0.36,25.5,0.209,21.0,25.5,0.61,25.5,0.217,21.0,25.5,0.36
1955,4669.8333,195,13.833,True,32.7,True,2.75,25.5,0.221,1.320616,0.862278,0.517724,0.003333,2493.198,280.0,0.08,0.105649,0.369772,25.5,0.11,21.0,25.5,0.81,25.5,0.221,21.0,25.5,0.61,25.5,0.249,21.0,25.5,0.36,25.5,0.209,21.0,25.5,0.61,25.5,0.225,21.0,25.5,0.36
1956,4670.0,195,14.0,True,32.8,True,2.75,25.5,0.224,1.32876,0.870422,0.525868,0.003333,2494.5267,284.8,0.08,0.106301,0.378431,25.5,0.11,21.0,25.5,0.81,25.5,0.224,21.0,25.5,0.61,25.5,0.251,21.0,25.5,0.36,25.5,0.211,21.0,25.5,0.61,25.5,0.237,21.0,25.5,0.36
1957,4670.25,195,14.25,True,32.8,True,2.75,25.5,0.224,1.332199,0.873862,0.529307,0.003333,2495.8589,293.0,0.08,0.106576,0.390334,25.5,0.109,21.0,25.5,0.81,25.5,0.224,21.0,25.5,0.61,25.5,0.252,21.0,25.5,0.36,25.5,0.212,21.0,25.5,0.61,25.5,0.248,21.0,25.5,0.36
1958,4670.4167,195,14.417,True,32.8,True,2.75,25.5,0.225,1.335289,0.876951,0.532397,0.003333,2497.1942,299.2,0.08,0.106823,0.399519,25.5,0.109,21.0,25.5,0.81,25.5,0.225,21.0,25.5,0.61,25.5,0.252,21.0,25.5,0.36,25.5,0.213,21.0,25.5,0.61,25.5,0.26,21.0,25.5,0.36
1959,4670.5556,195,14.556,True,32.8,True,2.75,25.5,0.226,1.338524,0.880186,0.535632,0.436427,2498.5327,304.8,0.08,0.107082,0.407982,25.5,0.109,21.0,25.5,0.81,25.5,0.226,21.0,25.5,0.61,25.5,0.253,21.0,25.5,0.36,25.5,0.213,21.0,25.5,0.61,25.5,0.27,21.0,25.5,0.36
1960,4670.7222,195,14.722,True,32.8,True,2.75,25.5,0.226,1.342773,0.884435,0.539881,0.003333,2499.8755,312.1,0.08,0.107422,0.419079,25.5,0.109,21.0,25.5,0.81,25.5,0.226,21.0,25.5,0.61,25.5,0.253,21.0,25.5,0.36,25.5,0.214,21.0,25.5,0.61,25.5,0.284,21.0,25.5,0.36
1961,4670.8889,195,14.889,True,32.8,True,2.75,25.5,0.227,1.347438,0.889101,0.544546,0.003333,2501.223,320.0,0.08,0.107795,0.43118,25.5,0.11,21.0,25.5,0.81,25.5,0.227,21.0,25.5,0.61,25.5,0.254,21.0,25.5,0.36,25.5,0.215,21.0,25.5,0.61,25.5,0.297,21.0,25.5,0.36
1962,4671.0556,195,15.056,True,32.8,True,2.75,25.5,0.228,1.352334,0.893996,0.549442,0.003333,2502.5753,328.4,0.08,0.108187,0.444106,25.5,0.11,21.0,25.5,0.81,25.5,0.228,21.0,25.5,0.61,25.5,0.254,21.0,25.5,0.36,25.5,0.216,21.0,25.5,0.61,25.5,0.311,21.0,25.5,0.36
1963,4671.25,195,15.25,True,32.8,True,2.75,25.5,0.229,1.356465,0.898127,0.553573,0.003333,2503.9318,339.0,0.08,0.108517,0.459842,25.5,0.11,21.0,25.5,0.81,25.5,0.229,21.0,25.5,0.61,25.5,0.254,21.0,25.5,0.36,25.5,0.216,21.0,25.5,0.61,25.5,0.325,21.0,25.5,0.36
1964,4671.4167,195,15.417,True,32.8,True,2.75,25.5,0.229,1.360382,0.902045,0.55749,0.003333,2505.2921,348.6,0.08,0.108831,0.474229,25.5,0.11,21.0,25.5,0.81,25.5,0.229,21.0,25.5,0.61,25.5,0.254,21.0,25.5,0.36,25.5,0.216,21.0,25.5,0.61,25.5,0.339,21.0,25.5,0.36
1965,4671.5833,195,15.583,True,32.8,True,2.75,25.5,0.229,1.36407,0.905732,0.561178,0.003333,2506.6562,358.8,0.08,0.109126,0.489428,25.5,0.109,21.0,25.5,0.81,25.5,0.229,21.0,25.5,0.61,25.5,0.253,21.0,25.5,0.36,25.5,0.216,21.0,25.5,0.61,25.5,0.352,21.0,25.5,0.36
1966,4671.75,195,15.75,True,32.8,True,2.75,25.5,0.227,1.3659,0.907562,0.563008,0.003333,2508.0221,369.4,0.08,0.109272,0.504563,25.5,0.108,21.0,25.5,0.81,25.5,0.227,21.0,25.5,0.61,25.5,0.251,21.0,25.5,0.36,25.5,0.215,21.0,25.5,0.61,25.5,0.362,21.0,25.5,0.36
1967,4671.8889,195,15.889,True,32.8,True,2.75,25.5,0.226,1.366565,0.908228,0.563673,0.436429,2509.3887,378.5,0.08,0.109325,0.517245,25.5,0.107,21.0,25.5,0.81,25.5,0.226,21.0,25.5,0.61,25.5,0.249,21.0,25.5,0.36,25.5,0.213,21.0,25.5,0.61,25.5,0.369,21.0,25.5,0.36
1968,4672.0556,195,16.056,True,32.8,True,2.75,25.5,0.224,1.366205,0.907868,0.563314,0.003333,2510.7549,389.8,0.34,0.46451,0.532547,25.5,0.105,21.0,25.5,0.81,25.5,0.224,21.0,25.5,0.61,25.5,0.247,21.0,25.5,0.36,25.5,0.212,21.0,25.5,0.61,25.5,0.374,21.0,25.5,0.36
1969,4672.2,195,16.2,True,32.8,False,0.0,26.634,0.0,0.727138,0.406302,0.061748,0.003333,2511.482,399.9,0.34,0.247227,0.290783,26.01,0.175,15.6,28.0,0.0,26.59,0.382,15.6,28.0,0.0,26.78,0.43,15.6,28.0,0.0,26.55,0.363,15.6,28.0,0.0,27.24,0.633,15.6,28.0,0.0
1970,4672.3889,195,16.389,True,32.8,False,0.0,27.433,0.0,0.758431,0.437595,0.09304,0.041449,2512.2404,413.2,0.34,0.257867,0.313384,26.45,0.265,15.6,28.0,0.0,27.53,0.569,15.6,28.0,0.0,27.81,0.639,15.6,28.0,0.0,27.45,0.543,15.6,28.0,0.0,27.93,0.82,15.6,28.0,0.0
1971,4672.5556,195,16.556,True,32.8,False,0.0,27.643,0.0,0.766983,0.446146,0.101592,0.010789,2513.0074,425.2,0.34,0.260774,0.326121,26.6,0.306,15.6,28.0,0.0,27.86,0.655,15.6,28.0,0.0,27.98,0.704,15.6,28.0,0.0,27.78,0.627,15.6,28.0,0.0,27.99,0.865,15.6,28.0,0.0
1972,4672.7222,195,16.722,True,32.8,False,0.0,27.724,0.0,0.774126,0.45329,0.108736,0.003333,2513.7816,437.2,0.34,0.263203,0.338448,26.69,0.336,15.6,28.0,0.0,27.99,0.704,15.6,28.0,0.0,28.0,0.729,15.6,28.0,0.0,27.94,0.678,15.6,28.0,0.0,28.0,0.891,15.6,28.0,0.0
1973,4672.8889,195,16.889,True,32.8,False,0.0,27.751,0.0,0.790738,0.469902,0.125348,0.003333,2514.5723,449.1,0.34,0.268851,0.355121,26.76,0.362,15.6,28.0,0.0,28.0,0.727,15.6,28.0,0.0,28.0,0.748,15.6,28.0,0.0,28.0,0.712,15.6,28.0,0.0,28.0,0.911,15.6,28.0,0.0
1974,4673.0417,195,17.042,True,32.8,False,0.0,27.762,0.0,0.804602,0.483766,0.139212,0.003333,2515.3769,459.9,0.34,0.273565,0.370037,26.81,0.385,15.6,28.0,0.0,28.0,0.745,15.6,28.0,0.0,28.0,0.764,15.6,28.0,0.0,28.0,0.733,15.6,28.0,0.0,28.0,0.928,15.6,28.0,0.0
1975,4673.2083,195,17.208,True,32.62,False,0.0,27.707,0.0,0.38299,0.062154,0.02967,0.003333,2515.7599,471.5,0.34,0.130217,0.18058,26.68,0.381,15.6,28.0,0.0,27.78,0.725,15.6,28.0,0.0,27.9,0.761,15.6,28.0,0.0,27.74,0.712,15.6,28.0,0.0,28.44,1.011,15.6,28.0,0.0
1976,4673.375,195,17.375,True,32.43,False,0.0,27.54,0.0,0.440318,0.119481,0.054513,0.436422,2516.2002,482.7,0.34,0.149708,0.212541,26.6,0.372,15.6,28.0,0.0,27.64,0.704,15.6,28.0,0.0,27.84,0.759,15.6,28.0,0.0,27.59,0.691,15.6,28.0,0.0,28.02,0.945,15.6,28.0,0.0
1977,4673.5417,195,17.542,True,32.25,False,0.0,27.519,0.0,0.437116,0.116279,0.051311,0.003333,2516.6373,493.5,0.34,0.148619,0.215717,26.58,0.377,15.6,28.0,0.0,27.6,0.701,15.6,28.0,0.0,27.84,0.764,15.6,28.0,0.0,27.57,0.695,15.6,28.0,0.0,28.0,0.939,15.6,28.0,0.0
1978,4673.7083,195,17.708,True,32.07,False,0.0,27.622,0.0,0.320836,0.0,0.0,0.003333,2516.9582,503.7,0.34,0.109084,0.161605,26.58,0.383,15.6,28.0,0.0,27.58,0.7,15.6,28.0,0.0,27.83,0.769,15.6,28.0,0.0,27.57,0.701,15.6,28.0,0.0,28.54,1.008,15.6,28.0,0.0
1979,4673.875,195,17.875,True,31.88,False,0.0,27.514,0.0,0.445564,0.124728,0.059759,0.003333,2517.4037,513.3,0.34,0.151492,0.228708,26.59,0.391,15.6,28.0,0.0,27.56,0.699,15.6,28.0,0.0,27.83,0.773,15.6,28.0,0.0,27.58,0.708,15.6,28.0,0.0,28.01,0.939,15.6,28.0,0.0
1980,4674.0417,195,18.042,True,31.7,False,0.0,27.509,0.0,0.430552,0.109716,0.044747,0.003333,2517.8343,522.1,0.34,0.146388,0.224791,26.59,0.398,15.6,28.0,0.0,27.54,0.698,15.6,28.0,0.0,27.82,0.776,15.6,28.0,0.0,27.59,0.714,15.6,28.0,0.0,28.0,0.916,15.6,28.0,0.0
1981,4674.2083,195,18.208,True,31.42,False,0.0,27.502,0.0,0.427012,0.106176,0.041207,0.003333,2518.2613,530.2,0.34,0.145184,0.226402,26.6,0.405,15.6,28.0,0.0,27.52,0.697,15.6,28.0,0.0,27.81,0.778,15.6,28.0,0.0,27.58,0.718,15.6,28.0,0.0,28.0,0.904,15.6,28.0,0.0
1982,4674.375,195,18.375,True,31.13,False,0.0,27.56,0.0,0.320836,0.0,0.0,0.003333,2518.5821,537.3,0.34,0.109084,0.172385,26.6,0.411,15.6,28.0,0.0,27.5,0.693,15.6,28.0,0.0,27.79,0.779,15.6,28.0,0.0,27.57,0.718,15.6,28.0,0.0,28.35,0.945,15.6,28.0,0.0
1983,4674.5333,195,18.533,True,30.85,False,0.0,27.581,0.0,0.320836,0.0,0.0,0.003333,2518.903,543.2,0.34,0.109084,0.174278,26.59,0.416,15.6,29.0,0.0,27.46,0.689,15.6,29.0,0.0,27.77,0.779,15.6,29.0,0.0,27.54,0.712,15.6,29.0,0.0,28.54,0.974,15.6,29.0,0.0
1984,4674.7083,195,18.708,True,30.57,False,0.0,27.562,0.0,0.320836,0.0,0.0,0.003333,2519.2238,548.7,0.34,0.109084,0.176043,26.59,0.421,15.6,29.0,0.0,27.43,0.684,15.6,29.0,0.0,27.75,0.778,15.6,29.0,0.0,27.5,0.709,15.6,29.0,0.0,28.54,0.976,15.6,29.0,0.0
1985,4674.875,195,18.875,True,30.28,False,0.0,27.534,0.0,0.320836,0.0,0.0,0.43642,2519.5446,552.8,0.34,0.109084,0.177358,26.58,0.426,15.6,29.0,0.0,27.4,0.679,15.6,29.0,0.0,27.73,0.777,15.6,29.0,0.0,27.47,0.705,15.6,29.0,0.0,28.49,0.969,15.6,29.0,0.0
1986,4675.0417,195,19.042,True,30.0,False,0.0,27.502,0.0,0.320836,0.0,0.0,0.003333,2519.8655,555.9,0.34,0.109084,0.178353,26.57,0.43,15.6,29.0,0.0,27.36,0.674,15.6,29.0,0.0,27.7,0.775,15.6,29.0,0.0,27.44,0.702,15.6,29.0,0.0,28.44,0.961,15.6,29.0,0.0
1987,4675.2083,195,19.208,True,29.72,False,0.0,27.466,0.0,0.320836,0.0,0.0,0.003333,2520.1863,557.9,0.34,0.109084,0.178995,26.56,0.433,15.6,29.0,0.0,27.32,0.668,15.6,29.0,0.0,27.67,0.773,15.6,29.0,0.0,27.41,0.696,15.6,29.0,0.0,28.37,0.946,15.6,29.0,0.0
1988,4675.375,195,19.375,True,29.43,False,0.0,27.424,0.0,0.320836,0.0,0.0,0.003333,2520.5071,558.9,0.34,0.109084,0.179315,26.55,0.436,15.6,29.0,0.0,27.29,0.663,15.6,29.0,0.0,27.64,0.771,15.6,29.0,0.0,27.36,0.688,15.6,29.0,0.0,28.28,0.925,15.6,29.0,0.0
1989,4675.5417,195,19.542,True,29.15,False,0.0,27.375,0.0,0.320836,0.0,0.0,0.003333,2520.828,558.8,0.34,0.109084,0.179283,26.53,0.439,15.6,29.0,0.0,27.25,0.655,15.6,29.0,0.0,27.61,0.766,15.6,29.0,0.0,27.31,0.676,15.6,29.0,0.0,28.17,0.896,15.6,29.0,0.0
1990,4675.7083,195,19.708,True,28.87,False,0.0,27.328,0.0,0.320836,0.0,0.0,0.003333,2521.1488,557.7,0.34,0.109084,0.17893,26.52,0.44,15.6,29.0,0.0,27.21,0.65,15.6,29.0,0.0,27.58,0.763,15.6,29.0,0.0,27.26,0.668,15.6,29.0,0.0,28.07,0.878,15.6,29.0,0.0
1991,4675.8889,195,19.889,True,28.58,False,0.0,27.287,0.0,0.320836,0.0,0.0,0.003333,2521.4697,555.5,0.34,0.109084,0.178225,26.5,0.442,15.6,28.5,0.0,27.17,0.645,15.6,28.5,0.0,27.55,0.761,15.6,28.5,0.0,27.22,0.662,15.6,28.5,0.0,28.0,0.865,15.6,28.5,0.0
1992,4676.0556,195,20.056,True,28.3,False,0.0,27.251,0.0,0.320836,0.0,0.0,0.003333,2521.7905,552.4,0.34,0.109084,0.17723,26.48,0.443,15.6,28.5,0.0,27.14,0.641,15.6,28.5,0.0,27.52,0.758,15.6,28.5,0.0,27.19,0.657,15.6,28.5,0.0,27.93,0.855,15.6,28.5,0.0
1993,4676.2222,195,20.222,True,28.12,False,0.0,27.22,0.0,0.320836,0.0,0.0,0.003333,2522.1113,548.5,0.34,0.109084,0.175979,26.46,0.444,15.6,28.5,0.0,27.11,0.638,15.6,28.5,0.0,27.49,0.757,15.6,28.5,0.0,27.16,0.654,15.6,28.5,0.0,27.88,0.847,15.6,28.5,0.0
1994,4676.3889,195,20.389,True,27.93,False,0.0,27.193,0.0,0.320836,0.0,0.0,0.43642,2522.4322,543.9,0.34,0.109084,0.174503,26.44,0.446,15.6,28.5,0.0,27.08,0.635,15.6,28.5,0.0,27.47,0.756,15.6,28.5,0.0,27.13,0.651,15.6,28.5,0.0,27.84,0.841,15.6,28.5,0.0
1995,4676.5556,195,20.556,True,27.75,False,0.0,27.168,0.0,0.320836,0.0,0.0,0.003333,2522.753,538.6,0.34,0.109084,0.172803,26.43,0.448,15.6,28.5,0.0,27.06,0.633,15.6,28.5,0.0,27.45,0.755,15.6,28.5,0.0,27.11,0.649,15.6,28.5,0.0,27.8,0.837,15.6,28.5,0.0
1996,4676.75,195,20.75,True,27.57,False,0.0,27.143,0.0,0.320836,0.0,0.0,0.003333,2523.0738,531.6,0.34,0.109084,0.170557,26.41,0.45,15.6,28.5,0.0,27.03,0.631,15.6,28.5,0.0,27.42,0.754,15.6,28.5,0.0,27.08,0.647,15.6,28.5,0.0,27.76,0.833,15.6,28.5,0.0
1997,4676.9167,195,20.917,True,27.38,False,0.0,27.12,0.0,0.320836,0.0,0.0,0.003333,2523.3947,525.2,0.34,0.109084,0.168503,26.4,0.452,15.6,28.5,0.0,27.01,0.629,15.6,28.5,0.0,27.4,0.753,15.6,28.5,0.0,27.06,0.646,15.6,28.5,0.0,27.73,0.83,15.6,28.5,0.0
1998,4677.0833,195,21.083,True,27.2,False,0.0,27.099,0.0,0.320836,0.0,0.0,0.003333,2523.7155,518.3,0.08,0.025667,0.16629,26.39,0.454,15.6,28.5,0.0,26.99,0.628,15.6,28.5,0.0,27.38,0.753,15.6,28.5,0.0,27.04,0.645,15.6,28.5,0.0,27.7,0.828,15.6,28.5,0.0
1999,4677.25,195,21.25,True,27.12,False,0.0,27.082,0.0,0.320836,0.0,0.0,0.003333,2524.0363,511.1,0.08,0.025667,0.16398,26.38,0.457,15.6,29.0,0.0,26.97,0.627,15.6,29.0,0.0,27.37,0.753,15.6,29.0,0.0,27.02,0.644,15.6,29.0,0.0,27.67,0.826,15.6,29.0,0.0
2000,4677.4167,195,21.417,True,27.03,False,0.0,27.068,0.0,0.320836,0.0,0.0,0.003333,2524.3572,503.8,0.08,0.025667,0.161637,26.37,0.459,15.6,29.0,0.0,26.96,0.627,15.6,29.0,0.0,27.35,0.753,15.6,29.0,0.0,27.01,0.644,15.6,29.0,0.0,27.65,0.826,15.6,29.0,0.0
2001,4677.5833,195,21.583,True,26.95,False,0.0,27.055,0.0,0.320836,0.0,0.0,0.003333,2524.678,496.3,0.08,0.025667,0.159231,26.36,0.461,15.6,28.0,0.0,26.94,0.627,15.6,28.0,0.0,27.34,0.753,15.6,28.0,0.0,27.0,0.645,15.6,28.0,0.0,27.64,0.826,15.6,28.0,0.0
2002,4677.75,195,21.75,True,26.87,False,0.0,27.044,0.0,0.320836,0.0,0.0,0.003333,2524.9989,488.8,0.08,0.025667,0.156825,26.35,0.463,15.6,28.0,0.0,26.93,0.627,15.6,28.0,0.0,27.33,0.754,15.6,28.0,0.0,26.99,0.645,15.6,28.0,0.0,27.62,0.826,15.6,28.0,0.0
2003,4677.9167,195,21.917,True,26.78,False,0.0,27.032,0.0,0.320836,0.0,0.0,0.003333,2525.3197,481.3,0.08,0.025667,0.154419,26.35,0.465,15.6,28.0,0.0,26.92,0.627,15.6,28.0,0.0,27.31,0.754,15.6,28.0,0.0,26.98,0.646,15.6,28.0,0.0,27.6,0.826,15.6,28.0,0.0
2004,4678.0833,195,22.083,True,26.7,False,0.0,27.022,0.0,0.320836,0.0,0.0,0.436416,2525.6405,473.9,0.08,0.025667,0.152044,26.34,0.467,15.6,28.0,0.0,26.91,0.627,15.6,28.0,0.0,27.3,0.754,15.6,28.0,0.0,26.97,0.646,15.6,28.0,0.0,27.59,0.826,15.6,28.0,0.0
2005,4678.1667,195,22.167,True,26.7,False,0.0,27.012,0.0,0.320836,0.0,0.0,0.003333,2525.9614,470.3,0.08,0.025667,0.150889,26.34,0.469,15.6,28.0,0.0,26.9,0.627,15.6,28.0,0.0,27.29,0.754,15.6,28.0,0.0,26.96,0.647,15.6,28.0,0.0,27.58,0.826,15.6,28.0,0.0
2006,4678.3333,195,22.333,True,26.7,False,0.0,27.006,0.0,0.320836,0.0,0.0,0.003333,2526.2822,463.2,0.08,0.025667,0.148611,26.34,0.471,15.6,28.0,0.0,26.89,0.627,15.6,28.0,0.0,27.28,0.754,15.6,28.0,0.0,26.95,0.648,15.6,28.0,0.0,27.57,0.827,15.6,28.0,0.0
2007,4678.5,195,22.5,True,26.7,False,0.0,27.001,0.0,0.320836,0.0,0.0,0.003333,2526.603,456.4,0.08,0.025667,0.14643,26.34,0.474,15.6,28.0,0.0,26.88,0.628,15.6,28.0,0.0,27.28,0.755,15.6,28.0,0.0,26.95,0.649,15.6,28.0,0.0,27.56,0.828,15.6,28.0,0.0
2008,4678.6667,195,22.667,True,26.7,False,0.0,26.996,0.0,0.320836,0.0,0.0,0.003333,2526.9239,449.8,0.08,0.025667,0.144312,26.34,0.476,15.6,28.0,0.0,26.88,0.628,15.6,28.0,0.0,27.27,0.755,15.6,28.0,0.0,26.94,0.65,15.6,28.0,0.0,27.55,0.829,15.6,28.0,0.0
2009,4678.8333,195,22.833,True,26.7,False,0.0,26.991,0.0,0.320836,0.0,0.0,0.003333,2527.2447,443.6,0.08,0.025667,0.142323,26.34,0.478,15.6,28.0,0.0,26.87,0.629,15.6,28.0,0.0,27.26,0.756,15.6,28.0,0.0,26.94,0.65,15.6,28.0,0.0,27.54,0.83,15.6,28.0,0.0
2010,4679.0,195,23.0,True,26.7,False,0.0,26.987,0.0,0.320836,0.0,0.0,0.003333,2527.5655,437.7,0.08,0.025667,0.14043,26.34,0.48,15.6,28.0,0.0,26.86,0.629,15.6,28.0,0.0,27.26,0.756,15.6,28.0,0.0,26.93,0.651,15.6,28.0,0.0,27.54,0.831,15.6,28.0,0.0
2011,4679.25,195,23.25,True,26.42,False,0.0,26.973,0.0,0.320836,0.0,0.0,0.003333,2527.8864,429.5,0.08,0.025667,0.137799,26.33,0.481,15.6,28.0,0.0,26.85,0.628,15.6,28.0,0.0,27.24,0.755,15.6,28.0,0.0,26.92,0.651,15.6,28.0,0.0,27.52,0.829,15.6,28.0,0.0
2012,4679.3333,195,23.333,True,26.13,False,0.0,26.948,0.0,0.320836,0.0,0.0,0.003333,2528.2072,427.0,0.08,0.025667,0.136997,26.31,0.48,15.6,28.0,0.0,26.82,0.624,15.6,28.0,0.0,27.21,0.751,15.6,28.0,0.0,26.9,0.647,15.6,28.0,0.0,27.49,0.826,15.6,28.0,0.0
2013,4679.5,195,23.5,True,25.85,False,0.0,26.924,0.0,0.320836,0.0,0.0,0.436404,2528.5281,422.2,0.08,0.025667,0.135457,26.29,0.478,15.6,28.0,0.0,26.8,0.62,15.6,28.0,0.0,27.19,0.747,15.6,28.0,0.0,26.88,0.644,15.6,28.0,0.0,27.46,0.822,15.6,28.0,0.0
2014,4679.6667,195,23.667,True,25.57,False,0.0,26.897,0.0,0.320836,0.0,0.0,0.003333,2528.8489,417.7,0.08,0.025667,0.134013,26.27,0.476,15.6,28.0,0.0,26.77,0.615,15.6,28.0,0.0,27.16,0.742,15.6,28.0,0.0,26.85,0.641,15.6,28.0,0.0,27.44,0.818,15.6,28.0,0.0
2015,4679.8333,195,23.833,True,25.28,False,0.0,26.87,0.0,0.320836,0.0,0.0,0.003333,2529.1697,413.6,0.08,0.025667,0.132698,26.25,0.474,15.6,28.0,0.0,26.74,0.61,15.6,28.0,0.0,27.13,0.737,15.6,28.0,0.0,26.82,0.637,15.6,28.0,0.0,27.41,0.813,15.6,28.0,0.0
2016,4680.0,195,24.0,True,25.0,False,0.0,26.841,0.0,0.320836,0.0,0.0,0.003333,2529.4906,409.8,0.08,0.025667,0.131479,26.23,0.471,15.6,28.0,0.0,26.71,0.605,15.6,28.0,0.0,27.1,0.732,15.6,28.0,0.0,26.8,0.632,15.6,28.0,0.0,27.37,0.808,15.6,28.0,0.0
