step,sim_time_hours,day_of_year,hour,is_weekend,outdoor_temp_c,occupied,occupants,mean_air_temp_c,max_abs_pmv,interval_elec_kwh,interval_hvac_kwh,interval_cool_kwh,interval_gas_kwh,cum_elec_kwh,carbon_gco2_kwh,price_usd_kwh,interval_cost_usd,interval_carbon_kg,CORE_ZN_temp,CORE_ZN_pmv,CORE_ZN_htgsp,CORE_ZN_clgsp,CORE_ZN_occ,PERIMETER_ZN_1_temp,PERIMETER_ZN_1_pmv,PERIMETER_ZN_1_htgsp,PERIMETER_ZN_1_clgsp,PERIMETER_ZN_1_occ,PERIMETER_ZN_2_temp,PERIMETER_ZN_2_pmv,PERIMETER_ZN_2_htgsp,PERIMETER_ZN_2_clgsp,PERIMETER_ZN_2_occ,PERIMETER_ZN_3_temp,PERIMETER_ZN_3_pmv,PERIMETER_ZN_3_htgsp,PERIMETER_ZN_3_clgsp,PERIMETER_ZN_3_occ,PERIMETER_ZN_4_temp,PERIMETER_ZN_4_pmv,PERIMETER_ZN_4_htgsp,PERIMETER_ZN_4_clgsp,PERIMETER_ZN_4_occ
1,4344.2222,182,0.222,True,26.9,False,0.0,26.864,0.0,0.441266,0.12043,0.055461,0.003333,0.4413,378.2,0.08,0.035301,0.166887,26.53,0.587,15.6,26.7,0.0,26.99,0.677,15.6,26.7,0.0,27.0,0.619,15.6,26.7,0.0,27.08,0.697,15.6,26.7,0.0,26.73,0.585,15.6,26.7,0.0
2,4344.3333,182,0.333,True,26.6,False,0.0,26.884,0.0,0.42492,0.104083,0.039115,0.003333,0.8662,378.5,0.08,0.033994,0.160832,26.5,0.583,15.6,26.7,0.0,26.96,0.672,15.6,26.7,0.0,27.21,0.665,15.6,26.7,0.0,27.05,0.694,15.6,26.7,0.0,26.7,0.562,15.6,26.7,0.0
3,4344.5833,182,0.583,True,26.3,False,0.0,26.782,0.0,0.532636,0.211799,0.081872,0.003333,1.3988,379.1,0.08,0.042611,0.201922,26.48,0.58,15.6,26.7,0.0,26.93,0.67,15.6,26.7,0.0,26.76,0.593,15.6,26.7,0.0,27.03,0.692,15.6,26.7,0.0,26.7,0.555,15.6,26.7,0.0
4,4344.75,182,0.75,True,26.0,False,0.0,26.82,0.0,0.420997,0.10016,0.035202,0.003333,1.8198,379.4,0.08,0.03368,0.159726,26.46,0.576,15.6,26.7,0.0,26.9,0.665,15.6,26.7,0.0,26.71,0.571,15.6,26.7,0.0,27.0,0.689,15.6,26.7,0.0,27.02,0.607,15.6,26.7,0.0
5,4344.8333,182,0.833,True,25.7,False,0.0,26.835,0.0,0.418754,0.097917,0.032959,0.003333,2.2386,379.4,0.08,0.0335,0.158875,26.43,0.57,15.6,26.7,0.0,26.87,0.659,15.6,26.7,0.0,26.7,0.562,15.6,26.7,0.0,26.97,0.684,15.6,26.7,0.0,27.21,0.652,15.6,26.7,0.0
6,4345.0833,182,1.083,True,25.4,False,0.0,26.773,0.0,0.4286,0.107763,0.042795,0.003333,2.6672,379.5,0.08,0.034288,0.162654,26.4,0.566,15.6,26.7,0.0,26.84,0.655,15.6,26.7,0.0,26.92,0.598,15.6,26.7,0.0,26.94,0.681,15.6,26.7,0.0,26.76,0.582,15.6,26.7,0.0
7,4345.1667,182,1.167,True,25.43,False,0.0,26.776,0.0,0.420809,0.099973,0.035004,0.003333,3.088,379.4,0.08,0.033665,0.159655,26.38,0.563,15.6,26.7,0.0,26.81,0.651,15.6,26.7,0.0,27.06,0.632,15.6,26.7,0.0,26.92,0.678,15.6,26.7,0.0,26.71,0.562,15.6,26.7,0.0
8,4345.3333,182,1.333,True,25.47,False,0.0,26.775,0.0,0.419851,0.099014,0.034046,0.003333,3.5078,379.3,0.08,0.033588,0.159249,26.37,0.561,15.6,26.7,0.0,26.8,0.65,15.6,26.7,0.0,27.09,0.646,15.6,26.7,0.0,26.91,0.677,15.6,26.7,0.0,26.7,0.556,15.6,26.7,0.0
9,4345.5833,182,1.583,True,25.5,False,0.0,26.825,0.0,0.320836,0.0,0.0,0.003333,3.8287,378.7,0.08,0.025667,0.121501,26.37,0.56,15.6,26.7,0.0,26.79,0.649,15.6,26.7,0.0,27.1,0.655,15.6,26.7,0.0,26.9,0.677,15.6,26.7,0.0,26.97,0.601,15.6,26.7,0.0
10,4345.6667,182,1.667,True,25.53,False,0.0,26.853,0.0,0.320836,0.0,0.0,0.436401,4.1495,378.5,0.08,0.025667,0.121437,26.36,0.559,15.6,26.7,0.0,26.77,0.647,15.6,26.7,0.0,27.11,0.663,15.6,26.7,0.0,26.88,0.676,15.6,26.7,0.0,27.14,0.641,15.6,26.7,0.0
11,4345.8333,182,1.833,True,25.57,False,0.0,26.857,0.0,0.320836,0.0,0.0,0.003333,4.4703,378.0,0.08,0.025667,0.121276,26.36,0.559,15.6,26.7,0.0,26.76,0.647,15.6,26.7,0.0,27.11,0.669,15.6,26.7,0.0,26.88,0.676,15.6,26.7,0.0,27.18,0.658,15.6,26.7,0.0
12,4346.0,182,2.0,True,25.6,False,0.0,26.854,0.0,0.320836,0.0,0.0,0.003333,4.7912,377.3,0.08,0.025667,0.121052,26.35,0.558,15.6,26.7,0.0,26.75,0.646,15.6,26.7,0.0,27.1,0.674,15.6,26.7,0.0,26.87,0.676,15.6,26.7,0.0,27.2,0.67,15.6,26.7,0.0
13,4346.1667,182,2.167,True,25.65,False,0.0,26.851,0.0,0.320836,0.0,0.0,0.003333,5.112,376.5,0.08,0.025667,0.120795,26.35,0.558,15.6,26.7,0.0,26.74,0.645,15.6,26.7,0.0,27.1,0.68,15.6,26.7,0.0,26.86,0.676,15.6,26.7,0.0,27.21,0.68,15.6,26.7,0.0
14,4346.4167,182,2.417,True,25.7,False,0.0,26.759,0.0,0.430888,0.110052,0.045083,0.003333,5.5429,375.1,0.08,0.034471,0.161626,26.35,0.558,15.6,26.7,0.0,26.74,0.646,15.6,26.7,0.0,27.09,0.685,15.6,26.7,0.0,26.85,0.676,15.6,26.7,0.0,26.76,0.607,15.6,26.7,0.0
15,4346.5,182,2.5,True,25.75,False,0.0,26.743,0.0,0.421638,0.100802,0.035833,0.003333,5.9645,374.6,0.08,0.033731,0.157946,26.35,0.559,15.6,26.7,0.0,26.73,0.646,15.6,26.7,0.0,27.09,0.69,15.6,26.7,0.0,26.84,0.677,15.6,26.7,0.0,26.71,0.585,15.6,26.7,0.0
16,4346.6667,182,2.667,True,25.8,False,0.0,26.738,0.0,0.420562,0.099726,0.034757,0.003333,6.3851,373.4,0.08,0.033645,0.157038,26.34,0.56,15.6,26.7,0.0,26.72,0.646,15.6,26.7,0.0,27.08,0.695,15.6,26.7,0.0,26.84,0.677,15.6,26.7,0.0,26.7,0.577,15.6,26.7,0.0
17,4346.8333,182,2.833,True,25.85,False,0.0,26.792,0.0,0.320836,0.0,0.0,0.003333,6.7059,372.2,0.08,0.025667,0.119415,26.34,0.561,15.6,26.7,0.0,26.72,0.647,15.6,26.7,0.0,27.08,0.699,15.6,26.7,0.0,26.83,0.678,15.6,26.7,0.0,26.99,0.628,15.6,26.7,0.0
18,4347.0,182,3.0,True,25.9,False,0.0,26.808,0.0,0.320836,0.0,0.0,0.003333,7.0268,370.8,0.08,0.025667,0.118966,26.34,0.562,15.6,26.7,0.0,26.71,0.647,15.6,26.7,0.0,27.07,0.704,15.6,26.7,0.0,26.82,0.679,15.6,26.7,0.0,27.09,0.655,15.6,26.7,0.0
19,4347.1667,182,3.167,True,25.93,False,0.0,26.812,0.0,0.320836,0.0,0.0,0.436388,7.3476,369.4,0.08,0.025667,0.118517,26.34,0.563,15.6,26.7,0.0,26.7,0.649,15.6,26.7,0.0,27.07,0.709,15.6,26.7,0.0,26.82,0.681,15.6,26.7,0.0,27.13,0.671,15.6,26.7,0.0
20,4347.3333,182,3.333,True,25.97,False,0.0,26.812,0.0,0.320836,0.0,0.0,0.003333,7.6684,367.8,0.08,0.025667,0.118004,26.33,0.563,15.6,26.7,0.0,26.7,0.65,15.6,26.7,0.0,27.06,0.713,15.6,26.7,0.0,26.81,0.682,15.6,26.7,0.0,27.14,0.683,15.6,26.7,0.0
21,4347.5,182,3.5,True,26.0,False,0.0,26.81,0.0,0.320836,0.0,0.0,0.003333,7.9893,366.1,0.08,0.025667,0.117458,26.33,0.564,15.6,26.7,0.0,26.7,0.651,15.6,26.7,0.0,27.06,0.717,15.6,26.7,0.0,26.81,0.683,15.6,26.7,0.0,27.15,0.692,15.6,26.7,0.0
22,4347.6667,182,3.667,True,26.03,False,0.0,26.807,0.0,0.320836,0.0,0.0,0.003333,8.3101,364.4,0.08,0.025667,0.116913,26.33,0.564,15.6,26.7,0.0,26.69,0.653,15.6,26.7,0.0,27.06,0.721,15.6,26.7,0.0,26.81,0.684,15.6,26.7,0.0,27.15,0.7,15.6,26.7,0.0
23,4347.8333,182,3.833,True,26.07,False,0.0,26.805,0.0,0.320836,0.0,0.0,0.003333,8.631,362.5,0.08,0.025667,0.116303,26.32,0.564,15.6,26.7,0.0,26.69,0.654,15.6,26.7,0.0,27.05,0.724,15.6,26.7,0.0,26.8,0.685,15.6,26.7,0.0,27.15,0.707,15.6,26.7,0.0
24,4348.0,182,4.0,True,26.1,False,0.0,26.802,0.0,0.320836,0.0,0.0,0.003333,8.9518,360.5,0.08,0.025667,0.115662,26.32,0.564,15.6,26.7,0.0,26.69,0.654,15.6,26.7,0.0,27.05,0.727,15.6,26.7,0.0,26.8,0.685,15.6,26.7,0.0,27.15,0.714,15.6,26.7,0.0
25,4348.1667,182,4.167,True,26.02,False,0.0,26.792,0.0,0.320836,0.0,0.0,0.003333,9.2726,358.5,0.08,0.025667,0.11502,26.31,0.562,15.6,26.7,0.0,26.68,0.653,15.6,26.7,0.0,27.04,0.727,15.6,26.7,0.0,26.79,0.684,15.6,26.7,0.0,27.15,0.717,15.6,26.7,0.0
26,4348.3333,182,4.333,True,25.93,False,0.0,26.778,0.0,0.320836,0.0,0.0,0.003333,9.5935,356.4,0.08,0.025667,0.114346,26.3,0.56,15.6,26.7,0.0,26.66,0.65,15.6,26.7,0.0,27.02,0.727,15.6,26.7,0.0,26.77,0.682,15.6,26.7,0.0,27.13,0.719,15.6,26.7,0.0
27,4348.5,182,4.5,True,25.85,False,0.0,26.763,0.0,0.320836,0.0,0.0,0.003333,9.9143,354.2,0.08,0.025667,0.11364,26.29,0.558,15.6,26.7,0.0,26.65,0.647,15.6,26.7,0.0,27.0,0.725,15.6,26.7,0.0,26.76,0.679,15.6,26.7,0.0,27.12,0.721,15.6,26.7,0.0
28,4348.6667,182,4.667,True,25.77,False,0.0,26.747,0.0,0.320836,0.0,0.0,0.003333,10.2351,351.9,0.08,0.025667,0.112902,26.28,0.555,15.6,26.7,0.0,26.63,0.643,15.6,26.7,0.0,26.99,0.723,15.6,26.7,0.0,26.74,0.675,15.6,26.7,0.0,27.1,0.721,15.6,26.7,0.0
29,4348.8333,182,4.833,True,25.68,False,0.0,26.73,0.0,0.320836,0.0,0.0,0.436413,10.556,349.5,0.08,0.025667,0.112132,26.27,0.551,15.6,26.7,0.0,26.61,0.639,15.6,26.7,0.0,26.97,0.721,15.6,26.7,0.0,26.72,0.671,15.6,26.7,0.0,27.09,0.721,15.6,26.7,0.0
30,4349.0,182,5.0,True,25.6,False,0.0,26.713,0.0,0.320836,0.0,0.0,0.003333,10.8768,347.1,0.08,0.025667,0.111362,26.25,0.548,15.6,26.7,0.0,26.59,0.635,15.6,26.7,0.0,26.95,0.718,15.6,26.7,0.0,26.7,0.667,15.6,26.7,0.0,27.07,0.72,15.6,26.7,0.0
31,4349.1667,182,5.167,True,25.6,False,0.0,26.698,0.0,0.320836,0.0,0.0,0.003333,11.1976,344.6,0.08,0.025667,0.11056,26.24,0.544,15.6,26.7,0.0,26.58,0.631,15.6,26.7,0.0,26.93,0.715,15.6,26.7,0.0,26.69,0.663,15.6,26.7,0.0,27.05,0.719,15.6,26.7,0.0
32,4349.3333,182,5.333,True,25.6,False,0.0,26.685,0.0,0.320836,0.0,0.0,0.003333,11.5185,342.1,0.08,0.025667,0.109758,26.23,0.541,15.6,26.7,0.0,26.56,0.627,15.6,26.7,0.0,26.92,0.713,15.6,26.7,0.0,26.68,0.66,15.6,26.7,0.0,27.04,0.719,15.6,26.7,0.0
33,4349.5,182,5.5,True,25.6,False,0.0,26.672,0.0,0.320836,0.0,0.0,0.003333,11.8393,339.5,0.08,0.025667,0.108924,26.22,0.538,15.6,26.7,0.0,26.55,0.623,15.6,26.7,0.0,26.9,0.71,15.6,26.7,0.0,26.66,0.656,15.6,26.7,0.0,27.02,0.718,15.6,26.7,0.0
34,4349.6667,182,5.667,True,25.6,False,0.0,26.659,0.0,0.320836,0.0,0.0,0.003333,12.1602,336.9,0.08,0.025667,0.10809,26.21,0.534,15.6,26.7,0.0,26.54,0.62,15.6,26.7,0.0,26.89,0.707,15.6,26.7,0.0,26.65,0.653,15.6,26.7,0.0,27.01,0.717,15.6,26.7,0.0
35,4349.8333,182,5.833,True,25.6,False,0.0,26.679,0.0,0.320836,0.0,0.0,0.003333,12.481,334.2,0.08,0.025667,0.107224,26.2,0.531,15.6,26.7,0.0,26.54,0.621,15.6,26.7,0.0,26.97,0.742,15.6,26.7,0.0,26.68,0.667,15.6,26.7,0.0,27.01,0.72,15.6,26.7,0.0
36,4350.0,182,6.0,True,25.6,False,0.0,26.705,0.0,0.320836,0.0,0.0,0.003333,12.8018,331.5,0.08,0.025667,0.106357,26.2,0.53,15.6,26.7,0.0,26.54,0.622,15.6,26.7,0.0,27.07,0.775,15.6,26.7,0.0,26.72,0.679,15.6,26.7,0.0,27.01,0.723,15.6,26.7,0.0
37,4350.1667,182,6.167,True,25.87,False,0.0,26.745,0.0,0.320836,0.0,0.0,0.003333,13.1227,328.8,0.08,0.025667,0.105491,26.21,0.531,15.6,26.7,0.0,26.55,0.628,15.6,26.7,0.0,27.18,0.811,15.6,26.7,0.0,26.76,0.693,15.6,26.7,0.0,27.02,0.729,15.6,26.7,0.0
38,4350.3333,182,6.333,True,26.13,False,0.0,26.791,0.0,0.320836,0.0,0.0,0.436398,13.4435,326.0,0.08,0.025667,0.104593,26.22,0.534,15.6,26.7,0.0,26.58,0.635,15.6,26.7,0.0,27.3,0.847,15.6,26.7,0.0,26.81,0.708,15.6,26.7,0.0,27.04,0.738,15.6,26.7,0.0
39,4350.5833,182,6.583,True,26.4,False,0.0,26.706,0.0,0.452189,0.131353,0.066395,0.003333,13.8957,321.8,0.08,0.036175,0.145515,26.24,0.537,15.6,26.7,0.0,26.6,0.643,15.6,26.7,0.0,26.77,0.757,15.6,26.7,0.0,26.85,0.721,15.6,26.7,0.0,27.06,0.746,15.6,26.7,0.0
40,4350.75,182,6.75,True,26.67,False,0.0,26.721,0.0,0.443965,0.123129,0.058171,0.003333,14.3397,319.0,0.08,0.035517,0.141625,26.26,0.543,15.6,26.7,0.0,26.64,0.654,15.6,26.7,0.0,26.71,0.732,15.6,26.7,0.0,26.91,0.737,15.6,26.7,0.0,27.09,0.757,15.6,26.7,0.0
41,4350.9167,182,6.917,True,26.93,False,0.0,26.747,0.0,0.445051,0.124214,0.059256,0.003333,14.7847,316.2,0.08,0.035604,0.140725,26.28,0.548,15.6,26.7,0.0,26.68,0.666,15.6,26.7,0.0,26.7,0.724,15.6,26.7,0.0,26.96,0.753,15.6,26.7,0.0,27.12,0.769,15.6,26.7,0.0
42,4351.0556,182,7.056,True,27.2,False,0.0,26.884,0.0,0.320836,0.0,0.0,0.003333,15.1055,313.8,0.08,0.025667,0.100678,26.3,0.555,15.6,26.7,0.0,26.71,0.678,15.6,26.7,0.0,27.25,0.819,15.6,26.7,0.0,27.01,0.768,15.6,26.7,0.0,27.15,0.78,15.6,26.7,0.0
43,4351.2222,182,7.222,True,27.48,False,0.0,26.809,0.0,0.462318,0.141481,0.076523,0.003333,15.5679,311.0,0.08,0.036985,0.143781,26.33,0.561,15.6,26.7,0.0,26.75,0.692,15.6,26.7,0.0,26.72,0.749,15.6,26.7,0.0,27.06,0.783,15.6,26.7,0.0,27.18,0.793,15.6,26.7,0.0
44,4351.3889,182,7.389,True,27.77,False,0.0,26.825,0.0,0.534525,0.213689,0.105418,0.003333,16.1024,308.2,0.08,0.042762,0.164741,26.35,0.568,15.6,26.7,0.0,26.8,0.707,15.6,26.7,0.0,26.7,0.737,15.6,26.7,0.0,27.11,0.799,15.6,26.7,0.0,27.16,0.794,15.6,26.7,0.0
45,4351.5417,182,7.542,True,28.05,False,0.0,26.761,0.0,0.576299,0.255463,0.125536,0.003333,16.6787,305.6,0.08,0.046104,0.176117,26.38,0.575,15.6,26.7,0.0,26.85,0.723,15.6,26.7,0.0,26.7,0.733,15.6,26.7,0.0,27.15,0.811,15.6,26.7,0.0,26.72,0.694,15.6,26.7,0.0
46,4351.7083,182,7.708,True,28.33,False,0.0,26.939,0.0,0.43415,0.113313,0.048344,0.003333,17.1128,302.8,0.08,0.034732,0.131461,26.4,0.581,15.6,26.7,0.0,26.91,0.74,15.6,26.7,0.0,27.5,0.869,15.6,26.7,0.0,27.19,0.822,15.6,26.7,0.0,26.7,0.673,15.6,26.7,0.0
47,4351.875,182,7.875,True,28.62,False,0.0,26.814,0.0,0.59612,0.275284,0.158982,0.003333,17.709,300.1,0.08,0.04769,0.178896,26.42,0.588,15.6,26.7,0.0,26.96,0.756,15.6,26.7,0.0,26.72,0.777,15.6,26.7,0.0,27.0,0.788,15.6,26.7,0.0,26.97,0.717,15.6,26.7,0.0
48,4352.0417,182,8.042,True,28.9,False,0.0,26.801,0.0,0.667705,0.346868,0.180967,0.436418,18.3767,297.3,0.08,0.053416,0.198509,26.44,0.594,15.6,26.7,0.0,27.01,0.774,15.6,26.7,0.0,26.7,0.758,15.6,26.7,0.0,26.71,0.709,15.6,26.7,0.0,27.14,0.761,15.6,26.7,0.0
49,4352.2,182,8.2,True,28.98,False,0.0,26.726,0.0,0.718196,0.39736,0.198975,0.003333,19.0949,294.8,0.08,0.057456,0.211724,26.46,0.6,15.6,26.7,0.0,27.06,0.789,15.6,26.7,0.0,26.7,0.756,15.6,26.7,0.0,26.7,0.689,15.6,26.7,0.0,26.72,0.666,15.6,26.7,0.0
50,4352.3667,182,8.367,True,29.07,False,0.0,26.977,0.0,0.435019,0.114183,0.049214,0.003333,19.5299,292.1,0.08,0.034802,0.127069,26.47,0.604,15.6,26.7,0.0,27.11,0.804,15.6,26.7,0.0,27.71,0.918,15.6,26.7,0.0,26.91,0.719,15.6,26.7,0.0,26.7,0.651,15.6,26.7,0.0
51,4352.5333,182,8.533,True,29.15,False,0.0,26.888,0.0,0.490703,0.169867,0.104909,0.003333,20.0206,289.5,0.08,0.039256,0.142059,26.47,0.609,15.6,26.7,0.0,27.15,0.819,15.6,26.7,0.0,26.71,0.808,15.6,26.7,0.0,27.11,0.761,15.6,26.7,0.0,27.0,0.701,15.6,26.7,0.0
52,4352.7,182,8.7,True,29.23,False,0.0,26.889,0.0,0.647409,0.326573,0.182256,0.003333,20.668,286.9,0.08,0.051793,0.185742,26.48,0.613,15.6,26.7,0.0,27.19,0.834,15.6,26.7,0.0,26.7,0.773,15.6,26.7,0.0,27.12,0.777,15.6,26.7,0.0,26.95,0.703,15.6,26.7,0.0
53,4352.8667,182,8.867,True,29.32,False,0.0,26.663,0.0,0.883442,0.562606,0.300939,0.003333,21.5514,284.4,0.08,0.070675,0.251251,26.49,0.617,15.6,26.7,0.0,26.71,0.736,15.6,26.7,0.0,26.7,0.762,15.6,26.7,0.0,26.71,0.682,15.6,26.7,0.0,26.71,0.645,15.6,26.7,0.0
54,4353.0333,182,9.033,True,29.4,False,0.0,26.877,0.0,0.693914,0.373077,0.176369,0.003333,22.2453,282.0,0.08,0.055513,0.195684,26.5,0.621,15.6,26.7,0.0,26.7,0.713,15.6,26.7,0.0,27.78,0.924,15.6,26.7,0.0,26.7,0.669,15.6,26.7,0.0,26.7,0.635,15.6,26.7,0.0
55,4353.2083,182,9.208,True,29.6,False,0.0,26.789,0.0,0.615718,0.294881,0.166641,0.003333,22.8611,279.5,0.08,0.049257,0.172093,26.51,0.624,15.6,26.7,0.0,26.7,0.699,15.6,26.7,0.0,26.72,0.798,15.6,26.7,0.0,26.96,0.71,15.6,26.7,0.0,27.06,0.694,15.6,26.7,0.0
56,4353.375,182,9.375,True,29.8,False,0.0,26.826,0.0,0.621911,0.301074,0.154033,0.003333,23.483,277.2,0.08,0.049753,0.172394,26.53,0.628,15.6,26.7,0.0,26.97,0.742,15.6,26.7,0.0,26.7,0.757,15.6,26.7,0.0,27.22,0.761,15.6,26.7,0.0,26.71,0.643,15.6,26.7,0.0
57,4353.5417,182,9.542,True,30.0,False,0.0,26.754,0.0,0.834511,0.513674,0.283648,0.436418,24.3175,275.0,0.08,0.066761,0.22949,26.54,0.631,15.6,26.7,0.0,27.12,0.781,15.6,26.7,0.0,26.7,0.741,15.6,26.7,0.0,26.71,0.676,15.6,26.7,0.0,26.7,0.628,15.6,26.7,0.0
58,4353.7,182,9.7,True,30.2,False,0.0,26.887,0.0,0.706633,0.385797,0.189088,0.003333,25.0241,272.9,0.08,0.056531,0.19284,26.55,0.633,15.6,26.7,0.0,26.71,0.686,15.6,26.7,0.0,27.77,0.9,15.6,26.7,0.0,26.7,0.655,15.6,26.7,0.0,26.7,0.62,15.6,26.7,0.0
59,4353.875,182,9.875,True,30.4,False,0.0,26.818,0.0,0.616386,0.29555,0.16731,0.003333,25.6405,270.8,0.08,0.049311,0.166917,26.57,0.635,15.6,26.7,0.0,26.7,0.67,15.6,26.7,0.0,26.72,0.779,15.6,26.7,0.0,27.0,0.699,15.6,26.7,0.0,27.1,0.683,15.6,26.7,0.0
60,4354.0417,182,10.042,True,30.6,False,0.0,26.831,0.0,0.686792,0.365956,0.2018,0.003333,26.3273,268.9,0.08,0.054943,0.184678,26.58,0.637,15.6,26.7,0.0,27.01,0.716,15.6,26.7,0.0,26.7,0.739,15.6,26.7,0.0,27.15,0.741,15.6,26.7,0.0,26.71,0.627,15.6,26.7,0.0
61,4354.2,182,10.2,True,30.68,False,0.0,26.727,0.0,0.849499,0.528663,0.279652,0.003333,27.1768,267.1,0.08,0.06796,0.226901,26.59,0.638,15.6,26.7,0.0,26.93,0.711,15.6,26.7,0.0,26.7,0.725,15.6,26.7,0.0,26.71,0.645,15.6,26.7,0.0,26.7,0.61,15.6,26.7,0.0
62,4354.3667,182,10.367,True,30.77,False,0.0,26.887,0.0,0.702397,0.38156,0.184851,0.003333,27.8792,265.4,0.08,0.056192,0.186416,26.6,0.639,15.6,26.7,0.0,26.7,0.652,15.6,26.7,0.0,27.73,0.87,15.6,26.7,0.0,26.7,0.632,15.6,26.7,0.0,26.7,0.603,15.6,26.7,0.0
63,4354.5333,182,10.533,True,30.85,False,0.0,26.826,0.0,0.610439,0.289603,0.161363,0.003333,28.4896,263.8,0.08,0.048835,0.161034,26.61,0.64,15.6,26.7,0.0,26.7,0.641,15.6,26.7,0.0,26.71,0.742,15.6,26.7,0.0,27.0,0.678,15.6,26.7,0.0,27.11,0.667,15.6,26.7,0.0
64,4354.7,182,10.7,True,30.93,False,0.0,26.794,0.0,0.71876,0.397923,0.21323,0.003333,29.2084,262.4,0.08,0.057501,0.188603,26.61,0.641,15.6,26.7,0.0,27.02,0.69,15.6,26.7,0.0,26.7,0.698,15.6,26.7,0.0,26.94,0.679,15.6,26.7,0.0,26.7,0.613,15.6,26.7,0.0
65,4354.8667,182,10.867,True,31.02,False,0.0,26.734,0.0,0.8355,0.514664,0.265653,0.003333,30.0439,261.0,0.08,0.06684,0.218066,26.62,0.642,15.6,26.7,0.0,26.95,0.691,15.6,26.7,0.0,26.7,0.676,15.6,26.7,0.0,26.71,0.624,15.6,26.7,0.0,26.7,0.6,15.6,26.7,0.0
66,4355.0333,182,11.033,True,31.1,False,0.0,26.86,0.0,0.702808,0.381972,0.185263,0.436423,30.7467,259.9,0.08,0.056225,0.18266,26.62,0.643,15.6,26.7,0.0,26.71,0.633,15.6,26.7,0.0,27.57,0.791,15.6,26.7,0.0,26.7,0.616,15.6,26.7,0.0,26.7,0.595,15.6,26.7,0.0
67,4355.2083,182,11.208,True,31.2,False,0.0,26.844,0.0,0.598825,0.277989,0.149749,0.003333,31.3455,258.9,0.08,0.047906,0.155036,26.63,0.644,15.6,26.7,0.0,26.7,0.625,15.6,26.7,0.0,26.72,0.678,15.6,26.7,0.0,27.03,0.668,15.6,26.7,0.0,27.14,0.667,15.6,26.7,0.0
68,4355.375,182,11.375,True,31.3,False,0.0,26.825,0.0,0.700533,0.379696,0.198425,0.003333,32.0461,258.1,0.08,0.056043,0.180807,26.63,0.645,15.6,26.7,0.0,27.05,0.681,15.6,26.7,0.0,26.7,0.637,15.6,26.7,0.0,27.03,0.685,15.6,26.7,0.0,26.71,0.61,15.6,26.7,0.0
69,4355.5556,182,11.556,True,31.4,False,0.0,26.693,0.0,0.856631,0.535795,0.274128,0.003333,32.9027,257.4,0.08,0.068531,0.220497,26.64,0.647,15.6,26.7,0.0,26.71,0.632,15.6,26.7,0.0,26.7,0.622,15.6,26.7,0.0,26.72,0.617,15.6,26.7,0.0,26.7,0.597,15.6,26.7,0.0
70,4355.7083,182,11.708,True,31.5,False,0.0,26.831,0.0,0.705847,0.385011,0.188302,0.003333,33.6085,257.1,0.08,0.056468,0.181473,26.64,0.648,15.6,26.7,0.0,26.7,0.618,15.6,26.7,0.0,27.41,0.727,15.6,26.7,0.0,26.7,0.607,15.6,26.7,0.0,26.7,0.592,15.6,26.7,0.0
71,4355.8889,182,11.889,True,31.6,False,0.0,26.868,0.0,0.589068,0.268231,0.139991,0.003333,34.1976,256.9,0.08,0.047125,0.151331,26.65,0.649,15.6,26.7,0.0,26.7,0.612,15.6,26.7,0.0,26.73,0.646,15.6,26.7,0.0,27.07,0.666,15.6,26.7,0.0,27.19,0.672,15.6,26.7,0.0
72,4356.0833,182,12.083,True,31.7,False,0.0,26.793,0.0,0.734623,0.413786,0.215401,0.003333,34.9322,257.1,0.08,0.05877,0.188871,26.66,0.65,15.6,26.7,0.0,27.14,0.683,15.6,26.7,0.0,26.7,0.621,15.6,26.7,0.0,26.72,0.618,15.6,26.7,0.0,26.75,0.614,15.6,26.7,0.0
73,4356.25,182,12.25,True,31.78,False,0.0,26.699,0.0,0.856321,0.535484,0.273817,0.003333,35.7885,257.5,0.08,0.068506,0.220503,26.66,0.651,15.6,26.7,0.0,26.73,0.625,15.6,26.7,0.0,26.7,0.615,15.6,26.7,0.0,26.7,0.603,15.6,26.7,0.0,26.71,0.596,15.6,26.7,0.0
74,4356.375,182,12.375,True,31.87,False,0.0,26.829,0.0,0.7088,0.387964,0.191255,0.003333,36.4973,258.0,0.08,0.056704,0.18287,26.67,0.652,15.6,26.7,0.0,26.7,0.608,15.6,26.7,0.0,27.38,0.717,15.6,26.7,0.0,26.7,0.597,15.6,26.7,0.0,26.7,0.589,15.6,26.7,0.0
75,4356.5556,182,12.556,True,31.95,False,0.0,26.878,0.0,0.591353,0.270517,0.142277,0.436422,37.0887,259.1,0.08,0.047308,0.15322,26.67,0.652,15.6,26.7,0.0,26.7,0.602,15.6,26.7,0.0,26.73,0.639,15.6,26.7,0.0,27.08,0.657,15.6,26.7,0.0,27.21,0.67,15.6,26.7,0.0
76,4356.75,182,12.75,True,32.03,False,0.0,26.802,0.0,0.736865,0.416028,0.217643,0.003333,37.8256,260.7,0.08,0.058949,0.192101,26.68,0.651,15.6,26.7,0.0,27.16,0.674,15.6,26.7,0.0,26.7,0.617,15.6,26.7,0.0,26.72,0.607,15.6,26.7,0.0,26.75,0.61,15.6,26.7,0.0
77,4356.9167,182,12.917,True,32.12,False,0.0,26.704,0.0,0.859182,0.538345,0.276679,0.003333,38.6848,262.5,0.08,0.068735,0.225535,26.68,0.651,15.6,26.7,0.0,26.73,0.615,15.6,26.7,0.0,26.7,0.611,15.6,26.7,0.0,26.7,0.593,15.6,26.7,0.0,26.71,0.591,15.6,26.7,0.0
78,4357.0417,182,13.042,True,32.2,False,0.0,26.834,0.0,0.711699,0.390862,0.194154,0.003333,39.3964,264.1,0.08,0.056936,0.18796,26.69,0.649,15.6,26.7,0.0,26.7,0.598,15.6,26.7,0.0,27.38,0.713,15.6,26.7,0.0,26.7,0.586,15.6,26.7,0.0,26.7,0.584,15.6,26.7,0.0
79,4357.2222,182,13.222,True,32.3,False,0.0,26.892,0.0,0.594606,0.27377,0.14553,0.003333,39.9911,266.8,0.08,0.047568,0.158641,26.7,0.649,15.6,26.7,0.0,26.7,0.592,15.6,26.7,0.0,26.73,0.636,15.6,26.7,0.0,27.1,0.65,15.6,26.7,0.0,27.23,0.668,15.6,26.7,0.0
80,4357.3889,182,13.389,True,32.4,False,0.0,26.797,0.0,0.743309,0.422473,0.224087,0.003333,40.7344,269.7,0.08,0.059465,0.20047,26.71,0.648,15.6,26.7,0.0,27.14,0.662,15.6,26.7,0.0,26.7,0.614,15.6,26.7,0.0,26.71,0.597,15.6,26.7,0.0,26.72,0.602,15.6,26.7,0.0
81,4357.5833,182,13.583,True,32.5,False,0.0,26.708,0.0,0.865782,0.544946,0.283279,0.003333,41.6001,273.8,0.08,0.069263,0.237051,26.71,0.648,15.6,26.7,0.0,26.72,0.608,15.6,26.7,0.0,26.7,0.61,15.6,26.7,0.0,26.7,0.585,15.6,26.7,0.0,26.7,0.586,15.6,26.7,0.0
82,4357.7083,182,13.708,True,32.6,False,0.0,26.844,0.0,0.71792,0.397084,0.200375,0.003333,42.3181,276.7,0.08,0.057434,0.198649,26.72,0.649,15.6,26.7,0.0,26.7,0.592,15.6,26.7,0.0,27.4,0.717,15.6,26.7,0.0,26.7,0.581,15.6,26.7,0.0,26.7,0.581,15.6,26.7,0.0
83,4357.8889,182,13.889,True,32.7,False,0.0,26.917,0.0,0.600085,0.279249,0.151009,0.003333,42.9182,281.5,0.08,0.048007,0.168924,26.73,0.649,15.6,26.7,0.0,26.7,0.588,15.6,26.7,0.0,26.73,0.638,15.6,26.7,0.0,27.13,0.649,15.6,26.7,0.0,27.3,0.683,15.6,26.7,0.0
84,4358.0556,182,14.056,True,32.8,False,0.0,26.811,0.0,0.755418,0.434581,0.236196,0.436416,43.6736,286.5,0.08,0.060433,0.216427,26.74,0.65,15.6,26.7,0.0,27.18,0.664,15.6,26.7,0.0,26.7,0.616,15.6,26.7,0.0,26.71,0.594,15.6,26.7,0.0,26.72,0.622,15.6,26.7,0.0
85,4358.25,182,14.25,True,32.8,False,0.0,26.716,0.0,0.881364,0.560528,0.298861,0.003333,44.5549,293.0,0.08,0.070509,0.25824,26.75,0.652,15.6,26.7,0.0,26.73,0.606,15.6,26.7,0.0,26.7,0.612,15.6,26.7,0.0,26.7,0.582,15.6,26.7,0.0,26.7,0.616,15.6,26.7,0.0
86,4358.375,182,14.375,True,32.8,False,0.0,26.854,0.0,0.733136,0.412299,0.215591,0.003333,45.2881,297.6,0.08,0.058651,0.218181,26.76,0.652,15.6,26.7,0.0,26.7,0.59,15.6,26.7,0.0,27.41,0.721,15.6,26.7,0.0,26.7,0.578,15.6,26.7,0.0,26.7,0.623,15.6,26.7,0.0
87,4358.5417,182,14.542,True,32.8,False,0.0,26.959,0.0,0.602906,0.282069,0.15383,0.003333,45.891,304.2,0.08,0.048232,0.183404,26.76,0.653,15.6,26.7,0.0,26.7,0.586,15.6,26.7,0.0,26.72,0.638,15.6,26.7,0.0,27.13,0.644,15.6,26.7,0.0,27.49,0.758,15.6,26.7,0.0
88,4358.7222,182,14.722,True,32.8,False,0.0,26.821,0.0,0.773378,0.452541,0.254156,0.003333,46.6644,312.1,0.08,0.06187,0.241371,26.77,0.654,15.6,26.7,0.0,27.19,0.664,15.6,26.7,0.0,26.7,0.617,15.6,26.7,0.0,26.71,0.592,15.6,26.7,0.0,26.73,0.681,15.6,26.7,0.0
89,4358.9167,182,14.917,True,32.8,False,0.0,26.722,0.0,0.89761,0.576773,0.315106,0.003333,47.562,321.3,0.08,0.071809,0.288402,26.78,0.656,15.6,26.7,0.0,26.73,0.605,15.6,26.7,0.0,26.7,0.613,15.6,26.7,0.0,26.7,0.58,15.6,26.7,0.0,26.71,0.672,15.6,26.7,0.0
90,4359.0417,182,15.042,True,32.8,False,0.0,26.86,0.0,0.748673,0.427837,0.231128,0.003333,48.3106,327.7,0.08,0.059894,0.24534,26.78,0.657,15.6,26.7,0.0,26.7,0.589,15.6,26.7,0.0,27.42,0.722,15.6,26.7,0.0,26.7,0.577,15.6,26.7,0.0,26.7,0.681,15.6,26.7,0.0
91,4359.2,182,15.2,True,32.8,False,0.0,27.004,0.0,0.604092,0.283256,0.155016,0.003333,48.9147,336.2,0.08,0.048327,0.203096,26.79,0.659,15.6,26.7,0.0,26.7,0.585,15.6,26.7,0.0,26.71,0.637,15.6,26.7,0.0,27.12,0.642,15.6,26.7,0.0,27.7,0.846,15.6,26.7,0.0
92,4359.3889,182,15.389,True,32.8,False,0.0,26.831,0.0,0.788547,0.46771,0.269325,0.003333,49.7033,347.0,0.08,0.063084,0.273626,26.8,0.661,15.6,26.7,0.0,27.21,0.664,15.6,26.7,0.0,26.7,0.618,15.6,26.7,0.0,26.71,0.592,15.6,26.7,0.0,26.74,0.749,15.6,26.7,0.0
93,4359.5833,182,15.583,True,32.8,False,0.0,26.728,0.0,0.916561,0.595724,0.334057,0.003333,50.6198,358.8,0.08,0.073325,0.328862,26.81,0.663,15.6,26.7,0.0,26.73,0.605,15.6,26.7,0.0,26.7,0.613,15.6,26.7,0.0,26.7,0.58,15.6,26.7,0.0,26.71,0.731,15.6,26.7,0.0
94,4359.7083,182,15.708,True,32.8,False,0.0,26.867,0.0,0.766378,0.445542,0.248833,0.436416,51.3862,366.7,0.08,0.06131,0.281031,26.82,0.665,15.6,26.7,0.0,26.7,0.588,15.6,26.7,0.0,27.42,0.722,15.6,26.7,0.0,26.7,0.576,15.6,26.7,0.0,26.7,0.734,15.6,26.7,0.0
95,4359.8667,182,15.867,True,32.8,False,0.0,27.058,0.0,0.604777,0.283941,0.155701,0.003333,51.991,377.0,0.08,0.048382,0.228001,26.83,0.667,15.6,26.7,0.0,26.7,0.585,15.6,26.7,0.0,26.71,0.637,15.6,26.7,0.0,27.13,0.643,15.6,26.7,0.0,27.92,0.926,15.6,26.7,0.0
96,4360.0556,182,16.056,True,32.8,False,0.0,26.842,0.0,0.799512,0.478676,0.280291,0.003333,52.7905,389.8,0.34,0.271834,0.31165,26.84,0.669,15.6,26.7,0.0,27.22,0.665,15.6,26.7,0.0,26.7,0.616,15.6,26.7,0.0,26.71,0.591,15.6,26.7,0.0,26.75,0.798,15.6,26.7,0.0
97,4360.2222,182,16.222,True,32.62,False,0.0,26.731,0.0,0.924524,0.603687,0.34202,0.003333,53.715,401.4,0.34,0.314338,0.371104,26.84,0.671,15.6,26.7,0.0,26.71,0.6,15.6,26.7,0.0,26.7,0.61,15.6,26.7,0.0,26.7,0.578,15.6,26.7,0.0,26.7,0.76,15.6,26.7,0.0
98,4360.375,182,16.375,True,32.43,False,0.0,26.867,0.0,0.768169,0.447333,0.250624,0.003333,54.4832,412.3,0.34,0.261178,0.316716,26.84,0.671,15.6,26.7,0.0,26.7,0.585,15.6,26.7,0.0,27.4,0.715,15.6,26.7,0.0,26.7,0.574,15.6,26.7,0.0,26.7,0.754,15.6,26.7,0.0
99,4360.5333,182,16.533,True,32.25,False,0.0,27.074,0.0,0.598519,0.277683,0.149443,0.003333,55.0817,423.6,0.34,0.203497,0.253533,26.84,0.67,15.6,26.7,0.0,26.7,0.58,15.6,26.7,0.0,26.71,0.631,15.6,26.7,0.0,27.12,0.637,15.6,26.7,0.0,28.0,0.948,15.6,26.7,0.0
100,4360.7222,182,16.722,True,32.07,False,0.0,26.838,0.0,0.789029,0.468192,0.269807,0.003333,55.8707,437.2,0.34,0.26827,0.344963,26.84,0.67,15.6,26.7,0.0,27.19,0.655,15.6,26.7,0.0,26.7,0.609,15.6,26.7,0.0,26.71,0.586,15.6,26.7,0.0,26.75,0.807,15.6,26.7,0.0
101,4360.875,182,16.875,True,31.88,False,0.0,26.729,0.0,0.909192,0.588355,0.326688,0.003333,56.7799,448.1,0.34,0.309125,0.407409,26.84,0.668,15.6,26.7,0.0,26.71,0.592,15.6,26.7,0.0,26.7,0.602,15.6,26.7,0.0,26.7,0.572,15.6,26.7,0.0,26.7,0.758,15.6,26.7,0.0
102,4361.0417,182,17.042,True,31.7,False,0.0,26.857,0.0,0.755668,0.434832,0.238123,0.003333,57.5356,459.9,0.34,0.256927,0.347532,26.83,0.667,15.6,26.7,0.0,26.7,0.577,15.6,26.7,0.0,27.35,0.698,15.6,26.7,0.0,26.7,0.57,15.6,26.7,0.0,26.7,0.744,15.6,26.7,0.0
103,4361.2,182,17.2,True,31.6,False,0.0,27.062,0.0,0.588605,0.267769,0.139529,0.436419,58.1242,470.9,0.34,0.200126,0.277174,26.83,0.665,15.6,26.7,0.0,26.7,0.571,15.6,26.7,0.0,26.71,0.619,15.6,26.7,0.0,27.12,0.635,15.6,26.7,0.0,27.95,0.922,15.6,26.7,0.0
104,4361.375,182,17.375,True,31.5,False,0.0,26.82,0.0,0.776905,0.456069,0.257684,0.003333,58.9011,482.7,0.34,0.264148,0.375012,26.83,0.664,15.6,26.7,0.0,27.14,0.636,15.6,26.7,0.0,26.7,0.598,15.6,26.7,0.0,26.7,0.586,15.6,26.7,0.0,26.73,0.779,15.6,26.7,0.0
105,4361.5417,182,17.542,True,31.4,False,0.0,26.727,0.0,0.889864,0.569028,0.307361,0.003333,59.791,493.5,0.34,0.302554,0.439148,26.83,0.663,15.6,26.7,0.0,26.7,0.58,15.6,26.7,0.0,26.7,0.591,15.6,26.7,0.0,26.7,0.575,15.6,26.7,0.0,26.7,0.727,15.6,26.7,0.0
106,4361.7083,182,17.708,True,31.3,False,0.0,26.848,0.0,0.740671,0.419835,0.223126,0.003333,60.5317,503.7,0.34,0.251828,0.373076,26.83,0.663,15.6,26.7,0.0,26.7,0.566,15.6,26.7,0.0,27.31,0.682,15.6,26.7,0.0,26.7,0.572,15.6,26.7,0.0,26.7,0.707,15.6,26.7,0.0
107,4361.8667,182,17.867,True,31.2,False,0.0,27.034,0.0,0.57967,0.258834,0.130594,0.003333,61.1113,512.8,0.34,0.197088,0.297255,26.83,0.662,15.6,26.7,0.0,26.7,0.56,15.6,26.7,0.0,26.71,0.607,15.6,26.7,0.0,27.13,0.638,15.6,26.7,0.0,27.8,0.856,15.6,26.7,0.0
108,4362.0417,182,18.042,True,31.1,False,0.0,26.81,0.0,0.758556,0.43772,0.239335,0.003333,61.8699,522.1,0.34,0.257909,0.396042,26.83,0.661,15.6,26.7,0.0,27.09,0.619,15.6,26.7,0.0,26.7,0.588,15.6,26.7,0.0,26.7,0.586,15.6,26.7,0.0,26.72,0.722,15.6,26.7,0.0
109,4362.2083,182,18.208,True,30.92,False,0.0,26.727,0.0,0.86094,0.540104,0.278437,0.003333,62.7308,530.2,0.34,0.29272,0.45647,26.83,0.661,15.6,26.7,0.0,26.7,0.567,15.6,26.7,0.0,26.7,0.581,15.6,26.7,0.0,26.7,0.57,15.6,26.7,0.0,26.7,0.671,15.6,26.7,0.0
110,4362.375,182,18.375,True,30.73,False,0.0,26.836,0.0,0.714633,0.393796,0.197087,0.003333,63.4454,537.3,0.34,0.242975,0.383972,26.83,0.659,15.6,26.7,0.0,26.7,0.554,15.6,26.7,0.0,27.25,0.663,15.6,26.7,0.0,26.7,0.564,15.6,26.7,0.0,26.7,0.65,15.6,26.7,0.0
111,4362.5333,182,18.533,True,30.55,False,0.0,26.974,0.0,0.567673,0.246836,0.118596,0.003333,64.0131,543.2,0.34,0.193009,0.30836,26.82,0.657,15.6,26.7,0.0,26.7,0.548,15.6,26.7,0.0,26.71,0.595,15.6,26.7,0.0,27.08,0.618,15.6,26.7,0.0,27.57,0.765,15.6,26.7,0.0
112,4362.7083,182,18.708,True,30.37,False,0.0,26.791,0.0,0.723584,0.402748,0.204362,0.003333,64.7367,548.7,0.34,0.246019,0.397031,26.81,0.655,15.6,26.7,0.0,27.03,0.596,15.6,26.7,0.0,26.7,0.577,15.6,26.7,0.0,26.7,0.569,15.6,26.7,0.0,26.72,0.657,15.6,26.7,0.0
113,4362.875,182,18.875,True,30.18,False,0.0,26.782,0.0,0.793361,0.472525,0.226678,0.436418,65.5301,552.8,0.34,0.269743,0.43857,26.8,0.653,15.6,26.7,0.0,27.01,0.61,15.6,26.7,0.0,26.7,0.571,15.6,26.7,0.0,26.7,0.557,15.6,26.7,0.0,26.7,0.623,15.6,26.7,0.0
114,4363.0556,182,19.056,True,30.0,False,0.0,26.824,0.0,0.689786,0.36895,0.172241,0.003333,66.2199,556.1,0.34,0.234527,0.38359,26.79,0.651,15.6,26.7,0.0,26.72,0.547,15.6,26.7,0.0,27.22,0.649,15.6,26.7,0.0,26.7,0.552,15.6,26.7,0.0,26.7,0.612,15.6,26.7,0.0
115,4363.2083,182,19.208,True,29.72,False,0.0,26.925,0.0,0.554793,0.233957,0.105717,0.003333,66.7746,557.9,0.34,0.18863,0.309519,26.78,0.648,15.6,26.7,0.0,26.7,0.539,15.6,26.7,0.0,26.71,0.583,15.6,26.7,0.0,27.02,0.6,15.6,26.7,0.0,27.42,0.711,15.6,26.7,0.0
116,4363.3889,182,19.389,True,29.43,False,0.0,26.858,0.0,0.651565,0.330729,0.155163,0.003333,67.4262,558.9,0.34,0.221532,0.36416,26.76,0.644,15.6,26.7,0.0,26.97,0.579,15.6,26.7,0.0,26.7,0.566,15.6,26.7,0.0,27.13,0.635,15.6,26.7,0.0,26.73,0.621,15.6,26.7,0.0
117,4363.5556,182,19.556,True,29.15,False,0.0,26.804,0.0,0.671338,0.350502,0.152117,0.003333,68.0976,558.8,0.34,0.228255,0.375144,26.74,0.64,15.6,26.7,0.0,27.16,0.617,15.6,26.7,0.0,26.7,0.559,15.6,26.7,0.0,26.72,0.547,15.6,26.7,0.0,26.7,0.579,15.6,26.7,0.0
118,4363.7222,182,19.722,True,28.87,False,0.0,26.872,0.0,0.629306,0.308469,0.132854,0.003333,68.7269,557.6,0.34,0.213964,0.350901,26.71,0.635,15.6,26.7,0.0,27.11,0.622,15.6,26.7,0.0,27.13,0.625,15.6,26.7,0.0,26.7,0.537,15.6,26.7,0.0,26.7,0.568,15.6,26.7,0.0
119,4363.8889,182,19.889,True,28.58,False,0.0,26.862,0.0,0.545843,0.225006,0.096766,0.003333,69.2727,555.5,0.34,0.185587,0.303216,26.69,0.629,15.6,26.7,0.0,26.72,0.545,15.6,26.7,0.0,26.72,0.571,15.6,26.7,0.0,26.94,0.574,15.6,26.7,0.0,27.24,0.647,15.6,26.7,0.0
120,4364.0556,182,20.056,True,28.3,False,0.0,26.782,0.0,0.652047,0.33121,0.138002,0.003333,69.9247,552.4,0.34,0.221696,0.360191,26.67,0.624,15.6,26.7,0.0,26.7,0.536,15.6,26.7,0.0,26.7,0.557,15.6,26.7,0.0,27.12,0.611,15.6,26.7,0.0,26.72,0.58,15.6,26.7,0.0
121,4364.2222,182,20.222,True,28.22,False,0.0,26.826,0.0,0.538591,0.217755,0.087828,0.003333,70.4633,548.5,0.34,0.183121,0.295417,26.65,0.619,15.6,26.7,0.0,26.9,0.567,15.6,26.7,0.0,26.7,0.552,15.6,26.7,0.0,27.18,0.63,15.6,26.7,0.0,26.7,0.561,15.6,26.7,0.0
122,4364.4167,182,20.417,True,28.13,False,0.0,26.964,0.0,0.464864,0.144027,0.044829,0.436416,70.9282,543.0,0.34,0.158054,0.252421,26.63,0.616,15.6,26.7,0.0,27.06,0.602,15.6,26.7,0.0,27.12,0.619,15.6,26.7,0.0,27.31,0.653,15.6,26.7,0.0,26.7,0.555,15.6,26.7,0.0
123,4364.5556,182,20.556,True,28.05,False,0.0,26.866,0.0,0.569761,0.248924,0.115508,0.003333,71.498,538.6,0.34,0.193719,0.306873,26.62,0.614,15.6,26.7,0.0,27.1,0.617,15.6,26.7,0.0,26.72,0.566,15.6,26.7,0.0,26.72,0.566,15.6,26.7,0.0,27.17,0.627,15.6,26.7,0.0
124,4364.75,182,20.75,True,27.97,False,0.0,26.777,0.0,0.654754,0.333917,0.135532,0.003333,72.1527,531.6,0.34,0.222616,0.348067,26.62,0.612,15.6,26.7,0.0,27.12,0.626,15.6,26.7,0.0,26.7,0.554,15.6,26.7,0.0,26.7,0.55,15.6,26.7,0.0,26.74,0.575,15.6,26.7,0.0
125,4364.9167,182,20.917,True,27.88,False,0.0,26.813,0.0,0.53471,0.213874,0.083947,0.003333,72.6874,525.2,0.34,0.181802,0.28083,26.61,0.61,15.6,26.7,0.0,27.12,0.633,15.6,26.7,0.0,26.7,0.55,15.6,26.7,0.0,26.93,0.586,15.6,26.7,0.0,26.71,0.557,15.6,26.7,0.0
126,4365.0833,182,21.083,True,27.8,False,0.0,26.917,0.0,0.428612,0.107776,0.042807,0.003333,73.116,518.3,0.08,0.034289,0.22215,26.6,0.608,15.6,26.7,0.0,27.12,0.638,15.6,26.7,0.0,27.09,0.613,15.6,26.7,0.0,27.07,0.618,15.6,26.7,0.0,26.7,0.552,15.6,26.7,0.0
127,4365.25,182,21.25,True,27.7,False,0.0,27.087,0.0,0.355573,0.034736,0.002257,0.003333,73.4716,511.1,0.08,0.028446,0.181733,26.59,0.607,15.6,26.7,0.0,27.11,0.643,15.6,26.7,0.0,27.44,0.678,15.6,26.7,0.0,27.12,0.633,15.6,26.7,0.0,27.17,0.627,15.6,26.7,0.0
128,4365.3889,182,21.389,True,27.6,False,0.0,26.857,0.0,0.555989,0.235153,0.105226,0.003333,74.0276,505.0,0.08,0.044479,0.280774,26.58,0.605,15.6,26.7,0.0,27.1,0.646,15.6,26.7,0.0,26.74,0.58,15.6,26.7,0.0,27.14,0.642,15.6,26.7,0.0,26.72,0.569,15.6,26.7,0.0
129,4365.5833,182,21.583,True,27.5,False,0.0,26.844,0.0,0.533133,0.212297,0.08237,0.003333,74.5607,496.3,0.08,0.042651,0.264594,26.57,0.603,15.6,26.7,0.0,27.1,0.65,15.6,26.7,0.0,26.71,0.56,15.6,26.7,0.0,27.14,0.649,15.6,26.7,0.0,26.7,0.555,15.6,26.7,0.0
130,4365.75,182,21.75,True,27.4,False,0.0,26.913,0.0,0.42689,0.106054,0.041085,0.003333,74.9876,488.8,0.08,0.034151,0.208664,26.57,0.602,15.6,26.7,0.0,27.09,0.652,15.6,26.7,0.0,27.08,0.618,15.6,26.7,0.0,27.14,0.654,15.6,26.7,0.0,26.7,0.551,15.6,26.7,0.0
131,4365.9167,182,21.917,True,27.3,False,0.0,27.062,0.0,0.355452,0.034615,0.002136,0.436406,75.3431,481.3,0.08,0.028436,0.171079,26.56,0.6,15.6,26.7,0.0,27.07,0.654,15.6,26.7,0.0,27.41,0.68,15.6,26.7,0.0,27.13,0.658,15.6,26.7,0.0,27.13,0.62,15.6,26.7,0.0
132,4366.0833,182,22.083,True,27.2,False,0.0,26.852,0.0,0.551044,0.230207,0.10028,0.003333,75.8941,473.9,0.08,0.044084,0.26114,26.55,0.598,15.6,26.7,0.0,27.06,0.656,15.6,26.7,0.0,26.77,0.591,15.6,26.7,0.0,27.12,0.661,15.6,26.7,0.0,26.74,0.571,15.6,26.7,0.0
133,4366.1667,182,22.167,True,27.2,False,0.0,26.826,0.0,0.53104,0.210204,0.080277,0.003333,76.4252,470.3,0.08,0.042483,0.249748,26.55,0.596,15.6,26.7,0.0,27.05,0.658,15.6,26.7,0.0,26.71,0.565,15.6,26.7,0.0,27.12,0.665,15.6,26.7,0.0,26.7,0.554,15.6,26.7,0.0
134,4366.4167,182,22.417,True,27.2,False,0.0,26.895,0.0,0.425851,0.105015,0.040046,0.003333,76.851,459.8,0.08,0.034068,0.195806,26.55,0.596,15.6,26.7,0.0,27.05,0.661,15.6,26.7,0.0,27.06,0.621,15.6,26.7,0.0,27.12,0.669,15.6,26.7,0.0,26.7,0.55,15.6,26.7,0.0
135,4366.5833,182,22.583,True,27.2,False,0.0,27.04,0.0,0.355391,0.034555,0.002076,0.003333,77.2064,453.1,0.08,0.028431,0.161028,26.54,0.595,15.6,26.7,0.0,27.04,0.663,15.6,26.7,0.0,27.39,0.68,15.6,26.7,0.0,27.11,0.673,15.6,26.7,0.0,27.11,0.617,15.6,26.7,0.0
136,4366.75,182,22.75,True,27.2,False,0.0,26.841,0.0,0.550022,0.229186,0.099259,0.003333,77.7564,446.7,0.08,0.044002,0.245695,26.54,0.594,15.6,26.7,0.0,27.04,0.665,15.6,26.7,0.0,26.77,0.594,15.6,26.7,0.0,27.11,0.676,15.6,26.7,0.0,26.74,0.569,15.6,26.7,0.0
137,4366.8333,182,22.833,True,27.2,False,0.0,26.819,0.0,0.530221,0.209385,0.079458,0.003333,78.2866,443.6,0.08,0.042418,0.235206,26.54,0.593,15.6,26.7,0.0,27.03,0.667,15.6,26.7,0.0,26.71,0.567,15.6,26.7,0.0,27.11,0.68,15.6,26.7,0.0,26.7,0.554,15.6,26.7,0.0
138,4367.0833,182,23.083,True,27.2,False,0.0,26.885,0.0,0.425261,0.104424,0.039455,0.003333,78.7119,434.9,0.08,0.034021,0.184946,26.54,0.593,15.6,26.7,0.0,27.03,0.668,15.6,26.7,0.0,27.05,0.621,15.6,26.7,0.0,27.11,0.683,15.6,26.7,0.0,26.7,0.549,15.6,26.7,0.0
139,4367.25,182,23.25,True,27.2,False,0.0,27.078,0.0,0.447485,0.034981,0.002502,0.003333,79.1594,429.5,0.08,0.035799,0.192195,26.6,0.602,15.6,26.7,0.0,27.08,0.679,15.6,26.7,0.0,27.42,0.687,15.6,26.7,0.0,27.16,0.695,15.6,26.7,0.0,27.14,0.622,15.6,26.7,0.0
140,4367.4167,182,23.417,True,27.2,False,0.0,26.89,0.0,0.646995,0.234491,0.104564,0.003333,79.8064,424.5,0.08,0.05176,0.274649,26.64,0.609,15.6,26.7,0.0,27.11,0.688,15.6,26.7,0.0,26.77,0.597,15.6,26.7,0.0,27.19,0.705,15.6,26.7,0.0,26.75,0.571,15.6,26.7,0.0
141,4367.5,182,23.5,True,27.2,False,0.0,26.879,0.0,0.62593,0.213426,0.083499,0.436404,80.4323,422.2,0.08,0.050074,0.264268,26.66,0.614,15.6,26.7,0.0,27.12,0.694,15.6,26.7,0.0,26.71,0.57,15.6,26.7,0.0,27.2,0.711,15.6,26.7,0.0,26.7,0.554,15.6,26.7,0.0
142,4367.75,182,23.75,True,27.2,False,0.0,26.864,0.0,0.655212,0.242708,0.10928,0.003333,81.0875,415.6,0.08,0.052417,0.272306,26.67,0.616,15.6,26.7,0.0,27.12,0.698,15.6,26.7,0.0,27.09,0.63,15.6,26.7,0.0,26.74,0.63,15.6,26.7,0.0,26.7,0.55,15.6,26.7,0.0
143,4367.9167,182,23.917,True,27.2,False,0.0,27.015,0.0,0.565095,0.152591,0.051654,0.003333,81.6526,411.7,0.08,0.045208,0.23265,26.67,0.617,15.6,26.7,0.0,27.13,0.701,15.6,26.7,0.0,27.44,0.693,15.6,26.7,0.0,26.7,0.608,15.6,26.7,0.0,27.13,0.62,15.6,26.7,0.0
144,4368.0556,182,24.056,True,27.2,False,0.0,26.792,0.0,0.764268,0.351764,0.153379,0.003333,82.4169,408.7,0.08,0.061141,0.312356,26.68,0.618,15.6,26.7,0.0,27.13,0.704,15.6,26.7,0.0,26.74,0.591,15.6,26.7,0.0,26.7,0.597,15.6,26.7,0.0,26.72,0.565,15.6,26.7,0.0
145,4368.1667,183,0.167,False,27.2,False,0.0,26.841,0.0,0.624865,0.212361,0.082434,0.003333,83.0418,378.0,0.08,0.049989,0.236199,26.68,0.619,15.6,26.7,0.0,27.13,0.707,15.6,26.7,0.0,26.7,0.568,15.6,26.7,0.0,26.99,0.643,15.6,26.7,0.0,26.7,0.551,15.6,26.7,0.0
146,4368.4167,183,0.417,False,27.2,False,0.0,26.934,0.0,0.518129,0.105625,0.040656,0.003333,83.5599,378.7,0.08,0.04145,0.196216,26.68,0.619,15.6,26.7,0.0,27.13,0.709,15.6,26.7,0.0,27.08,0.627,15.6,26.7,0.0,27.08,0.663,15.6,26.7,0.0,26.7,0.547,15.6,26.7,0.0
147,4368.5833,183,0.583,False,27.2,False,0.0,27.098,0.0,0.447288,0.034784,0.002305,0.003333,84.0072,379.1,0.08,0.035783,0.169567,26.69,0.619,15.6,26.7,0.0,27.12,0.71,15.6,26.7,0.0,27.42,0.688,15.6,26.7,0.0,27.14,0.677,15.6,26.7,0.0,27.12,0.614,15.6,26.7,0.0
148,4368.75,183,0.75,False,27.2,False,0.0,26.898,0.0,0.645545,0.233041,0.103114,0.003333,84.6527,379.4,0.08,0.051644,0.24492,26.69,0.62,15.6,26.7,0.0,27.12,0.711,15.6,26.7,0.0,26.78,0.596,15.6,26.7,0.0,27.16,0.685,15.6,26.7,0.0,26.74,0.565,15.6,26.7,0.0
149,4368.8333,183,0.833,False,27.2,False,0.0,26.878,0.0,0.62389,0.211386,0.081459,0.003333,85.2766,379.4,0.08,0.049911,0.236704,26.69,0.62,15.6,26.7,0.0,27.12,0.712,15.6,26.7,0.0,26.71,0.568,15.6,26.7,0.0,27.17,0.691,15.6,26.7,0.0,26.7,0.549,15.6,26.7,0.0
150,4369.0833,183,1.083,False,27.2,False,0.0,26.95,0.0,0.517499,0.104995,0.040027,0.436412,85.7941,379.5,0.08,0.0414,0.196391,26.69,0.62,15.6,26.7,0.0,27.12,0.713,15.6,26.7,0.0,27.07,0.624,15.6,26.7,0.0,27.17,0.695,15.6,26.7,0.0,26.7,0.544,15.6,26.7,0.0
151,4369.25,183,1.25,False,27.12,False,0.0,27.093,0.0,0.447166,0.034662,0.002182,0.003333,86.2413,379.4,0.08,0.035773,0.169655,26.69,0.619,15.6,26.7,0.0,27.11,0.713,15.6,26.7,0.0,27.4,0.683,15.6,26.7,0.0,27.17,0.698,15.6,26.7,0.0,27.1,0.608,15.6,26.7,0.0
152,4369.4167,183,1.417,False,27.03,False,0.0,27.034,0.0,0.56618,0.153676,0.056233,0.003333,86.8075,379.1,0.08,0.045294,0.214639,26.68,0.619,15.6,26.7,0.0,27.1,0.712,15.6,26.7,0.0,26.77,0.593,15.6,26.7,0.0,27.17,0.7,15.6,26.7,0.0,27.45,0.673,15.6,26.7,0.0
153,4369.5556,183,1.556,False,26.95,False,0.0,26.873,0.0,0.637843,0.225339,0.095412,0.003333,87.4453,378.8,0.08,0.051027,0.241615,26.68,0.618,15.6,26.7,0.0,27.09,0.711,15.6,26.7,0.0,26.71,0.564,15.6,26.7,0.0,27.16,0.702,15.6,26.7,0.0,26.74,0.573,15.6,26.7,0.0
154,4369.75,183,1.75,False,26.87,False,0.0,26.928,0.0,0.517674,0.10517,0.040202,0.003333,87.963,378.3,0.08,0.041414,0.195836,26.67,0.616,15.6,26.7,0.0,27.07,0.709,15.6,26.7,0.0,27.03,0.615,15.6,26.7,0.0,27.15,0.703,15.6,26.7,0.0,26.71,0.551,15.6,26.7,0.0
155,4369.9167,183,1.917,False,26.78,False,0.0,27.06,0.0,0.446995,0.034491,0.002012,0.003333,88.41,377.6,0.08,0.03576,0.168785,26.67,0.615,15.6,26.7,0.0,27.06,0.707,15.6,26.7,0.0,27.36,0.67,15.6,26.7,0.0,27.14,0.703,15.6,26.7,0.0,27.08,0.61,15.6,26.7,0.0
156,4370.0833,183,2.083,False,26.7,False,0.0,27.004,0.0,0.56352,0.151016,0.053574,0.003333,88.9735,376.9,0.08,0.045082,0.212391,26.66,0.613,15.6,26.7,0.0,27.05,0.705,15.6,26.7,0.0,26.77,0.587,15.6,26.7,0.0,27.13,0.703,15.6,26.7,0.0,27.42,0.671,15.6,26.7,0.0
157,4370.25,183,2.25,False,26.7,False,0.0,26.859,0.0,0.63397,0.221466,0.091539,0.003333,89.6075,376.1,0.08,0.050718,0.238436,26.65,0.612,15.6,26.7,0.0,27.04,0.704,15.6,26.7,0.0,26.71,0.562,15.6,26.7,0.0,27.12,0.704,15.6,26.7,0.0,26.78,0.582,15.6,26.7,0.0
158,4370.4167,183,2.417,False,26.7,False,0.0,26.902,0.0,0.51739,0.104885,0.039917,0.003333,90.1248,375.1,0.08,0.041391,0.194073,26.65,0.611,15.6,26.7,0.0,27.03,0.703,15.6,26.7,0.0,27.01,0.608,15.6,26.7,0.0,27.11,0.704,15.6,26.7,0.0,26.71,0.555,15.6,26.7,0.0
159,4370.5833,183,2.583,False,26.7,False,0.0,27.005,0.0,0.412504,0.0,0.0,0.003333,90.5374,374.0,0.08,0.033,0.154277,26.65,0.61,15.6,26.7,0.0,27.02,0.702,15.6,26.7,0.0,27.19,0.648,15.6,26.7,0.0,27.11,0.705,15.6,26.7,0.0,27.06,0.61,15.6,26.7,0.0
160,4370.75,183,2.75,False,26.7,False,0.0,26.98,0.0,0.558277,0.145773,0.048331,0.436416,91.0956,372.8,0.08,0.044662,0.208126,26.64,0.609,15.6,26.7,0.0,27.01,0.7,15.6,26.7,0.0,26.76,0.579,15.6,26.7,0.0,27.1,0.705,15.6,26.7,0.0,27.39,0.669,15.6,26.7,0.0
161,4370.9167,183,2.917,False,26.7,False,0.0,26.843,0.0,0.632862,0.220358,0.090431,0.003333,91.7285,371.5,0.08,0.050629,0.235108,26.64,0.608,15.6,26.7,0.0,27.0,0.699,15.6,26.7,0.0,26.71,0.559,15.6,26.7,0.0,27.09,0.705,15.6,26.7,0.0,26.77,0.582,15.6,26.7,0.0
162,4371.0,183,3.0,False,26.7,False,0.0,26.824,0.0,0.616782,0.204278,0.074351,0.003333,92.3453,370.8,0.08,0.049343,0.228703,26.63,0.607,15.6,26.7,0.0,26.99,0.697,15.6,26.7,0.0,26.7,0.551,15.6,26.7,0.0,27.08,0.705,15.6,26.7,0.0,26.71,0.555,15.6,26.7,0.0
163,4371.25,183,3.25,False,26.7,False,0.0,26.943,0.0,0.412504,0.0,0.0,0.003333,92.7578,368.6,0.08,0.033,0.152049,26.63,0.606,15.6,26.7,0.0,26.99,0.697,15.6,26.7,0.0,26.97,0.595,15.6,26.7,0.0,27.08,0.705,15.6,26.7,0.0,27.04,0.608,15.6,26.7,0.0
164,4371.3333,183,3.333,False,26.7,False,0.0,27.024,0.0,0.412504,0.0,0.0,0.003333,93.1703,367.8,0.08,0.033,0.151719,26.63,0.604,15.6,26.7,0.0,26.98,0.695,15.6,26.7,0.0,27.17,0.637,15.6,26.7,0.0,27.07,0.705,15.6,26.7,0.0,27.27,0.657,15.6,26.7,0.0
165,4371.5833,183,3.583,False,26.7,False,0.0,26.927,0.0,0.526034,0.11353,0.048561,0.003333,93.6963,365.2,0.08,0.042083,0.192108,26.62,0.603,15.6,26.7,0.0,26.97,0.695,15.6,26.7,0.0,27.2,0.652,15.6,26.7,0.0,27.07,0.705,15.6,26.7,0.0,26.77,0.579,15.6,26.7,0.0
166,4371.75,183,3.75,False,26.7,False,0.0,26.824,0.0,0.626688,0.214184,0.084257,0.003333,94.323,363.4,0.08,0.050135,0.227738,26.62,0.602,15.6,26.7,0.0,26.97,0.694,15.6,26.7,0.0,26.76,0.58,15.6,26.7,0.0,27.06,0.705,15.6,26.7,0.0,26.71,0.557,15.6,26.7,0.0
167,4371.8333,183,3.833,False,26.7,False,0.0,26.807,0.0,0.615161,0.202657,0.07273,0.003333,94.9382,362.5,0.08,0.049213,0.222996,26.61,0.6,15.6,26.7,0.0,26.96,0.692,15.6,26.7,0.0,26.71,0.559,15.6,26.7,0.0,27.05,0.705,15.6,26.7,0.0,26.7,0.549,15.6,26.7,0.0
168,4372.0833,183,4.083,False,26.7,False,0.0,26.864,0.0,0.512192,0.099688,0.03473,0.003333,95.4504,359.5,0.08,0.040975,0.184133,26.61,0.599,15.6,26.7,0.0,26.95,0.691,15.6,26.7,0.0,26.7,0.551,15.6,26.7,0.0,27.05,0.705,15.6,26.7,0.0,27.01,0.598,15.6,26.7,0.0
169,4372.25,183,4.25,False,26.78,False,0.0,26.96,0.0,0.458338,0.0,0.0,0.436413,95.9087,357.4,0.08,0.036667,0.16381,26.62,0.601,15.6,26.7,0.0,26.96,0.694,15.6,26.7,0.0,26.96,0.595,15.6,26.7,0.0,27.05,0.707,15.6,26.7,0.0,27.21,0.643,15.6,26.7,0.0
170,4372.4167,183,4.417,False,26.87,False,0.0,26.908,0.0,0.570996,0.112658,0.047689,0.003333,96.4797,355.3,0.08,0.04568,0.202875,26.63,0.603,15.6,26.7,0.0,26.97,0.696,15.6,26.7,0.0,27.13,0.632,15.6,26.7,0.0,27.06,0.71,15.6,26.7,0.0,26.76,0.574,15.6,26.7,0.0
171,4372.5,183,4.5,False,26.95,False,0.0,26.916,0.0,0.561432,0.103095,0.038126,0.003333,97.0411,354.2,0.08,0.044915,0.198859,26.64,0.605,15.6,26.7,0.0,26.97,0.698,15.6,26.7,0.0,27.2,0.654,15.6,26.7,0.0,27.06,0.713,15.6,26.7,0.0,26.71,0.555,15.6,26.7,0.0
172,4372.75,183,4.75,False,27.03,False,0.0,26.828,0.0,0.672305,0.213967,0.08404,0.003333,97.7134,350.7,0.08,0.053784,0.235777,26.64,0.607,15.6,26.7,0.0,26.97,0.699,15.6,26.7,0.0,26.76,0.583,15.6,26.7,0.0,27.07,0.715,15.6,26.7,0.0,26.7,0.548,15.6,26.7,0.0
173,4372.9167,183,4.917,False,27.12,False,0.0,26.882,0.0,0.560392,0.102054,0.037096,0.003333,98.2738,348.3,0.08,0.044831,0.195184,26.65,0.609,15.6,26.7,0.0,26.98,0.701,15.6,26.7,0.0,26.71,0.563,15.6,26.7,0.0,27.07,0.717,15.6,26.7,0.0,27.01,0.6,15.6,26.7,0.0
174,4373.0,183,5.0,False,27.2,False,0.0,26.928,0.0,0.559192,0.100854,0.035896,0.003333,98.833,347.1,0.08,0.044735,0.194096,26.65,0.61,15.6,26.7,0.0,26.98,0.703,15.6,26.7,0.0,26.7,0.556,15.6,26.7,0.0,27.07,0.719,15.6,26.7,0.0,27.24,0.649,15.6,26.7,0.0
175,4373.2,183,5.2,False,27.2,True,2.75,24.671,0.356,1.954493,1.496155,1.151601,0.003333,100.7875,344.1,0.08,0.156359,0.672541,24.83,0.278,21.0,24.0,0.81,25.02,0.356,21.0,24.0,0.61,24.23,0.139,21.0,24.0,0.36,24.96,0.35,21.0,24.0,0.61,24.31,0.168,21.0,24.0,0.36
176,4373.3333,183,5.333,False,27.2,True,2.75,23.996,0.042,1.766016,1.307678,0.963124,0.003333,102.5535,342.1,0.08,0.141281,0.604154,24.0,0.013,21.0,24.0,0.81,24.0,0.04,21.0,24.0,0.61,24.0,-0.005,21.0,24.0,0.36,23.99,0.042,21.0,24.0,0.61,24.0,0.002,21.0,24.0,0.36
177,4373.5,183,5.5,False,27.2,True,2.75,23.996,0.041,1.596756,1.138418,0.793864,0.003333,104.1503,339.5,0.08,0.12774,0.542099,24.0,-0.041,21.0,24.0,0.81,23.99,-0.022,21.0,24.0,0.61,24.0,-0.051,21.0,24.0,0.36,23.99,-0.018,21.0,24.0,0.61,24.0,-0.047,21.0,24.0,0.36
178,4373.6667,183,5.667,False,27.2,True,2.75,23.997,0.082,1.505382,1.047044,0.70249,0.436409,105.6557,336.9,0.08,0.120431,0.507163,24.0,-0.082,21.0,24.0,0.81,24.0,-0.068,21.0,24.0,0.61,24.0,-0.088,21.0,24.0,0.36,24.0,-0.063,21.0,24.0,0.61,24.0,-0.084,21.0,24.0,0.36
179,4373.8333,183,5.833,False,27.2,True,2.75,23.998,0.115,1.454446,0.996108,0.651554,0.003333,107.1101,334.2,0.08,0.116356,0.486076,24.0,-0.115,21.0,24.0,0.81,24.0,-0.1,21.0,24.0,0.61,24.0,-0.092,21.0,24.0,0.36,24.0,-0.087,21.0,24.0,0.61,24.0,-0.112,21.0,24.0,0.36
180,4374.0,183,6.0,False,27.2,True,2.75,23.998,0.141,1.41715,0.958812,0.614258,0.003333,108.5273,331.5,0.08,0.113372,0.469785,24.0,-0.141,21.0,24.0,0.81,24.0,-0.127,21.0,24.0,0.61,24.0,-0.099,21.0,24.0,0.36,24.0,-0.108,21.0,24.0,0.61,24.0,-0.135,21.0,24.0,0.36
181,4374.1667,183,6.167,False,27.38,True,5.5,23.998,0.143,1.7021,1.060427,0.715873,0.003333,110.2294,328.8,0.08,0.136168,0.55965,24.0,-0.143,21.0,24.0,1.61,24.0,-0.128,21.0,24.0,1.22,24.0,-0.081,21.0,24.0,0.72,24.0,-0.105,21.0,24.0,1.22,24.0,-0.129,21.0,24.0,0.72
182,4374.3333,183,6.333,False,27.57,True,5.5,23.999,0.147,1.709172,1.067499,0.722945,0.003333,111.9385,326.0,0.08,0.136734,0.55719,24.0,-0.147,21.0,24.0,1.61,24.0,-0.13,21.0,24.0,1.22,24.0,-0.069,21.0,24.0,0.72,24.0,-0.105,21.0,24.0,1.22,24.0,-0.127,21.0,24.0,0.72
183,4374.5833,183,6.583,False,27.75,True,5.5,24.0,0.151,1.716508,1.074835,0.730281,0.003333,113.655,321.8,0.08,0.137321,0.552372,24.0,-0.151,21.0,24.0,1.61,24.0,-0.131,21.0,24.0,1.22,24.0,-0.057,21.0,24.0,0.72,24.0,-0.105,21.0,24.0,1.22,24.0,-0.124,21.0,24.0,0.72
184,4374.75,183,6.75,False,27.93,True,5.5,24.0,0.154,1.726267,1.084594,0.74004,0.003333,115.3813,319.0,0.08,0.138101,0.550679,24.0,-0.154,21.0,24.0,1.61,24.0,-0.131,21.0,24.0,1.22,24.0,-0.041,21.0,24.0,0.72,24.0,-0.103,21.0,24.0,1.22,24.0,-0.122,21.0,24.0,0.72
185,4374.8889,183,6.889,False,28.12,True,5.5,24.0,0.156,1.737743,1.09607,0.751516,0.003333,117.119,316.6,0.08,0.139019,0.55017,24.0,-0.156,21.0,24.0,1.61,24.0,-0.131,21.0,24.0,1.22,24.0,-0.024,21.0,24.0,0.72,24.0,-0.101,21.0,24.0,1.22,24.0,-0.121,21.0,24.0,0.72
186,4375.0556,183,7.056,False,28.3,True,5.5,24.0,0.158,1.749625,1.107953,0.763398,0.436441,118.8687,313.8,0.08,0.13997,0.549032,24.0,-0.158,21.0,24.0,1.61,24.0,-0.13,21.0,24.0,1.22,24.0,-0.007,21.0,24.0,0.72,24.0,-0.1,21.0,24.0,1.22,24.0,-0.119,21.0,24.0,0.72
187,4375.2222,183,7.222,False,28.48,True,26.14,23.999,0.135,2.965826,1.31581,0.971256,0.003333,121.8345,311.0,0.08,0.237266,0.922372,24.0,-0.135,21.0,24.0,7.65,24.0,-0.106,21.0,24.0,5.8,24.0,0.034,21.0,24.0,3.44,24.0,-0.075,21.0,24.0,5.8,24.0,-0.095,21.0,24.0,3.44
188,4375.375,183,7.375,False,28.67,True,26.14,23.999,0.132,3.000073,1.350056,1.005502,0.003333,124.8346,308.4,0.08,0.240006,0.925222,24.0,-0.132,21.0,24.0,7.65,24.0,-0.1,21.0,24.0,5.8,24.0,0.057,21.0,24.0,3.44,24.0,-0.071,21.0,24.0,5.8,24.0,-0.088,21.0,24.0,3.44
189,4375.5417,183,7.542,False,28.85,True,26.14,23.999,0.13,3.021358,1.371342,1.026788,0.003333,127.8559,305.6,0.08,0.241709,0.923327,24.0,-0.13,21.0,24.0,7.65,24.0,-0.095,21.0,24.0,5.8,24.0,0.079,21.0,24.0,3.44,24.0,-0.069,21.0,24.0,5.8,24.0,-0.082,21.0,24.0,3.44
190,4375.7083,183,7.708,False,29.03,True,26.14,23.999,0.129,3.03653,1.386514,1.04196,0.003333,130.8925,302.8,0.08,0.242922,0.919461,24.0,-0.129,21.0,24.0,7.65,24.0,-0.092,21.0,24.0,5.8,24.0,0.093,21.0,24.0,3.44,24.0,-0.07,21.0,24.0,5.8,24.0,-0.079,21.0,24.0,3.44
191,4375.875,183,7.875,False,29.22,True,26.14,23.999,0.129,3.04852,1.398504,1.05395,0.003333,133.941,300.1,0.08,0.243882,0.914861,24.0,-0.129,21.0,24.0,7.65,24.0,-0.089,21.0,24.0,5.8,24.0,0.103,21.0,24.0,3.44,24.0,-0.071,21.0,24.0,5.8,24.0,-0.077,21.0,24.0,3.44
192,4376.0417,183,8.042,False,29.4,True,26.14,23.999,0.129,3.058725,1.408709,1.064155,0.436465,136.9997,297.3,0.08,0.244698,0.909359,24.0,-0.129,21.0,24.0,7.65,24.0,-0.087,21.0,24.0,5.8,24.0,0.112,21.0,24.0,3.44,24.0,-0.074,21.0,24.0,5.8,24.0,-0.075,21.0,24.0,3.44
193,4376.2083,183,8.208,False,29.6,True,26.14,23.999,0.13,3.06779,1.417774,1.07322,0.003333,140.0675,294.6,0.08,0.245423,0.903771,24.0,-0.13,21.0,24.0,7.65,24.0,-0.086,21.0,24.0,5.8,24.0,0.119,21.0,24.0,3.44,24.0,-0.076,21.0,24.0,5.8,24.0,-0.074,21.0,24.0,3.44
194,4376.3667,183,8.367,False,29.8,True,26.14,23.999,0.13,3.076641,1.426625,1.082071,0.003333,143.1441,292.1,0.08,0.246131,0.898687,24.0,-0.13,21.0,24.0,7.65,24.0,-0.084,21.0,24.0,5.8,24.0,0.125,21.0,24.0,3.44,24.0,-0.079,21.0,24.0,5.8,24.0,-0.073,21.0,24.0,3.44
195,4376.5333,183,8.533,False,30.0,True,26.14,23.999,0.131,3.085864,1.435848,1.091294,0.003333,146.23,289.5,0.08,0.246869,0.893358,24.0,-0.131,21.0,24.0,7.65,24.0,-0.082,21.0,24.0,5.8,24.0,0.131,21.0,24.0,3.44,24.0,-0.079,21.0,24.0,5.8,24.0,-0.072,21.0,24.0,3.44
196,4376.7,183,8.7,False,30.2,True,26.14,23.999,0.131,3.09319,1.443174,1.09862,0.003333,149.3232,286.9,0.08,0.247455,0.887436,24.0,-0.131,21.0,24.0,7.65,24.0,-0.081,21.0,24.0,5.8,24.0,0.13,21.0,24.0,3.44,24.0,-0.078,21.0,24.0,5.8,24.0,-0.072,21.0,24.0,3.44
197,4376.875,183,8.875,False,30.4,True,26.14,23.999,0.132,3.100265,1.450249,1.105695,0.003333,152.4235,284.3,0.08,0.248021,0.881405,24.0,-0.132,21.0,24.0,7.65,24.0,-0.08,21.0,24.0,5.8,24.0,0.128,21.0,24.0,3.44,24.0,-0.078,21.0,24.0,5.8,24.0,-0.07,21.0,24.0,3.44
198,4377.0417,183,9.042,False,30.6,True,26.14,23.999,0.133,3.106737,1.456721,1.112167,0.003333,155.5302,281.9,0.08,0.248539,0.875789,24.0,-0.133,21.0,24.0,7.65,24.0,-0.078,21.0,24.0,5.8,24.0,0.124,21.0,24.0,3.44,24.0,-0.077,21.0,24.0,5.8,24.0,-0.069,21.0,24.0,3.44
199,4377.2083,183,9.208,False,30.68,True,26.14,23.999,0.133,3.112421,1.462405,1.11785,0.436472,158.6426,279.5,0.08,0.248994,0.869922,24.0,-0.133,21.0,24.0,7.65,24.0,-0.077,21.0,24.0,5.8,24.0,0.12,21.0,24.0,3.44,24.0,-0.076,21.0,24.0,5.8,24.0,-0.068,21.0,24.0,3.44
200,4377.375,183,9.375,False,30.77,True,26.14,23.999,0.133,3.118669,1.468653,1.124099,0.003333,161.7613,277.2,0.08,0.249494,0.864495,24.0,-0.133,21.0,24.0,7.65,24.0,-0.075,21.0,24.0,5.8,24.0,0.115,21.0,24.0,3.44,24.0,-0.074,21.0,24.0,5.8,24.0,-0.066,21.0,24.0,3.44
201,4377.5417,183,9.542,False,30.85,True,26.14,23.999,0.132,3.124393,1.474377,1.129823,0.003333,164.8857,275.0,0.08,0.249951,0.859208,24.0,-0.132,21.0,24.0,7.65,24.0,-0.073,21.0,24.0,5.8,24.0,0.107,21.0,24.0,3.44,24.0,-0.073,21.0,24.0,5.8,24.0,-0.064,21.0,24.0,3.44
202,4377.7083,183,9.708,False,30.93,True,26.14,23.999,0.131,3.130291,1.480275,1.135721,0.003333,168.016,272.8,0.08,0.250423,0.853943,24.0,-0.131,21.0,24.0,7.65,24.0,-0.072,21.0,24.0,5.8,24.0,0.103,21.0,24.0,3.44,24.0,-0.072,21.0,24.0,5.8,24.0,-0.063,21.0,24.0,3.44
203,4377.875,183,9.875,False,31.02,True,26.14,23.999,0.13,3.136039,1.486023,1.141469,0.003333,171.152,270.8,0.08,0.250883,0.849239,24.0,-0.13,21.0,24.0,7.65,24.0,-0.071,21.0,24.0,5.8,24.0,0.098,21.0,24.0,3.44,24.0,-0.071,21.0,24.0,5.8,24.0,-0.062,21.0,24.0,3.44
204,4378.0417,183,10.042,False,31.1,True,26.14,23.999,0.129,3.141882,1.491866,1.147312,0.003333,174.2939,268.9,0.08,0.251351,0.844852,24.0,-0.129,21.0,24.0,7.65,24.0,-0.07,21.0,24.0,5.8,24.0,0.091,21.0,24.0,3.44,24.0,-0.07,21.0,24.0,5.8,24.0,-0.06,21.0,24.0,3.44
205,4378.2083,183,10.208,False,31.2,True,26.14,23.999,0.129,3.141287,1.491271,1.146717,0.43649,177.4352,267.0,0.08,0.251303,0.838724,24.0,-0.129,21.0,24.0,7.65,24.0,-0.07,21.0,24.0,5.8,24.0,0.082,21.0,24.0,3.44,24.0,-0.07,21.0,24.0,5.8,24.0,-0.06,21.0,24.0,3.44
206,4378.375,183,10.375,False,31.3,True,26.14,23.999,0.129,3.139264,1.489248,1.144694,0.003333,180.5744,265.3,0.08,0.251141,0.832847,24.0,-0.129,21.0,24.0,7.65,24.0,-0.07,21.0,24.0,5.8,24.0,0.072,21.0,24.0,3.44,24.0,-0.07,21.0,24.0,5.8,24.0,-0.06,21.0,24.0,3.44
207,4378.5417,183,10.542,False,31.4,True,26.14,23.999,0.13,3.135715,1.485699,1.141145,0.003333,183.7101,263.7,0.08,0.250857,0.826888,24.0,-0.13,21.0,24.0,7.65,24.0,-0.071,21.0,24.0,5.8,24.0,0.06,21.0,24.0,3.44,24.0,-0.071,21.0,24.0,5.8,24.0,-0.061,21.0,24.0,3.44
208,4378.7083,183,10.708,False,31.5,True,26.14,23.999,0.131,3.131286,1.48127,1.136716,0.003333,186.8414,262.3,0.08,0.250503,0.821336,24.0,-0.131,21.0,24.0,7.65,24.0,-0.071,21.0,24.0,5.8,24.0,0.045,21.0,24.0,3.44,24.0,-0.071,21.0,24.0,5.8,24.0,-0.062,21.0,24.0,3.44
209,4378.875,183,10.875,False,31.6,True,26.14,23.999,0.133,3.126588,1.476571,1.132017,0.003333,189.968,261.0,0.08,0.250127,0.816039,24.0,-0.133,21.0,24.0,7.65,24.0,-0.072,21.0,24.0,5.8,24.0,0.032,21.0,24.0,3.44,24.0,-0.072,21.0,24.0,5.8,24.0,-0.063,21.0,24.0,3.44
210,4379.0556,183,11.056,False,31.7,True,26.14,23.999,0.134,3.121655,1.471639,1.127085,0.003333,193.0897,259.8,0.08,0.249732,0.811006,24.0,-0.134,21.0,24.0,7.65,24.0,-0.073,21.0,24.0,5.8,24.0,0.018,21.0,24.0,3.44,24.0,-0.073,21.0,24.0,5.8,24.0,-0.064,21.0,24.0,3.44
211,4379.2222,183,11.222,False,31.78,True,13.76,23.999,0.139,2.974906,1.416558,1.072003,0.436504,196.0646,258.8,0.08,0.237992,0.769906,24.0,-0.139,21.0,24.0,4.03,24.0,-0.076,21.0,24.0,3.05,24.0,0.001,21.0,24.0,1.81,24.0,-0.077,21.0,24.0,3.05,24.0,-0.068,21.0,24.0,1.81
212,4379.4167,183,11.417,False,31.87,True,13.76,23.999,0.14,2.973383,1.415034,1.07048,0.003333,199.038,257.9,0.08,0.237871,0.766835,24.0,-0.14,21.0,24.0,4.03,24.0,-0.077,21.0,24.0,3.05,24.0,-0.013,21.0,24.0,1.81,24.0,-0.078,21.0,24.0,3.05,24.0,-0.069,21.0,24.0,1.81
213,4379.5833,183,11.583,False,31.95,True,13.76,23.999,0.14,2.975064,1.416715,1.072161,0.003333,202.013,257.4,0.08,0.238005,0.765781,24.0,-0.14,21.0,24.0,4.03,24.0,-0.077,21.0,24.0,3.05,24.0,-0.021,21.0,24.0,1.81,24.0,-0.078,21.0,24.0,3.05,24.0,-0.069,21.0,24.0,1.81
214,4379.75,183,11.75,False,32.03,True,13.76,23.999,0.14,2.980115,1.421766,1.077212,0.003333,204.9931,257.0,0.08,0.238409,0.765889,24.0,-0.14,21.0,24.0,4.03,24.0,-0.076,21.0,24.0,3.05,24.0,-0.024,21.0,24.0,1.81,24.0,-0.078,21.0,24.0,3.05,24.0,-0.069,21.0,24.0,1.81
215,4379.9167,183,11.917,False,32.12,True,13.76,23.999,0.139,2.986619,1.428271,1.083717,0.003333,207.9798,256.9,0.08,0.23893,0.767263,24.0,-0.139,21.0,24.0,4.03,24.0,-0.075,21.0,24.0,3.05,24.0,-0.025,21.0,24.0,1.81,24.0,-0.077,21.0,24.0,3.05,24.0,-0.068,21.0,24.0,1.81
216,4380.0833,183,12.083,False,32.2,True,13.76,23.999,0.138,2.994048,1.435699,1.091145,0.436496,210.9738,257.1,0.08,0.239524,0.76977,24.0,-0.138,21.0,24.0,4.03,24.0,-0.074,21.0,24.0,3.05,24.0,-0.025,21.0,24.0,1.81,24.0,-0.076,21.0,24.0,3.05,24.0,-0.066,21.0,24.0,1.81
217,4380.25,183,12.25,False,32.2,True,26.14,23.999,0.134,3.144072,1.494055,1.149501,0.003333,214.1179,257.5,0.08,0.251526,0.809598,24.0,-0.134,21.0,24.0,7.65,24.0,-0.07,21.0,24.0,5.8,24.0,-0.022,21.0,24.0,3.44,24.0,-0.072,21.0,24.0,5.8,24.0,-0.062,21.0,24.0,3.44
218,4380.4167,183,12.417,False,32.2,True,26.14,23.999,0.133,3.148763,1.498747,1.154193,0.003333,217.2666,258.3,0.08,0.251901,0.813325,24.0,-0.133,21.0,24.0,7.65,24.0,-0.068,21.0,24.0,5.8,24.0,-0.021,21.0,24.0,3.44,24.0,-0.07,21.0,24.0,5.8,24.0,-0.061,21.0,24.0,3.44
219,4380.5833,183,12.583,False,32.2,True,26.14,23.999,0.132,3.151772,1.501756,1.157202,0.003333,220.4184,259.3,0.08,0.252142,0.817255,24.0,-0.132,21.0,24.0,7.65,24.0,-0.067,21.0,24.0,5.8,24.0,-0.021,21.0,24.0,3.44,24.0,-0.069,21.0,24.0,5.8,24.0,-0.059,21.0,24.0,3.44
220,4380.75,183,12.75,False,32.2,True,26.14,23.999,0.132,3.153486,1.50347,1.158916,0.003333,223.5719,260.7,0.08,0.252279,0.822114,24.0,-0.132,21.0,24.0,7.65,24.0,-0.066,21.0,24.0,5.8,24.0,-0.021,21.0,24.0,3.44,24.0,-0.068,21.0,24.0,5.8,24.0,-0.059,21.0,24.0,3.44
221,4380.8333,183,12.833,False,32.2,True,26.14,23.998,0.131,3.1548,1.504784,1.16023,0.436469,226.7267,261.5,0.08,0.252384,0.82498,24.0,-0.131,21.0,24.0,7.65,24.0,-0.065,21.0,24.0,5.8,24.0,-0.021,21.0,24.0,3.44,24.0,-0.068,21.0,24.0,5.8,24.0,-0.058,21.0,24.0,3.44
222,4381.0,183,13.0,False,32.2,True,26.14,23.998,0.131,3.155787,1.505771,1.161217,0.003333,229.8825,263.5,0.08,0.252463,0.83155,24.0,-0.131,21.0,24.0,7.65,24.0,-0.065,21.0,24.0,5.8,24.0,-0.021,21.0,24.0,3.44,24.0,-0.067,21.0,24.0,5.8,24.0,-0.058,21.0,24.0,3.44
223,4381.1667,183,13.167,False,32.3,True,26.14,23.998,0.131,3.161505,1.511489,1.166935,0.003333,233.044,265.9,0.08,0.25292,0.840644,24.0,-0.131,21.0,24.0,7.65,24.0,-0.064,21.0,24.0,5.8,24.0,-0.02,21.0,24.0,3.44,24.0,-0.067,21.0,24.0,5.8,24.0,-0.057,21.0,24.0,3.44
224,4381.3333,183,13.333,False,32.4,True,26.14,23.998,0.132,3.166383,1.516367,1.171813,0.003333,236.2104,268.7,0.08,0.253311,0.850807,24.0,-0.132,21.0,24.0,7.65,24.0,-0.063,21.0,24.0,5.8,24.0,-0.02,21.0,24.0,3.44,24.0,-0.066,21.0,24.0,5.8,24.0,-0.056,21.0,24.0,3.44
225,4381.5,183,13.5,False,32.5,True,26.14,23.998,0.132,3.1715,1.521484,1.17693,0.003333,239.3819,271.9,0.08,0.25372,0.862331,24.0,-0.132,21.0,24.0,7.65,24.0,-0.062,21.0,24.0,5.8,24.0,-0.02,21.0,24.0,3.44,24.0,-0.065,21.0,24.0,5.8,24.0,-0.056,21.0,24.0,3.44
226,4381.6667,183,13.667,False,32.6,True,26.14,23.998,0.132,3.177022,1.527006,1.182452,0.003333,242.5589,275.7,0.08,0.254162,0.875905,24.0,-0.132,21.0,24.0,7.65,24.0,-0.061,21.0,24.0,5.8,24.0,-0.019,21.0,24.0,3.44,24.0,-0.064,21.0,24.0,5.8,24.0,-0.055,21.0,24.0,3.44
227,4381.8333,183,13.833,False,32.7,True,26.14,23.998,0.132,3.184886,1.53487,1.190316,0.436434,245.7438,280.0,0.08,0.254791,0.891768,24.0,-0.132,21.0,24.0,7.65,24.0,-0.06,21.0,24.0,5.8,24.0,-0.018,21.0,24.0,3.44,24.0,-0.063,21.0,24.0,5.8,24.0,-0.047,21.0,24.0,3.44
228,4382.0,183,14.0,False,32.8,True,26.14,23.998,0.132,3.194099,1.544083,1.199529,0.003333,248.9379,284.8,0.08,0.255528,0.909679,24.0,-0.132,21.0,24.0,7.65,24.0,-0.059,21.0,24.0,5.8,24.0,-0.018,21.0,24.0,3.44,24.0,-0.062,21.0,24.0,5.8,24.0,-0.037,21.0,24.0,3.44
229,4382.1667,183,14.167,False,32.8,True,26.14,23.998,0.132,3.199389,1.549373,1.204819,0.003333,252.1373,290.1,0.08,0.255951,0.928143,24.0,-0.132,21.0,24.0,7.65,24.0,-0.058,21.0,24.0,5.8,24.0,-0.017,21.0,24.0,3.44,24.0,-0.062,21.0,24.0,5.8,24.0,-0.025,21.0,24.0,3.44
230,4382.3333,183,14.333,False,32.8,True,26.14,23.998,0.132,3.20496,1.554944,1.21039,0.003333,255.3422,296.0,0.08,0.256397,0.948668,24.0,-0.132,21.0,24.0,7.65,24.0,-0.057,21.0,24.0,5.8,24.0,-0.017,21.0,24.0,3.44,24.0,-0.061,21.0,24.0,5.8,24.0,-0.012,21.0,24.0,3.44
231,4382.5,183,14.5,False,32.8,True,26.14,23.998,0.132,3.21081,1.560794,1.21624,0.003333,258.553,302.5,0.08,0.256865,0.97127,24.0,-0.132,21.0,24.0,7.65,24.0,-0.056,21.0,24.0,5.8,24.0,-0.016,21.0,24.0,3.44,24.0,-0.06,21.0,24.0,5.8,24.0,0.001,21.0,24.0,3.44
232,4382.6667,183,14.667,False,32.8,True,26.14,23.998,0.132,3.216513,1.566497,1.221943,0.003333,261.7696,309.6,0.08,0.257321,0.995832,24.0,-0.132,21.0,24.0,7.65,24.0,-0.055,21.0,24.0,5.8,24.0,-0.016,21.0,24.0,3.44,24.0,-0.059,21.0,24.0,5.8,24.0,0.013,21.0,24.0,3.44
233,4382.9167,183,14.917,False,32.8,True,26.14,23.999,0.131,3.221646,1.57163,1.227076,0.003333,264.9912,321.3,0.08,0.257732,1.035115,24.0,-0.131,21.0,24.0,7.65,24.0,-0.054,21.0,24.0,5.8,24.0,-0.016,21.0,24.0,3.44,24.0,-0.058,21.0,24.0,5.8,24.0,0.025,21.0,24.0,3.44
234,4383.0833,183,15.083,False,32.8,True,26.14,23.999,0.131,3.227363,1.577347,1.232793,0.436457,268.2186,329.9,0.08,0.258189,1.064707,24.0,-0.131,21.0,24.0,7.65,24.0,-0.053,21.0,24.0,5.8,24.0,-0.015,21.0,24.0,3.44,24.0,-0.058,21.0,24.0,5.8,24.0,0.038,21.0,24.0,3.44
235,4383.25,183,15.25,False,32.52,True,26.14,23.999,0.13,3.217823,1.567807,1.223252,0.003333,271.4364,339.0,0.08,0.257426,1.090842,24.0,-0.13,21.0,24.0,7.65,24.0,-0.054,21.0,24.0,5.8,24.0,-0.016,21.0,24.0,3.44,24.0,-0.058,21.0,24.0,5.8,24.0,0.049,21.0,24.0,3.44
236,4383.4167,183,15.417,False,32.23,True,26.14,23.999,0.13,3.208056,1.558039,1.213485,0.003333,274.6444,348.6,0.08,0.256644,1.118328,24.0,-0.13,21.0,24.0,7.65,24.0,-0.054,21.0,24.0,5.8,24.0,-0.017,21.0,24.0,3.44,24.0,-0.058,21.0,24.0,5.8,24.0,0.059,21.0,24.0,3.44
237,4383.5833,183,15.583,False,31.95,True,26.14,23.999,0.13,3.197574,1.547558,1.203004,0.003333,277.842,358.8,0.08,0.255806,1.14729,24.0,-0.13,21.0,24.0,7.65,24.0,-0.055,21.0,24.0,5.8,24.0,-0.018,21.0,24.0,3.44,24.0,-0.059,21.0,24.0,5.8,24.0,0.069,21.0,24.0,3.44
238,4383.75,183,15.75,False,31.67,True,26.14,23.999,0.13,3.184934,1.534918,1.190364,0.003333,281.027,369.4,0.08,0.254795,1.176515,24.0,-0.13,21.0,24.0,7.65,24.0,-0.057,21.0,24.0,5.8,24.0,-0.02,21.0,24.0,3.44,24.0,-0.061,21.0,24.0,5.8,24.0,0.078,21.0,24.0,3.44
239,4383.8889,183,15.889,False,31.38,True,26.14,23.999,0.13,3.170744,1.520728,1.176173,0.003333,284.1977,378.5,0.08,0.253659,1.200126,24.0,-0.13,21.0,24.0,7.65,24.0,-0.059,21.0,24.0,5.8,24.0,-0.023,21.0,24.0,3.44,24.0,-0.063,21.0,24.0,5.8,24.0,0.085,21.0,24.0,3.44
240,4384.0556,183,16.056,False,31.1,True,26.14,23.999,0.13,3.155572,1.505556,1.161002,0.436479,287.3533,389.8,0.34,1.072895,1.230042,24.0,-0.13,21.0,24.0,7.65,24.0,-0.062,21.0,24.0,5.8,24.0,-0.026,21.0,24.0,3.44,24.0,-0.065,21.0,24.0,5.8,24.0,0.089,21.0,24.0,3.44
241,4384.2222,183,16.222,False,31.2,True,8.25,24.0,0.149,2.268015,1.351339,1.006785,0.003333,289.6213,401.4,0.34,0.771125,0.910381,24.0,-0.149,21.0,24.0,2.42,24.0,-0.081,21.0,24.0,1.83,24.0,-0.045,21.0,24.0,1.09,24.0,-0.084,21.0,24.0,1.83,24.0,0.077,21.0,24.0,1.09
242,4384.3889,183,16.389,False,31.3,True,8.25,24.0,0.154,2.252838,1.336162,0.991608,0.003333,291.8741,413.2,0.34,0.765965,0.930872,24.0,-0.154,21.0,24.0,2.42,24.0,-0.086,21.0,24.0,1.83,24.0,-0.052,21.0,24.0,1.09,24.0,-0.09,21.0,24.0,1.83,24.0,0.075,21.0,24.0,1.09
243,4384.5556,183,16.556,False,31.4,True,8.25,24.0,0.158,2.246581,1.329906,0.985352,0.003333,294.1207,425.2,0.34,0.763838,0.955246,24.0,-0.158,21.0,24.0,2.42,24.0,-0.091,21.0,24.0,1.83,24.0,-0.059,21.0,24.0,1.09,24.0,-0.094,21.0,24.0,1.83,24.0,0.075,21.0,24.0,1.09
244,4384.7222,183,16.722,False,31.5,True,8.25,24.0,0.161,2.24289,1.326214,0.98166,0.003333,296.3636,437.2,0.34,0.762583,0.980592,24.0,-0.161,21.0,24.0,2.42,24.0,-0.094,21.0,24.0,1.83,24.0,-0.063,21.0,24.0,1.09,24.0,-0.097,21.0,24.0,1.83,24.0,0.074,21.0,24.0,1.09
245,4384.8889,183,16.889,False,31.6,True,8.25,24.0,0.163,2.240886,1.32421,0.979656,0.003333,298.6045,449.1,0.34,0.761901,1.006382,24.0,-0.163,21.0,24.0,2.42,24.0,-0.097,21.0,24.0,1.83,24.0,-0.067,21.0,24.0,1.09,24.0,-0.099,21.0,24.0,1.83,24.0,0.073,21.0,24.0,1.09
246,4385.0556,183,17.056,False,31.7,True,8.25,24.0,0.165,2.240911,1.324235,0.979681,0.003333,300.8454,460.9,0.34,0.76191,1.032836,24.0,-0.165,21.0,24.0,2.42,24.0,-0.099,21.0,24.0,1.83,24.0,-0.07,21.0,24.0,1.09,24.0,-0.099,21.0,24.0,1.83,24.0,0.072,21.0,24.0,1.09
247,4385.2222,183,17.222,False,31.6,True,2.75,24.0,0.174,1.908297,1.266624,0.92207,0.436447,302.7537,472.5,0.34,0.648821,0.90167,24.0,-0.174,21.0,24.0,0.81,24.0,-0.108,21.0,24.0,0.61,24.0,-0.08,21.0,24.0,0.36,24.0,-0.105,21.0,24.0,0.61,24.0,0.063,21.0,24.0,0.36
248,4385.3889,183,17.389,False,31.5,True,2.75,24.0,0.176,1.895152,1.253479,0.908925,0.003333,304.6488,483.6,0.34,0.644352,0.916495,24.0,-0.176,21.0,24.0,0.81,24.0,-0.112,21.0,24.0,0.61,24.0,-0.085,21.0,24.0,0.36,24.0,-0.105,21.0,24.0,0.61,24.0,0.06,21.0,24.0,0.36
249,4385.5556,183,17.556,False,31.4,True,2.75,24.0,0.178,1.885868,1.244195,0.899641,0.003333,306.5347,494.4,0.34,0.641195,0.932373,24.0,-0.178,21.0,24.0,0.81,24.0,-0.115,21.0,24.0,0.61,24.0,-0.089,21.0,24.0,0.36,24.0,-0.104,21.0,24.0,0.61,24.0,0.055,21.0,24.0,0.36
250,4385.7222,183,17.722,False,31.3,True,2.75,24.0,0.179,1.876655,1.234982,0.890428,0.003333,308.4114,504.5,0.34,0.638063,0.946772,24.0,-0.179,21.0,24.0,0.81,24.0,-0.118,21.0,24.0,0.61,24.0,-0.092,21.0,24.0,0.36,24.0,-0.103,21.0,24.0,0.61,24.0,0.048,21.0,24.0,0.36
251,4385.8889,183,17.889,False,31.2,True,2.75,24.0,0.179,1.868109,1.226437,0.881882,0.003333,310.2795,514.1,0.34,0.635157,0.960395,24.0,-0.179,21.0,24.0,0.81,24.0,-0.121,21.0,24.0,0.61,24.0,-0.095,21.0,24.0,0.36,24.0,-0.101,21.0,24.0,0.61,24.0,0.041,21.0,24.0,0.36
252,4386.0556,183,18.056,False,31.1,True,2.75,24.0,0.179,1.860068,1.218396,0.873841,0.003333,312.1395,522.8,0.34,0.632423,0.972444,24.0,-0.179,21.0,24.0,0.81,24.0,-0.124,21.0,24.0,0.61,24.0,-0.098,21.0,24.0,0.36,24.0,-0.1,21.0,24.0,0.61,24.0,0.034,21.0,24.0,0.36
253,4386.2083,183,18.208,False,30.82,True,2.75,24.0,0.179,1.841909,1.200236,0.855682,0.003333,313.9815,530.2,0.34,0.626249,0.97658,24.0,-0.179,21.0,24.0,0.81,24.0,-0.127,21.0,24.0,0.61,24.0,-0.102,21.0,24.0,0.36,24.0,-0.102,21.0,24.0,0.61,24.0,0.024,21.0,24.0,0.36
254,4386.375,183,18.375,False,30.53,True,2.75,24.0,0.179,1.824348,1.182675,0.838121,0.436433,315.8058,537.3,0.34,0.620278,0.980222,24.0,-0.179,21.0,24.0,0.81,24.0,-0.13,21.0,24.0,0.61,24.0,-0.104,21.0,24.0,0.36,24.0,-0.103,21.0,24.0,0.61,24.0,0.015,21.0,24.0,0.36
255,4386.5417,183,18.542,False,30.25,True,2.75,24.0,0.18,1.807128,1.165456,0.820901,0.003333,317.6129,543.5,0.34,0.614424,0.982174,24.0,-0.18,21.0,24.0,0.81,24.0,-0.133,21.0,24.0,0.61,24.0,-0.107,21.0,24.0,0.36,24.0,-0.105,21.0,24.0,0.61,24.0,0.007,21.0,24.0,0.36
256,4386.7083,183,18.708,False,29.97,True,2.75,24.0,0.18,1.787701,1.146028,0.801474,0.003333,319.4006,548.7,0.34,0.607818,0.980911,24.0,-0.18,21.0,24.0,0.81,24.0,-0.136,21.0,24.0,0.61,24.0,-0.11,21.0,24.0,0.36,24.0,-0.109,21.0,24.0,0.61,24.0,-0.006,21.0,24.0,0.36
257,4386.875,183,18.875,False,29.68,True,2.75,24.0,0.18,1.76754,1.125867,0.781313,0.003333,321.1682,552.8,0.34,0.600964,0.977096,24.0,-0.18,21.0,24.0,0.81,24.0,-0.14,21.0,24.0,0.61,24.0,-0.113,21.0,24.0,0.36,24.0,-0.113,21.0,24.0,0.61,24.0,-0.018,21.0,24.0,0.36
258,4387.0417,183,19.042,False,29.4,True,2.75,24.0,0.181,1.746948,1.105275,0.760721,0.003333,322.9151,555.9,0.34,0.593962,0.971128,24.0,-0.181,21.0,24.0,0.81,24.0,-0.143,21.0,24.0,0.61,24.0,-0.116,21.0,24.0,0.36,24.0,-0.118,21.0,24.0,0.61,24.0,-0.032,21.0,24.0,0.36
259,4387.2083,183,19.208,False,29.32,True,1.38,24.0,0.0,1.629175,1.079169,0.734615,0.003333,324.5443,557.9,0.34,0.553919,0.908917,24.0,-0.185,21.0,24.0,0.4,24.0,-0.149,21.0,24.0,0.31,24.0,-0.121,21.0,24.0,0.18,24.0,-0.127,21.0,24.0,0.31,24.0,-0.053,21.0,24.0,0.18
260,4387.3889,183,19.389,False,29.23,True,1.38,24.0,0.0,1.610562,1.060557,0.716003,0.003333,326.1549,558.9,0.34,0.547591,0.900143,24.0,-0.187,21.0,24.0,0.4,24.0,-0.153,21.0,24.0,0.31,24.0,-0.125,21.0,24.0,0.18,24.0,-0.135,21.0,24.0,0.31,24.0,-0.074,21.0,24.0,0.18
261,4387.5556,183,19.556,False,29.15,True,1.38,24.0,0.0,1.588083,1.038077,0.693523,0.003333,327.7429,558.8,0.34,0.539948,0.887421,24.0,-0.188,21.0,24.0,0.4,24.0,-0.158,21.0,24.0,0.31,24.0,-0.13,21.0,24.0,0.18,24.0,-0.148,21.0,24.0,0.31,24.0,-0.103,21.0,24.0,0.18
262,4387.7222,183,19.722,False,29.07,True,1.38,24.0,0.0,1.575438,1.025432,0.680878,0.436439,329.3184,557.6,0.34,0.535649,0.878464,24.0,-0.19,21.0,24.0,0.4,24.0,-0.16,21.0,24.0,0.31,24.0,-0.132,21.0,24.0,0.18,24.0,-0.152,21.0,24.0,0.31,24.0,-0.112,21.0,24.0,0.18
263,4387.8889,183,19.889,False,28.98,True,1.38,24.0,0.0,1.566025,1.01602,0.671466,0.003333,330.8844,555.5,0.34,0.532449,0.869927,24.0,-0.191,21.0,24.0,0.4,24.0,-0.162,21.0,24.0,0.31,24.0,-0.135,21.0,24.0,0.18,24.0,-0.154,21.0,24.0,0.31,24.0,-0.118,21.0,24.0,0.18
264,4388.0556,183,20.056,False,28.9,True,1.38,24.0,0.0,1.558217,1.008211,0.663657,0.003333,332.4426,552.4,0.34,0.529794,0.860759,24.0,-0.192,21.0,24.0,0.4,24.0,-0.164,21.0,24.0,0.31,24.0,-0.137,21.0,24.0,0.18,24.0,-0.156,21.0,24.0,0.31,24.0,-0.123,21.0,24.0,0.18
265,4388.25,183,20.25,False,28.9,True,1.38,24.0,0.0,1.554724,1.004719,0.660165,0.003333,333.9973,547.8,0.34,0.528606,0.851678,24.0,-0.192,21.0,24.0,0.4,24.0,-0.164,21.0,24.0,0.31,24.0,-0.137,21.0,24.0,0.18,24.0,-0.157,21.0,24.0,0.31,24.0,-0.126,21.0,24.0,0.18
266,4388.4167,183,20.417,False,28.9,True,1.38,24.0,0.0,1.55215,1.002145,0.657591,0.003333,335.5495,543.0,0.34,0.527731,0.842817,24.0,-0.193,21.0,24.0,0.4,24.0,-0.164,21.0,24.0,0.31,24.0,-0.138,21.0,24.0,0.18,24.0,-0.157,21.0,24.0,0.31,24.0,-0.128,21.0,24.0,0.18
267,4388.5833,183,20.583,False,28.9,True,1.38,24.0,0.0,1.550465,1.00046,0.655906,0.003333,337.1,537.6,0.34,0.527158,0.83353,24.0,-0.193,21.0,24.0,0.4,24.0,-0.164,21.0,24.0,0.31,24.0,-0.139,21.0,24.0,0.18,24.0,-0.157,21.0,24.0,0.31,24.0,-0.129,21.0,24.0,0.18
268,4388.75,183,20.75,False,28.9,True,1.38,24.0,0.0,1.549286,0.999281,0.654727,0.003333,338.6492,531.6,0.34,0.526757,0.823601,24.0,-0.192,21.0,24.0,0.4,24.0,-0.164,21.0,24.0,0.31,24.0,-0.139,21.0,24.0,0.18,24.0,-0.157,21.0,24.0,0.31,24.0,-0.13,21.0,24.0,0.18
269,4388.9167,183,20.917,False,28.9,True,1.38,24.0,0.0,1.548494,0.998489,0.653935,0.003333,340.1977,525.2,0.34,0.526488,0.813269,24.0,-0.192,21.0,24.0,0.4,24.0,-0.164,21.0,24.0,0.31,24.0,-0.139,21.0,24.0,0.18,24.0,-0.157,21.0,24.0,0.31,24.0,-0.13,21.0,24.0,0.18
270,4389.0,183,21.0,False,28.9,True,1.38,24.0,0.0,1.547823,0.997818,0.653264,0.003333,341.7456,521.8,0.08,0.123826,0.807654,24.0,-0.192,21.0,24.0,0.4,24.0,-0.163,21.0,24.0,0.31,24.0,-0.139,21.0,24.0,0.18,24.0,-0.157,21.0,24.0,0.31,24.0,-0.131,21.0,24.0,0.18
271,4389.2,183,21.2,False,28.8,True,1.38,24.899,0.0,0.458338,0.0,0.0,0.436419,342.2039,513.3,0.08,0.036667,0.235265,24.65,-0.093,15.6,26.7,0.4,24.85,-0.04,15.6,26.7,0.31,25.02,0.012,15.6,26.7,0.18,24.88,-0.029,15.6,26.7,0.31,25.1,0.031,15.6,26.7,0.18
272,4389.4167,183,21.417,False,28.7,True,1.38,25.696,0.0,0.458338,0.0,0.0,0.003333,342.6622,503.8,0.08,0.036667,0.230911,25.33,0.045,15.6,26.7,0.4,25.61,0.117,15.6,26.7,0.31,25.89,0.193,15.6,26.7,0.18,25.66,0.133,15.6,26.7,0.31,26.0,0.221,15.6,26.7,0.18
273,4389.5,183,21.5,False,28.6,True,1.38,26.035,0.0,0.458338,0.0,0.0,0.003333,343.1206,500.0,0.08,0.036667,0.229169,25.63,0.119,15.6,26.7,0.4,25.94,0.196,15.6,26.7,0.31,26.24,0.279,15.6,26.7,0.18,26.0,0.213,15.6,26.7,0.31,26.37,0.313,15.6,26.7,0.18
274,4389.6667,183,21.667,False,28.5,True,1.38,26.158,0.0,0.458338,0.0,0.0,0.003333,343.5789,492.5,0.08,0.036667,0.225731,25.74,0.157,15.6,26.7,0.4,26.06,0.236,15.6,26.7,0.31,26.36,0.326,15.6,26.7,0.18,26.12,0.256,15.6,26.7,0.31,26.51,0.362,15.6,26.7,0.18
275,4389.8333,183,21.833,False,28.4,True,1.38,26.241,0.0,0.458338,0.0,0.0,0.003333,344.0372,485.0,0.08,0.036667,0.222294,25.8,0.187,15.6,26.7,0.4,26.14,0.268,15.6,26.7,0.31,26.45,0.362,15.6,26.7,0.18,26.21,0.289,15.6,26.7,0.31,26.61,0.402,15.6,26.7,0.18
276,4390.0,183,22.0,False,28.3,True,1.38,26.304,0.0,0.458338,0.0,0.0,0.003333,344.4956,477.6,0.08,0.036667,0.218902,25.85,0.213,15.6,26.7,0.4,26.2,0.295,15.6,26.7,0.31,26.52,0.393,15.6,26.7,0.18,26.27,0.316,15.6,26.7,0.31,26.68,0.435,15.6,26.7,0.18
277,4390.1667,183,22.167,False,28.3,True,1.38,26.349,0.0,0.412504,0.0,0.0,0.003333,344.9081,470.3,0.08,0.033,0.194001,25.89,0.233,15.6,26.7,0.4,26.24,0.317,15.6,26.7,0.31,26.57,0.419,15.6,26.7,0.18,26.31,0.339,15.6,26.7,0.31,26.74,0.463,15.6,26.7,0.18
278,4390.3333,183,22.333,False,28.3,True,1.38,26.392,0.0,0.412504,0.0,0.0,0.003333,345.3206,463.2,0.08,0.033,0.191072,25.92,0.253,15.6,26.7,0.4,26.28,0.337,15.6,26.7,0.31,26.62,0.444,15.6,26.7,0.18,26.35,0.361,15.6,26.7,0.31,26.79,0.49,15.6,26.7,0.18
279,4390.5,183,22.5,False,28.3,True,1.38,26.431,0.0,0.412504,0.0,0.0,0.003333,345.7331,456.4,0.08,0.033,0.188267,25.95,0.272,15.6,26.7,0.4,26.31,0.357,15.6,26.7,0.31,26.66,0.467,15.6,26.7,0.18,26.39,0.381,15.6,26.7,0.31,26.84,0.514,15.6,26.7,0.18
280,4390.6667,183,22.667,False,28.3,True,1.38,26.467,0.0,0.412504,0.0,0.0,0.436397,346.1456,449.8,0.08,0.033,0.185544,25.98,0.289,15.6,26.7,0.4,26.35,0.375,15.6,26.7,0.31,26.7,0.488,15.6,26.7,0.18,26.43,0.4,15.6,26.7,0.31,26.88,0.537,15.6,26.7,0.18
281,4390.8333,183,22.833,False,28.3,True,1.38,26.499,0.0,0.412504,0.0,0.0,0.003333,346.5581,443.6,0.08,0.033,0.182987,26.01,0.306,15.6,26.7,0.4,26.37,0.393,15.6,26.7,0.31,26.73,0.508,15.6,26.7,0.18,26.46,0.418,15.6,26.7,0.31,26.92,0.559,15.6,26.7,0.18
282,4391.0,183,23.0,False,28.3,True,1.38,26.529,0.0,0.412504,0.0,0.0,0.003333,346.9706,437.7,0.08,0.033,0.180553,26.03,0.322,15.6,26.7,0.4,26.4,0.409,15.6,26.7,0.31,26.77,0.527,15.6,26.7,0.18,26.49,0.435,15.6,26.7,0.31,26.95,0.579,15.6,26.7,0.18
283,4391.1667,183,23.167,False,28.3,False,0.0,26.543,0.0,0.412504,0.0,0.0,0.003333,347.3831,432.2,0.08,0.033,0.178284,26.04,0.335,15.6,26.7,0.0,26.41,0.422,15.6,26.7,0.0,26.78,0.541,15.6,26.7,0.0,26.5,0.449,15.6,26.7,0.0,26.97,0.595,15.6,26.7,0.0
284,4391.3333,183,23.333,False,28.3,False,0.0,26.562,0.0,0.412504,0.0,0.0,0.003333,347.7956,427.0,0.08,0.033,0.176139,26.06,0.347,15.6,26.7,0.0,26.43,0.435,15.6,26.7,0.0,26.8,0.556,15.6,26.7,0.0,26.52,0.462,15.6,26.7,0.0,27.0,0.611,15.6,26.7,0.0
285,4391.5,183,23.5,False,28.3,False,0.0,26.582,0.0,0.412504,0.0,0.0,0.003333,348.2081,422.2,0.08,0.033,0.174159,26.07,0.359,15.6,26.7,0.0,26.45,0.447,15.6,26.7,0.0,26.82,0.57,15.6,26.7,0.0,26.54,0.475,15.6,26.7,0.0,27.02,0.626,15.6,26.7,0.0
286,4391.6667,183,23.667,False,28.3,False,0.0,26.6,0.0,0.412504,0.0,0.0,0.003333,348.6206,417.7,0.08,0.033,0.172303,26.09,0.37,15.6,26.7,0.0,26.47,0.458,15.6,26.7,0.0,26.84,0.583,15.6,26.7,0.0,26.56,0.487,15.6,26.7,0.0,27.04,0.64,15.6,26.7,0.0
287,4391.8333,183,23.833,False,28.3,False,0.0,26.617,0.0,0.412504,0.0,0.0,0.003333,349.0331,413.6,0.08,0.033,0.170612,26.11,0.381,15.6,26.7,0.0,26.48,0.469,15.6,26.7,0.0,26.86,0.595,15.6,26.7,0.0,26.58,0.498,15.6,26.7,0.0,27.06,0.653,15.6,26.7,0.0
288,4392.0,183,24.0,False,28.3,False,0.0,26.633,0.0,0.412504,0.0,0.0,0.003333,349.4456,409.8,0.08,0.033,0.169044,26.12,0.391,15.6,26.7,0.0,26.5,0.48,15.6,26.7,0.0,26.88,0.606,15.6,26.7,0.0,26.59,0.509,15.6,26.7,0.0,27.08,0.665,15.6,26.7,0.0
289,4392.1667,184,0.167,False,28.3,False,0.0,26.648,0.0,0.412504,0.0,0.0,0.436388,349.8581,378.0,0.08,0.033,0.155927,26.13,0.4,15.6,26.7,0.0,26.51,0.489,15.6,26.7,0.0,26.89,0.617,15.6,26.7,0.0,26.61,0.519,15.6,26.7,0.0,27.1,0.676,15.6,26.7,0.0
290,4392.3333,184,0.333,False,28.3,False,0.0,26.661,0.0,0.412504,0.0,0.0,0.003333,350.2706,378.5,0.08,0.033,0.156133,26.15,0.409,15.6,26.7,0.0,26.52,0.498,15.6,26.7,0.0,26.91,0.626,15.6,26.7,0.0,26.62,0.528,15.6,26.7,0.0,27.11,0.686,15.6,26.7,0.0
291,4392.5,184,0.5,False,28.3,False,0.0,26.673,0.0,0.412504,0.0,0.0,0.003333,350.6831,378.9,0.08,0.033,0.156298,26.16,0.416,15.6,26.7,0.0,26.53,0.506,15.6,26.7,0.0,26.92,0.635,15.6,26.7,0.0,26.63,0.537,15.6,26.7,0.0,27.13,0.695,15.6,26.7,0.0
292,4392.6667,184,0.667,False,28.3,False,0.0,26.685,0.0,0.412504,0.0,0.0,0.003333,351.0957,379.3,0.08,0.033,0.156463,26.17,0.423,15.6,26.7,0.0,26.54,0.513,15.6,26.7,0.0,26.93,0.642,15.6,26.7,0.0,26.64,0.544,15.6,26.7,0.0,27.14,0.703,15.6,26.7,0.0
293,4392.8333,184,0.833,False,28.3,False,0.0,26.695,0.0,0.412504,0.0,0.0,0.003333,351.5082,379.4,0.08,0.033,0.156504,26.18,0.429,15.6,26.7,0.0,26.55,0.52,15.6,26.7,0.0,26.94,0.649,15.6,26.7,0.0,26.65,0.551,15.6,26.7,0.0,27.15,0.711,15.6,26.7,0.0
294,4393.0,184,1.0,False,28.3,False,0.0,26.704,0.0,0.412504,0.0,0.0,0.003333,351.9207,379.5,0.08,0.033,0.156545,26.19,0.434,15.6,26.7,0.0,26.56,0.526,15.6,26.7,0.0,26.95,0.656,15.6,26.7,0.0,26.66,0.558,15.6,26.7,0.0,27.16,0.718,15.6,26.7,0.0
295,4393.1667,184,1.167,False,28.22,False,0.0,26.709,0.0,0.412504,0.0,0.0,0.003333,352.3332,379.4,0.08,0.033,0.156504,26.2,0.439,15.6,26.7,0.0,26.57,0.531,15.6,26.7,0.0,26.95,0.661,15.6,26.7,0.0,26.67,0.563,15.6,26.7,0.0,27.16,0.723,15.6,26.7,0.0
296,4393.3333,184,1.333,False,28.13,False,0.0,26.712,0.0,0.412504,0.0,0.0,0.003333,352.7457,379.3,0.08,0.033,0.156463,26.2,0.444,15.6,26.7,0.0,26.57,0.536,15.6,26.7,0.0,26.95,0.666,15.6,26.7,0.0,26.67,0.568,15.6,26.7,0.0,27.17,0.728,15.6,26.7,0.0
297,4393.5,184,1.5,False,28.05,False,0.0,26.714,0.0,0.412504,0.0,0.0,0.003333,353.1582,378.9,0.08,0.033,0.156298,26.2,0.448,15.6,26.7,0.0,26.57,0.54,15.6,26.7,0.0,26.96,0.67,15.6,26.7,0.0,26.67,0.572,15.6,26.7,0.0,27.17,0.733,15.6,26.7,0.0
298,4393.6667,184,1.667,False,27.97,False,0.0,26.714,0.0,0.412504,0.0,0.0,0.003333,353.5707,378.5,0.08,0.033,0.156133,26.21,0.452,15.6,26.7,0.0,26.57,0.544,15.6,26.7,0.0,26.96,0.674,15.6,26.7,0.0,26.67,0.577,15.6,26.7,0.0,27.17,0.737,15.6,26.7,0.0
299,4393.8333,184,1.833,False,27.88,False,0.0,26.714,0.0,0.412504,0.0,0.0,0.436407,353.9832,378.0,0.08,0.033,0.155927,26.21,0.456,15.6,26.7,0.0,26.57,0.547,15.6,26.7,0.0,26.95,0.678,15.6,26.7,0.0,26.68,0.581,15.6,26.7,0.0,27.17,0.741,15.6,26.7,0.0
300,4394.0,184,2.0,False,27.8,False,0.0,26.713,0.0,0.412504,0.0,0.0,0.003333,354.3957,377.3,0.08,0.033,0.155638,26.21,0.46,15.6,26.7,0.0,26.57,0.551,15.6,26.7,0.0,26.95,0.681,15.6,26.7,0.0,26.67,0.584,15.6,26.7,0.0,27.16,0.744,15.6,26.7,0.0
301,4394.1667,184,2.167,False,27.8,False,0.0,26.715,0.0,0.412504,0.0,0.0,0.003333,354.8082,376.5,0.08,0.033,0.155308,26.21,0.463,15.6,26.7,0.0,26.57,0.554,15.6,26.7,0.0,26.95,0.685,15.6,26.7,0.0,26.68,0.588,15.6,26.7,0.0,27.17,0.748,15.6,26.7,0.0
302,4394.3333,184,2.333,False,27.8,False,0.0,26.717,0.0,0.412504,0.0,0.0,0.003333,355.2207,375.6,0.08,0.033,0.154937,26.21,0.467,15.6,26.7,0.0,26.57,0.558,15.6,26.7,0.0,26.95,0.688,15.6,26.7,0.0,26.68,0.592,15.6,26.7,0.0,27.17,0.751,15.6,26.7,0.0
303,4394.5,184,2.5,False,27.8,False,0.0,26.719,0.0,0.412504,0.0,0.0,0.003333,355.6332,374.6,0.08,0.033,0.154524,26.22,0.469,15.6,26.7,0.0,26.57,0.561,15.6,26.7,0.0,26.96,0.691,15.6,26.7,0.0,26.68,0.595,15.6,26.7,0.0,27.17,0.754,15.6,26.7,0.0
304,4394.6667,184,2.667,False,27.8,False,0.0,26.721,0.0,0.412504,0.0,0.0,0.003333,356.0457,373.4,0.08,0.033,0.154029,26.22,0.472,15.6,26.7,0.0,26.57,0.563,15.6,26.7,0.0,26.96,0.693,15.6,26.7,0.0,26.68,0.598,15.6,26.7,0.0,27.17,0.756,15.6,26.7,0.0
305,4394.8333,184,2.833,False,27.8,False,0.0,26.722,0.0,0.412504,0.0,0.0,0.003333,356.4582,372.2,0.08,0.033,0.153534,26.23,0.474,15.6,26.7,0.0,26.57,0.566,15.6,26.7,0.0,26.96,0.695,15.6,26.7,0.0,26.69,0.6,15.6,26.7,0.0,27.17,0.758,15.6,26.7,0.0
306,4395.0,184,3.0,False,27.8,False,0.0,26.723,0.0,0.412504,0.0,0.0,0.003333,356.8707,370.8,0.08,0.033,0.152956,26.23,0.476,15.6,26.7,0.0,26.58,0.568,15.6,26.7,0.0,26.96,0.696,15.6,26.7,0.0,26.69,0.602,15.6,26.7,0.0,27.17,0.76,15.6,26.7,0.0
307,4395.1667,184,3.167,False,27.8,False,0.0,26.725,0.0,0.412504,0.0,0.0,0.003333,357.2832,369.4,0.08,0.033,0.152379,26.23,0.477,15.6,26.7,0.0,26.58,0.57,15.6,26.7,0.0,26.96,0.698,15.6,26.7,0.0,26.69,0.604,15.6,26.7,0.0,27.17,0.761,15.6,26.7,0.0
308,4395.3333,184,3.333,False,27.8,False,0.0,26.726,0.0,0.412504,0.0,0.0,0.436398,357.6957,367.8,0.08,0.033,0.151719,26.24,0.479,15.6,26.7,0.0,26.58,0.572,15.6,26.7,0.0,26.96,0.7,15.6,26.7,0.0,26.69,0.607,15.6,26.7,0.0,27.17,0.763,15.6,26.7,0.0
309,4395.5,184,3.5,False,27.8,False,0.0,26.726,0.0,0.412504,0.0,0.0,0.003333,358.1082,366.1,0.08,0.033,0.151018,26.24,0.482,15.6,26.7,0.0,26.58,0.574,15.6,26.7,0.0,26.96,0.702,15.6,26.7,0.0,26.69,0.609,15.6,26.7,0.0,27.17,0.765,15.6,26.7,0.0
310,4395.6667,184,3.667,False,27.8,False,0.0,26.727,0.0,0.412504,0.0,0.0,0.003333,358.5207,364.4,0.08,0.033,0.150316,26.24,0.484,15.6,26.7,0.0,26.58,0.576,15.6,26.7,0.0,26.96,0.704,15.6,26.7,0.0,26.69,0.611,15.6,26.7,0.0,27.16,0.767,15.6,26.7,0.0
311,4395.8333,184,3.833,False,27.8,False,0.0,26.727,0.0,0.412504,0.0,0.0,0.003333,358.9332,362.5,0.08,0.033,0.149533,26.24,0.486,15.6,26.7,0.0,26.58,0.579,15.6,26.7,0.0,26.96,0.706,15.6,26.7,0.0,26.69,0.614,15.6,26.7,0.0,27.16,0.768,15.6,26.7,0.0
312,4396.0,184,4.0,False,27.8,False,0.0,26.727,0.0,0.412504,0.0,0.0,0.003333,359.3457,360.5,0.08,0.033,0.148708,26.25,0.489,15.6,26.7,0.0,26.58,0.581,15.6,26.7,0.0,26.96,0.708,15.6,26.7,0.0,26.69,0.616,15.6,26.7,0.0,27.16,0.77,15.6,26.7,0.0
313,4396.1667,184,4.167,False,27.8,False,0.0,26.738,0.0,0.458338,0.0,0.0,0.003333,359.8041,358.5,0.08,0.036667,0.164314,26.26,0.494,15.6,26.7,0.0,26.59,0.586,15.6,26.7,0.0,26.96,0.712,15.6,26.7,0.0,26.7,0.621,15.6,26.7,0.0,27.17,0.775,15.6,26.7,0.0
314,4396.3333,184,4.333,False,27.8,False,0.0,26.744,0.0,0.458338,0.0,0.0,0.003333,360.2624,356.4,0.08,0.036667,0.163352,26.27,0.498,15.6,26.7,0.0,26.6,0.59,15.6,26.7,0.0,26.97,0.716,15.6,26.7,0.0,26.71,0.625,15.6,26.7,0.0,27.17,0.778,15.6,26.7,0.0
315,4396.5,184,4.5,False,27.8,False,0.0,26.749,0.0,0.458338,0.0,0.0,0.003333,360.7207,354.2,0.08,0.036667,0.162343,26.27,0.502,15.6,26.7,0.0,26.6,0.594,15.6,26.7,0.0,26.97,0.718,15.6,26.7,0.0,26.72,0.629,15.6,26.7,0.0,27.18,0.78,15.6,26.7,0.0
316,4396.6667,184,4.667,False,27.8,False,0.0,26.752,0.0,0.458338,0.0,0.0,0.003333,361.1791,351.9,0.08,0.036667,0.161289,26.28,0.505,15.6,26.7,0.0,26.61,0.597,15.6,26.7,0.0,26.98,0.721,15.6,26.7,0.0,26.72,0.631,15.6,26.7,0.0,27.18,0.783,15.6,26.7,0.0
317,4396.8333,184,4.833,False,27.8,False,0.0,26.755,0.0,0.458338,0.0,0.0,0.436399,361.6374,349.5,0.08,0.036667,0.160189,26.28,0.508,15.6,26.7,0.0,26.61,0.599,15.6,26.7,0.0,26.98,0.723,15.6,26.7,0.0,26.72,0.634,15.6,26.7,0.0,27.18,0.785,15.6,26.7,0.0
318,4397.0,184,5.0,False,27.8,False,0.0,26.756,0.0,0.458338,0.0,0.0,0.003333,362.0958,347.1,0.08,0.036667,0.159089,26.29,0.511,15.6,26.7,0.0,26.61,0.602,15.6,26.7,0.0,26.98,0.725,15.6,26.7,0.0,26.72,0.636,15.6,26.7,0.0,27.18,0.786,15.6,26.7,0.0
319,4397.25,184,5.25,False,27.8,True,2.75,24.502,0.252,2.066342,1.608004,1.26345,0.003333,364.1621,343.4,0.08,0.165307,0.709582,24.5,0.169,21.0,24.0,0.81,24.61,0.233,21.0,24.0,0.61,24.37,0.238,21.0,24.0,0.36,24.62,0.252,21.0,24.0,0.61,24.41,0.272,21.0,24.0,0.36
320,4397.3333,184,5.333,False,27.8,True,2.75,24.024,0.031,1.772658,1.31432,0.969766,0.003333,365.9348,342.1,0.08,0.141813,0.606426,24.01,-0.009,21.0,24.0,0.81,24.02,0.019,21.0,24.0,0.61,24.03,0.057,21.0,24.0,0.36,24.02,0.031,21.0,24.0,0.61,24.03,0.075,21.0,24.0,0.36
321,4397.5,184,5.5,False,27.8,True,2.75,24.003,0.062,1.594358,1.13602,0.791466,0.003333,367.5291,339.5,0.08,0.127549,0.541284,24.0,-0.062,21.0,24.0,0.81,24.0,-0.042,21.0,24.0,0.61,24.01,-0.009,21.0,24.0,0.36,24.0,-0.032,21.0,24.0,0.61,24.01,0.005,21.0,24.0,0.36
322,4397.6667,184,5.667,False,27.8,True,2.75,23.999,0.101,1.496055,1.037717,0.693163,0.003333,369.0252,336.9,0.08,0.119684,0.504021,24.0,-0.101,21.0,24.0,0.81,24.0,-0.085,21.0,24.0,0.61,24.0,-0.056,21.0,24.0,0.36,24.0,-0.076,21.0,24.0,0.61,24.0,-0.044,21.0,24.0,0.36
323,4397.8333,184,5.833,False,27.8,True,2.75,23.999,0.131,1.435947,0.977609,0.633055,0.003333,370.4611,334.2,0.08,0.114876,0.479893,24.0,-0.131,21.0,24.0,0.81,24.0,-0.117,21.0,24.0,0.61,24.0,-0.081,21.0,24.0,0.36,24.0,-0.105,21.0,24.0,0.61,24.0,-0.08,21.0,24.0,0.36
324,4398.0,184,6.0,False,27.8,True,2.75,23.999,0.156,1.390752,0.932414,0.58786,0.003333,371.8519,331.5,0.08,0.11126,0.461034,24.0,-0.156,21.0,24.0,0.81,24.0,-0.143,21.0,24.0,0.61,24.0,-0.107,21.0,24.0,0.36,24.0,-0.131,21.0,24.0,0.61,24.0,-0.109,21.0,24.0,0.36
325,4398.1667,184,6.167,False,27.98,True,5.5,23.998,0.159,1.681781,1.040108,0.695554,0.003333,373.5337,328.8,0.08,0.134542,0.55297,24.0,-0.159,21.0,24.0,1.61,24.0,-0.143,21.0,24.0,1.22,24.0,-0.107,21.0,24.0,0.72,24.0,-0.131,21.0,24.0,1.22,24.0,-0.112,21.0,24.0,0.72
326,4398.3333,184,6.333,False,28.17,True,5.5,23.999,0.164,1.683271,1.041598,0.697044,0.436421,375.2169,326.0,0.08,0.134662,0.548746,24.0,-0.164,21.0,24.0,1.61,24.0,-0.145,21.0,24.0,1.22,24.0,-0.106,21.0,24.0,0.72,24.0,-0.133,21.0,24.0,1.22,24.0,-0.116,21.0,24.0,0.72
327,4398.5,184,6.5,False,28.35,True,5.5,23.999,0.168,1.683944,1.042271,0.697717,0.003333,376.9009,323.2,0.08,0.134715,0.544251,24.0,-0.168,21.0,24.0,1.61,24.0,-0.147,21.0,24.0,1.22,24.0,-0.107,21.0,24.0,0.72,24.0,-0.135,21.0,24.0,1.22,24.0,-0.119,21.0,24.0,0.72
328,4398.6667,184,6.667,False,28.53,True,5.5,24.0,0.172,1.683804,1.042131,0.697577,0.003333,378.5847,320.4,0.08,0.134704,0.539491,24.0,-0.172,21.0,24.0,1.61,24.0,-0.149,21.0,24.0,1.22,24.0,-0.112,21.0,24.0,0.72,24.0,-0.138,21.0,24.0,1.22,24.0,-0.121,21.0,24.0,0.72
329,4398.9167,184,6.917,False,28.72,True,5.5,24.0,0.175,1.685381,1.043708,0.699154,0.003333,380.2701,316.2,0.08,0.134831,0.532918,24.0,-0.175,21.0,24.0,1.61,24.0,-0.15,21.0,24.0,1.22,24.0,-0.113,21.0,24.0,0.72,24.0,-0.14,21.0,24.0,1.22,24.0,-0.123,21.0,24.0,0.72
330,4399.0833,184,7.083,False,28.9,True,5.5,24.0,0.178,1.687948,1.046275,0.701721,0.003333,381.958,313.3,0.08,0.135036,0.528834,24.0,-0.178,21.0,24.0,1.61,24.0,-0.151,21.0,24.0,1.22,24.0,-0.115,21.0,24.0,0.72,24.0,-0.141,21.0,24.0,1.22,24.0,-0.125,21.0,24.0,0.72
331,4399.25,184,7.25,False,28.8,True,26.14,23.999,0.157,2.88929,1.239274,0.89472,0.003333,384.8473,310.5,0.08,0.231143,0.897125,24.0,-0.157,21.0,24.0,7.65,24.0,-0.13,21.0,24.0,5.8,24.0,-0.095,21.0,24.0,3.44,24.0,-0.121,21.0,24.0,5.8,24.0,-0.106,21.0,24.0,3.44
332,4399.4167,184,7.417,False,28.7,True,26.14,23.999,0.156,2.901159,1.251143,0.906589,0.003333,387.7484,307.7,0.08,0.232093,0.892687,24.0,-0.156,21.0,24.0,7.65,24.0,-0.128,21.0,24.0,5.8,24.0,-0.091,21.0,24.0,3.44,24.0,-0.119,21.0,24.0,5.8,24.0,-0.102,21.0,24.0,3.44
333,4399.5833,184,7.583,False,28.6,True,26.14,23.999,0.155,2.900075,1.250059,0.905505,0.436461,390.6485,304.9,0.08,0.232006,0.884233,24.0,-0.155,21.0,24.0,7.65,24.0,-0.126,21.0,24.0,5.8,24.0,-0.089,21.0,24.0,3.44,24.0,-0.118,21.0,24.0,5.8,24.0,-0.1,21.0,24.0,3.44
334,4399.75,184,7.75,False,28.5,True,26.14,23.999,0.155,2.904342,1.254325,0.909771,0.003333,393.5529,302.1,0.08,0.232347,0.877402,24.0,-0.155,21.0,24.0,7.65,24.0,-0.123,21.0,24.0,5.8,24.0,-0.068,21.0,24.0,3.44,24.0,-0.114,21.0,24.0,5.8,24.0,-0.098,21.0,24.0,3.44
335,4399.9167,184,7.917,False,28.4,True,26.14,23.999,0.156,2.909319,1.259303,0.914748,0.003333,396.4622,299.4,0.08,0.232745,0.87105,24.0,-0.156,21.0,24.0,7.65,24.0,-0.121,21.0,24.0,5.8,24.0,-0.046,21.0,24.0,3.44,24.0,-0.112,21.0,24.0,5.8,24.0,-0.096,21.0,24.0,3.44
336,4400.0556,184,8.056,False,28.3,True,26.14,23.999,0.157,2.911131,1.261115,0.916561,0.003333,399.3733,297.1,0.08,0.232891,0.864897,24.0,-0.157,21.0,24.0,7.65,24.0,-0.119,21.0,24.0,5.8,24.0,-0.028,21.0,24.0,3.44,24.0,-0.111,21.0,24.0,5.8,24.0,-0.095,21.0,24.0,3.44
337,4400.2083,184,8.208,False,28.4,True,26.14,23.999,0.157,2.925362,1.275346,0.930792,0.003333,402.2987,294.6,0.08,0.234029,0.861812,24.0,-0.157,21.0,24.0,7.65,24.0,-0.116,21.0,24.0,5.8,24.0,-0.009,21.0,24.0,3.44,24.0,-0.11,21.0,24.0,5.8,24.0,-0.093,21.0,24.0,3.44
338,4400.375,184,8.375,False,28.5,True,26.14,23.999,0.157,2.942982,1.292966,0.948412,0.003333,405.2417,292.0,0.08,0.235439,0.859351,24.0,-0.157,21.0,24.0,7.65,24.0,-0.112,21.0,24.0,5.8,24.0,0.016,21.0,24.0,3.44,24.0,-0.109,21.0,24.0,5.8,24.0,-0.09,21.0,24.0,3.44
339,4400.5417,184,8.542,False,28.6,True,26.14,23.999,0.156,2.960569,1.310553,0.965999,0.003333,408.2022,289.4,0.08,0.236845,0.856789,24.0,-0.156,21.0,24.0,7.65,24.0,-0.108,21.0,24.0,5.8,24.0,0.036,21.0,24.0,3.44,24.0,-0.105,21.0,24.0,5.8,24.0,-0.086,21.0,24.0,3.44
340,4400.7083,184,8.708,False,28.7,True,26.14,23.999,0.154,2.972928,1.322912,0.978358,0.436476,411.1752,286.8,0.08,0.237834,0.852636,24.0,-0.154,21.0,24.0,7.65,24.0,-0.105,21.0,24.0,5.8,24.0,0.042,21.0,24.0,3.44,24.0,-0.103,21.0,24.0,5.8,24.0,-0.084,21.0,24.0,3.44
341,4400.875,184,8.875,False,28.8,True,26.14,23.999,0.152,2.983907,1.333891,0.989337,0.003333,414.1591,284.3,0.08,0.238713,0.848325,24.0,-0.152,21.0,24.0,7.65,24.0,-0.102,21.0,24.0,5.8,24.0,0.047,21.0,24.0,3.44,24.0,-0.101,21.0,24.0,5.8,24.0,-0.082,21.0,24.0,3.44
342,4401.0556,184,9.056,False,28.9,True,26.14,23.999,0.15,2.994543,1.344527,0.999972,0.003333,417.1536,281.7,0.08,0.239563,0.843563,24.0,-0.15,21.0,24.0,7.65,24.0,-0.1,21.0,24.0,5.8,24.0,0.05,21.0,24.0,3.44,24.0,-0.099,21.0,24.0,5.8,24.0,-0.079,21.0,24.0,3.44
343,4401.2222,184,9.222,False,28.98,True,26.14,23.999,0.149,2.99981,1.349794,1.00524,0.003333,420.1534,279.3,0.08,0.239985,0.837847,24.0,-0.149,21.0,24.0,7.65,24.0,-0.098,21.0,24.0,5.8,24.0,0.052,21.0,24.0,3.44,24.0,-0.097,21.0,24.0,5.8,24.0,-0.078,21.0,24.0,3.44
344,4401.3889,184,9.389,False,29.07,True,26.14,23.999,0.149,3.003741,1.353725,1.009171,0.003333,423.1572,277.0,0.08,0.240299,0.832036,24.0,-0.149,21.0,24.0,7.65,24.0,-0.097,21.0,24.0,5.8,24.0,0.052,21.0,24.0,3.44,24.0,-0.096,21.0,24.0,5.8,24.0,-0.077,21.0,24.0,3.44
345,4401.5556,184,9.556,False,29.15,True,26.14,23.999,0.149,3.005774,1.355758,1.011204,0.003333,426.1629,274.8,0.08,0.240462,0.825987,24.0,-0.149,21.0,24.0,7.65,24.0,-0.096,21.0,24.0,5.8,24.0,0.048,21.0,24.0,3.44,24.0,-0.095,21.0,24.0,5.8,24.0,-0.076,21.0,24.0,3.44
346,4401.7083,184,9.708,False,29.23,True,26.14,23.999,0.149,3.007768,1.357751,1.013197,0.436471,429.1707,272.8,0.08,0.240621,0.820519,24.0,-0.149,21.0,24.0,7.65,24.0,-0.094,21.0,24.0,5.8,24.0,0.043,21.0,24.0,3.44,24.0,-0.094,21.0,24.0,5.8,24.0,-0.075,21.0,24.0,3.44
347,4401.875,184,9.875,False,29.32,True,26.14,23.999,0.15,3.009544,1.359528,1.014974,0.003333,432.1802,270.8,0.08,0.240764,0.814985,24.0,-0.15,21.0,24.0,7.65,24.0,-0.092,21.0,24.0,5.8,24.0,0.038,21.0,24.0,3.44,24.0,-0.093,21.0,24.0,5.8,24.0,-0.074,21.0,24.0,3.44
348,4402.0417,184,10.042,False,29.4,True,26.14,23.999,0.15,3.01084,1.360824,1.01627,0.003333,435.1911,268.9,0.08,0.240867,0.809615,24.0,-0.15,21.0,24.0,7.65,24.0,-0.091,21.0,24.0,5.8,24.0,0.031,21.0,24.0,3.44,24.0,-0.092,21.0,24.0,5.8,24.0,-0.073,21.0,24.0,3.44
349,4402.2083,184,10.208,False,29.6,True,26.14,23.999,0.15,3.02111,1.371094,1.02654,0.003333,438.2122,267.0,0.08,0.241689,0.806636,24.0,-0.15,21.0,24.0,7.65,24.0,-0.089,21.0,24.0,5.8,24.0,0.025,21.0,24.0,3.44,24.0,-0.09,21.0,24.0,5.8,24.0,-0.071,21.0,24.0,3.44
350,4402.375,184,10.375,False,29.8,True,26.14,23.999,0.149,3.032477,1.382461,1.037907,0.003333,441.2447,265.3,0.08,0.242598,0.804516,24.0,-0.149,21.0,24.0,7.65,24.0,-0.086,21.0,24.0,5.8,24.0,0.019,21.0,24.0,3.44,24.0,-0.088,21.0,24.0,5.8,24.0,-0.069,21.0,24.0,3.44
351,4402.5556,184,10.556,False,30.0,True,26.14,23.999,0.148,3.044289,1.394273,1.049718,0.003333,444.289,263.6,0.08,0.243543,0.802474,24.0,-0.148,21.0,24.0,7.65,24.0,-0.083,21.0,24.0,5.8,24.0,0.013,21.0,24.0,3.44,24.0,-0.085,21.0,24.0,5.8,24.0,-0.066,21.0,24.0,3.44
352,4402.7222,184,10.722,False,30.2,True,26.14,23.999,0.146,3.054603,1.404587,1.060033,0.436486,447.3436,262.2,0.08,0.244368,0.800917,24.0,-0.146,21.0,24.0,7.65,24.0,-0.081,21.0,24.0,5.8,24.0,0.005,21.0,24.0,3.44,24.0,-0.084,21.0,24.0,5.8,24.0,-0.064,21.0,24.0,3.44
353,4402.9167,184,10.917,False,30.4,True,26.14,23.999,0.145,3.064542,1.414526,1.069971,0.003333,450.4081,260.7,0.08,0.245163,0.798926,24.0,-0.145,21.0,24.0,7.65,24.0,-0.079,21.0,24.0,5.8,24.0,-0.003,21.0,24.0,3.44,24.0,-0.082,21.0,24.0,5.8,24.0,-0.063,21.0,24.0,3.44
354,4403.0833,184,11.083,False,30.6,True,26.14,23.999,0.144,3.07482,1.424804,1.08025,0.003333,453.4829,259.6,0.08,0.245986,0.798223,24.0,-0.144,21.0,24.0,7.65,24.0,-0.077,21.0,24.0,5.8,24.0,-0.011,21.0,24.0,3.44,24.0,-0.08,21.0,24.0,5.8,24.0,-0.061,21.0,24.0,3.44
355,4403.1667,184,11.167,False,30.68,True,13.76,23.999,0.146,2.929644,1.371295,1.026741,0.003333,456.4126,259.1,0.08,0.234371,0.759071,24.0,-0.146,21.0,24.0,4.03,24.0,-0.08,21.0,24.0,3.05,24.0,-0.024,21.0,24.0,1.81,24.0,-0.083,21.0,24.0,3.05,24.0,-0.064,21.0,24.0,1.81
356,4403.3333,184,11.333,False,30.77,True,13.76,23.999,0.146,2.927675,1.369326,1.024772,0.003333,459.3402,258.2,0.08,0.234214,0.755926,24.0,-0.146,21.0,24.0,4.03,24.0,-0.081,21.0,24.0,3.05,24.0,-0.034,21.0,24.0,1.81,24.0,-0.084,21.0,24.0,3.05,24.0,-0.065,21.0,24.0,1.81
357,4403.5,184,11.5,False,30.85,True,13.76,23.999,0.146,2.927586,1.369237,1.024683,0.43647,462.2678,257.6,0.08,0.234207,0.754146,24.0,-0.146,21.0,24.0,4.03,24.0,-0.081,21.0,24.0,3.05,24.0,-0.041,21.0,24.0,1.81,24.0,-0.085,21.0,24.0,3.05,24.0,-0.066,21.0,24.0,1.81
358,4403.75,184,11.75,False,30.93,True,13.76,23.999,0.146,2.930231,1.371882,1.027328,0.003333,465.1981,257.0,0.08,0.234418,0.753069,24.0,-0.146,21.0,24.0,4.03,24.0,-0.081,21.0,24.0,3.05,24.0,-0.043,21.0,24.0,1.81,24.0,-0.084,21.0,24.0,3.05,24.0,-0.066,21.0,24.0,1.81
359,4403.9167,184,11.917,False,31.02,True,13.76,23.999,0.146,2.933517,1.375168,1.030614,0.003333,468.1316,256.9,0.08,0.234681,0.75362,24.0,-0.146,21.0,24.0,4.03,24.0,-0.08,21.0,24.0,3.05,24.0,-0.044,21.0,24.0,1.81,24.0,-0.084,21.0,24.0,3.05,24.0,-0.065,21.0,24.0,1.81
360,4404.0556,184,12.056,False,31.1,True,13.76,23.999,0.146,2.937319,1.378971,1.034417,0.003333,471.0689,257.0,0.08,0.234986,0.754891,24.0,-0.146,21.0,24.0,4.03,24.0,-0.08,21.0,24.0,3.05,24.0,-0.045,21.0,24.0,1.81,24.0,-0.084,21.0,24.0,3.05,24.0,-0.065,21.0,24.0,1.81
361,4404.2222,184,12.222,False,31.2,True,26.14,23.999,0.143,3.08906,1.439044,1.09449,0.003333,474.158,257.4,0.08,0.247125,0.795124,24.0,-0.143,21.0,24.0,7.65,24.0,-0.076,21.0,24.0,5.8,24.0,-0.042,21.0,24.0,3.44,24.0,-0.08,21.0,24.0,5.8,24.0,-0.062,21.0,24.0,3.44
362,4404.375,184,12.375,False,31.3,True,26.14,23.999,0.143,3.095469,1.445453,1.100899,0.4365,477.2534,258.0,0.08,0.247637,0.798631,24.0,-0.143,21.0,24.0,7.65,24.0,-0.074,21.0,24.0,5.8,24.0,-0.041,21.0,24.0,3.44,24.0,-0.078,21.0,24.0,5.8,24.0,-0.06,21.0,24.0,3.44
363,4404.5417,184,12.542,False,31.4,True,26.14,23.999,0.143,3.1004,1.450384,1.10583,0.003333,480.3538,259.0,0.08,0.248032,0.803004,24.0,-0.143,21.0,24.0,7.65,24.0,-0.072,21.0,24.0,5.8,24.0,-0.04,21.0,24.0,3.44,24.0,-0.077,21.0,24.0,5.8,24.0,-0.059,21.0,24.0,3.44
364,4404.7222,184,12.722,False,31.5,True,26.14,23.999,0.143,3.104278,1.454262,1.109708,0.003333,483.4581,260.4,0.08,0.248342,0.808354,24.0,-0.143,21.0,24.0,7.65,24.0,-0.071,21.0,24.0,5.8,24.0,-0.04,21.0,24.0,3.44,24.0,-0.076,21.0,24.0,5.8,24.0,-0.059,21.0,24.0,3.44
365,4404.8889,184,12.889,False,31.6,True,26.14,23.999,0.143,3.107628,1.457611,1.113057,0.003333,486.5657,262.1,0.08,0.24861,0.814509,24.0,-0.143,21.0,24.0,7.65,24.0,-0.07,21.0,24.0,5.8,24.0,-0.04,21.0,24.0,3.44,24.0,-0.076,21.0,24.0,5.8,24.0,-0.058,21.0,24.0,3.44
366,4405.0833,184,13.083,False,31.7,True,26.14,23.999,0.144,3.111174,1.461158,1.116604,0.003333,489.6769,264.6,0.08,0.248894,0.823217,24.0,-0.144,21.0,24.0,7.65,24.0,-0.069,21.0,24.0,5.8,24.0,-0.04,21.0,24.0,3.44,24.0,-0.075,21.0,24.0,5.8,24.0,-0.058,21.0,24.0,3.44
367,4405.1667,184,13.167,False,31.6,True,26.14,23.998,0.145,3.10668,1.456664,1.11211,0.003333,492.7836,265.9,0.08,0.248534,0.826066,24.0,-0.145,21.0,24.0,7.65,24.0,-0.069,21.0,24.0,5.8,24.0,-0.04,21.0,24.0,3.44,24.0,-0.075,21.0,24.0,5.8,24.0,-0.058,21.0,24.0,3.44
368,4405.3333,184,13.333,False,31.5,True,26.14,23.998,0.146,3.104376,1.45436,1.109806,0.436445,495.888,268.7,0.08,0.24835,0.834146,24.0,-0.146,21.0,24.0,7.65,24.0,-0.066,21.0,24.0,5.8,24.0,-0.038,21.0,24.0,3.44,24.0,-0.073,21.0,24.0,5.8,24.0,-0.056,21.0,24.0,3.44
369,4405.5,184,13.5,False,31.4,True,26.14,23.998,0.147,3.100141,1.450125,1.105571,0.003333,498.9881,271.9,0.08,0.248011,0.842928,24.0,-0.147,21.0,24.0,7.65,24.0,-0.065,21.0,24.0,5.8,24.0,-0.038,21.0,24.0,3.44,24.0,-0.072,21.0,24.0,5.8,24.0,-0.055,21.0,24.0,3.44
370,4405.6667,184,13.667,False,31.3,True,26.14,23.998,0.148,3.093405,1.443389,1.098835,0.003333,502.0815,275.7,0.08,0.247472,0.852852,24.0,-0.148,21.0,24.0,7.65,24.0,-0.066,21.0,24.0,5.8,24.0,-0.039,21.0,24.0,3.44,24.0,-0.073,21.0,24.0,5.8,24.0,-0.056,21.0,24.0,3.44
371,4405.9167,184,13.917,False,31.2,True,26.14,23.999,0.149,3.086461,1.436445,1.091891,0.003333,505.168,282.3,0.08,0.246917,0.871308,24.0,-0.149,21.0,24.0,7.65,24.0,-0.067,21.0,24.0,5.8,24.0,-0.04,21.0,24.0,3.44,24.0,-0.074,21.0,24.0,5.8,24.0,-0.054,21.0,24.0,3.44
372,4406.0833,184,14.083,False,31.1,True,26.14,23.999,0.15,3.080562,1.430546,1.085992,0.003333,508.2485,287.4,0.08,0.246445,0.885354,24.0,-0.15,21.0,24.0,7.65,24.0,-0.069,21.0,24.0,5.8,24.0,-0.042,21.0,24.0,3.44,24.0,-0.076,21.0,24.0,5.8,24.0,-0.051,21.0,24.0,3.44
373,4406.2222,184,14.222,False,31.02,True,26.14,23.999,0.151,3.077615,1.427599,1.083045,0.003333,511.3261,292.0,0.08,0.246209,0.898664,24.0,-0.151,21.0,24.0,7.65,24.0,-0.068,21.0,24.0,5.8,24.0,-0.042,21.0,24.0,3.44,24.0,-0.075,21.0,24.0,5.8,24.0,-0.048,21.0,24.0,3.44
374,4406.3889,184,14.389,False,30.93,True,26.14,23.999,0.151,3.07335,1.423334,1.07878,0.436457,514.3995,298.1,0.08,0.245868,0.916166,24.0,-0.151,21.0,24.0,7.65,24.0,-0.07,21.0,24.0,5.8,24.0,-0.043,21.0,24.0,3.44,24.0,-0.077,21.0,24.0,5.8,24.0,-0.047,21.0,24.0,3.44
375,4406.5556,184,14.556,False,30.85,True,26.14,23.999,0.152,3.068446,1.41843,1.073876,0.003333,517.4679,304.8,0.08,0.245476,0.935262,24.0,-0.152,21.0,24.0,7.65,24.0,-0.071,21.0,24.0,5.8,24.0,-0.045,21.0,24.0,3.44,24.0,-0.078,21.0,24.0,5.8,24.0,-0.046,21.0,24.0,3.44
376,4406.7083,184,14.708,False,30.77,True,26.14,23.999,0.152,3.061119,1.411103,1.066549,0.003333,520.5291,311.5,0.08,0.24489,0.953539,24.0,-0.152,21.0,24.0,7.65,24.0,-0.074,21.0,24.0,5.8,24.0,-0.048,21.0,24.0,3.44,24.0,-0.081,21.0,24.0,5.8,24.0,-0.048,21.0,24.0,3.44
377,4406.875,184,14.875,False,30.68,True,26.14,23.999,0.152,3.052617,1.402601,1.058047,0.003333,523.5817,319.3,0.08,0.244209,0.974701,24.0,-0.152,21.0,24.0,7.65,24.0,-0.078,21.0,24.0,5.8,24.0,-0.051,21.0,24.0,3.44,24.0,-0.083,21.0,24.0,5.8,24.0,-0.053,21.0,24.0,3.44
378,4407.0417,184,15.042,False,30.6,True,26.14,23.999,0.152,3.043117,1.393101,1.048546,0.003333,526.6248,327.7,0.08,0.243449,0.997229,24.0,-0.152,21.0,24.0,7.65,24.0,-0.082,21.0,24.0,5.8,24.0,-0.055,21.0,24.0,3.44,24.0,-0.086,21.0,24.0,5.8,24.0,-0.058,21.0,24.0,3.44
379,4407.2083,184,15.208,False,30.13,True,26.14,23.999,0.152,3.02063,1.370614,1.02606,0.003333,529.6454,336.7,0.08,0.24165,1.017046,24.0,-0.152,21.0,24.0,7.65,24.0,-0.087,21.0,24.0,5.8,24.0,-0.059,21.0,24.0,3.44,24.0,-0.09,21.0,24.0,5.8,24.0,-0.064,21.0,24.0,3.44
380,4407.375,184,15.375,False,29.67,True,26.14,23.999,0.151,2.99813,1.348114,1.00356,0.003333,532.6436,346.2,0.08,0.23985,1.037953,24.0,-0.151,21.0,24.0,7.65,24.0,-0.092,21.0,24.0,5.8,24.0,-0.063,21.0,24.0,3.44,24.0,-0.094,21.0,24.0,5.8,24.0,-0.07,21.0,24.0,3.44
381,4407.5333,184,15.533,False,29.2,True,26.14,24.0,0.15,2.974699,1.324683,0.980129,0.436486,535.6183,355.7,0.08,0.237976,1.0581,24.0,-0.15,21.0,24.0,7.65,24.0,-0.097,21.0,24.0,5.8,24.0,-0.068,21.0,24.0,3.44,24.0,-0.098,21.0,24.0,5.8,24.0,-0.08,21.0,24.0,3.44
382,4407.7,184,15.7,False,28.73,True,26.14,24.0,0.148,2.956203,1.306187,0.961633,0.003333,538.5745,366.2,0.08,0.236496,1.082562,24.0,-0.148,21.0,24.0,7.65,24.0,-0.099,21.0,24.0,5.8,24.0,-0.069,21.0,24.0,3.44,24.0,-0.099,21.0,24.0,5.8,24.0,-0.081,21.0,24.0,3.44
383,4407.875,184,15.875,False,28.27,True,26.14,24.0,0.147,2.938937,1.288921,0.944367,0.003333,541.5134,377.6,0.08,0.235115,1.109743,24.0,-0.147,21.0,24.0,7.65,24.0,-0.1,21.0,24.0,5.8,24.0,-0.07,21.0,24.0,3.44,24.0,-0.1,21.0,24.0,5.8,24.0,-0.082,21.0,24.0,3.44
384,4408.0417,184,16.042,False,27.8,True,26.14,23.999,0.146,2.922041,1.272025,0.92747,0.003333,544.4354,388.9,0.34,0.993494,1.136382,24.0,-0.146,21.0,24.0,7.65,24.0,-0.102,21.0,24.0,5.8,24.0,-0.072,21.0,24.0,3.44,24.0,-0.101,21.0,24.0,5.8,24.0,-0.082,21.0,24.0,3.44
385,4408.2083,184,16.208,False,27.05,True,8.25,24.0,0.163,2.002461,1.085786,0.741232,0.003333,546.4379,400.5,0.34,0.680837,0.801986,24.0,-0.163,21.0,24.0,2.42,24.0,-0.121,21.0,24.0,1.83,24.0,-0.091,21.0,24.0,1.09,24.0,-0.121,21.0,24.0,1.83,24.0,-0.099,21.0,24.0,1.09
386,4408.3889,184,16.389,False,26.3,True,8.25,24.0,0.168,1.952494,1.035819,0.691265,0.003333,548.3904,413.2,0.34,0.663848,0.806771,24.0,-0.168,21.0,24.0,2.42,24.0,-0.129,21.0,24.0,1.83,24.0,-0.1,21.0,24.0,1.09,24.0,-0.128,21.0,24.0,1.83,24.0,-0.106,21.0,24.0,1.09
387,4408.5556,184,16.556,False,25.55,True,8.25,24.0,0.173,1.911178,0.994503,0.649949,0.436448,550.3016,425.2,0.34,0.649801,0.812633,24.0,-0.173,21.0,24.0,2.42,24.0,-0.137,21.0,24.0,1.83,24.0,-0.108,21.0,24.0,1.09,24.0,-0.135,21.0,24.0,1.83,24.0,-0.113,21.0,24.0,1.09
388,4408.7222,184,16.722,False,24.8,True,8.25,24.0,0.178,1.871921,0.955245,0.610691,0.003333,552.1735,437.2,0.34,0.636453,0.818404,24.0,-0.178,21.0,24.0,2.42,24.0,-0.145,21.0,24.0,1.83,24.0,-0.117,21.0,24.0,1.09,24.0,-0.143,21.0,24.0,1.83,24.0,-0.12,21.0,24.0,1.09
389,4408.8889,184,16.889,False,24.05,True,8.25,24.0,0.182,1.834604,0.917929,0.573375,0.003333,554.0081,449.1,0.34,0.623766,0.823921,24.0,-0.182,21.0,24.0,2.42,24.0,-0.152,21.0,24.0,1.83,24.0,-0.125,21.0,24.0,1.09,24.0,-0.15,21.0,24.0,1.83,24.0,-0.127,21.0,24.0,1.09
390,4409.0556,184,17.056,False,23.3,True,8.25,24.0,0.187,1.799089,0.882413,0.537859,0.003333,555.8072,460.9,0.34,0.61169,0.8292,24.0,-0.187,21.0,24.0,2.42,24.0,-0.16,21.0,24.0,1.83,24.0,-0.133,21.0,24.0,1.09,24.0,-0.157,21.0,24.0,1.83,24.0,-0.134,21.0,24.0,1.09
391,4409.2222,184,17.222,False,23.48,True,2.75,24.0,0.197,1.480375,0.838702,0.494148,0.003333,557.2876,472.5,0.34,0.503328,0.699477,24.0,-0.197,21.0,24.0,0.81,24.0,-0.17,21.0,24.0,0.61,24.0,-0.144,21.0,24.0,0.36,24.0,-0.166,21.0,24.0,0.61,24.0,-0.142,21.0,24.0,0.36
392,4409.3889,184,17.389,False,23.67,True,2.75,24.0,0.2,1.477411,0.835738,0.491184,0.003333,558.765,483.6,0.34,0.50232,0.714476,24.0,-0.2,21.0,24.0,0.81,24.0,-0.173,21.0,24.0,0.61,24.0,-0.148,21.0,24.0,0.36,24.0,-0.169,21.0,24.0,0.61,24.0,-0.145,21.0,24.0,0.36
393,4409.5833,184,17.583,False,23.85,True,2.75,24.0,0.201,1.480096,0.838423,0.493869,0.003333,560.2451,496.1,0.34,0.503233,0.734276,24.0,-0.201,21.0,24.0,0.81,24.0,-0.175,21.0,24.0,0.61,24.0,-0.151,21.0,24.0,0.36,24.0,-0.17,21.0,24.0,0.61,24.0,-0.142,21.0,24.0,0.36
394,4409.75,184,17.75,False,24.03,True,2.75,24.0,0.201,1.483048,0.841375,0.496821,0.436434,561.7281,506.2,0.34,0.504236,0.750719,24.0,-0.201,21.0,24.0,0.81,24.0,-0.176,21.0,24.0,0.61,24.0,-0.152,21.0,24.0,0.36,24.0,-0.17,21.0,24.0,0.61,24.0,-0.144,21.0,24.0,0.36
395,4409.9167,184,17.917,False,24.22,True,2.75,24.0,0.2,1.485409,0.843736,0.499182,0.003333,563.2135,515.6,0.34,0.505039,0.765877,24.0,-0.2,21.0,24.0,0.81,24.0,-0.176,21.0,24.0,0.61,24.0,-0.154,21.0,24.0,0.36,24.0,-0.171,21.0,24.0,0.61,24.0,-0.149,21.0,24.0,0.36
396,4410.0833,184,18.083,False,24.4,True,2.75,24.0,0.199,1.489572,0.847899,0.503345,0.003333,564.7031,524.2,0.34,0.506454,0.780833,24.0,-0.199,21.0,24.0,0.81,24.0,-0.176,21.0,24.0,0.61,24.0,-0.154,21.0,24.0,0.36,24.0,-0.17,21.0,24.0,0.61,24.0,-0.151,21.0,24.0,0.36
397,4410.25,184,18.25,False,24.5,True,2.75,24.0,0.197,1.491107,0.849434,0.50488,0.003333,566.1942,532.0,0.34,0.506976,0.793269,24.0,-0.197,21.0,24.0,0.81,24.0,-0.175,21.0,24.0,0.61,24.0,-0.154,21.0,24.0,0.36,24.0,-0.17,21.0,24.0,0.61,24.0,-0.152,21.0,24.0,0.36
398,4410.4167,184,18.417,False,24.6,True,2.75,24.0,0.195,1.492711,0.851038,0.506484,0.003333,567.6869,538.9,0.34,0.507522,0.804422,24.0,-0.195,21.0,24.0,0.81,24.0,-0.175,21.0,24.0,0.61,24.0,-0.154,21.0,24.0,0.36,24.0,-0.169,21.0,24.0,0.61,24.0,-0.154,21.0,24.0,0.36
399,4410.5833,184,18.583,False,24.7,True,2.75,24.0,0.193,1.494662,0.852989,0.508435,0.003333,569.1816,544.9,0.34,0.508185,0.814441,24.0,-0.193,21.0,24.0,0.81,24.0,-0.174,21.0,24.0,0.61,24.0,-0.154,21.0,24.0,0.36,24.0,-0.169,21.0,24.0,0.61,24.0,-0.155,21.0,24.0,0.36
400,4410.75,184,18.75,False,24.8,True,2.75,24.0,0.191,1.497426,0.855753,0.511199,0.003333,570.679,549.8,0.34,0.509125,0.823285,24.0,-0.191,21.0,24.0,0.81,24.0,-0.173,21.0,24.0,0.61,24.0,-0.153,21.0,24.0,0.36,24.0,-0.168,21.0,24.0,0.61,24.0,-0.156,21.0,24.0,0.36
401,4410.9167,184,18.917,False,24.9,True,2.75,24.0,0.189,1.500546,0.858873,0.514319,0.003333,572.1795,553.7,0.34,0.510186,0.830852,24.0,-0.189,21.0,24.0,0.81,24.0,-0.172,21.0,24.0,0.61,24.0,-0.152,21.0,24.0,0.36,24.0,-0.166,21.0,24.0,0.61,24.0,-0.156,21.0,24.0,0.36
402,4411.0833,184,19.083,False,25.0,True,2.75,24.0,0.187,1.503891,0.862218,0.517664,0.436427,573.6834,556.5,0.34,0.511323,0.836916,24.0,-0.187,21.0,24.0,0.81,24.0,-0.17,21.0,24.0,0.61,24.0,-0.151,21.0,24.0,0.36,24.0,-0.165,21.0,24.0,0.61,24.0,-0.156,21.0,24.0,0.36
403,4411.25,184,19.25,False,24.9,True,1.38,24.0,0.0,1.395175,0.84517,0.500615,0.003333,575.0786,558.3,0.34,0.474359,0.778926,24.0,-0.188,21.0,24.0,0.4,24.0,-0.173,21.0,24.0,0.31,24.0,-0.154,21.0,24.0,0.18,24.0,-0.168,21.0,24.0,0.31,24.0,-0.16,21.0,24.0,0.18
404,4411.4167,184,19.417,False,24.8,True,1.38,24.0,0.0,1.386655,0.836649,0.492095,0.003333,576.4653,559.0,0.34,0.471463,0.77514,24.0,-0.188,21.0,24.0,0.4,24.0,-0.174,21.0,24.0,0.31,24.0,-0.156,21.0,24.0,0.18,24.0,-0.169,21.0,24.0,0.31,24.0,-0.163,21.0,24.0,0.18
405,4411.5833,184,19.583,False,24.7,True,1.38,24.0,0.0,1.378229,0.828223,0.483669,0.003333,577.8435,558.6,0.34,0.468598,0.769879,24.0,-0.188,21.0,24.0,0.4,24.0,-0.176,21.0,24.0,0.31,24.0,-0.158,21.0,24.0,0.18,24.0,-0.171,21.0,24.0,0.31,24.0,-0.166,21.0,24.0,0.18
406,4411.75,184,19.75,False,24.6,True,1.38,24.0,0.0,1.37097,0.820964,0.47641,0.003333,579.2145,557.3,0.34,0.46613,0.764041,24.0,-0.188,21.0,24.0,0.4,24.0,-0.177,21.0,24.0,0.31,24.0,-0.16,21.0,24.0,0.18,24.0,-0.173,21.0,24.0,0.31,24.0,-0.168,21.0,24.0,0.18
407,4411.9167,184,19.917,False,24.5,True,1.38,24.0,0.0,1.364117,0.814111,0.469557,0.003333,580.5786,555.0,0.34,0.4638,0.757085,24.0,-0.189,21.0,24.0,0.4,24.0,-0.178,21.0,24.0,0.31,24.0,-0.161,21.0,24.0,0.18,24.0,-0.174,21.0,24.0,0.31,24.0,-0.17,21.0,24.0,0.18
408,4412.0833,184,20.083,False,24.4,True,1.38,24.0,0.0,1.357423,0.807418,0.462864,0.003333,581.936,551.8,0.34,0.461524,0.749026,24.0,-0.19,21.0,24.0,0.4,24.0,-0.18,21.0,24.0,0.31,24.0,-0.163,21.0,24.0,0.18,24.0,-0.175,21.0,24.0,0.31,24.0,-0.171,21.0,24.0,0.18
409,4412.1667,184,20.167,False,24.5,True,1.38,24.0,0.0,1.359073,0.809068,0.464514,0.003333,583.2951,549.9,0.34,0.462085,0.747354,24.0,-0.19,21.0,24.0,0.4,24.0,-0.18,21.0,24.0,0.31,24.0,-0.164,21.0,24.0,0.18,24.0,-0.175,21.0,24.0,0.31,24.0,-0.172,21.0,24.0,0.18
410,4412.3333,184,20.333,False,24.6,True,1.38,24.0,0.0,1.360919,0.810913,0.466359,0.436394,584.656,545.5,0.34,0.462712,0.742381,24.0,-0.191,21.0,24.0,0.4,24.0,-0.18,21.0,24.0,0.31,24.0,-0.164,21.0,24.0,0.18,24.0,-0.175,21.0,24.0,0.31,24.0,-0.172,21.0,24.0,0.18
411,4412.5,184,20.5,False,24.7,True,1.38,24.0,0.0,1.363392,0.813387,0.468833,0.003333,586.0194,540.4,0.34,0.463553,0.736777,24.0,-0.191,21.0,24.0,0.4,24.0,-0.179,21.0,24.0,0.31,24.0,-0.165,21.0,24.0,0.18,24.0,-0.175,21.0,24.0,0.31,24.0,-0.173,21.0,24.0,0.18
412,4412.6667,184,20.667,False,24.8,True,1.38,24.0,0.0,1.366214,0.816208,0.471654,0.003333,587.3856,534.7,0.34,0.464513,0.730515,24.0,-0.191,21.0,24.0,0.4,24.0,-0.179,21.0,24.0,0.31,24.0,-0.165,21.0,24.0,0.18,24.0,-0.175,21.0,24.0,0.31,24.0,-0.172,21.0,24.0,0.18
413,4412.8333,184,20.833,False,24.9,True,1.38,24.0,0.0,1.369315,0.819309,0.474755,0.003333,588.7549,528.4,0.34,0.465567,0.723546,24.0,-0.191,21.0,24.0,0.4,24.0,-0.178,21.0,24.0,0.31,24.0,-0.164,21.0,24.0,0.18,24.0,-0.174,21.0,24.0,0.31,24.0,-0.172,21.0,24.0,0.18
414,4413.0,184,21.0,False,25.0,True,1.38,24.0,0.0,1.372643,0.822638,0.478084,0.003333,590.1276,521.8,0.08,0.109811,0.716245,24.0,-0.19,21.0,24.0,0.4,24.0,-0.177,21.0,24.0,0.31,24.0,-0.164,21.0,24.0,0.18,24.0,-0.174,21.0,24.0,0.31,24.0,-0.172,21.0,24.0,0.18
415,4413.2083,184,21.208,False,25.0,True,1.38,24.705,0.0,0.458338,0.0,0.0,0.003333,590.5859,512.9,0.08,0.036667,0.235081,24.52,-0.11,15.6,26.7,0.4,24.69,-0.076,15.6,26.7,0.31,24.82,-0.042,15.6,26.7,0.18,24.7,-0.07,15.6,26.7,0.31,24.79,-0.053,15.6,26.7,0.18
416,4413.4167,184,21.417,False,25.0,True,1.38,25.293,0.0,0.458338,0.0,0.0,0.003333,591.0442,503.8,0.08,0.036667,0.230911,25.01,-0.008,15.6,26.7,0.4,25.27,0.044,15.6,26.7,0.31,25.47,0.095,15.6,26.7,0.18,25.3,0.053,15.6,26.7,0.31,25.43,0.081,15.6,26.7,0.18
417,4413.5,184,21.5,False,25.0,True,1.38,25.562,0.0,0.458338,0.0,0.0,0.003333,591.5026,500.0,0.08,0.036667,0.229169,25.25,0.05,15.6,26.7,0.4,25.54,0.106,15.6,26.7,0.31,25.75,0.164,15.6,26.7,0.18,25.57,0.117,15.6,26.7,0.31,25.7,0.148,15.6,26.7,0.18
418,4413.6667,184,21.667,False,25.0,True,1.38,25.66,0.0,0.458338,0.0,0.0,0.003333,591.9609,492.5,0.08,0.036667,0.225731,25.35,0.081,15.6,26.7,0.4,25.63,0.138,15.6,26.7,0.31,25.85,0.2,15.6,26.7,0.18,25.67,0.15,15.6,26.7,0.31,25.8,0.183,15.6,26.7,0.18
419,4413.8333,184,21.833,False,25.0,True,1.38,25.724,0.0,0.458338,0.0,0.0,0.003333,592.4192,485.0,0.08,0.036667,0.222294,25.4,0.104,15.6,26.7,0.4,25.69,0.162,15.6,26.7,0.31,25.92,0.228,15.6,26.7,0.18,25.73,0.174,15.6,26.7,0.31,25.87,0.211,15.6,26.7,0.18
420,4414.0,184,22.0,False,25.0,True,1.38,25.77,0.0,0.458338,0.0,0.0,0.436414,592.8776,477.6,0.08,0.036667,0.218902,25.45,0.123,15.6,26.7,0.4,25.74,0.181,15.6,26.7,0.31,25.97,0.251,15.6,26.7,0.18,25.78,0.194,15.6,26.7,0.31,25.92,0.233,15.6,26.7,0.18
421,4414.1667,184,22.167,False,25.1,True,1.38,25.803,0.0,0.412504,0.0,0.0,0.003333,593.2901,470.3,0.08,0.033,0.194001,25.48,0.137,15.6,26.7,0.4,25.77,0.197,15.6,26.7,0.31,26.01,0.27,15.6,26.7,0.18,25.81,0.21,15.6,26.7,0.31,25.95,0.252,15.6,26.7,0.18
422,4414.3333,184,22.333,False,25.2,True,1.38,25.835,0.0,0.412504,0.0,0.0,0.003333,593.7026,463.2,0.08,0.033,0.191072,25.5,0.152,15.6,26.7,0.4,25.8,0.212,15.6,26.7,0.31,26.05,0.288,15.6,26.7,0.18,25.84,0.226,15.6,26.7,0.31,25.99,0.27,15.6,26.7,0.18
423,4414.5,184,22.5,False,25.3,True,1.38,25.866,0.0,0.412504,0.0,0.0,0.003333,594.1151,456.4,0.08,0.033,0.188267,25.53,0.166,15.6,26.7,0.4,25.83,0.227,15.6,26.7,0.31,26.08,0.306,15.6,26.7,0.18,25.87,0.242,15.6,26.7,0.31,26.02,0.288,15.6,26.7,0.18
424,4414.6667,184,22.667,False,25.4,True,1.38,25.895,0.0,0.412504,0.0,0.0,0.003333,594.5276,449.8,0.08,0.033,0.185544,25.55,0.18,15.6,26.7,0.4,25.85,0.242,15.6,26.7,0.31,26.11,0.323,15.6,26.7,0.18,25.9,0.257,15.6,26.7,0.31,26.05,0.304,15.6,26.7,0.18
425,4414.8333,184,22.833,False,25.5,True,1.38,25.921,0.0,0.412504,0.0,0.0,0.003333,594.9401,443.6,0.08,0.033,0.182987,25.58,0.193,15.6,26.7,0.4,25.88,0.256,15.6,26.7,0.31,26.14,0.339,15.6,26.7,0.18,25.93,0.271,15.6,26.7,0.31,26.08,0.32,15.6,26.7,0.18
426,4415.0,184,23.0,False,25.6,True,1.38,25.946,0.0,0.412504,0.0,0.0,0.003333,595.3526,437.7,0.08,0.033,0.180553,25.6,0.207,15.6,26.7,0.4,25.9,0.269,15.6,26.7,0.31,26.17,0.354,15.6,26.7,0.18,25.95,0.285,15.6,26.7,0.31,26.11,0.336,15.6,26.7,0.18
427,4415.1667,184,23.167,False,25.4,False,0.0,25.875,0.0,0.320836,0.0,0.0,0.003333,595.6734,432.2,0.08,0.025667,0.138666,25.53,0.202,15.6,26.7,0.0,25.83,0.264,15.6,26.7,0.0,26.1,0.351,15.6,26.7,0.0,25.88,0.28,15.6,26.7,0.0,26.04,0.333,15.6,26.7,0.0
428,4415.3333,184,23.333,False,25.2,False,0.0,25.845,0.0,0.320836,0.0,0.0,0.003333,595.9943,427.0,0.08,0.025667,0.136997,25.49,0.201,15.6,26.7,0.0,25.8,0.264,15.6,26.7,0.0,26.07,0.353,15.6,26.7,0.0,25.85,0.28,15.6,26.7,0.0,26.02,0.334,15.6,26.7,0.0
429,4415.5,184,23.5,False,25.0,False,0.0,25.827,0.0,0.320836,0.0,0.0,0.436403,596.3151,422.2,0.08,0.025667,0.135457,25.47,0.201,15.6,26.7,0.0,25.78,0.265,15.6,26.7,0.0,26.06,0.356,15.6,26.7,0.0,25.83,0.282,15.6,26.7,0.0,26.0,0.337,15.6,26.7,0.0
430,4415.6667,184,23.667,False,24.8,False,0.0,25.811,0.0,0.320836,0.0,0.0,0.003333,596.636,417.7,0.08,0.025667,0.134013,25.45,0.202,15.6,26.7,0.0,25.76,0.265,15.6,26.7,0.0,26.04,0.358,15.6,26.7,0.0,25.82,0.283,15.6,26.7,0.0,25.99,0.339,15.6,26.7,0.0
431,4415.8333,184,23.833,False,24.6,False,0.0,25.795,0.0,0.320836,0.0,0.0,0.003333,596.9568,413.6,0.08,0.025667,0.132698,25.43,0.202,15.6,26.7,0.0,25.74,0.265,15.6,26.7,0.0,26.03,0.359,15.6,26.7,0.0,25.8,0.283,15.6,26.7,0.0,25.97,0.34,15.6,26.7,0.0
432,4416.0,184,24.0,False,24.4,False,0.0,25.778,0.0,0.320836,0.0,0.0,0.003333,597.2776,409.8,0.08,0.025667,0.131479,25.41,0.201,15.6,26.7,0.0,25.72,0.264,15.6,26.7,0.0,26.01,0.358,15.6,26.7,0.0,25.79,0.283,15.6,26.7,0.0,25.95,0.34,15.6,26.7,0.0
433,4416.1667,185,0.167,False,24.4,False,0.0,25.771,0.0,0.320836,0.0,0.0,0.003333,597.5985,378.0,0.08,0.025667,0.121276,25.41,0.201,15.6,26.7,0.0,25.71,0.265,15.6,26.7,0.0,26.01,0.36,15.6,26.7,0.0,25.78,0.285,15.6,26.7,0.0,25.95,0.342,15.6,26.7,0.0
434,4416.3333,185,0.333,False,24.4,False,0.0,25.767,0.0,0.320836,0.0,0.0,0.003333,597.9193,378.5,0.08,0.025667,0.121437,25.4,0.202,15.6,26.7,0.0,25.71,0.267,15.6,26.7,0.0,26.0,0.363,15.6,26.7,0.0,25.77,0.287,15.6,26.7,0.0,25.94,0.344,15.6,26.7,0.0
435,4416.5,185,0.5,False,24.4,False,0.0,25.763,0.0,0.320836,0.0,0.0,0.003333,598.2401,378.9,0.08,0.025667,0.121565,25.4,0.203,15.6,26.7,0.0,25.71,0.268,15.6,26.7,0.0,26.0,0.365,15.6,26.7,0.0,25.77,0.288,15.6,26.7,0.0,25.94,0.346,15.6,26.7,0.0
436,4416.6667,185,0.667,False,24.4,False,0.0,25.76,0.0,0.320836,0.0,0.0,0.003333,598.561,379.3,0.08,0.025667,0.121693,25.4,0.205,15.6,26.7,0.0,25.7,0.27,15.6,26.7,0.0,26.0,0.367,15.6,26.7,0.0,25.77,0.29,15.6,26.7,0.0,25.94,0.348,15.6,26.7,0.0
437,4416.8333,185,0.833,False,24.4,False,0.0,25.758,0.0,0.320836,0.0,0.0,0.003333,598.8818,379.4,0.08,0.025667,0.121725,25.39,0.206,15.6,26.7,0.0,25.7,0.272,15.6,26.7,0.0,25.99,0.368,15.6,26.7,0.0,25.77,0.292,15.6,26.7,0.0,25.93,0.35,15.6,26.7,0.0
438,4417.0,185,1.0,False,24.4,False,0.0,25.755,0.0,0.320836,0.0,0.0,0.43639,599.2026,379.5,0.08,0.025667,0.121757,25.39,0.207,15.6,26.7,0.0,25.7,0.273,15.6,26.7,0.0,25.99,0.37,15.6,26.7,0.0,25.76,0.294,15.6,26.7,0.0,25.93,0.352,15.6,26.7,0.0
439,4417.1667,185,1.167,False,24.5,False,0.0,25.756,0.0,0.320836,0.0,0.0,0.003333,599.5235,379.4,0.08,0.025667,0.121725,25.39,0.208,15.6,26.7,0.0,25.7,0.275,15.6,26.7,0.0,25.99,0.372,15.6,26.7,0.0,25.76,0.296,15.6,26.7,0.0,25.93,0.354,15.6,26.7,0.0
440,4417.3333,185,1.333,False,24.6,False,0.0,25.759,0.0,0.320836,0.0,0.0,0.003333,599.8443,379.3,0.08,0.025667,0.121693,25.4,0.21,15.6,26.7,0.0,25.7,0.277,15.6,26.7,0.0,25.99,0.375,15.6,26.7,0.0,25.77,0.298,15.6,26.7,0.0,25.93,0.356,15.6,26.7,0.0
441,4417.5,185,1.5,False,24.7,False,0.0,25.762,0.0,0.320836,0.0,0.0,0.003333,600.1652,378.9,0.08,0.025667,0.121565,25.41,0.212,15.6,26.7,0.0,25.7,0.28,15.6,26.7,0.0,26.0,0.377,15.6,26.7,0.0,25.77,0.301,15.6,26.7,0.0,25.94,0.359,15.6,26.7,0.0
442,4417.6667,185,1.667,False,24.8,False,0.0,25.766,0.0,0.320836,0.0,0.0,0.003333,600.486,378.5,0.08,0.025667,0.121437,25.41,0.215,15.6,26.7,0.0,25.7,0.282,15.6,26.7,0.0,26.0,0.38,15.6,26.7,0.0,25.77,0.303,15.6,26.7,0.0,25.94,0.361,15.6,26.7,0.0
443,4417.8333,185,1.833,False,24.9,False,0.0,25.769,0.0,0.320836,0.0,0.0,0.003333,600.8068,378.0,0.08,0.025667,0.121276,25.42,0.218,15.6,26.7,0.0,25.71,0.285,15.6,26.7,0.0,26.0,0.383,15.6,26.7,0.0,25.78,0.306,15.6,26.7,0.0,25.94,0.364,15.6,26.7,0.0
444,4418.0,185,2.0,False,25.0,False,0.0,25.773,0.0,0.320836,0.0,0.0,0.003333,601.1277,377.3,0.08,0.025667,0.121052,25.42,0.221,15.6,26.7,0.0,25.71,0.288,15.6,26.7,0.0,26.01,0.386,15.6,26.7,0.0,25.78,0.309,15.6,26.7,0.0,25.95,0.367,15.6,26.7,0.0
445,4418.1667,185,2.167,False,25.1,False,0.0,25.778,0.0,0.320836,0.0,0.0,0.003333,601.4485,376.5,0.08,0.025667,0.120795,25.43,0.224,15.6,26.7,0.0,25.72,0.291,15.6,26.7,0.0,26.01,0.389,15.6,26.7,0.0,25.78,0.312,15.6,26.7,0.0,25.95,0.37,15.6,26.7,0.0
446,4418.3333,185,2.333,False,25.2,False,0.0,25.782,0.0,0.320836,0.0,0.0,0.003333,601.7693,375.6,0.08,0.025667,0.120506,25.44,0.227,15.6,26.7,0.0,25.72,0.294,15.6,26.7,0.0,26.01,0.392,15.6,26.7,0.0,25.79,0.315,15.6,26.7,0.0,25.95,0.373,15.6,26.7,0.0
447,4418.5,185,2.5,False,25.3,False,0.0,25.787,0.0,0.320836,0.0,0.0,0.003333,602.0902,374.6,0.08,0.025667,0.120185,25.45,0.23,15.6,26.7,0.0,25.72,0.297,15.6,26.7,0.0,26.02,0.395,15.6,26.7,0.0,25.79,0.318,15.6,26.7,0.0,25.96,0.376,15.6,26.7,0.0
448,4418.6667,185,2.667,False,25.4,False,0.0,25.791,0.0,0.320836,0.0,0.0,0.436405,602.411,373.4,0.08,0.025667,0.1198,25.45,0.233,15.6,26.7,0.0,25.73,0.3,15.6,26.7,0.0,26.02,0.397,15.6,26.7,0.0,25.8,0.321,15.6,26.7,0.0,25.96,0.379,15.6,26.7,0.0
449,4418.8333,185,2.833,False,25.5,False,0.0,25.796,0.0,0.320836,0.0,0.0,0.003333,602.7318,372.2,0.08,0.025667,0.119415,25.46,0.235,15.6,26.7,0.0,25.73,0.303,15.6,26.7,0.0,26.02,0.4,15.6,26.7,0.0,25.8,0.324,15.6,26.7,0.0,25.96,0.382,15.6,26.7,0.0
450,4419.0,185,3.0,False,25.6,False,0.0,25.801,0.0,0.320836,0.0,0.0,0.003333,603.0527,370.8,0.08,0.025667,0.118966,25.47,0.238,15.6,26.7,0.0,25.74,0.306,15.6,26.7,0.0,26.03,0.403,15.6,26.7,0.0,25.8,0.326,15.6,26.7,0.0,25.97,0.385,15.6,26.7,0.0
451,4419.1667,185,3.167,False,25.68,False,0.0,25.805,0.0,0.320836,0.0,0.0,0.003333,603.3735,369.4,0.08,0.025667,0.118517,25.47,0.241,15.6,26.7,0.0,25.74,0.309,15.6,26.7,0.0,26.03,0.405,15.6,26.7,0.0,25.81,0.329,15.6,26.7,0.0,25.97,0.387,15.6,26.7,0.0
452,4419.3333,185,3.333,False,25.77,False,0.0,25.809,0.0,0.320836,0.0,0.0,0.003333,603.6944,367.8,0.08,0.025667,0.118004,25.48,0.243,15.6,26.7,0.0,25.75,0.312,15.6,26.7,0.0,26.03,0.408,15.6,26.7,0.0,25.81,0.332,15.6,26.7,0.0,25.97,0.39,15.6,26.7,0.0
453,4419.5,185,3.5,False,25.85,False,0.0,25.813,0.0,0.320836,0.0,0.0,0.003333,604.0152,366.1,0.08,0.025667,0.117458,25.48,0.246,15.6,26.7,0.0,25.75,0.315,15.6,26.7,0.0,26.04,0.411,15.6,26.7,0.0,25.81,0.335,15.6,26.7,0.0,25.98,0.393,15.6,26.7,0.0
454,4419.6667,185,3.667,False,25.93,False,0.0,25.817,0.0,0.320836,0.0,0.0,0.003333,604.336,364.4,0.08,0.025667,0.116913,25.49,0.249,15.6,26.7,0.0,25.75,0.318,15.6,26.7,0.0,26.04,0.414,15.6,26.7,0.0,25.82,0.338,15.6,26.7,0.0,25.98,0.396,15.6,26.7,0.0
455,4419.8333,185,3.833,False,26.02,False,0.0,25.82,0.0,0.320836,0.0,0.0,0.003333,604.6569,362.5,0.08,0.025667,0.116303,25.5,0.252,15.6,26.7,0.0,25.76,0.321,15.6,26.7,0.0,26.04,0.416,15.6,26.7,0.0,25.82,0.341,15.6,26.7,0.0,25.98,0.398,15.6,26.7,0.0
456,4420.0,185,4.0,False,26.1,False,0.0,25.824,0.0,0.320836,0.0,0.0,0.003333,604.9777,360.5,0.08,0.025667,0.115662,25.5,0.255,15.6,26.7,0.0,25.76,0.324,15.6,26.7,0.0,26.04,0.419,15.6,26.7,0.0,25.83,0.344,15.6,26.7,0.0,25.99,0.401,15.6,26.7,0.0
457,4420.1667,185,4.167,False,25.92,False,0.0,25.817,0.0,0.320836,0.0,0.0,0.436396,605.2985,358.5,0.08,0.025667,0.11502,25.49,0.256,15.6,26.7,0.0,25.76,0.325,15.6,26.7,0.0,26.04,0.42,15.6,26.7,0.0,25.82,0.344,15.6,26.7,0.0,25.98,0.402,15.6,26.7,0.0
458,4420.3333,185,4.333,False,25.73,False,0.0,25.806,0.0,0.320836,0.0,0.0,0.003333,605.6194,356.4,0.08,0.025667,0.114346,25.48,0.256,15.6,26.7,0.0,25.74,0.325,15.6,26.7,0.0,26.02,0.419,15.6,26.7,0.0,25.81,0.344,15.6,26.7,0.0,25.97,0.402,15.6,26.7,0.0
459,4420.5,185,4.5,False,25.55,False,0.0,25.792,0.0,0.320836,0.0,0.0,0.003333,605.9402,354.2,0.08,0.025667,0.11364,25.47,0.256,15.6,26.7,0.0,25.73,0.324,15.6,26.7,0.0,26.01,0.419,15.6,26.7,0.0,25.8,0.344,15.6,26.7,0.0,25.95,0.401,15.6,26.7,0.0
460,4420.6667,185,4.667,False,25.37,False,0.0,25.778,0.0,0.320836,0.0,0.0,0.003333,606.261,351.9,0.08,0.025667,0.112902,25.46,0.255,15.6,26.7,0.0,25.72,0.323,15.6,26.7,0.0,25.99,0.417,15.6,26.7,0.0,25.78,0.343,15.6,26.7,0.0,25.94,0.4,15.6,26.7,0.0
461,4420.8333,185,4.833,False,25.18,False,0.0,25.762,0.0,0.320836,0.0,0.0,0.003333,606.5819,349.5,0.08,0.025667,0.112132,25.44,0.254,15.6,26.7,0.0,25.7,0.321,15.6,26.7,0.0,25.98,0.415,15.6,26.7,0.0,25.77,0.341,15.6,26.7,0.0,25.92,0.398,15.6,26.7,0.0
462,4421.0,185,5.0,False,25.0,False,0.0,25.745,0.0,0.320836,0.0,0.0,0.003333,606.9027,347.1,0.08,0.025667,0.111362,25.42,0.252,15.6,26.7,0.0,25.69,0.32,15.6,26.7,0.0,25.96,0.413,15.6,26.7,0.0,25.75,0.339,15.6,26.7,0.0,25.91,0.396,15.6,26.7,0.0
463,4421.1667,185,5.167,False,24.9,False,0.0,25.729,0.0,0.320836,0.0,0.0,0.003333,607.2236,344.6,0.08,0.025667,0.11056,25.41,0.25,15.6,26.7,0.0,25.67,0.317,15.6,26.7,0.0,25.94,0.41,15.6,26.7,0.0,25.73,0.337,15.6,26.7,0.0,25.89,0.393,15.6,26.7,0.0
464,4421.3333,185,5.333,False,24.8,False,0.0,25.713,0.0,0.320836,0.0,0.0,0.003333,607.5444,342.1,0.08,0.025667,0.109758,25.4,0.248,15.6,26.7,0.0,25.65,0.314,15.6,26.7,0.0,25.93,0.407,15.6,26.7,0.0,25.72,0.334,15.6,26.7,0.0,25.87,0.39,15.6,26.7,0.0
465,4421.5,185,5.5,False,24.7,False,0.0,25.696,0.0,0.320836,0.0,0.0,0.003333,607.8652,339.5,0.08,0.025667,0.108924,25.38,0.245,15.6,26.7,0.0,25.64,0.31,15.6,26.7,0.0,25.91,0.403,15.6,26.7,0.0,25.7,0.331,15.6,26.7,0.0,25.85,0.386,15.6,26.7,0.0
466,4421.6667,185,5.667,False,24.6,False,0.0,25.678,0.0,0.320836,0.0,0.0,0.003333,608.1861,336.9,0.08,0.025667,0.10809,25.37,0.242,15.6,26.7,0.0,25.62,0.306,15.6,26.7,0.0,25.89,0.399,15.6,26.7,0.0,25.68,0.327,15.6,26.7,0.0,25.83,0.382,15.6,26.7,0.0
467,4421.8333,185,5.833,False,24.5,False,0.0,25.666,0.0,0.320836,0.0,0.0,0.436413,608.5069,334.2,0.08,0.025667,0.107224,25.35,0.239,15.6,26.7,0.0,25.6,0.304,15.6,26.7,0.0,25.88,0.398,15.6,26.7,0.0,25.67,0.326,15.6,26.7,0.0,25.82,0.379,15.6,26.7,0.0
468,4422.0,185,6.0,False,24.4,False,0.0,25.653,0.0,0.320836,0.0,0.0,0.003333,608.8277,331.5,0.08,0.025667,0.106357,25.34,0.236,15.6,26.7,0.0,25.59,0.302,15.6,26.7,0.0,25.87,0.395,15.6,26.7,0.0,25.66,0.323,15.6,26.7,0.0,25.81,0.376,15.6,26.7,0.0
469,4422.1667,185,6.167,False,24.5,False,0.0,25.653,0.0,0.320836,0.0,0.0,0.003333,609.1486,328.8,0.08,0.025667,0.105491,25.34,0.234,15.6,26.7,0.0,25.59,0.303,15.6,26.7,0.0,25.87,0.396,15.6,26.7,0.0,25.66,0.324,15.6,26.7,0.0,25.81,0.377,15.6,26.7,0.0
470,4422.3333,185,6.333,False,24.6,False,0.0,25.658,0.0,0.320836,0.0,0.0,0.003333,609.4694,326.0,0.08,0.025667,0.104593,25.34,0.234,15.6,26.7,0.0,25.6,0.306,15.6,26.7,0.0,25.87,0.398,15.6,26.7,0.0,25.67,0.326,15.6,26.7,0.0,25.81,0.379,15.6,26.7,0.0
471,4422.5,185,6.5,False,24.7,False,0.0,25.666,0.0,0.320836,0.0,0.0,0.003333,609.7903,323.2,0.08,0.025667,0.103694,25.34,0.234,15.6,26.7,0.0,25.61,0.309,15.6,26.7,0.0,25.88,0.401,15.6,26.7,0.0,25.68,0.329,15.6,26.7,0.0,25.82,0.381,15.6,26.7,0.0
472,4422.6667,185,6.667,False,24.8,False,0.0,25.688,0.0,0.320836,0.0,0.0,0.003333,610.1111,320.4,0.08,0.025667,0.102796,25.34,0.235,15.6,26.7,0.0,25.63,0.317,15.6,26.7,0.0,25.93,0.418,15.6,26.7,0.0,25.7,0.338,15.6,26.7,0.0,25.84,0.388,15.6,26.7,0.0
473,4422.8333,185,6.833,False,24.9,False,0.0,25.72,0.0,0.320836,0.0,0.0,0.003333,610.4319,317.6,0.08,0.025667,0.101898,25.35,0.236,15.6,26.7,0.0,25.66,0.326,15.6,26.7,0.0,26.0,0.443,15.6,26.7,0.0,25.73,0.35,15.6,26.7,0.0,25.86,0.395,15.6,26.7,0.0
474,4423.0833,185,7.083,False,25.0,False,0.0,25.757,0.0,0.320836,0.0,0.0,0.003333,610.7528,313.3,0.08,0.025667,0.100518,25.35,0.238,15.6,26.7,0.0,25.69,0.337,15.6,26.7,0.0,26.09,0.477,15.6,26.7,0.0,25.77,0.365,15.6,26.7,0.0,25.88,0.404,15.6,26.7,0.0
475,4423.25,185,7.25,False,25.1,False,0.0,25.804,0.0,0.320836,0.0,0.0,0.003333,611.0736,310.5,0.08,0.025667,0.09962,25.36,0.24,15.6,26.7,0.0,25.72,0.348,15.6,26.7,0.0,26.21,0.513,15.6,26.7,0.0,25.82,0.379,15.6,26.7,0.0,25.91,0.413,15.6,26.7,0.0
476,4423.3889,185,7.389,False,25.2,False,0.0,25.848,0.0,0.320836,0.0,0.0,0.436415,611.3944,308.2,0.08,0.025667,0.098882,25.37,0.243,15.6,26.7,0.0,25.75,0.359,15.6,26.7,0.0,26.33,0.549,15.6,26.7,0.0,25.86,0.392,15.6,26.7,0.0,25.94,0.422,15.6,26.7,0.0
477,4423.5556,185,7.556,False,25.3,False,0.0,25.897,0.0,0.320836,0.0,0.0,0.003333,611.7153,305.4,0.08,0.025667,0.097983,25.38,0.247,15.6,26.7,0.0,25.79,0.371,15.6,26.7,0.0,26.46,0.589,15.6,26.7,0.0,25.9,0.404,15.6,26.7,0.0,25.97,0.432,15.6,26.7,0.0
478,4423.7222,185,7.722,False,25.4,False,0.0,25.934,0.0,0.320836,0.0,0.0,0.003333,612.0361,302.6,0.08,0.025667,0.097085,25.39,0.25,15.6,26.7,0.0,25.82,0.382,15.6,26.7,0.0,26.54,0.61,15.6,26.7,0.0,25.92,0.411,15.6,26.7,0.0,25.99,0.441,15.6,26.7,0.0
479,4423.8889,185,7.889,False,25.5,False,0.0,25.959,0.0,0.320836,0.0,0.0,0.003333,612.3569,299.8,0.08,0.025667,0.096187,25.4,0.253,15.6,26.7,0.0,25.85,0.391,15.6,26.7,0.0,26.58,0.621,15.6,26.7,0.0,25.94,0.416,15.6,26.7,0.0,26.02,0.448,15.6,26.7,0.0
480,4424.0833,185,8.083,False,25.6,False,0.0,25.972,0.0,0.320836,0.0,0.0,0.003333,612.6778,296.6,0.08,0.025667,0.09516,25.41,0.256,15.6,26.7,0.0,25.88,0.4,15.6,26.7,0.0,26.58,0.618,15.6,26.7,0.0,25.95,0.419,15.6,26.7,0.0,26.04,0.455,15.6,26.7,0.0
481,4424.25,185,8.25,False,25.68,False,0.0,25.982,0.0,0.320836,0.0,0.0,0.003333,612.9986,294.0,0.08,0.025667,0.094326,25.42,0.259,15.6,26.7,0.0,25.91,0.408,15.6,26.7,0.0,26.56,0.614,15.6,26.7,0.0,25.96,0.423,15.6,26.7,0.0,26.06,0.462,15.6,26.7,0.0
482,4424.4167,185,8.417,False,25.77,False,0.0,25.992,0.0,0.320836,0.0,0.0,0.003333,613.3195,291.3,0.08,0.025667,0.09346,25.43,0.262,15.6,26.7,0.0,25.93,0.416,15.6,26.7,0.0,26.55,0.609,15.6,26.7,0.0,25.97,0.427,15.6,26.7,0.0,26.08,0.469,15.6,26.7,0.0
483,4424.5,185,8.5,False,25.85,False,0.0,25.999,0.0,0.320836,0.0,0.0,0.003333,613.6403,290.0,0.08,0.025667,0.093043,25.44,0.265,15.6,26.7,0.0,25.96,0.425,15.6,26.7,0.0,26.5,0.595,15.6,26.7,0.0,25.99,0.433,15.6,26.7,0.0,26.11,0.477,15.6,26.7,0.0
484,4424.6667,185,8.667,False,25.93,False,0.0,26.015,0.0,0.320836,0.0,0.0,0.003333,613.9611,287.4,0.08,0.025667,0.092208,25.44,0.267,15.6,26.7,0.0,25.99,0.435,15.6,26.7,0.0,26.49,0.594,15.6,26.7,0.0,26.01,0.44,15.6,26.7,0.0,26.14,0.486,15.6,26.7,0.0
485,4424.9167,185,8.917,False,26.02,False,0.0,26.031,0.0,0.320836,0.0,0.0,0.436406,614.282,283.7,0.08,0.025667,0.091021,25.45,0.269,15.6,26.7,0.0,26.02,0.445,15.6,26.7,0.0,26.5,0.598,15.6,26.7,0.0,26.03,0.447,15.6,26.7,0.0,26.16,0.495,15.6,26.7,0.0
486,4425.0833,185,9.083,False,26.1,False,0.0,26.055,0.0,0.320836,0.0,0.0,0.003333,614.6028,281.3,0.08,0.025667,0.090251,25.46,0.271,15.6,26.7,0.0,26.06,0.456,15.6,26.7,0.0,26.51,0.603,15.6,26.7,0.0,26.06,0.455,15.6,26.7,0.0,26.19,0.505,15.6,26.7,0.0
487,4425.25,185,9.25,False,26.1,False,0.0,26.078,0.0,0.320836,0.0,0.0,0.003333,614.9236,278.9,0.08,0.025667,0.089481,25.46,0.273,15.6,26.7,0.0,26.09,0.466,15.6,26.7,0.0,26.53,0.609,15.6,26.7,0.0,26.08,0.463,15.6,26.7,0.0,26.22,0.514,15.6,26.7,0.0
488,4425.4167,185,9.417,False,26.1,False,0.0,26.1,0.0,0.320836,0.0,0.0,0.003333,615.2445,276.6,0.08,0.025667,0.088743,25.47,0.273,15.6,26.7,0.0,26.12,0.477,15.6,26.7,0.0,26.55,0.615,15.6,26.7,0.0,26.11,0.47,15.6,26.7,0.0,26.25,0.523,15.6,26.7,0.0
489,4425.5833,185,9.583,False,26.1,False,0.0,26.123,0.0,0.320836,0.0,0.0,0.003333,615.5653,274.4,0.08,0.025667,0.088038,25.47,0.274,15.6,26.7,0.0,26.16,0.487,15.6,26.7,0.0,26.57,0.621,15.6,26.7,0.0,26.13,0.478,15.6,26.7,0.0,26.28,0.531,15.6,26.7,0.0
490,4425.75,185,9.75,False,26.1,False,0.0,26.145,0.0,0.320836,0.0,0.0,0.003333,615.8861,272.3,0.08,0.025667,0.087364,25.47,0.274,15.6,26.7,0.0,26.19,0.496,15.6,26.7,0.0,26.59,0.626,15.6,26.7,0.0,26.15,0.484,15.6,26.7,0.0,26.31,0.539,15.6,26.7,0.0
491,4425.9167,185,9.917,False,26.1,False,0.0,26.167,0.0,0.320836,0.0,0.0,0.003333,616.207,270.3,0.08,0.025667,0.086722,25.48,0.273,15.6,26.7,0.0,26.22,0.504,15.6,26.7,0.0,26.61,0.632,15.6,26.7,0.0,26.18,0.49,15.6,26.7,0.0,26.34,0.546,15.6,26.7,0.0
492,4426.0833,185,10.083,False,26.1,False,0.0,26.189,0.0,0.320836,0.0,0.0,0.003333,616.5278,268.4,0.08,0.025667,0.086113,25.48,0.272,15.6,26.7,0.0,26.25,0.513,15.6,26.7,0.0,26.64,0.637,15.6,26.7,0.0,26.2,0.496,15.6,26.7,0.0,26.37,0.553,15.6,26.7,0.0
493,4426.25,185,10.25,False,26.2,False,0.0,26.214,0.0,0.320836,0.0,0.0,0.003333,616.8487,266.6,0.08,0.025667,0.085535,25.49,0.272,15.6,26.7,0.0,26.29,0.522,15.6,26.7,0.0,26.66,0.643,15.6,26.7,0.0,26.23,0.503,15.6,26.7,0.0,26.4,0.561,15.6,26.7,0.0
494,4426.4167,185,10.417,False,26.3,False,0.0,26.241,0.0,0.320836,0.0,0.0,0.003333,617.1695,264.9,0.08,0.025667,0.08499,25.5,0.274,15.6,26.7,0.0,26.33,0.532,15.6,26.7,0.0,26.69,0.649,15.6,26.7,0.0,26.26,0.511,15.6,26.7,0.0,26.43,0.57,15.6,26.7,0.0
495,4426.5833,185,10.583,False,26.4,False,0.0,26.269,0.0,0.320836,0.0,0.0,0.436411,617.4903,263.4,0.08,0.025667,0.084508,25.51,0.275,15.6,26.7,0.0,26.36,0.542,15.6,26.7,0.0,26.72,0.656,15.6,26.7,0.0,26.29,0.519,15.6,26.7,0.0,26.47,0.579,15.6,26.7,0.0
496,4426.75,185,10.75,False,26.5,False,0.0,26.298,0.0,0.320836,0.0,0.0,0.003333,617.8112,262.0,0.08,0.025667,0.084059,25.52,0.277,15.6,26.7,0.0,26.4,0.552,15.6,26.7,0.0,26.75,0.665,15.6,26.7,0.0,26.32,0.527,15.6,26.7,0.0,26.5,0.588,15.6,26.7,0.0
497,4426.9167,185,10.917,False,26.6,False,0.0,26.323,0.0,0.320836,0.0,0.0,0.003333,618.132,260.7,0.08,0.025667,0.083642,25.53,0.28,15.6,26.7,0.0,26.43,0.56,15.6,26.7,0.0,26.78,0.674,15.6,26.7,0.0,26.34,0.533,15.6,26.7,0.0,26.53,0.595,15.6,26.7,0.0
498,4427.0833,185,11.083,False,26.7,False,0.0,26.347,0.0,0.320836,0.0,0.0,0.003333,618.4528,259.6,0.08,0.025667,0.083289,25.54,0.283,15.6,26.7,0.0,26.46,0.569,15.6,26.7,0.0,26.8,0.681,15.6,26.7,0.0,26.37,0.541,15.6,26.7,0.0,26.55,0.603,15.6,26.7,0.0
499,4427.25,185,11.25,False,26.78,False,0.0,26.37,0.0,0.320836,0.0,0.0,0.003333,618.7737,258.6,0.08,0.025667,0.082968,25.55,0.285,15.6,26.7,0.0,26.49,0.577,15.6,26.7,0.0,26.82,0.685,15.6,26.7,0.0,26.39,0.548,15.6,26.7,0.0,26.58,0.61,15.6,26.7,0.0
500,4427.4167,185,11.417,False,26.87,False,0.0,26.392,0.0,0.320836,0.0,0.0,0.003333,619.0945,257.9,0.08,0.025667,0.082744,25.57,0.287,15.6,26.7,0.0,26.52,0.586,15.6,26.7,0.0,26.84,0.688,15.6,26.7,0.0,26.42,0.554,15.6,26.7,0.0,26.61,0.618,15.6,26.7,0.0
501,4427.5556,185,11.556,False,26.95,False,0.0,26.408,0.0,0.320836,0.0,0.0,0.003333,619.4153,257.4,0.08,0.025667,0.082583,25.58,0.289,15.6,26.7,0.0,26.55,0.592,15.6,26.7,0.0,26.84,0.689,15.6,26.7,0.0,26.44,0.559,15.6,26.7,0.0,26.63,0.623,15.6,26.7,0.0
502,4427.7222,185,11.722,False,27.03,False,0.0,26.424,0.0,0.320836,0.0,0.0,0.003333,619.7362,257.1,0.08,0.025667,0.082487,25.59,0.29,15.6,26.7,0.0,26.57,0.597,15.6,26.7,0.0,26.85,0.69,15.6,26.7,0.0,26.46,0.563,15.6,26.7,0.0,26.65,0.628,15.6,26.7,0.0
503,4427.8889,185,11.889,False,27.12,False,0.0,26.439,0.0,0.320836,0.0,0.0,0.003333,620.057,256.9,0.08,0.025667,0.082423,25.6,0.292,15.6,26.7,0.0,26.59,0.601,15.6,26.7,0.0,26.86,0.692,15.6,26.7,0.0,26.47,0.567,15.6,26.7,0.0,26.67,0.632,15.6,26.7,0.0
504,4428.0833,185,12.083,False,27.2,False,0.0,26.454,0.0,0.320836,0.0,0.0,0.436418,620.3779,257.1,0.08,0.025667,0.082487,25.61,0.293,15.6,26.7,0.0,26.61,0.605,15.6,26.7,0.0,26.87,0.694,15.6,26.7,0.0,26.49,0.57,15.6,26.7,0.0,26.69,0.635,15.6,26.7,0.0
505,4428.25,185,12.25,False,27.38,False,0.0,26.471,0.0,0.320836,0.0,0.0,0.003333,620.6987,257.5,0.08,0.025667,0.082615,25.62,0.295,15.6,26.7,0.0,26.63,0.609,15.6,26.7,0.0,26.89,0.696,15.6,26.7,0.0,26.51,0.573,15.6,26.7,0.0,26.71,0.639,15.6,26.7,0.0
506,4428.4167,185,12.417,False,27.57,False,0.0,26.49,0.0,0.320836,0.0,0.0,0.003333,621.0195,258.3,0.08,0.025667,0.082872,25.64,0.297,15.6,26.7,0.0,26.65,0.614,15.6,26.7,0.0,26.91,0.699,15.6,26.7,0.0,26.53,0.577,15.6,26.7,0.0,26.73,0.643,15.6,26.7,0.0
507,4428.5833,185,12.583,False,27.75,False,0.0,26.501,0.0,0.320836,0.0,0.0,0.003333,621.3404,259.3,0.08,0.025667,0.083193,25.66,0.299,15.6,26.7,0.0,26.66,0.613,15.6,26.7,0.0,26.91,0.698,15.6,26.7,0.0,26.54,0.577,15.6,26.7,0.0,26.74,0.643,15.6,26.7,0.0
508,4428.75,185,12.75,False,27.93,False,0.0,26.525,0.0,0.320836,0.0,0.0,0.003333,621.6612,260.7,0.08,0.025667,0.083642,25.67,0.301,15.6,26.7,0.0,26.69,0.622,15.6,26.7,0.0,26.94,0.705,15.6,26.7,0.0,26.56,0.584,15.6,26.7,0.0,26.77,0.651,15.6,26.7,0.0
509,4428.9167,185,12.917,False,28.12,False,0.0,26.555,0.0,0.320836,0.0,0.0,0.003333,621.982,262.5,0.08,0.025667,0.08422,25.69,0.304,15.6,26.7,0.0,26.72,0.63,15.6,26.7,0.0,26.97,0.711,15.6,26.7,0.0,26.59,0.591,15.6,26.7,0.0,26.8,0.658,15.6,26.7,0.0
510,4429.0833,185,13.083,False,28.3,False,0.0,26.586,0.0,0.320836,0.0,0.0,0.003333,622.3029,264.6,0.08,0.025667,0.084893,25.71,0.306,15.6,26.7,0.0,26.76,0.639,15.6,26.7,0.0,27.0,0.718,15.6,26.7,0.0,26.63,0.598,15.6,26.7,0.0,26.84,0.666,15.6,26.7,0.0
511,4429.25,185,13.25,False,28.4,False,0.0,26.614,0.0,0.320836,0.0,0.0,0.003333,622.6237,267.2,0.08,0.025667,0.085728,25.73,0.308,15.6,26.7,0.0,26.79,0.647,15.6,26.7,0.0,27.03,0.725,15.6,26.7,0.0,26.66,0.605,15.6,26.7,0.0,26.87,0.673,15.6,26.7,0.0
512,4429.4167,185,13.417,False,28.5,False,0.0,26.642,0.0,0.320836,0.0,0.0,0.003333,622.9445,270.2,0.08,0.025667,0.08669,25.74,0.31,15.6,26.7,0.0,26.83,0.656,15.6,26.7,0.0,27.06,0.732,15.6,26.7,0.0,26.69,0.612,15.6,26.7,0.0,26.9,0.681,15.6,26.7,0.0
513,4429.5833,185,13.583,False,28.6,False,0.0,26.67,0.0,0.320836,0.0,0.0,0.436408,623.2654,273.8,0.08,0.025667,0.087845,25.75,0.313,15.6,26.7,0.0,26.86,0.665,15.6,26.7,0.0,27.09,0.74,15.6,26.7,0.0,26.72,0.62,15.6,26.7,0.0,26.93,0.69,15.6,26.7,0.0
514,4429.75,185,13.75,False,28.7,False,0.0,26.699,0.0,0.320836,0.0,0.0,0.003333,623.5862,277.8,0.08,0.025667,0.089128,25.77,0.316,15.6,26.7,0.0,26.9,0.675,15.6,26.7,0.0,27.12,0.748,15.6,26.7,0.0,26.75,0.628,15.6,26.7,0.0,26.97,0.698,15.6,26.7,0.0
515,4429.9167,185,13.917,False,28.8,False,0.0,26.725,0.0,0.320836,0.0,0.0,0.003333,623.9071,282.3,0.08,0.025667,0.090572,25.78,0.319,15.6,26.7,0.0,26.92,0.681,15.6,26.7,0.0,27.14,0.754,15.6,26.7,0.0,26.77,0.633,15.6,26.7,0.0,27.01,0.711,15.6,26.7,0.0
516,4430.0556,185,14.056,False,28.9,False,0.0,26.756,0.0,0.320836,0.0,0.0,0.003333,624.2279,286.5,0.08,0.025667,0.09192,25.8,0.323,15.6,26.7,0.0,26.95,0.689,15.6,26.7,0.0,27.17,0.761,15.6,26.7,0.0,26.79,0.64,15.6,26.7,0.0,27.07,0.732,15.6,26.7,0.0
517,4430.2222,185,14.222,False,29.08,False,0.0,26.814,0.0,0.342489,0.021653,0.0,0.003333,624.5704,292.0,0.08,0.027399,0.100007,25.81,0.328,15.6,26.7,0.0,26.98,0.699,15.6,26.7,0.0,27.28,0.776,15.6,26.7,0.0,26.82,0.649,15.6,26.7,0.0,27.17,0.762,15.6,26.7,0.0
518,4430.3889,185,14.389,False,29.27,False,0.0,26.727,0.0,0.538599,0.217763,0.109492,0.003333,625.109,298.1,0.08,0.043088,0.160557,25.83,0.333,15.6,26.7,0.0,27.02,0.709,15.6,26.7,0.0,26.73,0.677,15.6,26.7,0.0,26.85,0.658,15.6,26.7,0.0,27.2,0.783,15.6,26.7,0.0
519,4430.5556,185,14.556,False,29.45,False,0.0,26.65,0.0,0.563379,0.242543,0.112616,0.003333,625.6724,304.8,0.08,0.04507,0.171718,25.86,0.339,15.6,26.7,0.0,27.06,0.721,15.6,26.7,0.0,26.7,0.648,15.6,26.7,0.0,26.89,0.668,15.6,26.7,0.0,26.75,0.692,15.6,26.7,0.0
520,4430.75,185,14.75,False,29.63,False,0.0,26.724,0.0,0.444881,0.124045,0.059076,0.003333,626.1172,313.4,0.08,0.03559,0.139426,25.88,0.346,15.6,26.7,0.0,27.1,0.732,15.6,26.7,0.0,27.01,0.695,15.6,26.7,0.0,26.92,0.679,15.6,26.7,0.0,26.71,0.674,15.6,26.7,0.0
521,4430.8889,185,14.889,False,29.82,False,0.0,26.885,0.0,0.342489,0.021653,0.0,0.003333,626.4597,320.0,0.08,0.027399,0.109597,25.9,0.353,15.6,26.7,0.0,27.13,0.741,15.6,26.7,0.0,27.28,0.74,15.6,26.7,0.0,26.95,0.687,15.6,26.7,0.0,27.16,0.748,15.6,26.7,0.0
522,4431.0833,185,15.083,False,30.0,False,0.0,26.711,0.0,0.594394,0.273557,0.14363,0.436409,627.0541,329.9,0.08,0.047551,0.19609,25.92,0.361,15.6,26.7,0.0,27.15,0.75,15.6,26.7,0.0,26.76,0.657,15.6,26.7,0.0,26.98,0.696,15.6,26.7,0.0,26.74,0.684,15.6,26.7,0.0
523,4431.25,185,15.25,False,30.0,False,0.0,26.706,0.0,0.559179,0.238342,0.108415,0.003333,627.6133,339.0,0.08,0.044734,0.189562,25.94,0.368,15.6,26.7,0.0,27.18,0.758,15.6,26.7,0.0,26.71,0.627,15.6,26.7,0.0,27.0,0.703,15.6,26.7,0.0,26.71,0.655,15.6,26.7,0.0
524,4431.4167,185,15.417,False,30.0,False,0.0,26.778,0.0,0.442323,0.121487,0.056518,0.003333,628.0556,348.6,0.08,0.035386,0.154194,25.95,0.373,15.6,26.7,0.0,27.19,0.764,15.6,26.7,0.0,27.04,0.676,15.6,26.7,0.0,27.01,0.708,15.6,26.7,0.0,26.7,0.64,15.6,26.7,0.0
525,4431.5556,185,15.556,False,30.0,False,0.0,26.937,0.0,0.363583,0.042747,0.0,0.003333,628.4192,357.1,0.08,0.029087,0.129836,25.97,0.378,15.6,26.7,0.0,27.25,0.771,15.6,26.7,0.0,27.31,0.723,15.6,26.7,0.0,27.02,0.712,15.6,26.7,0.0,27.14,0.698,15.6,26.7,0.0
526,4431.7222,185,15.722,False,30.0,False,0.0,26.633,0.0,0.739145,0.418308,0.225099,0.003333,629.1584,367.6,0.08,0.059132,0.27171,25.98,0.382,15.6,26.7,0.0,26.71,0.673,15.6,26.7,0.0,26.73,0.631,15.6,26.7,0.0,27.03,0.715,15.6,26.7,0.0,26.72,0.634,15.6,26.7,0.0
527,4431.8889,185,15.889,False,30.0,False,0.0,26.625,0.0,0.670846,0.35001,0.156801,0.003333,629.8292,378.5,0.08,0.053668,0.253915,25.99,0.386,15.6,26.7,0.0,26.7,0.646,15.6,26.7,0.0,26.7,0.604,15.6,26.7,0.0,27.03,0.717,15.6,26.7,0.0,26.7,0.614,15.6,26.7,0.0
528,4432.0556,185,16.056,False,30.0,False,0.0,26.732,0.0,0.437011,0.116175,0.051206,0.003333,630.2662,389.8,0.34,0.148584,0.170347,26.0,0.389,15.6,26.7,0.0,26.93,0.676,15.6,26.7,0.0,27.0,0.647,15.6,26.7,0.0,27.03,0.718,15.6,26.7,0.0,26.7,0.603,15.6,26.7,0.0
529,4432.2222,185,16.222,False,29.82,False,0.0,26.908,0.0,0.342489,0.021653,0.0,0.003333,630.6087,401.4,0.34,0.116446,0.137475,26.0,0.39,15.6,26.7,0.0,27.09,0.707,15.6,26.7,0.0,27.29,0.697,15.6,26.7,0.0,27.03,0.717,15.6,26.7,0.0,27.13,0.668,15.6,26.7,0.0
530,4432.3889,185,16.389,False,29.63,False,0.0,26.718,0.0,0.573124,0.252287,0.12236,0.003333,631.1818,413.2,0.34,0.194862,0.236815,26.0,0.39,15.6,26.7,0.0,27.13,0.716,15.6,26.7,0.0,26.73,0.608,15.6,26.7,0.0,27.02,0.715,15.6,26.7,0.0,26.72,0.607,15.6,26.7,0.0
531,4432.5556,185,16.556,False,29.45,False,0.0,26.708,0.0,0.541302,0.220466,0.090539,0.003333,631.7231,425.2,0.34,0.184043,0.230162,26.0,0.39,15.6,26.7,0.0,27.14,0.717,15.6,26.7,0.0,26.7,0.583,15.6,26.7,0.0,27.0,0.711,15.6,26.7,0.0,26.7,0.587,15.6,26.7,0.0
532,4432.75,185,16.75,False,29.27,False,0.0,26.758,0.0,0.432463,0.111627,0.046658,0.436409,632.1556,439.2,0.34,0.147038,0.189938,25.99,0.388,15.6,26.7,0.0,27.13,0.716,15.6,26.7,0.0,26.98,0.623,15.6,26.7,0.0,26.99,0.707,15.6,26.7,0.0,26.7,0.58,15.6,26.7,0.0
533,4432.9167,185,16.917,False,29.08,False,0.0,26.875,0.0,0.320836,0.0,0.0,0.003333,632.4764,451.1,0.34,0.109084,0.144729,25.99,0.386,15.6,26.7,0.0,27.11,0.713,15.6,26.7,0.0,27.16,0.657,15.6,26.7,0.0,26.98,0.703,15.6,26.7,0.0,27.14,0.65,15.6,26.7,0.0
534,4433.0833,185,17.083,False,28.9,False,0.0,26.799,0.0,0.440564,0.119727,0.054759,0.003333,632.917,462.9,0.34,0.149792,0.203937,25.98,0.384,15.6,26.7,0.0,27.1,0.71,15.6,26.7,0.0,27.2,0.671,15.6,26.7,0.0,26.97,0.699,15.6,26.7,0.0,26.75,0.594,15.6,26.7,0.0
535,4433.25,185,17.25,False,28.8,False,0.0,26.698,0.0,0.547612,0.226775,0.096848,0.003333,633.4646,474.4,0.34,0.186188,0.259787,25.98,0.382,15.6,26.7,0.0,27.08,0.706,15.6,26.7,0.0,26.76,0.593,15.6,26.7,0.0,26.96,0.697,15.6,26.7,0.0,26.71,0.576,15.6,26.7,0.0
536,4433.4167,185,17.417,False,28.7,False,0.0,26.682,0.0,0.534156,0.21332,0.083393,0.003333,633.9988,485.5,0.34,0.181613,0.259333,25.98,0.38,15.6,26.7,0.0,27.07,0.701,15.6,26.7,0.0,26.71,0.568,15.6,26.7,0.0,26.96,0.695,15.6,26.7,0.0,26.7,0.569,15.6,26.7,0.0
537,4433.5833,185,17.583,False,28.6,False,0.0,26.766,0.0,0.422253,0.101417,0.036458,0.003333,634.421,496.1,0.34,0.143566,0.20948,25.97,0.378,15.6,26.7,0.0,27.05,0.697,15.6,26.7,0.0,26.7,0.556,15.6,26.7,0.0,26.95,0.694,15.6,26.7,0.0,27.15,0.64,15.6,26.7,0.0
538,4433.75,185,17.75,False,28.5,False,0.0,26.723,0.0,0.438091,0.117254,0.052285,0.003333,634.8591,506.2,0.34,0.148951,0.221762,25.97,0.377,15.6,26.7,0.0,27.03,0.691,15.6,26.7,0.0,26.92,0.587,15.6,26.7,0.0,26.95,0.692,15.6,26.7,0.0,26.75,0.582,15.6,26.7,0.0
539,4433.9167,185,17.917,False,28.4,False,0.0,26.733,0.0,0.428826,0.10799,0.043021,0.003333,635.2879,515.6,0.34,0.145801,0.221103,25.97,0.376,15.6,26.7,0.0,27.0,0.683,15.6,26.7,0.0,27.04,0.612,15.6,26.7,0.0,26.94,0.688,15.6,26.7,0.0,26.71,0.56,15.6,26.7,0.0
540,4434.0833,185,18.083,False,28.3,False,0.0,26.728,0.0,0.426424,0.105587,0.040619,0.003333,635.7143,524.2,0.34,0.144984,0.223531,25.97,0.375,15.6,26.7,0.0,26.98,0.675,15.6,26.7,0.0,27.07,0.62,15.6,26.7,0.0,26.92,0.683,15.6,26.7,0.0,26.7,0.548,15.6,26.7,0.0
541,4434.2222,185,18.222,False,28.3,False,0.0,26.785,0.0,0.320836,0.0,0.0,0.436415,636.0352,530.8,0.34,0.109084,0.1703,25.97,0.374,15.6,26.7,0.0,26.95,0.667,15.6,26.7,0.0,27.07,0.623,15.6,26.7,0.0,26.91,0.677,15.6,26.7,0.0,27.02,0.593,15.6,26.7,0.0
542,4434.3889,185,18.389,False,28.3,False,0.0,26.833,0.0,0.342493,0.021656,0.0,0.003333,636.3777,537.9,0.34,0.116448,0.184227,25.97,0.373,15.6,26.7,0.0,26.92,0.658,15.6,26.7,0.0,27.06,0.622,15.6,26.7,0.0,26.89,0.67,15.6,26.7,0.0,27.32,0.641,15.6,26.7,0.0
543,4434.5556,185,18.556,False,28.3,False,0.0,26.702,0.0,0.440028,0.119192,0.054223,0.003333,636.8177,544.0,0.34,0.14961,0.239375,25.98,0.372,15.6,26.7,0.0,26.89,0.649,15.6,26.7,0.0,27.04,0.62,15.6,26.7,0.0,26.87,0.662,15.6,26.7,0.0,26.73,0.551,15.6,26.7,0.0
544,4434.7222,185,18.722,False,28.3,False,0.0,26.685,0.0,0.422446,0.10161,0.036641,0.003333,637.2402,549.1,0.34,0.143632,0.231965,25.98,0.37,15.6,26.7,0.0,26.87,0.64,15.6,26.7,0.0,27.03,0.618,15.6,26.7,0.0,26.85,0.654,15.6,26.7,0.0,26.7,0.527,15.6,26.7,0.0
545,4434.8889,185,18.889,False,28.3,False,0.0,26.722,0.0,0.320836,0.0,0.0,0.003333,637.561,553.1,0.34,0.109084,0.177455,25.98,0.369,15.6,26.7,0.0,26.84,0.632,15.6,26.7,0.0,27.01,0.615,15.6,26.7,0.0,26.83,0.646,15.6,26.7,0.0,26.94,0.559,15.6,26.7,0.0
546,4435.0556,185,19.056,False,28.3,False,0.0,26.745,0.0,0.320836,0.0,0.0,0.003333,637.8818,556.1,0.34,0.109084,0.178417,25.98,0.367,15.6,26.7,0.0,26.82,0.623,15.6,26.7,0.0,26.99,0.612,15.6,26.7,0.0,26.81,0.639,15.6,26.7,0.0,27.12,0.592,15.6,26.7,0.0
547,4435.2222,185,19.222,False,28.22,False,0.0,26.741,0.0,0.320836,0.0,0.0,0.003333,638.2027,558.1,0.34,0.109084,0.179059,25.98,0.365,15.6,26.7,0.0,26.8,0.615,15.6,26.7,0.0,26.98,0.609,15.6,26.7,0.0,26.79,0.631,15.6,26.7,0.0,27.16,0.601,15.6,26.7,0.0
548,4435.3889,185,19.389,False,28.13,False,0.0,26.723,0.0,0.320836,0.0,0.0,0.003333,638.5235,558.9,0.34,0.109084,0.179315,25.98,0.364,15.6,26.7,0.0,26.77,0.607,15.6,26.7,0.0,26.96,0.605,15.6,26.7,0.0,26.76,0.622,15.6,26.7,0.0,27.14,0.599,15.6,26.7,0.0
549,4435.5556,185,19.556,False,28.05,False,0.0,26.697,0.0,0.320836,0.0,0.0,0.003333,638.8443,558.8,0.34,0.109084,0.179283,25.98,0.363,15.6,26.7,0.0,26.74,0.598,15.6,26.7,0.0,26.93,0.601,15.6,26.7,0.0,26.73,0.61,15.6,26.7,0.0,27.1,0.589,15.6,26.7,0.0
550,4435.7222,185,19.722,False,27.97,False,0.0,26.673,0.0,0.320836,0.0,0.0,0.003333,639.1652,557.6,0.34,0.109084,0.178898,25.97,0.361,15.6,26.7,0.0,26.72,0.592,15.6,26.7,0.0,26.91,0.599,15.6,26.7,0.0,26.7,0.603,15.6,26.7,0.0,27.06,0.585,15.6,26.7,0.0
551,4435.9167,185,19.917,False,27.88,False,0.0,26.652,0.0,0.320836,0.0,0.0,0.43641,639.486,555.0,0.34,0.109084,0.178064,25.97,0.361,15.6,26.7,0.0,26.7,0.587,15.6,26.7,0.0,26.89,0.597,15.6,26.7,0.0,26.68,0.596,15.6,26.7,0.0,27.02,0.582,15.6,26.7,0.0
552,4436.0833,185,20.083,False,27.8,False,0.0,26.635,0.0,0.320836,0.0,0.0,0.003333,639.8068,551.8,0.34,0.109084,0.177038,25.96,0.36,15.6,26.7,0.0,26.68,0.583,15.6,26.7,0.0,26.87,0.596,15.6,26.7,0.0,26.66,0.591,15.6,26.7,0.0,27.0,0.581,15.6,26.7,0.0
553,4436.25,185,20.25,False,27.7,False,0.0,26.619,0.0,0.320836,0.0,0.0,0.003333,640.1277,547.8,0.34,0.109084,0.175754,25.96,0.36,15.6,26.7,0.0,26.66,0.579,15.6,26.7,0.0,26.86,0.595,15.6,26.7,0.0,26.64,0.587,15.6,26.7,0.0,26.97,0.58,15.6,26.7,0.0
554,4436.4167,185,20.417,False,27.6,False,0.0,26.603,0.0,0.320836,0.0,0.0,0.003333,640.4485,543.0,0.34,0.109084,0.174214,25.95,0.36,15.6,26.7,0.0,26.64,0.575,15.6,26.7,0.0,26.84,0.594,15.6,26.7,0.0,26.63,0.583,15.6,26.7,0.0,26.95,0.58,15.6,26.7,0.0
555,4436.5833,185,20.583,False,27.5,False,0.0,26.589,0.0,0.320836,0.0,0.0,0.003333,640.7694,537.6,0.34,0.109084,0.172482,25.95,0.36,15.6,26.7,0.0,26.63,0.572,15.6,26.7,0.0,26.83,0.593,15.6,26.7,0.0,26.61,0.58,15.6,26.7,0.0,26.93,0.581,15.6,26.7,0.0
556,4436.75,185,20.75,False,27.4,False,0.0,26.574,0.0,0.320836,0.0,0.0,0.003333,641.0902,531.6,0.34,0.109084,0.170557,25.94,0.36,15.6,26.7,0.0,26.61,0.568,15.6,26.7,0.0,26.81,0.592,15.6,26.7,0.0,26.6,0.576,15.6,26.7,0.0,26.91,0.581,15.6,26.7,0.0
557,4436.8333,185,20.833,False,27.3,False,0.0,26.558,0.0,0.320836,0.0,0.0,0.003333,641.411,528.4,0.34,0.109084,0.16953,25.93,0.359,15.6,26.7,0.0,26.59,0.565,15.6,26.7,0.0,26.79,0.591,15.6,26.7,0.0,26.58,0.573,15.6,26.7,0.0,26.89,0.581,15.6,26.7,0.0
558,4437.0,185,21.0,False,27.2,False,0.0,26.545,0.0,0.320836,0.0,0.0,0.003333,641.7319,521.8,0.08,0.025667,0.167412,25.93,0.359,15.6,26.7,0.0,26.58,0.562,15.6,26.7,0.0,26.78,0.59,15.6,26.7,0.0,26.57,0.569,15.6,26.7,0.0,26.88,0.581,15.6,26.7,0.0
559,4437.1667,185,21.167,False,27.12,False,0.0,26.532,0.0,0.320836,0.0,0.0,0.003333,642.0527,514.7,0.08,0.025667,0.165135,25.92,0.359,15.6,26.7,0.0,26.56,0.559,15.6,26.7,0.0,26.76,0.589,15.6,26.7,0.0,26.55,0.567,15.6,26.7,0.0,26.86,0.582,15.6,26.7,0.0
560,4437.3333,185,21.333,False,27.03,False,0.0,26.52,0.0,0.320836,0.0,0.0,0.436401,642.3735,507.5,0.08,0.025667,0.162825,25.91,0.358,15.6,26.7,0.0,26.55,0.556,15.6,26.7,0.0,26.75,0.588,15.6,26.7,0.0,26.54,0.564,15.6,26.7,0.0,26.85,0.583,15.6,26.7,0.0
561,4437.5,185,21.5,False,26.95,False,0.0,26.509,0.0,0.320836,0.0,0.0,0.003333,642.6944,500.0,0.08,0.025667,0.160418,25.91,0.357,15.6,26.7,0.0,26.54,0.553,15.6,26.7,0.0,26.74,0.587,15.6,26.7,0.0,26.53,0.561,15.6,26.7,0.0,26.83,0.583,15.6,26.7,0.0
562,4437.6667,185,21.667,False,26.87,False,0.0,26.497,0.0,0.320836,0.0,0.0,0.003333,643.0152,492.5,0.08,0.025667,0.158012,25.9,0.357,15.6,26.7,0.0,26.52,0.55,15.6,26.7,0.0,26.72,0.586,15.6,26.7,0.0,26.52,0.558,15.6,26.7,0.0,26.82,0.584,15.6,26.7,0.0
563,4437.8333,185,21.833,False,26.78,False,0.0,26.486,0.0,0.320836,0.0,0.0,0.003333,643.336,485.0,0.08,0.025667,0.155606,25.9,0.356,15.6,26.7,0.0,26.51,0.547,15.6,26.7,0.0,26.71,0.585,15.6,26.7,0.0,26.51,0.555,15.6,26.7,0.0,26.81,0.584,15.6,26.7,0.0
564,4438.0,185,22.0,False,26.7,False,0.0,26.475,0.0,0.320836,0.0,0.0,0.003333,643.6569,477.6,0.08,0.025667,0.153231,25.89,0.355,15.6,26.7,0.0,26.5,0.544,15.6,26.7,0.0,26.7,0.583,15.6,26.7,0.0,26.5,0.553,15.6,26.7,0.0,26.79,0.584,15.6,26.7,0.0
565,4438.1667,185,22.167,False,26.42,False,0.0,26.453,0.0,0.320836,0.0,0.0,0.003333,643.9777,470.3,0.08,0.025667,0.150889,25.88,0.353,15.6,26.7,0.0,26.47,0.539,15.6,26.7,0.0,26.67,0.579,15.6,26.7,0.0,26.47,0.548,15.6,26.7,0.0,26.77,0.581,15.6,26.7,0.0
566,4438.3333,185,22.333,False,26.13,False,0.0,26.429,0.0,0.320836,0.0,0.0,0.003333,644.2986,463.2,0.08,0.025667,0.148611,25.86,0.35,15.6,26.7,0.0,26.45,0.533,15.6,26.7,0.0,26.65,0.575,15.6,26.7,0.0,26.45,0.542,15.6,26.7,0.0,26.74,0.578,15.6,26.7,0.0
567,4438.5,185,22.5,False,25.85,False,0.0,26.402,0.0,0.320836,0.0,0.0,0.003333,644.6194,456.4,0.08,0.025667,0.14643,25.84,0.346,15.6,26.7,0.0,26.42,0.526,15.6,26.7,0.0,26.62,0.569,15.6,26.7,0.0,26.42,0.536,15.6,26.7,0.0,26.71,0.574,15.6,26.7,0.0
568,4438.6667,185,22.667,False,25.57,False,0.0,26.373,0.0,0.320836,0.0,0.0,0.003333,644.9402,449.8,0.08,0.025667,0.144312,25.81,0.342,15.6,26.7,0.0,26.39,0.519,15.6,26.7,0.0,26.59,0.563,15.6,26.7,0.0,26.4,0.529,15.6,26.7,0.0,26.68,0.569,15.6,26.7,0.0
569,4438.8333,185,22.833,False,25.28,False,0.0,26.343,0.0,0.320836,0.0,0.0,0.436388,645.2611,443.6,0.08,0.025667,0.142323,25.79,0.337,15.6,26.7,0.0,26.35,0.511,15.6,26.7,0.0,26.55,0.556,15.6,26.7,0.0,26.37,0.522,15.6,26.7,0.0,26.65,0.564,15.6,26.7,0.0
570,4439.0,185,23.0,False,25.0,False,0.0,26.312,0.0,0.320836,0.0,0.0,0.003333,645.5819,437.7,0.08,0.025667,0.14043,25.76,0.331,15.6,26.7,0.0,26.32,0.503,15.6,26.7,0.0,26.52,0.549,15.6,26.7,0.0,26.34,0.514,15.6,26.7,0.0,26.62,0.558,15.6,26.7,0.0
571,4439.1667,185,23.167,False,25.0,False,0.0,26.362,0.0,0.412504,0.0,0.0,0.003333,645.9944,432.2,0.08,0.033,0.178284,25.82,0.34,15.6,26.7,0.0,26.37,0.509,15.6,26.7,0.0,26.57,0.556,15.6,26.7,0.0,26.39,0.521,15.6,26.7,0.0,26.67,0.566,15.6,26.7,0.0
572,4439.3333,185,23.333,False,25.0,False,0.0,26.378,0.0,0.412504,0.0,0.0,0.003333,646.4069,427.0,0.08,0.033,0.176139,25.85,0.345,15.6,26.7,0.0,26.38,0.511,15.6,26.7,0.0,26.58,0.558,15.6,26.7,0.0,26.4,0.523,15.6,26.7,0.0,26.68,0.569,15.6,26.7,0.0
573,4439.5,185,23.5,False,25.0,False,0.0,26.382,0.0,0.412504,0.0,0.0,0.003333,646.8194,422.2,0.08,0.033,0.174159,25.86,0.347,15.6,26.7,0.0,26.39,0.51,15.6,26.7,0.0,26.58,0.558,15.6,26.7,0.0,26.41,0.523,15.6,26.7,0.0,26.68,0.57,15.6,26.7,0.0
574,4439.6667,185,23.667,False,25.0,False,0.0,26.383,0.0,0.412504,0.0,0.0,0.003333,647.2319,417.7,0.08,0.033,0.172303,25.87,0.348,15.6,26.7,0.0,26.38,0.509,15.6,26.7,0.0,26.58,0.557,15.6,26.7,0.0,26.41,0.522,15.6,26.7,0.0,26.68,0.57,15.6,26.7,0.0
575,4439.8333,185,23.833,False,25.0,False,0.0,26.381,0.0,0.412504,0.0,0.0,0.003333,647.6444,413.6,0.08,0.033,0.170612,25.87,0.349,15.6,26.7,0.0,26.38,0.508,15.6,26.7,0.0,26.57,0.556,15.6,26.7,0.0,26.41,0.52,15.6,26.7,0.0,26.67,0.57,15.6,26.7,0.0
576,4440.0,185,24.0,False,25.0,False,0.0,26.378,0.0,0.412504,0.0,0.0,0.003333,648.0569,409.8,0.08,0.033,0.169044,25.88,0.349,15.6,26.7,0.0,26.38,0.506,15.6,26.7,0.0,26.57,0.555,15.6,26.7,0.0,26.4,0.519,15.6,26.7,0.0,26.67,0.57,15.6,26.7,0.0
577,4440.1667,186,0.167,False,24.9,False,0.0,26.37,0.0,0.412504,0.0,0.0,0.003333,648.4694,378.0,0.08,0.033,0.155927,25.88,0.348,15.6,26.7,0.0,26.37,0.503,15.6,26.7,0.0,26.56,0.553,15.6,26.7,0.0,26.39,0.516,15.6,26.7,0.0,26.66,0.568,15.6,26.7,0.0
578,4440.3333,186,0.333,False,24.8,False,0.0,26.359,0.0,0.412504,0.0,0.0,0.003333,648.8819,378.5,0.08,0.033,0.156133,25.87,0.347,15.6,26.7,0.0,26.35,0.499,15.6,26.7,0.0,26.54,0.549,15.6,26.7,0.0,26.38,0.512,15.6,26.7,0.0,26.64,0.565,15.6,26.7,0.0
579,4440.5,186,0.5,False,24.7,False,0.0,26.346,0.0,0.412504,0.0,0.0,0.436408,649.2944,378.9,0.08,0.033,0.156298,25.86,0.345,15.6,26.7,0.0,26.34,0.494,15.6,26.7,0.0,26.53,0.545,15.6,26.7,0.0,26.37,0.508,15.6,26.7,0.0,26.63,0.562,15.6,26.7,0.0
580,4440.6667,186,0.667,False,24.6,False,0.0,26.333,0.0,0.412504,0.0,0.0,0.003333,649.7069,379.3,0.08,0.033,0.156463,25.86,0.342,15.6,26.7,0.0,26.32,0.49,15.6,26.7,0.0,26.51,0.541,15.6,26.7,0.0,26.36,0.504,15.6,26.7,0.0,26.61,0.558,15.6,26.7,0.0
581,4440.8333,186,0.833,False,24.5,False,0.0,26.319,0.0,0.412504,0.0,0.0,0.003333,650.1194,379.4,0.08,0.033,0.156504,25.85,0.34,15.6,26.7,0.0,26.31,0.484,15.6,26.7,0.0,26.5,0.536,15.6,26.7,0.0,26.34,0.499,15.6,26.7,0.0,26.6,0.554,15.6,26.7,0.0
582,4441.0,186,1.0,False,24.4,False,0.0,26.304,0.0,0.412504,0.0,0.0,0.003333,650.5319,379.5,0.08,0.033,0.156545,25.84,0.336,15.6,26.7,0.0,26.29,0.479,15.6,26.7,0.0,26.48,0.53,15.6,26.7,0.0,26.33,0.494,15.6,26.7,0.0,26.58,0.549,15.6,26.7,0.0
583,4441.1667,186,1.167,False,24.5,False,0.0,26.299,0.0,0.412504,0.0,0.0,0.003333,650.9445,379.4,0.08,0.033,0.156504,25.84,0.335,15.6,26.7,0.0,26.28,0.475,15.6,26.7,0.0,26.47,0.527,15.6,26.7,0.0,26.32,0.491,15.6,26.7,0.0,26.57,0.547,15.6,26.7,0.0
584,4441.3333,186,1.333,False,24.6,False,0.0,26.297,0.0,0.412504,0.0,0.0,0.003333,651.357,379.3,0.08,0.033,0.156463,25.84,0.334,15.6,26.7,0.0,26.28,0.473,15.6,26.7,0.0,26.47,0.525,15.6,26.7,0.0,26.32,0.488,15.6,26.7,0.0,26.57,0.545,15.6,26.7,0.0
585,4441.5,186,1.5,False,24.7,False,0.0,26.297,0.0,0.412504,0.0,0.0,0.003333,651.7695,378.9,0.08,0.033,0.156298,25.85,0.333,15.6,26.7,0.0,26.28,0.471,15.6,26.7,0.0,26.47,0.523,15.6,26.7,0.0,26.32,0.486,15.6,26.7,0.0,26.57,0.544,15.6,26.7,0.0
586,4441.6667,186,1.667,False,24.8,False,0.0,26.298,0.0,0.412504,0.0,0.0,0.003333,652.182,378.5,0.08,0.033,0.156133,25.86,0.333,15.6,26.7,0.0,26.28,0.469,15.6,26.7,0.0,26.47,0.521,15.6,26.7,0.0,26.32,0.484,15.6,26.7,0.0,26.57,0.542,15.6,26.7,0.0
587,4441.8333,186,1.833,False,24.9,False,0.0,26.299,0.0,0.412504,0.0,0.0,0.003333,652.5945,378.0,0.08,0.033,0.155927,25.86,0.332,15.6,26.7,0.0,26.28,0.467,15.6,26.7,0.0,26.47,0.52,15.6,26.7,0.0,26.32,0.483,15.6,26.7,0.0,26.56,0.541,15.6,26.7,0.0
588,4442.0,186,2.0,False,25.0,False,0.0,26.3,0.0,0.412504,0.0,0.0,0.436399,653.007,377.3,0.08,0.033,0.155638,25.87,0.332,15.6,26.7,0.0,26.28,0.466,15.6,26.7,0.0,26.47,0.518,15.6,26.7,0.0,26.32,0.481,15.6,26.7,0.0,26.56,0.54,15.6,26.7,0.0
589,4442.1667,186,2.167,False,24.9,False,0.0,26.293,0.0,0.412504,0.0,0.0,0.003333,653.4195,376.5,0.08,0.033,0.155308,25.87,0.331,15.6,26.7,0.0,26.27,0.462,15.6,26.7,0.0,26.46,0.515,15.6,26.7,0.0,26.31,0.478,15.6,26.7,0.0,26.55,0.537,15.6,26.7,0.0
590,4442.3333,186,2.333,False,24.8,False,0.0,26.282,0.0,0.412504,0.0,0.0,0.003333,653.832,375.6,0.08,0.033,0.154937,25.86,0.329,15.6,26.7,0.0,26.26,0.458,15.6,26.7,0.0,26.44,0.511,15.6,26.7,0.0,26.3,0.474,15.6,26.7,0.0,26.54,0.534,15.6,26.7,0.0
591,4442.5,186,2.5,False,24.7,False,0.0,26.269,0.0,0.412504,0.0,0.0,0.003333,654.2445,374.6,0.08,0.033,0.154524,25.85,0.326,15.6,26.7,0.0,26.25,0.454,15.6,26.7,0.0,26.43,0.507,15.6,26.7,0.0,26.29,0.47,15.6,26.7,0.0,26.52,0.53,15.6,26.7,0.0
592,4442.6667,186,2.667,False,24.6,False,0.0,26.255,0.0,0.412504,0.0,0.0,0.003333,654.657,373.4,0.08,0.033,0.154029,25.85,0.324,15.6,26.7,0.0,26.23,0.449,15.6,26.7,0.0,26.41,0.502,15.6,26.7,0.0,26.28,0.466,15.6,26.7,0.0,26.51,0.525,15.6,26.7,0.0
593,4442.8333,186,2.833,False,24.5,False,0.0,26.24,0.0,0.412504,0.0,0.0,0.003333,655.0695,372.2,0.08,0.033,0.153534,25.84,0.321,15.6,26.7,0.0,26.22,0.445,15.6,26.7,0.0,26.4,0.498,15.6,26.7,0.0,26.26,0.461,15.6,26.7,0.0,26.49,0.521,15.6,26.7,0.0
594,4443.0,186,3.0,False,24.4,False,0.0,26.225,0.0,0.412504,0.0,0.0,0.003333,655.482,370.8,0.08,0.033,0.152956,25.83,0.318,15.6,26.7,0.0,26.2,0.44,15.6,26.7,0.0,26.38,0.493,15.6,26.7,0.0,26.25,0.456,15.6,26.7,0.0,26.48,0.516,15.6,26.7,0.0
595,4443.1667,186,3.167,False,24.4,False,0.0,26.214,0.0,0.412504,0.0,0.0,0.003333,655.8945,369.4,0.08,0.033,0.152379,25.82,0.315,15.6,26.7,0.0,26.19,0.435,15.6,26.7,0.0,26.37,0.489,15.6,26.7,0.0,26.24,0.452,15.6,26.7,0.0,26.46,0.512,15.6,26.7,0.0
596,4443.3333,186,3.333,False,24.4,False,0.0,26.205,0.0,0.412504,0.0,0.0,0.003333,656.307,367.8,0.08,0.033,0.151719,25.81,0.313,15.6,26.7,0.0,26.18,0.431,15.6,26.7,0.0,26.36,0.485,15.6,26.7,0.0,26.23,0.448,15.6,26.7,0.0,26.45,0.508,15.6,26.7,0.0
597,4443.5,186,3.5,False,24.4,False,0.0,26.196,0.0,0.412504,0.0,0.0,0.436389,656.7195,366.1,0.08,0.033,0.151018,25.81,0.31,15.6,26.7,0.0,26.17,0.427,15.6,26.7,0.0,26.34,0.48,15.6,26.7,0.0,26.22,0.444,15.6,26.7,0.0,26.44,0.504,15.6,26.7,0.0
598,4443.6667,186,3.667,False,24.4,False,0.0,26.187,0.0,0.412504,0.0,0.0,0.003333,657.132,364.4,0.08,0.033,0.150316,25.81,0.308,15.6,26.7,0.0,26.16,0.423,15.6,26.7,0.0,26.33,0.476,15.6,26.7,0.0,26.21,0.44,15.6,26.7,0.0,26.43,0.5,15.6,26.7,0.0
599,4443.8333,186,3.833,False,24.4,False,0.0,26.178,0.0,0.412504,0.0,0.0,0.003333,657.5445,362.5,0.08,0.033,0.149533,25.8,0.305,15.6,26.7,0.0,26.15,0.418,15.6,26.7,0.0,26.32,0.472,15.6,26.7,0.0,26.2,0.436,15.6,26.7,0.0,26.42,0.496,15.6,26.7,0.0
600,4444.0,186,4.0,False,24.4,False,0.0,26.169,0.0,0.412504,0.0,0.0,0.003333,657.957,360.5,0.08,0.033,0.148708,25.8,0.302,15.6,26.7,0.0,26.14,0.414,15.6,26.7,0.0,26.31,0.467,15.6,26.7,0.0,26.19,0.432,15.6,26.7,0.0,26.41,0.491,15.6,26.7,0.0
601,4444.1667,186,4.167,False,24.4,False,0.0,26.171,0.0,0.458338,0.0,0.0,0.003333,658.4154,358.5,0.08,0.036667,0.164314,25.81,0.303,15.6,26.7,0.0,26.14,0.413,15.6,26.7,0.0,26.31,0.465,15.6,26.7,0.0,26.19,0.43,15.6,26.7,0.0,26.41,0.49,15.6,26.7,0.0
602,4444.3333,186,4.333,False,24.4,False,0.0,26.17,0.0,0.458338,0.0,0.0,0.003333,658.8737,356.4,0.08,0.036667,0.163352,25.81,0.302,15.6,26.7,0.0,26.14,0.41,15.6,26.7,0.0,26.31,0.463,15.6,26.7,0.0,26.19,0.428,15.6,26.7,0.0,26.4,0.487,15.6,26.7,0.0
603,4444.5,186,4.5,False,24.4,False,0.0,26.167,0.0,0.458338,0.0,0.0,0.003333,659.332,354.2,0.08,0.036667,0.162343,25.81,0.301,15.6,26.7,0.0,26.13,0.408,15.6,26.7,0.0,26.3,0.46,15.6,26.7,0.0,26.19,0.426,15.6,26.7,0.0,26.4,0.484,15.6,26.7,0.0
604,4444.6667,186,4.667,False,24.4,False,0.0,26.163,0.0,0.458338,0.0,0.0,0.003333,659.7904,351.9,0.08,0.036667,0.161289,25.81,0.3,15.6,26.7,0.0,26.13,0.405,15.6,26.7,0.0,26.3,0.457,15.6,26.7,0.0,26.18,0.423,15.6,26.7,0.0,26.39,0.482,15.6,26.7,0.0
605,4444.8333,186,4.833,False,24.4,False,0.0,26.158,0.0,0.458338,0.0,0.0,0.003333,660.2487,349.5,0.08,0.036667,0.160189,25.81,0.298,15.6,26.7,0.0,26.12,0.402,15.6,26.7,0.0,26.29,0.454,15.6,26.7,0.0,26.18,0.42,15.6,26.7,0.0,26.38,0.478,15.6,26.7,0.0
606,4445.0,186,5.0,False,24.4,False,0.0,26.153,0.0,0.458338,0.0,0.0,0.313418,660.707,347.1,0.08,0.036667,0.159089,25.81,0.297,15.6,26.7,0.0,26.12,0.399,15.6,26.7,0.0,26.29,0.451,15.6,26.7,0.0,26.17,0.417,15.6,26.7,0.0,26.38,0.475,15.6,26.7,0.0
607,4445.25,186,5.25,False,24.32,True,2.75,24.216,0.061,1.676544,1.218206,0.873652,0.126242,662.3836,343.4,0.08,0.134124,0.575725,24.13,-0.006,21.0,24.0,0.81,24.2,0.057,21.0,24.0,0.61,24.28,0.094,21.0,24.0,0.36,24.18,0.061,21.0,24.0,0.61,24.29,0.105,21.0,24.0,0.36
608,4445.3333,186,5.333,False,24.23,True,2.75,24.013,0.093,1.458804,1.000466,0.655912,0.003333,663.8424,342.1,0.08,0.116704,0.499057,24.0,-0.093,21.0,24.0,0.81,24.01,-0.059,21.0,24.0,0.61,24.03,-0.036,21.0,24.0,0.36,24.01,-0.053,21.0,24.0,0.61,24.03,-0.03,21.0,24.0,0.36
609,4445.5,186,5.5,False,24.15,True,2.75,24.002,0.129,1.365219,0.906881,0.562327,0.003333,665.2076,339.5,0.08,0.109217,0.463492,24.0,-0.129,21.0,24.0,0.81,24.0,-0.104,21.0,24.0,0.61,24.01,-0.086,21.0,24.0,0.36,24.0,-0.098,21.0,24.0,0.61,24.01,-0.082,21.0,24.0,0.36
610,4445.6667,186,5.667,False,24.07,True,2.75,24.0,0.159,1.308119,0.849781,0.505227,0.003333,666.5157,336.9,0.08,0.10465,0.440705,24.0,-0.159,21.0,24.0,0.81,24.0,-0.139,21.0,24.0,0.61,24.0,-0.123,21.0,24.0,0.36,24.0,-0.133,21.0,24.0,0.61,24.0,-0.12,21.0,24.0,0.36
611,4445.8333,186,5.833,False,23.98,True,2.75,23.999,0.183,1.270662,0.812324,0.46777,0.003333,667.7864,334.2,0.08,0.101653,0.424655,24.0,-0.183,21.0,24.0,0.81,24.0,-0.165,21.0,24.0,0.61,24.0,-0.144,21.0,24.0,0.36,24.0,-0.157,21.0,24.0,0.61,24.0,-0.149,21.0,24.0,0.36
612,4446.0,186,6.0,False,23.9,True,2.75,23.999,0.203,1.240588,0.78225,0.437696,0.003333,669.027,331.5,0.08,0.099247,0.411255,24.0,-0.203,21.0,24.0,0.81,24.0,-0.187,21.0,24.0,0.61,24.0,-0.167,21.0,24.0,0.36,24.0,-0.179,21.0,24.0,0.61,24.0,-0.173,21.0,24.0,0.36
613,4446.1667,186,6.167,False,23.98,True,5.5,23.999,0.207,1.441432,0.799759,0.455205,0.003333,670.4684,328.8,0.08,0.115315,0.473943,24.0,-0.207,21.0,24.0,1.61,24.0,-0.191,21.0,24.0,1.22,24.0,-0.172,21.0,24.0,0.72,24.0,-0.184,21.0,24.0,1.22,24.0,-0.179,21.0,24.0,0.72
614,4446.3333,186,6.333,False,24.07,True,5.5,23.999,0.213,1.437689,0.796016,0.451462,0.003333,671.9061,326.0,0.08,0.115015,0.468687,24.0,-0.213,21.0,24.0,1.61,24.0,-0.197,21.0,24.0,1.22,24.0,-0.177,21.0,24.0,0.72,24.0,-0.189,21.0,24.0,1.22,24.0,-0.186,21.0,24.0,0.72
615,4446.5,186,6.5,False,24.15,True,5.5,24.0,0.218,1.433749,0.792076,0.447522,0.436418,673.3399,323.2,0.08,0.1147,0.463388,24.0,-0.218,21.0,24.0,1.61,24.0,-0.201,21.0,24.0,1.22,24.0,-0.182,21.0,24.0,0.72,24.0,-0.194,21.0,24.0,1.22,24.0,-0.191,21.0,24.0,0.72
616,4446.6667,186,6.667,False,24.23,True,5.5,24.0,0.221,1.434905,0.793232,0.448678,0.003333,674.7748,320.4,0.08,0.114792,0.459744,24.0,-0.221,21.0,24.0,1.61,24.0,-0.203,21.0,24.0,1.22,24.0,-0.176,21.0,24.0,0.72,24.0,-0.194,21.0,24.0,1.22,24.0,-0.194,21.0,24.0,0.72
617,4446.9167,186,6.917,False,24.32,True,5.5,24.0,0.224,1.439968,0.798295,0.45374,0.003333,676.2147,316.2,0.08,0.115197,0.455318,24.0,-0.224,21.0,24.0,1.61,24.0,-0.203,21.0,24.0,1.22,24.0,-0.164,21.0,24.0,0.72,24.0,-0.192,21.0,24.0,1.22,24.0,-0.196,21.0,24.0,0.72
618,4447.0833,186,7.083,False,24.4,True,5.5,24.0,0.226,1.446085,0.804412,0.459858,0.003333,677.6608,313.3,0.08,0.115687,0.453058,24.0,-0.226,21.0,24.0,1.61,24.0,-0.203,21.0,24.0,1.22,24.0,-0.154,21.0,24.0,0.72,24.0,-0.19,21.0,24.0,1.22,24.0,-0.196,21.0,24.0,0.72
619,4447.25,186,7.25,False,24.68,True,26.14,23.999,0.201,2.648332,0.998316,0.653762,0.003333,680.3091,310.5,0.08,0.211867,0.822307,24.0,-0.201,21.0,24.0,7.65,24.0,-0.178,21.0,24.0,5.8,24.0,-0.119,21.0,24.0,3.44,24.0,-0.165,21.0,24.0,5.8,24.0,-0.173,21.0,24.0,3.44
620,4447.3889,186,7.389,False,24.97,True,26.14,23.999,0.196,2.683935,1.033919,0.689365,0.003333,682.9931,308.2,0.08,0.214715,0.827189,24.0,-0.196,21.0,24.0,7.65,24.0,-0.171,21.0,24.0,5.8,24.0,-0.101,21.0,24.0,3.44,24.0,-0.158,21.0,24.0,5.8,24.0,-0.166,21.0,24.0,3.44
621,4447.5556,186,7.556,False,25.25,True,26.14,23.999,0.192,2.711271,1.061254,0.7167,0.003333,685.7043,305.4,0.08,0.216902,0.828022,24.0,-0.192,21.0,24.0,7.65,24.0,-0.163,21.0,24.0,5.8,24.0,-0.079,21.0,24.0,3.44,24.0,-0.151,21.0,24.0,5.8,24.0,-0.158,21.0,24.0,3.44
622,4447.7083,186,7.708,False,25.53,True,26.14,23.999,0.189,2.729943,1.079927,0.735373,0.436468,688.4343,302.8,0.08,0.218395,0.826627,24.0,-0.189,21.0,24.0,7.65,24.0,-0.158,21.0,24.0,5.8,24.0,-0.075,21.0,24.0,3.44,24.0,-0.149,21.0,24.0,5.8,24.0,-0.153,21.0,24.0,3.44
623,4447.875,186,7.875,False,25.82,True,26.14,23.999,0.186,2.747757,1.097741,0.753186,0.003333,691.182,300.1,0.08,0.219821,0.824602,24.0,-0.186,21.0,24.0,7.65,24.0,-0.154,21.0,24.0,5.8,24.0,-0.07,21.0,24.0,3.44,24.0,-0.147,21.0,24.0,5.8,24.0,-0.149,21.0,24.0,3.44
624,4448.0556,186,8.056,False,26.1,True,26.14,23.999,0.184,2.7649,1.114884,0.77033,0.003333,693.9469,297.1,0.08,0.221192,0.821452,24.0,-0.184,21.0,24.0,7.65,24.0,-0.149,21.0,24.0,5.8,24.0,-0.067,21.0,24.0,3.44,24.0,-0.145,21.0,24.0,5.8,24.0,-0.144,21.0,24.0,3.44
625,4448.2222,186,8.222,False,26.28,True,26.14,23.999,0.182,2.777301,1.127285,0.782731,0.003333,696.7243,294.4,0.08,0.222184,0.817637,24.0,-0.182,21.0,24.0,7.65,24.0,-0.145,21.0,24.0,5.8,24.0,-0.064,21.0,24.0,3.44,24.0,-0.143,21.0,24.0,5.8,24.0,-0.14,21.0,24.0,3.44
626,4448.3889,186,8.389,False,26.47,True,26.14,23.999,0.181,2.789312,1.139296,0.794742,0.003333,699.5136,291.8,0.08,0.223145,0.813921,24.0,-0.181,21.0,24.0,7.65,24.0,-0.141,21.0,24.0,5.8,24.0,-0.062,21.0,24.0,3.44,24.0,-0.141,21.0,24.0,5.8,24.0,-0.136,21.0,24.0,3.44
627,4448.5556,186,8.556,False,26.65,True,26.14,23.999,0.179,2.801352,1.151336,0.806782,0.003333,702.3149,289.1,0.08,0.224108,0.809871,24.0,-0.179,21.0,24.0,7.65,24.0,-0.137,21.0,24.0,5.8,24.0,-0.06,21.0,24.0,3.44,24.0,-0.138,21.0,24.0,5.8,24.0,-0.133,21.0,24.0,3.44
628,4448.7222,186,8.722,False,26.83,True,26.14,23.999,0.177,2.813464,1.163448,0.818893,0.436466,705.1284,286.6,0.08,0.225077,0.806339,24.0,-0.177,21.0,24.0,7.65,24.0,-0.134,21.0,24.0,5.8,24.0,-0.056,21.0,24.0,3.44,24.0,-0.136,21.0,24.0,5.8,24.0,-0.13,21.0,24.0,3.44
629,4448.8889,186,8.889,False,27.02,True,26.14,23.999,0.176,2.825505,1.175489,0.830935,0.003333,707.9539,284.1,0.08,0.22604,0.802726,24.0,-0.176,21.0,24.0,7.65,24.0,-0.131,21.0,24.0,5.8,24.0,-0.052,21.0,24.0,3.44,24.0,-0.133,21.0,24.0,5.8,24.0,-0.127,21.0,24.0,3.44
630,4449.0417,186,9.042,False,27.2,True,26.14,23.999,0.174,2.837403,1.187387,0.842832,0.003333,710.7913,281.9,0.08,0.226992,0.799864,24.0,-0.174,21.0,24.0,7.65,24.0,-0.128,21.0,24.0,5.8,24.0,-0.049,21.0,24.0,3.44,24.0,-0.131,21.0,24.0,5.8,24.0,-0.124,21.0,24.0,3.44
631,4449.2083,186,9.208,False,27.38,True,26.14,23.999,0.173,2.848957,1.198941,0.854387,0.003333,713.6402,279.5,0.08,0.227917,0.796283,24.0,-0.173,21.0,24.0,7.65,24.0,-0.125,21.0,24.0,5.8,24.0,-0.046,21.0,24.0,3.44,24.0,-0.128,21.0,24.0,5.8,24.0,-0.121,21.0,24.0,3.44
632,4449.375,186,9.375,False,27.57,True,26.14,23.999,0.172,2.861256,1.21124,0.866686,0.003333,716.5015,277.2,0.08,0.228901,0.79314,24.0,-0.172,21.0,24.0,7.65,24.0,-0.123,21.0,24.0,5.8,24.0,-0.038,21.0,24.0,3.44,24.0,-0.126,21.0,24.0,5.8,24.0,-0.119,21.0,24.0,3.44
633,4449.5417,186,9.542,False,27.75,True,26.14,23.999,0.171,2.872185,1.222169,0.877614,0.003333,719.3737,275.0,0.08,0.229775,0.789851,24.0,-0.171,21.0,24.0,7.65,24.0,-0.12,21.0,24.0,5.8,24.0,-0.037,21.0,24.0,3.44,24.0,-0.124,21.0,24.0,5.8,24.0,-0.117,21.0,24.0,3.44
634,4449.7083,186,9.708,False,27.93,True,26.14,23.999,0.17,2.884517,1.234501,0.889947,0.003333,722.2582,272.8,0.08,0.230761,0.786896,24.0,-0.17,21.0,24.0,7.65,24.0,-0.117,21.0,24.0,5.8,24.0,-0.034,21.0,24.0,3.44,24.0,-0.121,21.0,24.0,5.8,24.0,-0.114,21.0,24.0,3.44
635,4449.875,186,9.875,False,28.12,True,26.14,23.999,0.169,2.897094,1.247078,0.902524,0.436474,725.1553,270.8,0.08,0.231767,0.784533,24.0,-0.169,21.0,24.0,7.65,24.0,-0.113,21.0,24.0,5.8,24.0,-0.032,21.0,24.0,3.44,24.0,-0.118,21.0,24.0,5.8,24.0,-0.11,21.0,24.0,3.44
636,4450.0417,186,10.042,False,28.3,True,26.14,23.999,0.168,2.909585,1.259569,0.915015,0.003333,728.0649,268.9,0.08,0.232767,0.782387,24.0,-0.168,21.0,24.0,7.65,24.0,-0.109,21.0,24.0,5.8,24.0,-0.03,21.0,24.0,3.44,24.0,-0.114,21.0,24.0,5.8,24.0,-0.107,21.0,24.0,3.44
637,4450.2,186,10.2,False,28.4,True,26.14,24.0,0.167,2.9191,1.269084,0.92453,0.003333,730.984,267.1,0.08,0.233528,0.779692,24.0,-0.167,21.0,24.0,7.65,24.0,-0.105,21.0,24.0,5.8,24.0,-0.03,21.0,24.0,3.44,24.0,-0.111,21.0,24.0,5.8,24.0,-0.104,21.0,24.0,3.44
638,4450.3667,186,10.367,False,28.5,True,26.14,24.0,0.165,2.928928,1.278912,0.934358,0.003333,733.9129,265.4,0.08,0.234314,0.777337,24.0,-0.165,21.0,24.0,7.65,24.0,-0.102,21.0,24.0,5.8,24.0,-0.03,21.0,24.0,3.44,24.0,-0.108,21.0,24.0,5.8,24.0,-0.1,21.0,24.0,3.44
639,4450.5333,186,10.533,False,28.6,True,26.14,24.0,0.163,2.938472,1.288456,0.943902,0.003333,736.8514,263.8,0.08,0.235078,0.775169,24.0,-0.163,21.0,24.0,7.65,24.0,-0.098,21.0,24.0,5.8,24.0,-0.031,21.0,24.0,3.44,24.0,-0.105,21.0,24.0,5.8,24.0,-0.097,21.0,24.0,3.44
640,4450.7083,186,10.708,False,28.7,True,26.14,23.999,0.162,2.946176,1.29616,0.951606,0.436483,739.7976,262.3,0.08,0.235694,0.772782,24.0,-0.162,21.0,24.0,7.65,24.0,-0.095,21.0,24.0,5.8,24.0,-0.035,21.0,24.0,3.44,24.0,-0.103,21.0,24.0,5.8,24.0,-0.094,21.0,24.0,3.44
641,4450.875,186,10.875,False,28.8,True,26.14,23.999,0.16,2.95332,1.303304,0.95875,0.003333,742.7509,261.0,0.08,0.236266,0.770817,24.0,-0.16,21.0,24.0,7.65,24.0,-0.093,21.0,24.0,5.8,24.0,-0.04,21.0,24.0,3.44,24.0,-0.1,21.0,24.0,5.8,24.0,-0.092,21.0,24.0,3.44
642,4451.0556,186,11.056,False,28.9,True,26.14,23.999,0.159,2.960198,1.310181,0.965627,0.003333,745.7111,259.8,0.08,0.236816,0.769059,24.0,-0.159,21.0,24.0,7.65,24.0,-0.091,21.0,24.0,5.8,24.0,-0.045,21.0,24.0,3.44,24.0,-0.098,21.0,24.0,5.8,24.0,-0.09,21.0,24.0,3.44
643,4451.2222,186,11.222,False,28.98,True,13.76,23.999,0.161,2.816598,1.25825,0.913696,0.003333,748.5277,258.8,0.08,0.225328,0.728936,24.0,-0.161,21.0,24.0,4.03,24.0,-0.092,21.0,24.0,3.05,24.0,-0.054,21.0,24.0,1.81,24.0,-0.1,21.0,24.0,3.05,24.0,-0.091,21.0,24.0,1.81
644,4451.3889,186,11.389,False,29.07,True,13.76,24.0,0.161,2.815483,1.257134,0.91258,0.003333,751.3432,258.0,0.08,0.225239,0.726395,24.0,-0.161,21.0,24.0,4.03,24.0,-0.092,21.0,24.0,3.05,24.0,-0.062,21.0,24.0,1.81,24.0,-0.101,21.0,24.0,3.05,24.0,-0.092,21.0,24.0,1.81
645,4451.5556,186,11.556,False,29.15,True,13.76,23.999,0.162,2.815446,1.257098,0.912544,0.003333,754.1586,257.4,0.08,0.225236,0.724696,24.0,-0.162,21.0,24.0,4.03,24.0,-0.092,21.0,24.0,3.05,24.0,-0.067,21.0,24.0,1.81,24.0,-0.101,21.0,24.0,3.05,24.0,-0.092,21.0,24.0,1.81
646,4451.7222,186,11.722,False,29.23,True,13.76,23.999,0.162,2.816015,1.257667,0.913112,0.436505,756.9746,257.1,0.08,0.225281,0.723997,24.0,-0.162,21.0,24.0,4.03,24.0,-0.093,21.0,24.0,3.05,24.0,-0.069,21.0,24.0,1.81,24.0,-0.101,21.0,24.0,3.05,24.0,-0.092,21.0,24.0,1.81
647,4451.8889,186,11.889,False,29.32,True,13.76,23.999,0.163,2.816639,1.258291,0.913736,0.003333,759.7913,256.9,0.08,0.225331,0.723595,24.0,-0.163,21.0,24.0,4.03,24.0,-0.093,21.0,24.0,3.05,24.0,-0.071,21.0,24.0,1.81,24.0,-0.102,21.0,24.0,3.05,24.0,-0.093,21.0,24.0,1.81
648,4452.0556,186,12.056,False,29.4,True,13.76,23.999,0.164,2.817243,1.258894,0.91434,0.003333,762.6085,257.0,0.08,0.225379,0.724031,24.0,-0.164,21.0,24.0,4.03,24.0,-0.093,21.0,24.0,3.05,24.0,-0.073,21.0,24.0,1.81,24.0,-0.103,21.0,24.0,3.05,24.0,-0.094,21.0,24.0,1.81
649,4452.2222,186,12.222,False,29.68,True,26.14,23.999,0.161,2.974919,1.324903,0.980349,0.003333,765.5834,257.4,0.08,0.237994,0.765744,24.0,-0.161,21.0,24.0,7.65,24.0,-0.09,21.0,24.0,5.8,24.0,-0.07,21.0,24.0,3.44,24.0,-0.099,21.0,24.0,5.8,24.0,-0.09,21.0,24.0,3.44
650,4452.4167,186,12.417,False,29.97,True,26.14,23.999,0.16,2.990646,1.34063,0.996076,0.003333,768.5741,258.3,0.08,0.239252,0.772484,24.0,-0.16,21.0,24.0,7.65,24.0,-0.088,21.0,24.0,5.8,24.0,-0.069,21.0,24.0,3.44,24.0,-0.097,21.0,24.0,5.8,24.0,-0.089,21.0,24.0,3.44
651,4452.5833,186,12.583,False,30.25,True,26.14,23.999,0.159,3.005832,1.355816,1.011262,0.436492,771.5799,259.3,0.08,0.240467,0.779412,24.0,-0.159,21.0,24.0,7.65,24.0,-0.085,21.0,24.0,5.8,24.0,-0.067,21.0,24.0,3.44,24.0,-0.095,21.0,24.0,5.8,24.0,-0.087,21.0,24.0,3.44
652,4452.75,186,12.75,False,30.53,True,26.14,23.999,0.158,3.021011,1.370995,1.026441,0.003333,774.6009,260.7,0.08,0.241681,0.787578,24.0,-0.158,21.0,24.0,7.65,24.0,-0.083,21.0,24.0,5.8,24.0,-0.066,21.0,24.0,3.44,24.0,-0.093,21.0,24.0,5.8,24.0,-0.085,21.0,24.0,3.44
653,4452.9167,186,12.917,False,30.82,True,26.14,23.999,0.157,3.036497,1.386481,1.041927,0.003333,777.6374,262.5,0.08,0.24292,0.79708,24.0,-0.157,21.0,24.0,7.65,24.0,-0.081,21.0,24.0,5.8,24.0,-0.064,21.0,24.0,3.44,24.0,-0.091,21.0,24.0,5.8,24.0,-0.083,21.0,24.0,3.44
654,4453.0833,186,13.083,False,31.1,True,26.14,23.999,0.156,3.052279,1.402263,1.057709,0.003333,780.6897,264.6,0.08,0.244182,0.807633,24.0,-0.156,21.0,24.0,7.65,24.0,-0.079,21.0,24.0,5.8,24.0,-0.062,21.0,24.0,3.44,24.0,-0.089,21.0,24.0,5.8,24.0,-0.081,21.0,24.0,3.44
655,4453.25,186,13.25,False,31.2,True,26.14,23.999,0.155,3.057473,1.407457,1.062903,0.003333,783.7472,267.2,0.08,0.244598,0.816957,24.0,-0.155,21.0,24.0,7.65,24.0,-0.078,21.0,24.0,5.8,24.0,-0.061,21.0,24.0,3.44,24.0,-0.088,21.0,24.0,5.8,24.0,-0.08,21.0,24.0,3.44
656,4453.4167,186,13.417,False,31.3,True,26.14,23.999,0.156,3.061197,1.411181,1.066626,0.003333,786.8084,270.2,0.08,0.244896,0.827135,24.0,-0.156,21.0,24.0,7.65,24.0,-0.077,21.0,24.0,5.8,24.0,-0.061,21.0,24.0,3.44,24.0,-0.087,21.0,24.0,5.8,24.0,-0.08,21.0,24.0,3.44
657,4453.5833,186,13.583,False,31.4,True,26.14,23.999,0.157,3.06168,1.411664,1.06711,0.436448,789.87,273.8,0.08,0.244934,0.838288,24.0,-0.157,21.0,24.0,7.65,24.0,-0.078,21.0,24.0,5.8,24.0,-0.062,21.0,24.0,3.44,24.0,-0.088,21.0,24.0,5.8,24.0,-0.081,21.0,24.0,3.44
658,4453.75,186,13.75,False,31.5,True,26.14,23.999,0.158,3.066226,1.41621,1.071656,0.003333,792.9363,277.8,0.08,0.245298,0.851798,24.0,-0.158,21.0,24.0,7.65,24.0,-0.076,21.0,24.0,5.8,24.0,-0.061,21.0,24.0,3.44,24.0,-0.087,21.0,24.0,5.8,24.0,-0.08,21.0,24.0,3.44
659,4453.8333,186,13.833,False,31.6,True,26.14,23.999,0.159,3.070666,1.42065,1.076096,0.003333,796.0069,280.0,0.08,0.245653,0.859787,24.0,-0.159,21.0,24.0,7.65,24.0,-0.076,21.0,24.0,5.8,24.0,-0.061,21.0,24.0,3.44,24.0,-0.087,21.0,24.0,5.8,24.0,-0.075,21.0,24.0,3.44
660,4454.0,186,14.0,False,31.7,True,26.14,23.998,0.159,3.074808,1.424791,1.080237,0.003333,799.0817,284.8,0.08,0.245985,0.875705,24.0,-0.159,21.0,24.0,7.65,24.0,-0.076,21.0,24.0,5.8,24.0,-0.062,21.0,24.0,3.44,24.0,-0.087,21.0,24.0,5.8,24.0,-0.069,21.0,24.0,3.44
661,4454.1667,186,14.167,False,31.7,True,26.14,23.998,0.16,3.077567,1.427551,1.082997,0.003333,802.1593,290.1,0.08,0.246205,0.892802,24.0,-0.16,21.0,24.0,7.65,24.0,-0.076,21.0,24.0,5.8,24.0,-0.062,21.0,24.0,3.44,24.0,-0.087,21.0,24.0,5.8,24.0,-0.062,21.0,24.0,3.44
662,4454.3333,186,14.333,False,31.7,True,26.14,23.998,0.16,3.080867,1.430851,1.086297,0.003333,805.2402,296.0,0.08,0.246469,0.911937,24.0,-0.16,21.0,24.0,7.65,24.0,-0.076,21.0,24.0,5.8,24.0,-0.062,21.0,24.0,3.44,24.0,-0.087,21.0,24.0,5.8,24.0,-0.055,21.0,24.0,3.44
663,4454.5,186,14.5,False,31.7,True,26.14,23.998,0.159,3.084538,1.434522,1.089968,0.003333,808.3247,302.5,0.08,0.246763,0.933073,24.0,-0.159,21.0,24.0,7.65,24.0,-0.076,21.0,24.0,5.8,24.0,-0.062,21.0,24.0,3.44,24.0,-0.087,21.0,24.0,5.8,24.0,-0.048,21.0,24.0,3.44
664,4454.75,186,14.75,False,31.7,True,26.14,23.999,0.158,3.086354,1.436338,1.091784,0.436465,811.4111,313.4,0.08,0.246908,0.967263,24.0,-0.158,21.0,24.0,7.65,24.0,-0.077,21.0,24.0,5.8,24.0,-0.063,21.0,24.0,3.44,24.0,-0.087,21.0,24.0,5.8,24.0,-0.043,21.0,24.0,3.44
665,4454.9167,186,14.917,False,31.7,True,26.14,23.999,0.158,3.087855,1.437839,1.093285,0.003333,814.4989,321.3,0.08,0.247028,0.992128,24.0,-0.158,21.0,24.0,7.65,24.0,-0.078,21.0,24.0,5.8,24.0,-0.064,21.0,24.0,3.44,24.0,-0.088,21.0,24.0,5.8,24.0,-0.038,21.0,24.0,3.44
666,4455.0833,186,15.083,False,31.7,True,26.14,23.999,0.157,3.088887,1.438871,1.094317,0.003333,817.5878,329.9,0.08,0.247111,1.019024,24.0,-0.157,21.0,24.0,7.65,24.0,-0.079,21.0,24.0,5.8,24.0,-0.065,21.0,24.0,3.44,24.0,-0.089,21.0,24.0,5.8,24.0,-0.034,21.0,24.0,3.44
667,4455.2222,186,15.222,False,31.42,True,26.14,23.999,0.157,3.073268,1.423252,1.078698,0.003333,820.6611,337.4,0.08,0.245861,1.036921,24.0,-0.157,21.0,24.0,7.65,24.0,-0.082,21.0,24.0,5.8,24.0,-0.068,21.0,24.0,3.44,24.0,-0.091,21.0,24.0,5.8,24.0,-0.031,21.0,24.0,3.44
668,4455.3889,186,15.389,False,31.13,True,26.14,23.999,0.156,3.0568,1.406784,1.06223,0.003333,823.7179,347.0,0.08,0.244544,1.06071,24.0,-0.156,21.0,24.0,7.65,24.0,-0.085,21.0,24.0,5.8,24.0,-0.071,21.0,24.0,3.44,24.0,-0.094,21.0,24.0,5.8,24.0,-0.03,21.0,24.0,3.44
669,4455.5417,186,15.542,False,30.85,True,26.14,23.999,0.157,3.040209,1.390193,1.045639,0.003333,826.7581,356.2,0.08,0.243217,1.082922,24.0,-0.157,21.0,24.0,7.65,24.0,-0.089,21.0,24.0,5.8,24.0,-0.075,21.0,24.0,3.44,24.0,-0.097,21.0,24.0,5.8,24.0,-0.026,21.0,24.0,3.44
670,4455.7083,186,15.708,False,30.57,True,26.14,23.999,0.157,3.02093,1.370914,1.02636,0.436479,829.779,366.7,0.08,0.241674,1.107775,24.0,-0.157,21.0,24.0,7.65,24.0,-0.093,21.0,24.0,5.8,24.0,-0.078,21.0,24.0,3.44,24.0,-0.1,21.0,24.0,5.8,24.0,-0.035,21.0,24.0,3.44
671,4455.875,186,15.875,False,30.28,True,26.14,23.999,0.158,3.001745,1.351729,1.007175,0.003333,832.7808,377.6,0.08,0.24014,1.133459,24.0,-0.158,21.0,24.0,7.65,24.0,-0.096,21.0,24.0,5.8,24.0,-0.082,21.0,24.0,3.44,24.0,-0.103,21.0,24.0,5.8,24.0,-0.041,21.0,24.0,3.44
672,4456.0333,186,16.033,False,30.0,True,26.14,23.999,0.16,2.981184,1.331168,0.986614,0.003333,835.7619,388.3,0.34,1.013603,1.157594,24.0,-0.16,21.0,24.0,7.65,24.0,-0.099,21.0,24.0,5.8,24.0,-0.085,21.0,24.0,3.44,24.0,-0.105,21.0,24.0,5.8,24.0,-0.053,21.0,24.0,3.44
673,4456.2,186,16.2,False,29.45,True,8.25,24.0,0.18,2.066256,1.149581,0.805026,0.003333,837.8282,399.9,0.34,0.702527,0.826296,24.0,-0.18,21.0,24.0,2.42,24.0,-0.121,21.0,24.0,1.83,24.0,-0.106,21.0,24.0,1.09,24.0,-0.127,21.0,24.0,1.83,24.0,-0.081,21.0,24.0,1.09
674,4456.3667,186,16.367,False,28.9,True,8.25,24.0,0.186,2.019396,1.10272,0.758166,0.003333,839.8476,411.7,0.34,0.686595,0.831385,24.0,-0.186,21.0,24.0,2.42,24.0,-0.13,21.0,24.0,1.83,24.0,-0.116,21.0,24.0,1.09,24.0,-0.135,21.0,24.0,1.83,24.0,-0.102,21.0,24.0,1.09
675,4456.5333,186,16.533,False,28.35,True,8.25,24.0,0.191,1.981323,1.064647,0.720093,0.003333,841.8289,423.6,0.34,0.67365,0.839288,24.0,-0.191,21.0,24.0,2.42,24.0,-0.138,21.0,24.0,1.83,24.0,-0.124,21.0,24.0,1.09,24.0,-0.143,21.0,24.0,1.83,24.0,-0.122,21.0,24.0,1.09
676,4456.7,186,16.7,False,27.8,True,8.25,24.0,0.196,1.947985,1.031309,0.686755,0.436454,843.7769,435.6,0.34,0.662315,0.848542,24.0,-0.196,21.0,24.0,2.42,24.0,-0.146,21.0,24.0,1.83,24.0,-0.131,21.0,24.0,1.09,24.0,-0.15,21.0,24.0,1.83,24.0,-0.132,21.0,24.0,1.09
677,4456.875,186,16.875,False,27.25,True,8.25,24.0,0.199,1.917012,1.000336,0.655782,0.003333,845.6939,448.1,0.34,0.651784,0.859013,24.0,-0.199,21.0,24.0,2.42,24.0,-0.153,21.0,24.0,1.83,24.0,-0.138,21.0,24.0,1.09,24.0,-0.156,21.0,24.0,1.83,24.0,-0.141,21.0,24.0,1.09
678,4457.0417,186,17.042,False,26.7,True,8.25,24.0,0.203,1.88762,0.970945,0.626391,0.003333,847.5815,459.9,0.34,0.641791,0.868117,24.0,-0.203,21.0,24.0,2.42,24.0,-0.159,21.0,24.0,1.83,24.0,-0.145,21.0,24.0,1.09,24.0,-0.162,21.0,24.0,1.83,24.0,-0.149,21.0,24.0,1.09
679,4457.2083,186,17.208,False,26.13,True,2.75,24.0,0.213,1.538783,0.897111,0.552556,0.003333,849.1203,471.5,0.34,0.523186,0.725536,24.0,-0.213,21.0,24.0,0.81,24.0,-0.173,21.0,24.0,0.61,24.0,-0.157,21.0,24.0,0.36,24.0,-0.174,21.0,24.0,0.61,24.0,-0.163,21.0,24.0,0.36
680,4457.375,186,17.375,False,25.57,True,2.75,24.0,0.217,1.50614,0.864467,0.519913,0.003333,850.6265,482.7,0.34,0.512088,0.727014,24.0,-0.217,21.0,24.0,0.81,24.0,-0.18,21.0,24.0,0.61,24.0,-0.165,21.0,24.0,0.36,24.0,-0.181,21.0,24.0,0.61,24.0,-0.171,21.0,24.0,0.36
681,4457.5333,186,17.533,False,25.0,True,2.75,24.0,0.22,1.477516,0.835843,0.491289,0.003333,852.104,493.0,0.34,0.502355,0.728415,24.0,-0.22,21.0,24.0,0.81,24.0,-0.187,21.0,24.0,0.61,24.0,-0.172,21.0,24.0,0.36,24.0,-0.188,21.0,24.0,0.61,24.0,-0.179,21.0,24.0,0.36
682,4457.7,186,17.7,False,24.43,True,2.75,24.0,0.222,1.4515,0.809827,0.465273,0.003333,853.5555,503.2,0.34,0.49351,0.730395,24.0,-0.222,21.0,24.0,0.81,24.0,-0.192,21.0,24.0,0.61,24.0,-0.178,21.0,24.0,0.36,24.0,-0.192,21.0,24.0,0.61,24.0,-0.185,21.0,24.0,0.36
683,4457.8667,186,17.867,False,23.87,True,2.75,24.0,0.224,1.427049,0.785377,0.440822,0.003333,854.9825,512.8,0.34,0.485197,0.731791,24.0,-0.224,21.0,24.0,0.81,24.0,-0.197,21.0,24.0,0.61,24.0,-0.183,21.0,24.0,0.36,24.0,-0.197,21.0,24.0,0.61,24.0,-0.19,21.0,24.0,0.36
684,4458.0417,186,18.042,False,23.3,True,2.75,24.0,0.225,1.403699,0.762026,0.417472,0.436445,856.3862,522.1,0.34,0.477258,0.732871,24.0,-0.225,21.0,24.0,0.81,24.0,-0.202,21.0,24.0,0.61,24.0,-0.188,21.0,24.0,0.36,24.0,-0.201,21.0,24.0,0.61,24.0,-0.195,21.0,24.0,0.36
685,4458.2083,186,18.208,False,23.03,True,2.75,24.0,0.227,1.390652,0.748979,0.404425,0.003333,857.7769,530.2,0.34,0.472822,0.737324,24.0,-0.227,21.0,24.0,0.81,24.0,-0.205,21.0,24.0,0.61,24.0,-0.191,21.0,24.0,0.36,24.0,-0.204,21.0,24.0,0.61,24.0,-0.198,21.0,24.0,0.36
686,4458.375,186,18.375,False,22.77,True,2.75,24.0,0.228,1.378162,0.736489,0.391935,0.003333,859.155,537.3,0.34,0.468575,0.740487,24.0,-0.228,21.0,24.0,0.81,24.0,-0.208,21.0,24.0,0.61,24.0,-0.195,21.0,24.0,0.36,24.0,-0.206,21.0,24.0,0.61,24.0,-0.202,21.0,24.0,0.36
687,4458.5556,186,18.556,False,22.5,True,2.75,24.0,0.229,1.366402,0.724729,0.380175,0.003333,860.5214,544.0,0.34,0.464577,0.743322,24.0,-0.229,21.0,24.0,0.81,24.0,-0.211,21.0,24.0,0.61,24.0,-0.198,21.0,24.0,0.36,24.0,-0.209,21.0,24.0,0.61,24.0,-0.205,21.0,24.0,0.36
688,4458.7222,186,18.722,False,22.23,True,2.75,24.0,0.23,1.35485,0.713177,0.368623,0.003333,861.8763,549.1,0.34,0.460649,0.743948,24.0,-0.23,21.0,24.0,0.81,24.0,-0.214,21.0,24.0,0.61,24.0,-0.201,21.0,24.0,0.36,24.0,-0.212,21.0,24.0,0.61,24.0,-0.208,21.0,24.0,0.36
689,4458.8889,186,18.889,False,21.97,True,2.75,24.0,0.231,1.343664,0.701991,0.357437,0.003333,863.2199,553.1,0.34,0.456846,0.743181,24.0,-0.231,21.0,24.0,0.81,24.0,-0.217,21.0,24.0,0.61,24.0,-0.204,21.0,24.0,0.36,24.0,-0.214,21.0,24.0,0.61,24.0,-0.211,21.0,24.0,0.36
690,4459.0556,186,19.056,False,21.7,True,2.75,24.0,0.232,1.332771,0.691098,0.346544,0.003333,864.5527,556.1,0.34,0.453142,0.741154,24.0,-0.232,21.0,24.0,0.81,24.0,-0.22,21.0,24.0,0.61,24.0,-0.207,21.0,24.0,0.36,24.0,-0.217,21.0,24.0,0.61,24.0,-0.214,21.0,24.0,0.36
691,4459.25,186,19.25,False,21.78,True,1.38,24.0,0.0,1.230972,0.680967,0.336413,0.003333,865.7837,558.3,0.34,0.418531,0.687252,24.0,-0.236,21.0,24.0,0.4,24.0,-0.224,21.0,24.0,0.31,24.0,-0.212,21.0,24.0,0.18,24.0,-0.221,21.0,24.0,0.31,24.0,-0.218,21.0,24.0,0.18
692,4459.4167,186,19.417,False,21.87,True,1.38,24.0,0.0,1.22892,0.678915,0.334361,0.436435,867.0126,559.0,0.34,0.417833,0.686966,24.0,-0.237,21.0,24.0,0.4,24.0,-0.226,21.0,24.0,0.31,24.0,-0.214,21.0,24.0,0.18,24.0,-0.223,21.0,24.0,0.31,24.0,-0.22,21.0,24.0,0.18
693,4459.5833,186,19.583,False,21.95,True,1.38,24.0,0.0,1.229855,0.679849,0.335295,0.003333,868.2425,558.6,0.34,0.418151,0.686997,24.0,-0.237,21.0,24.0,0.4,24.0,-0.228,21.0,24.0,0.31,24.0,-0.217,21.0,24.0,0.18,24.0,-0.225,21.0,24.0,0.31,24.0,-0.223,21.0,24.0,0.18
694,4459.75,186,19.75,False,22.03,True,1.38,24.0,0.0,1.229711,0.679705,0.335151,0.003333,869.4722,557.3,0.34,0.418102,0.685318,24.0,-0.237,21.0,24.0,0.4,24.0,-0.229,21.0,24.0,0.31,24.0,-0.218,21.0,24.0,0.18,24.0,-0.226,21.0,24.0,0.31,24.0,-0.224,21.0,24.0,0.18
695,4459.9167,186,19.917,False,22.12,True,1.38,24.0,0.0,1.230351,0.680345,0.335791,0.003333,870.7025,555.0,0.34,0.418319,0.682845,24.0,-0.237,21.0,24.0,0.4,24.0,-0.229,21.0,24.0,0.31,24.0,-0.218,21.0,24.0,0.18,24.0,-0.226,21.0,24.0,0.31,24.0,-0.225,21.0,24.0,0.18
696,4460.0833,186,20.083,False,22.2,True,1.38,24.0,0.0,1.231483,0.681477,0.336923,0.003333,871.934,551.8,0.34,0.418704,0.679532,24.0,-0.237,21.0,24.0,0.4,24.0,-0.229,21.0,24.0,0.31,24.0,-0.219,21.0,24.0,0.18,24.0,-0.225,21.0,24.0,0.31,24.0,-0.225,21.0,24.0,0.18
697,4460.1667,186,20.167,False,22.2,True,1.38,24.0,0.0,1.229907,0.679901,0.335347,0.003333,873.1639,549.9,0.34,0.418168,0.676326,24.0,-0.237,21.0,24.0,0.4,24.0,-0.229,21.0,24.0,0.31,24.0,-0.219,21.0,24.0,0.18,24.0,-0.226,21.0,24.0,0.31,24.0,-0.226,21.0,24.0,0.18
698,4460.3333,186,20.333,False,22.2,True,1.38,24.0,0.0,1.22571,0.675705,0.331151,0.003333,874.3896,545.5,0.34,0.416741,0.668625,24.0,-0.237,21.0,24.0,0.4,24.0,-0.229,21.0,24.0,0.31,24.0,-0.22,21.0,24.0,0.18,24.0,-0.226,21.0,24.0,0.31,24.0,-0.226,21.0,24.0,0.18
699,4460.5,186,20.5,False,22.2,True,1.38,24.0,0.0,1.224585,0.67458,0.330026,0.003333,875.6142,540.4,0.34,0.416359,0.661766,24.0,-0.237,21.0,24.0,0.4,24.0,-0.229,21.0,24.0,0.31,24.0,-0.22,21.0,24.0,0.18,24.0,-0.226,21.0,24.0,0.31,24.0,-0.226,21.0,24.0,0.18
700,4460.6667,186,20.667,False,22.2,True,1.38,24.0,0.0,1.223513,0.673508,0.328954,0.436409,876.8377,534.7,0.34,0.415994,0.654213,24.0,-0.237,21.0,24.0,0.4,24.0,-0.229,21.0,24.0,0.31,24.0,-0.22,21.0,24.0,0.18,24.0,-0.226,21.0,24.0,0.31,24.0,-0.226,21.0,24.0,0.18
701,4460.8333,186,20.833,False,22.2,True,1.38,24.0,0.0,1.222467,0.672462,0.327908,0.003333,878.0602,528.4,0.34,0.415639,0.645952,24.0,-0.237,21.0,24.0,0.4,24.0,-0.229,21.0,24.0,0.31,24.0,-0.221,21.0,24.0,0.18,24.0,-0.226,21.0,24.0,0.31,24.0,-0.227,21.0,24.0,0.18
702,4461.0,186,21.0,False,22.2,True,1.38,24.0,0.0,1.221434,0.671428,0.326874,0.003333,879.2816,521.8,0.08,0.097715,0.637344,24.0,-0.237,21.0,24.0,0.4,24.0,-0.229,21.0,24.0,0.31,24.0,-0.221,21.0,24.0,0.18,24.0,-0.226,21.0,24.0,0.31,24.0,-0.227,21.0,24.0,0.18
703,4461.2083,186,21.208,False,22.3,True,1.38,24.586,0.0,0.458338,0.0,0.0,0.003333,879.74,512.9,0.08,0.036667,0.235081,24.43,-0.174,15.6,26.7,0.4,24.58,-0.145,15.6,26.7,0.31,24.67,-0.123,15.6,26.7,0.18,24.59,-0.14,15.6,26.7,0.31,24.66,-0.13,15.6,26.7,0.18
704,4461.4167,186,21.417,False,22.4,True,1.38,25.069,0.0,0.458338,0.0,0.0,0.003333,880.1983,503.8,0.08,0.036667,0.230911,24.81,-0.094,15.6,26.7,0.4,25.07,-0.045,15.6,26.7,0.31,25.2,-0.012,15.6,26.7,0.18,25.09,-0.039,15.6,26.7,0.31,25.18,-0.022,15.6,26.7,0.18
705,4461.5,186,21.5,False,22.5,True,1.38,25.294,0.0,0.458338,0.0,0.0,0.003333,880.6566,500.0,0.08,0.036667,0.229169,25.02,-0.048,15.6,26.7,0.4,25.29,0.006,15.6,26.7,0.31,25.44,0.044,15.6,26.7,0.18,25.32,0.014,15.6,26.7,0.31,25.4,0.033,15.6,26.7,0.18
706,4461.6667,186,21.667,False,22.6,True,1.38,25.389,0.0,0.458338,0.0,0.0,0.003333,881.115,492.5,0.08,0.036667,0.225731,25.11,-0.021,15.6,26.7,0.4,25.39,0.035,15.6,26.7,0.31,25.53,0.075,15.6,26.7,0.18,25.41,0.042,15.6,26.7,0.31,25.5,0.064,15.6,26.7,0.18
707,4461.8333,186,21.833,False,22.7,True,1.38,25.453,0.0,0.458338,0.0,0.0,0.003333,881.5733,485.0,0.08,0.036667,0.222294,25.17,-0.0,15.6,26.7,0.4,25.45,0.057,15.6,26.7,0.31,25.6,0.1,15.6,26.7,0.18,25.48,0.065,15.6,26.7,0.31,25.57,0.089,15.6,26.7,0.18
708,4462.0,186,22.0,False,22.8,True,1.38,25.502,0.0,0.458338,0.0,0.0,0.003333,882.0317,477.6,0.08,0.036667,0.218902,25.21,0.017,15.6,26.7,0.4,25.5,0.076,15.6,26.7,0.31,25.65,0.121,15.6,26.7,0.18,25.52,0.084,15.6,26.7,0.31,25.62,0.11,15.6,26.7,0.18
709,4462.1667,186,22.167,False,22.8,True,1.38,25.528,0.0,0.412504,0.0,0.0,0.436399,882.4442,470.3,0.08,0.033,0.194001,25.24,0.029,15.6,26.7,0.4,25.52,0.088,15.6,26.7,0.31,25.68,0.136,15.6,26.7,0.18,25.55,0.097,15.6,26.7,0.31,25.65,0.125,15.6,26.7,0.18
710,4462.3333,186,22.333,False,22.8,True,1.38,25.549,0.0,0.412504,0.0,0.0,0.003333,882.8567,463.2,0.08,0.033,0.191072,25.25,0.041,15.6,26.7,0.4,25.54,0.1,15.6,26.7,0.31,25.71,0.151,15.6,26.7,0.18,25.57,0.109,15.6,26.7,0.31,25.67,0.139,15.6,26.7,0.18
711,4462.5,186,22.5,False,22.8,True,1.38,25.568,0.0,0.412504,0.0,0.0,0.003333,883.2692,456.4,0.08,0.033,0.188267,25.27,0.052,15.6,26.7,0.4,25.56,0.111,15.6,26.7,0.31,25.73,0.164,15.6,26.7,0.18,25.59,0.12,15.6,26.7,0.31,25.69,0.152,15.6,26.7,0.18
712,4462.6667,186,22.667,False,22.8,True,1.38,25.585,0.0,0.412504,0.0,0.0,0.003333,883.6817,449.8,0.08,0.033,0.185544,25.29,0.062,15.6,26.7,0.4,25.57,0.121,15.6,26.7,0.31,25.75,0.176,15.6,26.7,0.18,25.61,0.131,15.6,26.7,0.31,25.71,0.164,15.6,26.7,0.18
713,4462.8333,186,22.833,False,22.8,True,1.38,25.599,0.0,0.412504,0.0,0.0,0.003333,884.0942,443.6,0.08,0.033,0.182987,25.3,0.072,15.6,26.7,0.4,25.59,0.13,15.6,26.7,0.31,25.76,0.187,15.6,26.7,0.18,25.62,0.141,15.6,26.7,0.31,25.73,0.175,15.6,26.7,0.18
714,4463.0,186,23.0,False,22.8,True,1.38,25.611,0.0,0.412504,0.0,0.0,0.003333,884.5067,437.7,0.08,0.033,0.180553,25.31,0.081,15.6,26.7,0.4,25.6,0.139,15.6,26.7,0.31,25.77,0.197,15.6,26.7,0.18,25.63,0.15,15.6,26.7,0.31,25.74,0.185,15.6,26.7,0.18
715,4463.1667,186,23.167,False,22.88,False,0.0,25.611,0.0,0.412504,0.0,0.0,0.003333,884.9192,432.2,0.08,0.033,0.178284,25.31,0.088,15.6,26.7,0.0,25.6,0.145,15.6,26.7,0.0,25.78,0.204,15.6,26.7,0.0,25.63,0.156,15.6,26.7,0.0,25.74,0.193,15.6,26.7,0.0
716,4463.3333,186,23.333,False,22.97,False,0.0,25.62,0.0,0.412504,0.0,0.0,0.003333,885.3317,427.0,0.08,0.033,0.176139,25.32,0.095,15.6,26.7,0.0,25.6,0.152,15.6,26.7,0.0,25.79,0.212,15.6,26.7,0.0,25.64,0.163,15.6,26.7,0.0,25.75,0.201,15.6,26.7,0.0
717,4463.5,186,23.5,False,23.05,False,0.0,25.63,0.0,0.412504,0.0,0.0,0.003333,885.7442,422.2,0.08,0.033,0.174159,25.33,0.102,15.6,26.7,0.0,25.61,0.159,15.6,26.7,0.0,25.8,0.22,15.6,26.7,0.0,25.65,0.17,15.6,26.7,0.0,25.76,0.209,15.6,26.7,0.0
718,4463.6667,186,23.667,False,23.13,False,0.0,25.641,0.0,0.412504,0.0,0.0,0.436389,886.1567,417.7,0.08,0.033,0.172303,25.34,0.108,15.6,26.7,0.0,25.62,0.165,15.6,26.7,0.0,25.81,0.228,15.6,26.7,0.0,25.66,0.177,15.6,26.7,0.0,25.77,0.216,15.6,26.7,0.0
719,4463.8333,186,23.833,False,23.22,False,0.0,25.652,0.0,0.412504,0.0,0.0,0.003333,886.5692,413.6,0.08,0.033,0.170612,25.35,0.115,15.6,26.7,0.0,25.63,0.171,15.6,26.7,0.0,25.82,0.234,15.6,26.7,0.0,25.67,0.183,15.6,26.7,0.0,25.78,0.223,15.6,26.7,0.0
720,4464.0,186,24.0,False,23.3,False,0.0,25.662,0.0,0.412504,0.0,0.0,0.003333,886.9817,409.8,0.08,0.033,0.169044,25.37,0.121,15.6,26.7,0.0,25.64,0.176,15.6,26.7,0.0,25.83,0.241,15.6,26.7,0.0,25.68,0.189,15.6,26.7,0.0,25.79,0.229,15.6,26.7,0.0
721,4464.1667,187,0.167,False,23.22,False,0.0,25.663,0.0,0.412504,0.0,0.0,0.003333,887.3942,378.0,0.08,0.033,0.155927,25.37,0.125,15.6,26.7,0.0,25.64,0.18,15.6,26.7,0.0,25.83,0.245,15.6,26.7,0.0,25.68,0.193,15.6,26.7,0.0,25.79,0.234,15.6,26.7,0.0
722,4464.3333,187,0.333,False,23.13,False,0.0,25.661,0.0,0.412504,0.0,0.0,0.003333,887.8067,378.5,0.08,0.033,0.156133,25.37,0.129,15.6,26.7,0.0,25.64,0.183,15.6,26.7,0.0,25.83,0.248,15.6,26.7,0.0,25.68,0.196,15.6,26.7,0.0,25.79,0.237,15.6,26.7,0.0
723,4464.5,187,0.5,False,23.05,False,0.0,25.657,0.0,0.412504,0.0,0.0,0.003333,888.2192,378.9,0.08,0.033,0.156298,25.37,0.132,15.6,26.7,0.0,25.63,0.185,15.6,26.7,0.0,25.82,0.251,15.6,26.7,0.0,25.67,0.198,15.6,26.7,0.0,25.79,0.24,15.6,26.7,0.0
724,4464.6667,187,0.667,False,22.97,False,0.0,25.652,0.0,0.412504,0.0,0.0,0.003333,888.6317,379.3,0.08,0.033,0.156463,25.37,0.135,15.6,26.7,0.0,25.62,0.187,15.6,26.7,0.0,25.82,0.253,15.6,26.7,0.0,25.67,0.201,15.6,26.7,0.0,25.78,0.242,15.6,26.7,0.0
725,4464.8333,187,0.833,False,22.88,False,0.0,25.645,0.0,0.412504,0.0,0.0,0.003333,889.0442,379.4,0.08,0.033,0.156504,25.36,0.137,15.6,26.7,0.0,25.62,0.188,15.6,26.7,0.0,25.81,0.255,15.6,26.7,0.0,25.66,0.202,15.6,26.7,0.0,25.77,0.244,15.6,26.7,0.0
726,4465.0,187,1.0,False,22.8,False,0.0,25.638,0.0,0.412504,0.0,0.0,0.003333,889.4567,379.5,0.08,0.033,0.156545,25.36,0.139,15.6,26.7,0.0,25.61,0.189,15.6,26.7,0.0,25.8,0.257,15.6,26.7,0.0,25.65,0.204,15.6,26.7,0.0,25.77,0.245,15.6,26.7,0.0
727,4465.1667,187,1.167,False,22.8,False,0.0,25.633,0.0,0.412504,0.0,0.0,0.003333,889.8692,379.4,0.08,0.033,0.156504,25.36,0.141,15.6,26.7,0.0,25.6,0.19,15.6,26.7,0.0,25.8,0.258,15.6,26.7,0.0,25.65,0.205,15.6,26.7,0.0,25.76,0.247,15.6,26.7,0.0
728,4465.3333,187,1.333,False,22.8,False,0.0,25.628,0.0,0.412504,0.0,0.0,0.436408,890.2817,379.3,0.08,0.033,0.156463,25.36,0.143,15.6,26.7,0.0,25.6,0.191,15.6,26.7,0.0,25.79,0.259,15.6,26.7,0.0,25.64,0.206,15.6,26.7,0.0,25.76,0.248,15.6,26.7,0.0
729,4465.5,187,1.5,False,22.8,False,0.0,25.624,0.0,0.412504,0.0,0.0,0.003333,890.6942,378.9,0.08,0.033,0.156298,25.36,0.144,15.6,26.7,0.0,25.59,0.191,15.6,26.7,0.0,25.78,0.259,15.6,26.7,0.0,25.64,0.207,15.6,26.7,0.0,25.75,0.248,15.6,26.7,0.0
730,4465.6667,187,1.667,False,22.8,False,0.0,25.619,0.0,0.412504,0.0,0.0,0.003333,891.1067,378.5,0.08,0.033,0.156133,25.36,0.145,15.6,26.7,0.0,25.58,0.191,15.6,26.7,0.0,25.78,0.259,15.6,26.7,0.0,25.63,0.207,15.6,26.7,0.0,25.74,0.248,15.6,26.7,0.0
731,4465.8333,187,1.833,False,22.8,False,0.0,25.614,0.0,0.412504,0.0,0.0,0.003333,891.5192,378.0,0.08,0.033,0.155927,25.36,0.146,15.6,26.7,0.0,25.58,0.191,15.6,26.7,0.0,25.77,0.259,15.6,26.7,0.0,25.63,0.207,15.6,26.7,0.0,25.74,0.248,15.6,26.7,0.0
732,4466.0,187,2.0,False,22.8,False,0.0,25.609,0.0,0.412504,0.0,0.0,0.003333,891.9317,377.3,0.08,0.033,0.155638,25.35,0.146,15.6,26.7,0.0,25.57,0.19,15.6,26.7,0.0,25.77,0.258,15.6,26.7,0.0,25.62,0.206,15.6,26.7,0.0,25.73,0.247,15.6,26.7,0.0
733,4466.1667,187,2.167,False,22.7,False,0.0,25.599,0.0,0.412504,0.0,0.0,0.003333,892.3443,376.5,0.08,0.033,0.155308,25.35,0.145,15.6,26.7,0.0,25.56,0.188,15.6,26.7,0.0,25.75,0.257,15.6,26.7,0.0,25.61,0.205,15.6,26.7,0.0,25.72,0.246,15.6,26.7,0.0
734,4466.3333,187,2.333,False,22.6,False,0.0,25.588,0.0,0.412504,0.0,0.0,0.003333,892.7568,375.6,0.08,0.033,0.154937,25.34,0.144,15.6,26.7,0.0,25.55,0.186,15.6,26.7,0.0,25.74,0.255,15.6,26.7,0.0,25.6,0.204,15.6,26.7,0.0,25.71,0.244,15.6,26.7,0.0
735,4466.5,187,2.5,False,22.5,False,0.0,25.575,0.0,0.412504,0.0,0.0,0.003333,893.1693,374.6,0.08,0.033,0.154524,25.33,0.144,15.6,26.7,0.0,25.53,0.184,15.6,26.7,0.0,25.73,0.253,15.6,26.7,0.0,25.59,0.202,15.6,26.7,0.0,25.69,0.242,15.6,26.7,0.0
736,4466.6667,187,2.667,False,22.4,False,0.0,25.561,0.0,0.412504,0.0,0.0,0.003333,893.5818,373.4,0.08,0.033,0.154029,25.32,0.143,15.6,26.7,0.0,25.52,0.182,15.6,26.7,0.0,25.71,0.251,15.6,26.7,0.0,25.58,0.2,15.6,26.7,0.0,25.68,0.24,15.6,26.7,0.0
737,4466.8333,187,2.833,False,22.3,False,0.0,25.547,0.0,0.412504,0.0,0.0,0.436399,893.9943,372.2,0.08,0.033,0.153534,25.31,0.142,15.6,26.7,0.0,25.5,0.18,15.6,26.7,0.0,25.7,0.249,15.6,26.7,0.0,25.56,0.198,15.6,26.7,0.0,25.66,0.238,15.6,26.7,0.0
738,4467.0,187,3.0,False,22.2,False,0.0,25.532,0.0,0.412504,0.0,0.0,0.003333,894.4068,370.8,0.08,0.033,0.152956,25.3,0.141,15.6,26.7,0.0,25.49,0.178,15.6,26.7,0.0,25.68,0.246,15.6,26.7,0.0,25.55,0.197,15.6,26.7,0.0,25.65,0.236,15.6,26.7,0.0
739,4467.1667,187,3.167,False,22.2,False,0.0,25.522,0.0,0.412504,0.0,0.0,0.003333,894.8193,369.4,0.08,0.033,0.152379,25.29,0.14,15.6,26.7,0.0,25.47,0.176,15.6,26.7,0.0,25.67,0.245,15.6,26.7,0.0,25.54,0.195,15.6,26.7,0.0,25.64,0.234,15.6,26.7,0.0
740,4467.3333,187,3.333,False,22.2,False,0.0,25.513,0.0,0.412504,0.0,0.0,0.003333,895.2318,367.8,0.08,0.033,0.151719,25.29,0.139,15.6,26.7,0.0,25.46,0.174,15.6,26.7,0.0,25.66,0.243,15.6,26.7,0.0,25.53,0.194,15.6,26.7,0.0,25.63,0.232,15.6,26.7,0.0
741,4467.5,187,3.5,False,22.2,False,0.0,25.504,0.0,0.412504,0.0,0.0,0.003333,895.6443,366.1,0.08,0.033,0.151018,25.28,0.137,15.6,26.7,0.0,25.45,0.172,15.6,26.7,0.0,25.65,0.24,15.6,26.7,0.0,25.52,0.192,15.6,26.7,0.0,25.62,0.23,15.6,26.7,0.0
742,4467.6667,187,3.667,False,22.2,False,0.0,25.496,0.0,0.412504,0.0,0.0,0.003333,896.0568,364.4,0.08,0.033,0.150316,25.28,0.135,15.6,26.7,0.0,25.45,0.17,15.6,26.7,0.0,25.64,0.238,15.6,26.7,0.0,25.51,0.19,15.6,26.7,0.0,25.61,0.227,15.6,26.7,0.0
743,4467.8333,187,3.833,False,22.2,False,0.0,25.488,0.0,0.412504,0.0,0.0,0.003333,896.4693,362.5,0.08,0.033,0.149533,25.27,0.133,15.6,26.7,0.0,25.44,0.167,15.6,26.7,0.0,25.63,0.235,15.6,26.7,0.0,25.5,0.187,15.6,26.7,0.0,25.6,0.224,15.6,26.7,0.0
744,4468.0,187,4.0,False,22.2,False,0.0,25.48,0.0,0.412504,0.0,0.0,0.003333,896.8818,360.5,0.08,0.033,0.148708,25.27,0.131,15.6,26.7,0.0,25.43,0.164,15.6,26.7,0.0,25.62,0.231,15.6,26.7,0.0,25.5,0.184,15.6,26.7,0.0,25.59,0.221,15.6,26.7,0.0
745,4468.1667,187,4.167,False,22.2,False,0.0,25.482,0.0,0.458338,0.0,0.0,0.003333,897.3401,358.5,0.08,0.036667,0.164314,25.27,0.131,15.6,26.7,0.0,25.43,0.164,15.6,26.7,0.0,25.62,0.231,15.6,26.7,0.0,25.5,0.184,15.6,26.7,0.0,25.59,0.22,15.6,26.7,0.0
746,4468.3333,187,4.333,False,22.2,False,0.0,25.481,0.0,0.458338,0.0,0.0,0.436395,897.7985,356.4,0.08,0.036667,0.163352,25.28,0.132,15.6,26.7,0.0,25.43,0.163,15.6,26.7,0.0,25.62,0.229,15.6,26.7,0.0,25.5,0.183,15.6,26.7,0.0,25.58,0.219,15.6,26.7,0.0
747,4468.5,187,4.5,False,22.2,False,0.0,25.477,0.0,0.458338,0.0,0.0,0.003333,898.2568,354.2,0.08,0.036667,0.162343,25.28,0.132,15.6,26.7,0.0,25.42,0.161,15.6,26.7,0.0,25.61,0.227,15.6,26.7,0.0,25.49,0.182,15.6,26.7,0.0,25.58,0.217,15.6,26.7,0.0
748,4468.6667,187,4.667,False,22.2,False,0.0,25.472,0.0,0.458338,0.0,0.0,0.003333,898.7151,351.9,0.08,0.036667,0.161289,25.28,0.131,15.6,26.7,0.0,25.41,0.159,15.6,26.7,0.0,25.6,0.226,15.6,26.7,0.0,25.49,0.181,15.6,26.7,0.0,25.57,0.215,15.6,26.7,0.0
749,4468.8333,187,4.833,False,22.2,False,0.0,25.466,0.0,0.458338,0.0,0.0,0.003333,899.1735,349.5,0.08,0.036667,0.160189,25.28,0.131,15.6,26.7,0.0,25.41,0.158,15.6,26.7,0.0,25.6,0.224,15.6,26.7,0.0,25.48,0.179,15.6,26.7,0.0,25.56,0.213,15.6,26.7,0.0
750,4469.0,187,5.0,False,22.2,False,0.0,25.459,0.0,0.458338,0.0,0.0,0.003333,899.6318,347.1,0.08,0.036667,0.159089,25.28,0.131,15.6,26.7,0.0,25.4,0.156,15.6,26.7,0.0,25.59,0.222,15.6,26.7,0.0,25.47,0.178,15.6,26.7,0.0,25.56,0.212,15.6,26.7,0.0
751,4469.25,187,5.25,False,22.2,True,2.75,24.138,0.083,1.419108,0.96077,0.616216,0.003333,901.0509,343.4,0.08,0.113529,0.487322,24.09,-0.083,21.0,24.0,0.81,24.1,-0.076,21.0,24.0,0.61,24.2,-0.028,21.0,24.0,0.36,24.11,-0.063,21.0,24.0,0.61,24.19,-0.034,21.0,24.0,0.36
752,4469.3333,187,5.333,False,22.2,True,2.75,24.01,0.144,1.254794,0.796457,0.451902,0.003333,902.3057,342.1,0.08,0.100384,0.429265,24.0,-0.144,21.0,24.0,0.81,24.0,-0.143,21.0,24.0,0.61,24.02,-0.116,21.0,24.0,0.36,24.0,-0.135,21.0,24.0,0.61,24.02,-0.121,21.0,24.0,0.36
753,4469.5,187,5.5,False,22.2,True,2.75,24.002,0.173,1.208269,0.749932,0.405377,0.003333,903.514,339.5,0.08,0.096662,0.410207,24.0,-0.171,21.0,24.0,0.81,24.0,-0.173,21.0,24.0,0.61,24.01,-0.151,21.0,24.0,0.36,24.0,-0.166,21.0,24.0,0.61,24.01,-0.156,21.0,24.0,0.36
754,4469.6667,187,5.667,False,22.2,True,2.75,24.0,0.198,1.177887,0.719549,0.374995,0.003333,904.6919,336.9,0.08,0.094231,0.39683,24.0,-0.193,21.0,24.0,0.81,24.0,-0.198,21.0,24.0,0.61,24.0,-0.179,21.0,24.0,0.36,24.0,-0.191,21.0,24.0,0.61,24.0,-0.184,21.0,24.0,0.36
755,4469.8333,187,5.833,False,22.2,True,2.75,24.0,0.215,1.162504,0.704166,0.359612,0.436394,905.8544,334.2,0.08,0.093,0.388509,24.0,-0.213,21.0,24.0,0.81,24.0,-0.215,21.0,24.0,0.61,24.0,-0.18,21.0,24.0,0.36,24.0,-0.202,21.0,24.0,0.61,24.0,-0.205,21.0,24.0,0.36
756,4470.0,187,6.0,False,22.2,True,2.75,24.0,0.231,1.150161,0.691823,0.347269,0.003333,907.0045,331.5,0.08,0.092013,0.381278,24.0,-0.229,21.0,24.0,0.81,24.0,-0.231,21.0,24.0,0.61,24.0,-0.187,21.0,24.0,0.36,24.0,-0.215,21.0,24.0,0.61,24.0,-0.222,21.0,24.0,0.36
757,4470.1667,187,6.167,False,22.38,True,5.5,23.999,0.23,1.333535,0.691863,0.347308,0.003333,908.3381,328.8,0.08,0.106683,0.438466,24.0,-0.229,21.0,24.0,1.61,24.0,-0.23,21.0,24.0,1.22,24.0,-0.179,21.0,24.0,0.72,24.0,-0.211,21.0,24.0,1.22,24.0,-0.224,21.0,24.0,0.72
758,4470.3333,187,6.333,False,22.57,True,5.5,24.0,0.232,1.34124,0.699567,0.355013,0.003333,909.6793,326.0,0.08,0.107299,0.437244,24.0,-0.231,21.0,24.0,1.61,24.0,-0.232,21.0,24.0,1.22,24.0,-0.175,21.0,24.0,0.72,24.0,-0.211,21.0,24.0,1.22,24.0,-0.227,21.0,24.0,0.72
759,4470.5833,187,6.583,False,22.75,True,5.5,24.0,0.234,1.347648,0.705975,0.361421,0.003333,911.027,321.8,0.08,0.107812,0.433673,24.0,-0.234,21.0,24.0,1.61,24.0,-0.233,21.0,24.0,1.22,24.0,-0.17,21.0,24.0,0.72,24.0,-0.211,21.0,24.0,1.22,24.0,-0.23,21.0,24.0,0.72
760,4470.75,187,6.75,False,22.93,True,5.5,24.0,0.236,1.354189,0.712516,0.367962,0.003333,912.3812,319.0,0.08,0.108335,0.431986,24.0,-0.236,21.0,24.0,1.61,24.0,-0.232,21.0,24.0,1.22,24.0,-0.167,21.0,24.0,0.72,24.0,-0.212,21.0,24.0,1.22,24.0,-0.231,21.0,24.0,0.72
761,4470.9167,187,6.917,False,23.12,True,5.5,24.0,0.237,1.360494,0.718821,0.374267,0.003333,913.7417,316.2,0.08,0.10884,0.430188,24.0,-0.237,21.0,24.0,1.61,24.0,-0.232,21.0,24.0,1.22,24.0,-0.165,21.0,24.0,0.72,24.0,-0.213,21.0,24.0,1.22,24.0,-0.232,21.0,24.0,0.72
762,4471.0833,187,7.083,False,23.3,True,5.5,24.0,0.239,1.366919,0.725246,0.380692,0.003333,915.1086,313.3,0.08,0.109354,0.428256,24.0,-0.239,21.0,24.0,1.61,24.0,-0.231,21.0,24.0,1.22,24.0,-0.163,21.0,24.0,0.72,24.0,-0.213,21.0,24.0,1.22,24.0,-0.232,21.0,24.0,0.72
763,4471.2222,187,7.222,False,23.68,True,26.14,23.999,0.214,2.566037,0.916021,0.571467,0.436459,917.6746,311.0,0.08,0.205283,0.798037,24.0,-0.214,21.0,24.0,7.65,24.0,-0.207,21.0,24.0,5.8,24.0,-0.138,21.0,24.0,3.44,24.0,-0.191,21.0,24.0,5.8,24.0,-0.209,21.0,24.0,3.44
764,4471.3889,187,7.389,False,24.07,True,26.14,23.999,0.211,2.598304,0.948288,0.603734,0.003333,920.2729,308.2,0.08,0.207864,0.800797,24.0,-0.211,21.0,24.0,7.65,24.0,-0.201,21.0,24.0,5.8,24.0,-0.13,21.0,24.0,3.44,24.0,-0.187,21.0,24.0,5.8,24.0,-0.203,21.0,24.0,3.44
765,4471.5556,187,7.556,False,24.45,True,26.14,23.999,0.209,2.61725,0.967234,0.62268,0.003333,922.8902,305.4,0.08,0.20938,0.799308,24.0,-0.209,21.0,24.0,7.65,24.0,-0.196,21.0,24.0,5.8,24.0,-0.129,21.0,24.0,3.44,24.0,-0.186,21.0,24.0,5.8,24.0,-0.199,21.0,24.0,3.44
766,4471.7222,187,7.722,False,24.83,True,26.14,23.999,0.208,2.640074,0.990058,0.645504,0.003333,925.5302,302.6,0.08,0.211206,0.798887,24.0,-0.208,21.0,24.0,7.65,24.0,-0.193,21.0,24.0,5.8,24.0,-0.108,21.0,24.0,3.44,24.0,-0.182,21.0,24.0,5.8,24.0,-0.195,21.0,24.0,3.44
767,4471.875,187,7.875,False,25.22,True,26.14,23.999,0.208,2.66098,1.010964,0.66641,0.003333,928.1912,300.1,0.08,0.212878,0.79856,24.0,-0.208,21.0,24.0,7.65,24.0,-0.189,21.0,24.0,5.8,24.0,-0.092,21.0,24.0,3.44,24.0,-0.181,21.0,24.0,5.8,24.0,-0.192,21.0,24.0,3.44
768,4472.0417,187,8.042,False,25.6,True,26.14,23.999,0.208,2.683425,1.033409,0.688855,0.003333,930.8746,297.3,0.08,0.214674,0.797782,24.0,-0.208,21.0,24.0,7.65,24.0,-0.185,21.0,24.0,5.8,24.0,-0.07,21.0,24.0,3.44,24.0,-0.179,21.0,24.0,5.8,24.0,-0.189,21.0,24.0,3.44
769,4472.2,187,8.2,False,25.87,True,26.14,24.0,0.208,2.699508,1.049492,0.704938,0.003333,933.5742,294.8,0.08,0.215961,0.795815,24.0,-0.208,21.0,24.0,7.65,24.0,-0.182,21.0,24.0,5.8,24.0,-0.054,21.0,24.0,3.44,24.0,-0.179,21.0,24.0,5.8,24.0,-0.186,21.0,24.0,3.44
770,4472.3667,187,8.367,False,26.13,True,26.14,24.0,0.208,2.715187,1.065171,0.720617,0.436476,936.2893,292.1,0.08,0.217215,0.793106,24.0,-0.208,21.0,24.0,7.65,24.0,-0.18,21.0,24.0,5.8,24.0,-0.037,21.0,24.0,3.44,24.0,-0.179,21.0,24.0,5.8,24.0,-0.184,21.0,24.0,3.44
771,4472.5333,187,8.533,False,26.4,True,26.14,24.0,0.209,2.736078,1.086062,0.741508,0.003333,939.0254,289.5,0.08,0.218886,0.792095,24.0,-0.209,21.0,24.0,7.65,24.0,-0.177,21.0,24.0,5.8,24.0,-0.022,21.0,24.0,3.44,24.0,-0.178,21.0,24.0,5.8,24.0,-0.183,21.0,24.0,3.44
772,4472.7,187,8.7,False,26.67,True,26.14,24.0,0.209,2.750577,1.100561,0.756006,0.003333,941.776,286.9,0.08,0.220046,0.78914,24.0,-0.209,21.0,24.0,7.65,24.0,-0.174,21.0,24.0,5.8,24.0,-0.013,21.0,24.0,3.44,24.0,-0.176,21.0,24.0,5.8,24.0,-0.18,21.0,24.0,3.44
773,4472.8667,187,8.867,False,26.93,True,26.14,24.0,0.21,2.763181,1.113165,0.768611,0.003333,944.5392,284.4,0.08,0.221054,0.785849,24.0,-0.21,21.0,24.0,7.65,24.0,-0.172,21.0,24.0,5.8,24.0,-0.007,21.0,24.0,3.44,24.0,-0.174,21.0,24.0,5.8,24.0,-0.179,21.0,24.0,3.44
774,4473.0333,187,9.033,False,27.2,True,26.14,24.0,0.21,2.775081,1.125065,0.780511,0.003333,947.3143,282.0,0.08,0.222006,0.782573,24.0,-0.21,21.0,24.0,7.65,24.0,-0.17,21.0,24.0,5.8,24.0,-0.002,21.0,24.0,3.44,24.0,-0.173,21.0,24.0,5.8,24.0,-0.177,21.0,24.0,3.44
775,4473.2,187,9.2,False,27.3,True,26.14,24.0,0.21,2.78434,1.134324,0.78977,0.003333,950.0986,279.6,0.08,0.222747,0.778501,24.0,-0.21,21.0,24.0,7.65,24.0,-0.168,21.0,24.0,5.8,24.0,0.003,21.0,24.0,3.44,24.0,-0.171,21.0,24.0,5.8,24.0,-0.175,21.0,24.0,3.44
776,4473.3667,187,9.367,False,27.4,True,26.14,24.0,0.209,2.794132,1.144116,0.799562,0.436477,952.8927,277.3,0.08,0.223531,0.774813,24.0,-0.209,21.0,24.0,7.65,24.0,-0.165,21.0,24.0,5.8,24.0,0.007,21.0,24.0,3.44,24.0,-0.168,21.0,24.0,5.8,24.0,-0.172,21.0,24.0,3.44
777,4473.5333,187,9.533,False,27.5,True,26.14,24.0,0.207,2.803406,1.15339,0.808836,0.003333,955.6961,275.1,0.08,0.224272,0.771217,24.0,-0.207,21.0,24.0,7.65,24.0,-0.161,21.0,24.0,5.8,24.0,0.007,21.0,24.0,3.44,24.0,-0.165,21.0,24.0,5.8,24.0,-0.169,21.0,24.0,3.44
778,4473.7,187,9.7,False,27.6,True,26.14,24.0,0.206,2.809449,1.159432,0.814878,0.003333,958.5056,272.9,0.08,0.224756,0.766699,24.0,-0.206,21.0,24.0,7.65,24.0,-0.159,21.0,24.0,5.8,24.0,-0.003,21.0,24.0,3.44,24.0,-0.163,21.0,24.0,5.8,24.0,-0.166,21.0,24.0,3.44
779,4473.875,187,9.875,False,27.7,True,26.14,24.0,0.204,2.814797,1.164781,0.820227,0.003333,961.3204,270.8,0.08,0.225184,0.762247,24.0,-0.204,21.0,24.0,7.65,24.0,-0.157,21.0,24.0,5.8,24.0,-0.013,21.0,24.0,3.44,24.0,-0.161,21.0,24.0,5.8,24.0,-0.163,21.0,24.0,3.44
780,4474.0556,187,10.056,False,27.8,True,26.14,23.999,0.201,2.81976,1.169743,0.825189,0.003333,964.1401,268.7,0.08,0.225581,0.757669,24.0,-0.201,21.0,24.0,7.65,24.0,-0.154,21.0,24.0,5.8,24.0,-0.025,21.0,24.0,3.44,24.0,-0.158,21.0,24.0,5.8,24.0,-0.16,21.0,24.0,3.44
781,4474.2222,187,10.222,False,27.88,True,26.14,23.999,0.199,2.822944,1.172928,0.828374,0.003333,966.9631,266.9,0.08,0.225836,0.753444,24.0,-0.199,21.0,24.0,7.65,24.0,-0.152,21.0,24.0,5.8,24.0,-0.035,21.0,24.0,3.44,24.0,-0.156,21.0,24.0,5.8,24.0,-0.158,21.0,24.0,3.44
782,4474.4167,187,10.417,False,27.97,True,26.14,23.999,0.197,2.825985,1.175969,0.831415,0.436473,969.7891,264.9,0.08,0.226079,0.748603,24.0,-0.197,21.0,24.0,7.65,24.0,-0.151,21.0,24.0,5.8,24.0,-0.046,21.0,24.0,3.44,24.0,-0.155,21.0,24.0,5.8,24.0,-0.156,21.0,24.0,3.44
783,4474.5833,187,10.583,False,28.05,True,26.14,23.999,0.196,2.828896,1.17888,0.834326,0.003333,972.618,263.4,0.08,0.226312,0.745131,24.0,-0.196,21.0,24.0,7.65,24.0,-0.149,21.0,24.0,5.8,24.0,-0.057,21.0,24.0,3.44,24.0,-0.153,21.0,24.0,5.8,24.0,-0.154,21.0,24.0,3.44
784,4474.75,187,10.75,False,28.13,True,26.14,23.999,0.194,2.834435,1.184419,0.839865,0.003333,975.4524,262.0,0.08,0.226755,0.742622,24.0,-0.194,21.0,24.0,7.65,24.0,-0.146,21.0,24.0,5.8,24.0,-0.062,21.0,24.0,3.44,24.0,-0.151,21.0,24.0,5.8,24.0,-0.151,21.0,24.0,3.44
785,4474.8889,187,10.889,False,28.22,True,26.14,23.999,0.192,2.840509,1.190493,0.845938,0.003333,978.2929,260.9,0.08,0.227241,0.741089,24.0,-0.192,21.0,24.0,7.65,24.0,-0.143,21.0,24.0,5.8,24.0,-0.067,21.0,24.0,3.44,24.0,-0.148,21.0,24.0,5.8,24.0,-0.149,21.0,24.0,3.44
786,4475.0556,187,11.056,False,28.3,True,26.14,23.999,0.191,2.844978,1.194961,0.850407,0.003333,981.1379,259.8,0.08,0.227598,0.739125,24.0,-0.191,21.0,24.0,7.65,24.0,-0.142,21.0,24.0,5.8,24.0,-0.073,21.0,24.0,3.44,24.0,-0.146,21.0,24.0,5.8,24.0,-0.147,21.0,24.0,3.44
787,4475.2083,187,11.208,False,28.58,True,13.76,24.0,0.193,2.711986,1.153638,0.809084,0.436497,983.8499,258.9,0.08,0.216959,0.702133,24.0,-0.193,21.0,24.0,4.03,24.0,-0.143,21.0,24.0,3.05,24.0,-0.084,21.0,24.0,1.81,24.0,-0.147,21.0,24.0,3.05,24.0,-0.147,21.0,24.0,1.81
788,4475.375,187,11.375,False,28.87,True,13.76,24.0,0.192,2.720436,1.162087,0.817533,0.003333,986.5703,258.1,0.08,0.217635,0.702144,24.0,-0.192,21.0,24.0,4.03,24.0,-0.141,21.0,24.0,3.05,24.0,-0.093,21.0,24.0,1.81,24.0,-0.146,21.0,24.0,3.05,24.0,-0.146,21.0,24.0,1.81
789,4475.5333,187,11.533,False,29.15,True,13.76,24.0,0.192,2.730822,1.172474,0.827919,0.003333,989.3011,257.5,0.08,0.218466,0.703187,24.0,-0.192,21.0,24.0,4.03,24.0,-0.139,21.0,24.0,3.05,24.0,-0.1,21.0,24.0,1.81,24.0,-0.145,21.0,24.0,3.05,24.0,-0.145,21.0,24.0,1.81
790,4475.7,187,11.7,False,29.43,True,13.76,24.0,0.191,2.741072,1.182724,0.838169,0.003333,992.0422,257.1,0.08,0.219286,0.70473,24.0,-0.191,21.0,24.0,4.03,24.0,-0.139,21.0,24.0,3.05,24.0,-0.102,21.0,24.0,1.81,24.0,-0.145,21.0,24.0,3.05,24.0,-0.144,21.0,24.0,1.81
791,4475.875,187,11.875,False,29.72,True,13.76,24.0,0.19,2.751385,1.193036,0.848482,0.003333,994.7936,256.9,0.08,0.220111,0.706831,24.0,-0.19,21.0,24.0,4.03,24.0,-0.139,21.0,24.0,3.05,24.0,-0.103,21.0,24.0,1.81,24.0,-0.144,21.0,24.0,3.05,24.0,-0.144,21.0,24.0,1.81
792,4476.0556,187,12.056,False,30.0,True,13.76,24.0,0.19,2.761806,1.203457,0.858903,0.003333,997.5554,257.0,0.08,0.220944,0.709784,24.0,-0.19,21.0,24.0,4.03,24.0,-0.139,21.0,24.0,3.05,24.0,-0.105,21.0,24.0,1.81,24.0,-0.144,21.0,24.0,3.05,24.0,-0.144,21.0,24.0,1.81
793,4476.2222,187,12.222,False,30.28,True,26.14,23.999,0.186,2.917994,1.267978,0.923424,0.436493,1000.4734,257.4,0.08,0.23344,0.751092,24.0,-0.186,21.0,24.0,7.65,24.0,-0.135,21.0,24.0,5.8,24.0,-0.102,21.0,24.0,3.44,24.0,-0.14,21.0,24.0,5.8,24.0,-0.14,21.0,24.0,3.44
794,4476.4167,187,12.417,False,30.57,True,26.14,23.999,0.185,2.930839,1.280823,0.936269,0.003333,1003.4042,258.3,0.08,0.234467,0.757036,24.0,-0.185,21.0,24.0,7.65,24.0,-0.134,21.0,24.0,5.8,24.0,-0.102,21.0,24.0,3.44,24.0,-0.139,21.0,24.0,5.8,24.0,-0.139,21.0,24.0,3.44
795,4476.5833,187,12.583,False,30.85,True,26.14,23.999,0.184,2.942359,1.292343,0.947789,0.003333,1006.3466,259.3,0.08,0.235389,0.762954,24.0,-0.184,21.0,24.0,7.65,24.0,-0.132,21.0,24.0,5.8,24.0,-0.101,21.0,24.0,3.44,24.0,-0.138,21.0,24.0,5.8,24.0,-0.138,21.0,24.0,3.44
796,4476.75,187,12.75,False,31.13,True,26.14,23.999,0.184,2.954454,1.304438,0.959884,0.003333,1009.301,260.7,0.08,0.236356,0.770226,24.0,-0.184,21.0,24.0,7.65,24.0,-0.131,21.0,24.0,5.8,24.0,-0.101,21.0,24.0,3.44,24.0,-0.136,21.0,24.0,5.8,24.0,-0.137,21.0,24.0,3.44
797,4476.8333,187,12.833,False,31.42,True,26.14,23.999,0.184,2.966875,1.316859,0.972305,0.003333,1012.2679,261.5,0.08,0.23735,0.775838,24.0,-0.184,21.0,24.0,7.65,24.0,-0.129,21.0,24.0,5.8,24.0,-0.1,21.0,24.0,3.44,24.0,-0.135,21.0,24.0,5.8,24.0,-0.136,21.0,24.0,3.44
798,4477.0,187,13.0,False,31.7,True,26.14,23.999,0.184,2.979092,1.329076,0.984522,0.436464,1015.247,263.5,0.08,0.238327,0.784991,24.0,-0.184,21.0,24.0,7.65,24.0,-0.127,21.0,24.0,5.8,24.0,-0.099,21.0,24.0,3.44,24.0,-0.134,21.0,24.0,5.8,24.0,-0.135,21.0,24.0,3.44
799,4477.1667,187,13.167,False,31.78,True,26.14,23.999,0.184,2.983373,1.333357,0.988803,0.003333,1018.2304,265.9,0.08,0.23867,0.793279,24.0,-0.184,21.0,24.0,7.65,24.0,-0.126,21.0,24.0,5.8,24.0,-0.098,21.0,24.0,3.44,24.0,-0.132,21.0,24.0,5.8,24.0,-0.134,21.0,24.0,3.44
800,4477.3333,187,13.333,False,31.87,True,26.14,23.999,0.185,2.987171,1.337155,0.992601,0.003333,1021.2176,268.7,0.08,0.238974,0.802653,24.0,-0.185,21.0,24.0,7.65,24.0,-0.124,21.0,24.0,5.8,24.0,-0.097,21.0,24.0,3.44,24.0,-0.131,21.0,24.0,5.8,24.0,-0.133,21.0,24.0,3.44
801,4477.5,187,13.5,False,31.95,True,26.14,23.999,0.185,2.993926,1.34391,0.999356,0.003333,1024.2115,271.9,0.08,0.239514,0.814049,24.0,-0.185,21.0,24.0,7.65,24.0,-0.121,21.0,24.0,5.8,24.0,-0.094,21.0,24.0,3.44,24.0,-0.129,21.0,24.0,5.8,24.0,-0.13,21.0,24.0,3.44
802,4477.6667,187,13.667,False,32.03,True,26.14,23.999,0.185,2.992907,1.342891,0.998337,0.003333,1027.2044,275.7,0.08,0.239433,0.825144,24.0,-0.185,21.0,24.0,7.65,24.0,-0.118,21.0,24.0,5.8,24.0,-0.092,21.0,24.0,3.44,24.0,-0.126,21.0,24.0,5.8,24.0,-0.127,21.0,24.0,3.44
803,4477.8333,187,13.833,False,32.12,True,26.14,23.999,0.185,3.001185,1.351169,1.006615,0.003333,1030.2056,280.0,0.08,0.240095,0.840332,24.0,-0.185,21.0,24.0,7.65,24.0,-0.115,21.0,24.0,5.8,24.0,-0.09,21.0,24.0,3.44,24.0,-0.124,21.0,24.0,5.8,24.0,-0.12,21.0,24.0,3.44
804,4478.0,187,14.0,False,32.2,True,26.14,23.999,0.185,3.010122,1.360106,1.015552,0.003333,1033.2157,284.8,0.08,0.24081,0.857283,24.0,-0.185,21.0,24.0,7.65,24.0,-0.112,21.0,24.0,5.8,24.0,-0.087,21.0,24.0,3.44,24.0,-0.121,21.0,24.0,5.8,24.0,-0.11,21.0,24.0,3.44
805,4478.1667,187,14.167,False,32.3,True,26.14,23.999,0.185,3.022272,1.372256,1.027702,0.436462,1036.238,290.1,0.08,0.241782,0.876761,24.0,-0.185,21.0,24.0,7.65,24.0,-0.108,21.0,24.0,5.8,24.0,-0.084,21.0,24.0,3.44,24.0,-0.118,21.0,24.0,5.8,24.0,-0.1,21.0,24.0,3.44
806,4478.3333,187,14.333,False,32.4,True,26.14,23.999,0.184,3.033597,1.38358,1.039026,0.003333,1039.2716,296.0,0.08,0.242688,0.897945,24.0,-0.184,21.0,24.0,7.65,24.0,-0.104,21.0,24.0,5.8,24.0,-0.081,21.0,24.0,3.44,24.0,-0.115,21.0,24.0,5.8,24.0,-0.09,21.0,24.0,3.44
807,4478.5,187,14.5,False,32.5,True,26.14,23.999,0.184,3.044846,1.39483,1.050276,0.003333,1042.3164,302.5,0.08,0.243588,0.921066,24.0,-0.184,21.0,24.0,7.65,24.0,-0.101,21.0,24.0,5.8,24.0,-0.078,21.0,24.0,3.44,24.0,-0.112,21.0,24.0,5.8,24.0,-0.08,21.0,24.0,3.44
808,4478.6667,187,14.667,False,32.6,True,26.14,23.999,0.183,3.053703,1.403687,1.059133,0.003333,1045.3701,309.6,0.08,0.244296,0.945426,24.0,-0.183,21.0,24.0,7.65,24.0,-0.1,21.0,24.0,5.8,24.0,-0.077,21.0,24.0,3.44,24.0,-0.111,21.0,24.0,5.8,24.0,-0.07,21.0,24.0,3.44
809,4478.8333,187,14.833,False,32.7,True,26.14,23.999,0.182,3.061672,1.411656,1.067102,0.003333,1048.4318,317.3,0.08,0.244934,0.971468,24.0,-0.182,21.0,24.0,7.65,24.0,-0.099,21.0,24.0,5.8,24.0,-0.077,21.0,24.0,3.44,24.0,-0.111,21.0,24.0,5.8,24.0,-0.061,21.0,24.0,3.44
810,4479.0,187,15.0,False,32.8,True,26.14,23.999,0.182,3.069322,1.419306,1.074751,0.003333,1051.5011,325.5,0.08,0.245546,0.999064,24.0,-0.182,21.0,24.0,7.65,24.0,-0.099,21.0,24.0,5.8,24.0,-0.077,21.0,24.0,3.44,24.0,-0.11,21.0,24.0,5.8,24.0,-0.051,21.0,24.0,3.44
811,4479.1667,187,15.167,False,32.43,True,26.14,23.999,0.181,3.059202,1.409186,1.064632,0.436453,1054.5603,334.4,0.08,0.244736,1.022997,24.0,-0.181,21.0,24.0,7.65,24.0,-0.1,21.0,24.0,5.8,24.0,-0.078,21.0,24.0,3.44,24.0,-0.111,21.0,24.0,5.8,24.0,-0.043,21.0,24.0,3.44
812,4479.4167,187,15.417,False,32.07,True,26.14,23.999,0.179,3.050158,1.400142,1.055588,0.003333,1057.6105,348.6,0.08,0.244013,1.063285,24.0,-0.179,21.0,24.0,7.65,24.0,-0.101,21.0,24.0,5.8,24.0,-0.079,21.0,24.0,3.44,24.0,-0.111,21.0,24.0,5.8,24.0,-0.03,21.0,24.0,3.44
813,4479.5833,187,15.583,False,31.7,True,26.14,23.999,0.177,3.040632,1.390616,1.046062,0.003333,1060.6511,358.8,0.08,0.243251,1.090979,24.0,-0.177,21.0,24.0,7.65,24.0,-0.102,21.0,24.0,5.8,24.0,-0.08,21.0,24.0,3.44,24.0,-0.112,21.0,24.0,5.8,24.0,-0.02,21.0,24.0,3.44
814,4479.75,187,15.75,False,31.33,True,26.14,23.999,0.175,3.028141,1.378125,1.033571,0.003333,1063.6792,369.4,0.08,0.242251,1.118595,24.0,-0.175,21.0,24.0,7.65,24.0,-0.102,21.0,24.0,5.8,24.0,-0.08,21.0,24.0,3.44,24.0,-0.112,21.0,24.0,5.8,24.0,-0.023,21.0,24.0,3.44
815,4479.8889,187,15.889,False,30.97,True,26.14,23.999,0.173,3.015467,1.365451,1.020897,0.003333,1066.6947,378.5,0.08,0.241237,1.141354,24.0,-0.173,21.0,24.0,7.65,24.0,-0.103,21.0,24.0,5.8,24.0,-0.08,21.0,24.0,3.44,24.0,-0.111,21.0,24.0,5.8,24.0,-0.024,21.0,24.0,3.44
816,4480.0417,187,16.042,False,30.6,True,26.14,23.999,0.171,3.001964,1.351948,1.007394,0.003333,1069.6967,388.9,0.34,1.020668,1.167464,24.0,-0.171,21.0,24.0,7.65,24.0,-0.103,21.0,24.0,5.8,24.0,-0.08,21.0,24.0,3.44,24.0,-0.111,21.0,24.0,5.8,24.0,-0.028,21.0,24.0,3.44
817,4480.2083,187,16.208,False,30.22,True,8.25,24.0,0.189,2.098482,1.181806,0.837252,0.436456,1071.7951,400.5,0.34,0.713484,0.840442,24.0,-0.189,21.0,24.0,2.42,24.0,-0.121,21.0,24.0,1.83,24.0,-0.098,21.0,24.0,1.09,24.0,-0.129,21.0,24.0,1.83,24.0,-0.056,21.0,24.0,1.09
818,4480.375,187,16.375,False,29.83,True,8.25,24.0,0.193,2.062609,1.145933,0.801379,0.003333,1073.8578,412.3,0.34,0.701287,0.850414,24.0,-0.193,21.0,24.0,2.42,24.0,-0.127,21.0,24.0,1.83,24.0,-0.104,21.0,24.0,1.09,24.0,-0.134,21.0,24.0,1.83,24.0,-0.074,21.0,24.0,1.09
819,4480.5417,187,16.542,False,29.45,True,8.25,24.0,0.196,2.035911,1.119235,0.774681,0.003333,1075.8937,424.2,0.34,0.69221,0.863633,24.0,-0.196,21.0,24.0,2.42,24.0,-0.131,21.0,24.0,1.83,24.0,-0.109,21.0,24.0,1.09,24.0,-0.139,21.0,24.0,1.83,24.0,-0.088,21.0,24.0,1.09
820,4480.7,187,16.7,False,29.07,True,8.25,24.0,0.199,2.009597,1.092921,0.748367,0.003333,1077.9033,435.6,0.34,0.683263,0.87538,24.0,-0.199,21.0,24.0,2.42,24.0,-0.138,21.0,24.0,1.83,24.0,-0.116,21.0,24.0,1.09,24.0,-0.145,21.0,24.0,1.83,24.0,-0.099,21.0,24.0,1.09
821,4480.8667,187,16.867,False,28.68,True,8.25,24.0,0.201,1.983873,1.067197,0.722643,0.003333,1079.8871,447.5,0.34,0.674517,0.887783,24.0,-0.201,21.0,24.0,2.42,24.0,-0.144,21.0,24.0,1.83,24.0,-0.122,21.0,24.0,1.09,24.0,-0.15,21.0,24.0,1.83,24.0,-0.11,21.0,24.0,1.09
822,4481.0333,187,17.033,False,28.3,True,8.25,24.0,0.203,1.958813,1.042137,0.697583,0.003333,1081.8459,459.4,0.34,0.665996,0.899879,24.0,-0.203,21.0,24.0,2.42,24.0,-0.151,21.0,24.0,1.83,24.0,-0.128,21.0,24.0,1.09,24.0,-0.155,21.0,24.0,1.83,24.0,-0.121,21.0,24.0,1.09
823,4481.2,187,17.2,False,27.47,True,2.75,24.0,0.213,1.593768,0.952095,0.607541,0.003333,1083.4397,470.9,0.34,0.541881,0.750505,24.0,-0.213,21.0,24.0,0.81,24.0,-0.166,21.0,24.0,0.61,24.0,-0.143,21.0,24.0,0.36,24.0,-0.169,21.0,24.0,0.61,24.0,-0.14,21.0,24.0,0.36
824,4481.3667,187,17.367,False,26.63,True,2.75,24.0,0.217,1.545453,0.90378,0.559226,0.436446,1084.9852,482.2,0.34,0.525454,0.745218,24.0,-0.217,21.0,24.0,0.81,24.0,-0.177,21.0,24.0,0.61,24.0,-0.154,21.0,24.0,0.36,24.0,-0.179,21.0,24.0,0.61,24.0,-0.156,21.0,24.0,0.36
825,4481.5333,187,17.533,False,25.8,True,2.75,24.0,0.222,1.50098,0.859307,0.514753,0.003333,1086.4862,493.0,0.34,0.510333,0.739983,24.0,-0.222,21.0,24.0,0.81,24.0,-0.188,21.0,24.0,0.61,24.0,-0.165,21.0,24.0,0.36,24.0,-0.189,21.0,24.0,0.61,24.0,-0.171,21.0,24.0,0.36
826,4481.7,187,17.7,False,24.97,True,2.75,24.0,0.226,1.463224,0.821551,0.476997,0.003333,1087.9494,503.2,0.34,0.497496,0.736294,24.0,-0.226,21.0,24.0,0.81,24.0,-0.196,21.0,24.0,0.61,24.0,-0.173,21.0,24.0,0.36,24.0,-0.195,21.0,24.0,0.61,24.0,-0.179,21.0,24.0,0.36
827,4481.8667,187,17.867,False,24.13,True,2.75,24.0,0.23,1.428608,0.786935,0.442381,0.003333,1089.378,512.8,0.34,0.485727,0.73259,24.0,-0.23,21.0,24.0,0.81,24.0,-0.203,21.0,24.0,0.61,24.0,-0.18,21.0,24.0,0.36,24.0,-0.201,21.0,24.0,0.61,24.0,-0.185,21.0,24.0,0.36
828,4482.0333,187,18.033,False,23.3,True,2.75,24.0,0.234,1.396167,0.754494,0.40994,0.003333,1090.7742,521.7,0.34,0.474697,0.72838,24.0,-0.234,21.0,24.0,0.81,24.0,-0.21,21.0,24.0,0.61,24.0,-0.188,21.0,24.0,0.36,24.0,-0.206,21.0,24.0,0.61,24.0,-0.19,21.0,24.0,0.36
829,4482.2083,187,18.208,False,23.3,True,2.75,24.0,0.236,1.392549,0.750876,0.406322,0.003333,1092.1667,530.2,0.34,0.473467,0.738329,24.0,-0.236,21.0,24.0,0.81,24.0,-0.213,21.0,24.0,0.61,24.0,-0.191,21.0,24.0,0.36,24.0,-0.209,21.0,24.0,0.61,24.0,-0.191,21.0,24.0,0.36
830,4482.375,187,18.375,False,23.3,True,2.75,24.0,0.237,1.39347,0.751798,0.407243,0.003333,1093.5602,537.3,0.34,0.47378,0.748712,24.0,-0.237,21.0,24.0,0.81,24.0,-0.215,21.0,24.0,0.61,24.0,-0.194,21.0,24.0,0.36,24.0,-0.209,21.0,24.0,0.61,24.0,-0.19,21.0,24.0,0.36
831,4482.5556,187,18.556,False,23.3,True,2.75,24.0,0.237,1.393208,0.751535,0.406981,0.003333,1094.9534,544.0,0.34,0.473691,0.757905,24.0,-0.237,21.0,24.0,0.81,24.0,-0.217,21.0,24.0,0.61,24.0,-0.196,21.0,24.0,0.36,24.0,-0.208,21.0,24.0,0.61,24.0,-0.187,21.0,24.0,0.36
832,4482.7222,187,18.722,False,23.3,True,2.75,24.0,0.237,1.391465,0.749792,0.405238,0.436433,1096.3448,549.1,0.34,0.473098,0.764053,24.0,-0.237,21.0,24.0,0.81,24.0,-0.218,21.0,24.0,0.61,24.0,-0.198,21.0,24.0,0.36,24.0,-0.209,21.0,24.0,0.61,24.0,-0.188,21.0,24.0,0.36
833,4482.8889,187,18.889,False,23.3,True,2.75,24.0,0.235,1.389761,0.748088,0.403534,0.003333,1097.7346,553.1,0.34,0.472519,0.768677,24.0,-0.235,21.0,24.0,0.81,24.0,-0.219,21.0,24.0,0.61,24.0,-0.199,21.0,24.0,0.36,24.0,-0.21,21.0,24.0,0.61,24.0,-0.19,21.0,24.0,0.36
834,4483.0556,187,19.056,False,23.3,True,2.75,24.0,0.234,1.38851,0.746837,0.402283,0.003333,1099.1231,556.1,0.34,0.472093,0.77215,24.0,-0.234,21.0,24.0,0.81,24.0,-0.219,21.0,24.0,0.61,24.0,-0.199,21.0,24.0,0.36,24.0,-0.209,21.0,24.0,0.61,24.0,-0.19,21.0,24.0,0.36
835,4483.2222,187,19.222,False,23.3,True,1.38,24.0,0.0,1.283644,0.733638,0.389084,0.003333,1100.4068,558.1,0.34,0.436439,0.716402,24.0,-0.236,21.0,24.0,0.4,24.0,-0.223,21.0,24.0,0.31,24.0,-0.203,21.0,24.0,0.18,24.0,-0.213,21.0,24.0,0.31,24.0,-0.197,21.0,24.0,0.18
836,4483.3889,187,19.389,False,23.3,True,1.38,24.0,0.0,1.277553,0.727548,0.382994,0.003333,1101.6843,558.9,0.34,0.434368,0.714024,24.0,-0.236,21.0,24.0,0.4,24.0,-0.225,21.0,24.0,0.31,24.0,-0.205,21.0,24.0,0.18,24.0,-0.216,21.0,24.0,0.31,24.0,-0.203,21.0,24.0,0.18
837,4483.5556,187,19.556,False,23.3,True,1.38,24.0,0.0,1.269842,0.719836,0.375282,0.003333,1102.9542,558.8,0.34,0.431746,0.709587,24.0,-0.237,21.0,24.0,0.4,24.0,-0.228,21.0,24.0,0.31,24.0,-0.208,21.0,24.0,0.18,24.0,-0.223,21.0,24.0,0.31,24.0,-0.216,21.0,24.0,0.18
838,4483.75,187,19.75,False,23.3,True,1.38,24.0,0.0,1.265187,0.715181,0.370627,0.003333,1104.2193,557.3,0.34,0.430163,0.705089,24.0,-0.238,21.0,24.0,0.4,24.0,-0.229,21.0,24.0,0.31,24.0,-0.21,21.0,24.0,0.18,24.0,-0.224,21.0,24.0,0.31,24.0,-0.219,21.0,24.0,0.18
839,4483.9167,187,19.917,False,23.3,True,1.38,24.0,0.0,1.261959,0.711954,0.3674,0.003333,1105.4813,555.0,0.34,0.429066,0.700387,24.0,-0.239,21.0,24.0,0.4,24.0,-0.229,21.0,24.0,0.31,24.0,-0.211,21.0,24.0,0.18,24.0,-0.225,21.0,24.0,0.31,24.0,-0.221,21.0,24.0,0.18
840,4484.0833,187,20.083,False,23.3,True,1.38,24.0,0.0,1.259225,0.70922,0.364666,0.436425,1106.7405,551.8,0.34,0.428137,0.69484,24.0,-0.24,21.0,24.0,0.4,24.0,-0.23,21.0,24.0,0.31,24.0,-0.213,21.0,24.0,0.18,24.0,-0.227,21.0,24.0,0.31,24.0,-0.223,21.0,24.0,0.18
841,4484.25,187,20.25,False,23.3,True,1.38,24.0,0.0,1.256858,0.706853,0.362299,0.003333,1107.9974,547.8,0.34,0.427332,0.688507,24.0,-0.241,21.0,24.0,0.4,24.0,-0.232,21.0,24.0,0.31,24.0,-0.214,21.0,24.0,0.18,24.0,-0.228,21.0,24.0,0.31,24.0,-0.225,21.0,24.0,0.18
842,4484.4167,187,20.417,False,23.3,True,1.38,24.0,0.0,1.254631,0.704626,0.360072,0.003333,1109.252,543.0,0.34,0.426575,0.681265,24.0,-0.241,21.0,24.0,0.4,24.0,-0.233,21.0,24.0,0.31,24.0,-0.216,21.0,24.0,0.18,24.0,-0.229,21.0,24.0,0.31,24.0,-0.227,21.0,24.0,0.18
843,4484.5833,187,20.583,False,23.3,True,1.38,24.0,0.0,1.252892,0.702886,0.358332,0.003333,1110.5049,537.6,0.34,0.425983,0.673555,24.0,-0.241,21.0,24.0,0.4,24.0,-0.234,21.0,24.0,0.31,24.0,-0.217,21.0,24.0,0.18,24.0,-0.23,21.0,24.0,0.31,24.0,-0.228,21.0,24.0,0.18
844,4484.75,187,20.75,False,23.3,True,1.38,24.0,0.0,1.248684,0.698679,0.354125,0.003333,1111.7536,531.6,0.34,0.424553,0.6638,24.0,-0.241,21.0,24.0,0.4,24.0,-0.234,21.0,24.0,0.31,24.0,-0.218,21.0,24.0,0.18,24.0,-0.23,21.0,24.0,0.31,24.0,-0.228,21.0,24.0,0.18
845,4484.9167,187,20.917,False,23.3,True,1.38,24.0,0.0,1.247511,0.697506,0.352952,0.003333,1113.0011,525.2,0.34,0.424154,0.655193,24.0,-0.24,21.0,24.0,0.4,24.0,-0.234,21.0,24.0,0.31,24.0,-0.218,21.0,24.0,0.18,24.0,-0.23,21.0,24.0,0.31,24.0,-0.229,21.0,24.0,0.18
846,4485.0833,187,21.083,False,23.3,True,1.38,24.0,0.0,1.24645,0.696445,0.35189,0.003333,1114.2475,518.3,0.08,0.099716,0.646035,24.0,-0.24,21.0,24.0,0.4,24.0,-0.234,21.0,24.0,0.31,24.0,-0.219,21.0,24.0,0.18,24.0,-0.23,21.0,24.0,0.31,24.0,-0.229,21.0,24.0,0.18
847,4485.2083,187,21.208,False,23.22,True,1.38,24.593,0.0,0.458338,0.0,0.0,0.003333,1114.7059,512.9,0.08,0.036667,0.235081,24.44,-0.173,15.6,26.7,0.4,24.57,-0.152,15.6,26.7,0.31,24.7,-0.116,15.6,26.7,0.18,24.59,-0.145,15.6,26.7,0.31,24.66,-0.131,15.6,26.7,0.18
848,4485.4167,187,21.417,False,23.13,True,1.38,25.079,0.0,0.458338,0.0,0.0,0.003333,1115.1642,503.8,0.08,0.036667,0.230911,24.85,-0.089,15.6,26.7,0.4,25.04,-0.055,15.6,26.7,0.31,25.25,-0.001,15.6,26.7,0.18,25.07,-0.045,15.6,26.7,0.31,25.19,-0.022,15.6,26.7,0.18
849,4485.5833,187,21.583,False,23.05,True,1.38,25.264,0.0,0.458338,0.0,0.0,0.436409,1115.6226,496.3,0.08,0.036667,0.227473,25.02,-0.047,15.6,26.7,0.4,25.22,-0.012,15.6,26.7,0.31,25.45,0.049,15.6,26.7,0.18,25.26,-0.0,15.6,26.7,0.31,25.37,0.026,15.6,26.7,0.18
850,4485.75,187,21.75,False,22.97,True,1.38,25.36,0.0,0.458338,0.0,0.0,0.003333,1116.0809,488.8,0.08,0.036667,0.224036,25.12,-0.018,15.6,26.7,0.4,25.31,0.016,15.6,26.7,0.31,25.55,0.082,15.6,26.7,0.18,25.35,0.029,15.6,26.7,0.31,25.47,0.057,15.6,26.7,0.18
851,4485.8333,187,21.833,False,22.88,True,1.38,25.424,0.0,0.458338,0.0,0.0,0.003333,1116.5392,485.0,0.08,0.036667,0.222294,25.18,0.005,15.6,26.7,0.4,25.37,0.038,15.6,26.7,0.31,25.62,0.108,15.6,26.7,0.18,25.42,0.052,15.6,26.7,0.31,25.54,0.083,15.6,26.7,0.18
852,4486.0,187,22.0,False,22.8,True,1.38,25.458,0.0,0.458338,0.0,0.0,0.003333,1116.9976,477.6,0.08,0.036667,0.218902,25.21,0.021,15.6,26.7,0.4,25.4,0.054,15.6,26.7,0.31,25.65,0.127,15.6,26.7,0.18,25.45,0.069,15.6,26.7,0.31,25.57,0.102,15.6,26.7,0.18
853,4486.1667,187,22.167,False,22.8,True,1.38,25.477,0.0,0.412504,0.0,0.0,0.003333,1117.4101,470.3,0.08,0.033,0.194001,25.23,0.033,15.6,26.7,0.4,25.42,0.066,15.6,26.7,0.31,25.68,0.142,15.6,26.7,0.18,25.47,0.081,15.6,26.7,0.31,25.59,0.116,15.6,26.7,0.18
854,4486.3333,187,22.333,False,22.8,True,1.38,25.496,0.0,0.412504,0.0,0.0,0.003333,1117.8226,463.2,0.08,0.033,0.191072,25.24,0.045,15.6,26.7,0.4,25.44,0.077,15.6,26.7,0.31,25.7,0.157,15.6,26.7,0.18,25.49,0.093,15.6,26.7,0.31,25.62,0.13,15.6,26.7,0.18
855,4486.5,187,22.5,False,22.8,True,1.38,25.514,0.0,0.412504,0.0,0.0,0.003333,1118.2351,456.4,0.08,0.033,0.188267,25.26,0.056,15.6,26.7,0.4,25.45,0.088,15.6,26.7,0.31,25.72,0.17,15.6,26.7,0.18,25.51,0.104,15.6,26.7,0.31,25.63,0.143,15.6,26.7,0.18
856,4486.6667,187,22.667,False,22.8,True,1.38,25.53,0.0,0.412504,0.0,0.0,0.003333,1118.6476,449.8,0.08,0.033,0.185544,25.27,0.066,15.6,26.7,0.4,25.46,0.098,15.6,26.7,0.31,25.74,0.182,15.6,26.7,0.18,25.52,0.115,15.6,26.7,0.31,25.65,0.155,15.6,26.7,0.18
857,4486.8333,187,22.833,False,22.8,True,1.38,25.544,0.0,0.412504,0.0,0.0,0.003333,1119.0601,443.6,0.08,0.033,0.182987,25.28,0.076,15.6,26.7,0.4,25.48,0.107,15.6,26.7,0.31,25.76,0.193,15.6,26.7,0.18,25.54,0.124,15.6,26.7,0.31,25.67,0.166,15.6,26.7,0.18
858,4487.0,187,23.0,False,22.8,True,1.38,25.556,0.0,0.412504,0.0,0.0,0.436395,1119.4726,437.7,0.08,0.033,0.180553,25.29,0.084,15.6,26.7,0.4,25.49,0.115,15.6,26.7,0.31,25.77,0.203,15.6,26.7,0.18,25.55,0.133,15.6,26.7,0.31,25.68,0.176,15.6,26.7,0.18
859,4487.1667,187,23.167,False,22.7,False,0.0,25.482,0.0,0.320836,0.0,0.0,0.003333,1119.7934,432.2,0.08,0.025667,0.138666,25.22,0.076,15.6,26.7,0.0,25.41,0.107,15.6,26.7,0.0,25.7,0.198,15.6,26.7,0.0,25.47,0.126,15.6,26.7,0.0,25.61,0.17,15.6,26.7,0.0
860,4487.3333,187,23.333,False,22.6,False,0.0,25.449,0.0,0.320836,0.0,0.0,0.003333,1120.1143,427.0,0.08,0.025667,0.136997,25.18,0.074,15.6,26.7,0.0,25.38,0.105,15.6,26.7,0.0,25.67,0.198,15.6,26.7,0.0,25.44,0.124,15.6,26.7,0.0,25.58,0.17,15.6,26.7,0.0
861,4487.5,187,23.5,False,22.5,False,0.0,25.431,0.0,0.320836,0.0,0.0,0.003333,1120.4351,422.2,0.08,0.025667,0.135457,25.15,0.073,15.6,26.7,0.0,25.35,0.104,15.6,26.7,0.0,25.66,0.199,15.6,26.7,0.0,25.42,0.124,15.6,26.7,0.0,25.57,0.171,15.6,26.7,0.0
862,4487.6667,187,23.667,False,22.4,False,0.0,25.417,0.0,0.320836,0.0,0.0,0.003333,1120.7559,417.7,0.08,0.025667,0.134013,25.14,0.073,15.6,26.7,0.0,25.34,0.104,15.6,26.7,0.0,25.64,0.2,15.6,26.7,0.0,25.41,0.125,15.6,26.7,0.0,25.55,0.172,15.6,26.7,0.0
863,4487.8333,187,23.833,False,22.3,False,0.0,25.404,0.0,0.320836,0.0,0.0,0.003333,1121.0768,413.6,0.08,0.025667,0.132698,25.12,0.073,15.6,26.7,0.0,25.32,0.104,15.6,26.7,0.0,25.63,0.201,15.6,26.7,0.0,25.4,0.125,15.6,26.7,0.0,25.54,0.173,15.6,26.7,0.0
864,4488.0,187,24.0,False,22.2,False,0.0,25.392,0.0,0.320836,0.0,0.0,0.003333,1121.3976,409.8,0.08,0.025667,0.131479,25.11,0.073,15.6,26.7,0.0,25.31,0.103,15.6,26.7,0.0,25.62,0.201,15.6,26.7,0.0,25.39,0.125,15.6,26.7,0.0,25.53,0.174,15.6,26.7,0.0
865,4488.1667,188,0.167,True,22.2,False,0.0,25.383,0.0,0.320836,0.0,0.0,0.003333,1121.7185,378.0,0.08,0.025667,0.121276,25.1,0.073,15.6,26.7,0.0,25.3,0.103,15.6,26.7,0.0,25.61,0.202,15.6,26.7,0.0,25.38,0.126,15.6,26.7,0.0,25.52,0.174,15.6,26.7,0.0
866,4488.3333,188,0.333,True,22.2,False,0.0,25.376,0.0,0.320836,0.0,0.0,0.003333,1122.0393,378.5,0.08,0.025667,0.121437,25.1,0.074,15.6,26.7,0.0,25.29,0.103,15.6,26.7,0.0,25.61,0.202,15.6,26.7,0.0,25.37,0.126,15.6,26.7,0.0,25.51,0.175,15.6,26.7,0.0
867,4488.5,188,0.5,True,22.2,False,0.0,25.369,0.0,0.320836,0.0,0.0,0.003333,1122.3601,378.9,0.08,0.025667,0.121565,25.1,0.075,15.6,26.7,0.0,25.28,0.103,15.6,26.7,0.0,25.6,0.203,15.6,26.7,0.0,25.36,0.127,15.6,26.7,0.0,25.51,0.176,15.6,26.7,0.0
868,4488.6667,188,0.667,True,22.2,False,0.0,25.362,0.0,0.320836,0.0,0.0,0.436414,1122.681,379.3,0.08,0.025667,0.121693,25.09,0.075,15.6,26.7,0.0,25.27,0.103,15.6,26.7,0.0,25.59,0.203,15.6,26.7,0.0,25.36,0.127,15.6,26.7,0.0,25.5,0.176,15.6,26.7,0.0
869,4488.8333,188,0.833,True,22.2,False,0.0,25.355,0.0,0.320836,0.0,0.0,0.003333,1123.0018,379.4,0.08,0.025667,0.121725,25.09,0.076,15.6,26.7,0.0,25.26,0.102,15.6,26.7,0.0,25.58,0.203,15.6,26.7,0.0,25.35,0.127,15.6,26.7,0.0,25.49,0.176,15.6,26.7,0.0
870,4489.0,188,1.0,True,22.2,False,0.0,25.348,0.0,0.320836,0.0,0.0,0.003333,1123.3226,379.5,0.08,0.025667,0.121757,25.09,0.076,15.6,26.7,0.0,25.26,0.102,15.6,26.7,0.0,25.57,0.203,15.6,26.7,0.0,25.34,0.127,15.6,26.7,0.0,25.48,0.176,15.6,26.7,0.0
871,4489.1667,188,1.167,True,22.12,False,0.0,25.338,0.0,0.320836,0.0,0.0,0.003333,1123.6435,379.4,0.08,0.025667,0.121725,25.08,0.076,15.6,26.7,0.0,25.24,0.1,15.6,26.7,0.0,25.56,0.202,15.6,26.7,0.0,25.33,0.126,15.6,26.7,0.0,25.47,0.175,15.6,26.7,0.0
872,4489.3333,188,1.333,True,22.03,False,0.0,25.325,0.0,0.320836,0.0,0.0,0.003333,1123.9643,379.3,0.08,0.025667,0.121693,25.07,0.075,15.6,26.7,0.0,25.23,0.099,15.6,26.7,0.0,25.55,0.201,15.6,26.7,0.0,25.32,0.125,15.6,26.7,0.0,25.46,0.173,15.6,26.7,0.0
873,4489.5,188,1.5,True,21.95,False,0.0,25.312,0.0,0.320836,0.0,0.0,0.003333,1124.2851,378.9,0.08,0.025667,0.121565,25.06,0.074,15.6,26.7,0.0,25.21,0.097,15.6,26.7,0.0,25.53,0.199,15.6,26.7,0.0,25.31,0.123,15.6,26.7,0.0,25.44,0.172,15.6,26.7,0.0
874,4489.6667,188,1.667,True,21.87,False,0.0,25.298,0.0,0.320836,0.0,0.0,0.003333,1124.606,378.5,0.08,0.025667,0.121437,25.05,0.073,15.6,26.7,0.0,25.2,0.094,15.6,26.7,0.0,25.52,0.197,15.6,26.7,0.0,25.29,0.122,15.6,26.7,0.0,25.43,0.17,15.6,26.7,0.0
875,4489.8333,188,1.833,True,21.78,False,0.0,25.283,0.0,0.320836,0.0,0.0,0.003333,1124.9268,378.0,0.08,0.025667,0.121276,25.04,0.072,15.6,26.7,0.0,25.18,0.092,15.6,26.7,0.0,25.5,0.194,15.6,26.7,0.0,25.28,0.12,15.6,26.7,0.0,25.41,0.167,15.6,26.7,0.0
876,4490.0,188,2.0,True,21.7,False,0.0,25.267,0.0,0.320836,0.0,0.0,0.003333,1125.2477,377.3,0.08,0.025667,0.121052,25.03,0.07,15.6,26.7,0.0,25.17,0.089,15.6,26.7,0.0,25.49,0.192,15.6,26.7,0.0,25.26,0.117,15.6,26.7,0.0,25.4,0.165,15.6,26.7,0.0
877,4490.1667,188,2.167,True,21.7,False,0.0,25.256,0.0,0.320836,0.0,0.0,0.436404,1125.5685,376.5,0.08,0.025667,0.120795,25.02,0.068,15.6,26.7,0.0,25.15,0.087,15.6,26.7,0.0,25.47,0.19,15.6,26.7,0.0,25.25,0.116,15.6,26.7,0.0,25.38,0.163,15.6,26.7,0.0
878,4490.3333,188,2.333,True,21.7,False,0.0,25.245,0.0,0.320836,0.0,0.0,0.003333,1125.8893,375.6,0.08,0.025667,0.120506,25.01,0.067,15.6,26.7,0.0,25.14,0.085,15.6,26.7,0.0,25.46,0.188,15.6,26.7,0.0,25.24,0.114,15.6,26.7,0.0,25.37,0.161,15.6,26.7,0.0
879,4490.5,188,2.5,True,21.7,False,0.0,25.235,0.0,0.320836,0.0,0.0,0.003333,1126.2102,374.6,0.08,0.025667,0.120185,25.0,0.066,15.6,26.7,0.0,25.13,0.083,15.6,26.7,0.0,25.45,0.186,15.6,26.7,0.0,25.23,0.112,15.6,26.7,0.0,25.36,0.159,15.6,26.7,0.0
880,4490.6667,188,2.667,True,21.7,False,0.0,25.226,0.0,0.320836,0.0,0.0,0.003333,1126.531,373.4,0.08,0.025667,0.1198,25.0,0.065,15.6,26.7,0.0,25.12,0.081,15.6,26.7,0.0,25.44,0.183,15.6,26.7,0.0,25.22,0.111,15.6,26.7,0.0,25.35,0.157,15.6,26.7,0.0
881,4490.8333,188,2.833,True,21.7,False,0.0,25.216,0.0,0.320836,0.0,0.0,0.003333,1126.8518,372.2,0.08,0.025667,0.119415,24.99,0.064,15.6,26.7,0.0,25.11,0.079,15.6,26.7,0.0,25.43,0.181,15.6,26.7,0.0,25.21,0.109,15.6,26.7,0.0,25.34,0.155,15.6,26.7,0.0
882,4491.0,188,3.0,True,21.7,False,0.0,25.207,0.0,0.320836,0.0,0.0,0.003333,1127.1727,370.8,0.08,0.025667,0.118966,24.99,0.062,15.6,26.7,0.0,25.1,0.077,15.6,26.7,0.0,25.42,0.179,15.6,26.7,0.0,25.2,0.107,15.6,26.7,0.0,25.33,0.152,15.6,26.7,0.0
883,4491.1667,188,3.167,True,21.7,False,0.0,25.197,0.0,0.320836,0.0,0.0,0.003333,1127.4935,369.4,0.08,0.025667,0.118517,24.98,0.061,15.6,26.7,0.0,25.09,0.075,15.6,26.7,0.0,25.4,0.177,15.6,26.7,0.0,25.19,0.105,15.6,26.7,0.0,25.32,0.15,15.6,26.7,0.0
884,4491.3333,188,3.333,True,21.7,False,0.0,25.187,0.0,0.320836,0.0,0.0,0.003333,1127.8143,367.8,0.08,0.025667,0.118004,24.97,0.06,15.6,26.7,0.0,25.08,0.073,15.6,26.7,0.0,25.39,0.174,15.6,26.7,0.0,25.18,0.103,15.6,26.7,0.0,25.31,0.148,15.6,26.7,0.0
885,4491.5,188,3.5,True,21.7,False,0.0,25.177,0.0,0.320836,0.0,0.0,0.003333,1128.1352,366.1,0.08,0.025667,0.117458,24.97,0.058,15.6,26.7,0.0,25.07,0.071,15.6,26.7,0.0,25.38,0.172,15.6,26.7,0.0,25.17,0.101,15.6,26.7,0.0,25.29,0.145,15.6,26.7,0.0
886,4491.6667,188,3.667,True,21.7,False,0.0,25.168,0.0,0.320836,0.0,0.0,0.436395,1128.456,364.4,0.08,0.025667,0.116913,24.96,0.057,15.6,26.7,0.0,25.06,0.068,15.6,26.7,0.0,25.37,0.169,15.6,26.7,0.0,25.16,0.099,15.6,26.7,0.0,25.28,0.143,15.6,26.7,0.0
887,4491.8333,188,3.833,True,21.7,False,0.0,25.158,0.0,0.320836,0.0,0.0,0.003333,1128.7769,362.5,0.08,0.025667,0.116303,24.95,0.055,15.6,26.7,0.0,25.05,0.066,15.6,26.7,0.0,25.36,0.166,15.6,26.7,0.0,25.15,0.097,15.6,26.7,0.0,25.27,0.14,15.6,26.7,0.0
888,4492.0,188,4.0,True,21.7,False,0.0,25.147,0.0,0.320836,0.0,0.0,0.003333,1129.0977,360.5,0.08,0.025667,0.115662,24.95,0.053,15.6,26.7,0.0,25.04,0.063,15.6,26.7,0.0,25.35,0.164,15.6,26.7,0.0,25.14,0.094,15.6,26.7,0.0,25.26,0.137,15.6,26.7,0.0
889,4492.1667,188,4.167,True,21.78,False,0.0,25.142,0.0,0.320836,0.0,0.0,0.003333,1129.4185,358.5,0.08,0.025667,0.11502,24.95,0.052,15.6,26.7,0.0,25.03,0.062,15.6,26.7,0.0,25.34,0.162,15.6,26.7,0.0,25.14,0.093,15.6,26.7,0.0,25.25,0.136,15.6,26.7,0.0
890,4492.3333,188,4.333,True,21.87,False,0.0,25.138,0.0,0.320836,0.0,0.0,0.003333,1129.7394,356.4,0.08,0.025667,0.114346,24.95,0.052,15.6,26.7,0.0,25.03,0.061,15.6,26.7,0.0,25.33,0.16,15.6,26.7,0.0,25.13,0.092,15.6,26.7,0.0,25.25,0.134,15.6,26.7,0.0
891,4492.5,188,4.5,True,21.95,False,0.0,25.136,0.0,0.320836,0.0,0.0,0.003333,1130.0602,354.2,0.08,0.025667,0.11364,24.95,0.052,15.6,26.7,0.0,25.03,0.06,15.6,26.7,0.0,25.33,0.159,15.6,26.7,0.0,25.13,0.091,15.6,26.7,0.0,25.24,0.133,15.6,26.7,0.0
892,4492.6667,188,4.667,True,22.03,False,0.0,25.134,0.0,0.320836,0.0,0.0,0.003333,1130.381,351.9,0.08,0.025667,0.112902,24.95,0.051,15.6,26.7,0.0,25.02,0.059,15.6,26.7,0.0,25.33,0.158,15.6,26.7,0.0,25.13,0.09,15.6,26.7,0.0,25.24,0.132,15.6,26.7,0.0
893,4492.8333,188,4.833,True,22.12,False,0.0,25.133,0.0,0.320836,0.0,0.0,0.003333,1130.7019,349.5,0.08,0.025667,0.112132,24.95,0.051,15.6,26.7,0.0,25.02,0.058,15.6,26.7,0.0,25.32,0.156,15.6,26.7,0.0,25.13,0.089,15.6,26.7,0.0,25.24,0.131,15.6,26.7,0.0
894,4493.0,188,5.0,True,22.2,False,0.0,25.131,0.0,0.320836,0.0,0.0,0.003333,1131.0227,347.1,0.08,0.025667,0.111362,24.95,0.051,15.6,26.7,0.0,25.02,0.058,15.6,26.7,0.0,25.32,0.155,15.6,26.7,0.0,25.13,0.089,15.6,26.7,0.0,25.24,0.13,15.6,26.7,0.0
895,4493.25,188,5.25,True,22.12,True,2.75,24.109,0.113,1.3333,0.874962,0.530408,0.436414,1132.356,343.4,0.08,0.106664,0.457855,24.07,-0.11,21.0,24.0,0.81,24.07,-0.113,21.0,24.0,0.61,24.16,-0.054,21.0,24.0,0.36,24.09,-0.097,21.0,24.0,0.61,24.15,-0.067,21.0,24.0,0.36
896,4493.3333,188,5.333,True,22.03,True,2.75,24.008,0.165,1.209868,0.75153,0.406976,0.003333,1133.5659,342.1,0.08,0.096789,0.413896,24.0,-0.158,21.0,24.0,0.81,24.0,-0.165,21.0,24.0,0.61,24.02,-0.129,21.0,24.0,0.36,24.0,-0.155,21.0,24.0,0.61,24.02,-0.139,21.0,24.0,0.36
897,4493.5,188,5.5,True,21.95,True,2.75,24.002,0.191,1.173025,0.714688,0.370133,0.003333,1134.7389,339.5,0.08,0.093842,0.398242,24.0,-0.182,21.0,24.0,0.81,24.0,-0.191,21.0,24.0,0.61,24.0,-0.162,21.0,24.0,0.36,24.0,-0.182,21.0,24.0,0.61,24.0,-0.17,21.0,24.0,0.36
898,4493.6667,188,5.667,True,21.87,True,2.75,24.0,0.212,1.147483,0.689145,0.344591,0.003333,1135.8864,336.9,0.08,0.091799,0.386587,24.0,-0.201,21.0,24.0,0.81,24.0,-0.212,21.0,24.0,0.61,24.0,-0.187,21.0,24.0,0.36,24.0,-0.204,21.0,24.0,0.61,24.0,-0.195,21.0,24.0,0.36
899,4493.8333,188,5.833,True,21.78,True,2.75,24.0,0.227,1.139648,0.68131,0.336756,0.003333,1137.026,334.2,0.08,0.091172,0.38087,24.0,-0.218,21.0,24.0,0.81,24.0,-0.227,21.0,24.0,0.61,24.0,-0.173,21.0,24.0,0.36,24.0,-0.207,21.0,24.0,0.61,24.0,-0.214,21.0,24.0,0.36
900,4494.0,188,6.0,True,21.7,True,2.75,24.0,0.241,1.134114,0.675776,0.331222,0.003333,1138.1602,331.5,0.08,0.090729,0.375959,24.0,-0.232,21.0,24.0,0.81,24.0,-0.241,21.0,24.0,0.61,24.0,-0.169,21.0,24.0,0.36,24.0,-0.214,21.0,24.0,0.61,24.0,-0.23,21.0,24.0,0.36
901,4494.25,188,6.25,True,21.88,True,2.75,24.0,0.242,1.11392,0.655582,0.311028,0.003333,1139.2741,327.4,0.08,0.089114,0.364697,24.0,-0.235,21.0,24.0,0.81,24.0,-0.242,21.0,24.0,0.61,24.0,-0.153,21.0,24.0,0.36,24.0,-0.209,21.0,24.0,0.61,24.0,-0.234,21.0,24.0,0.36
902,4494.4167,188,6.417,True,22.07,True,2.75,24.0,0.241,1.125705,0.667367,0.322813,0.003333,1140.3998,324.6,0.08,0.090056,0.365404,24.0,-0.236,21.0,24.0,0.81,24.0,-0.241,21.0,24.0,0.61,24.0,-0.139,21.0,24.0,0.36,24.0,-0.205,21.0,24.0,0.61,24.0,-0.236,21.0,24.0,0.36
903,4494.5833,188,6.583,True,22.25,True,2.75,24.0,0.24,1.137897,0.679559,0.335005,0.003333,1141.5377,321.8,0.08,0.091032,0.366175,24.0,-0.237,21.0,24.0,0.81,24.0,-0.24,21.0,24.0,0.61,24.0,-0.125,21.0,24.0,0.36,24.0,-0.201,21.0,24.0,0.61,24.0,-0.237,21.0,24.0,0.36
904,4494.7222,188,6.722,True,22.43,True,2.75,24.0,0.239,1.148991,0.690653,0.346099,0.436423,1142.6867,319.5,0.08,0.091919,0.367103,24.0,-0.238,21.0,24.0,0.81,24.0,-0.239,21.0,24.0,0.61,24.0,-0.111,21.0,24.0,0.36,24.0,-0.199,21.0,24.0,0.61,24.0,-0.238,21.0,24.0,0.36
905,4494.8889,188,6.889,True,22.62,True,2.75,24.0,0.239,1.160038,0.7017,0.357146,0.003333,1143.8467,316.6,0.08,0.092803,0.367268,24.0,-0.239,21.0,24.0,0.81,24.0,-0.238,21.0,24.0,0.61,24.0,-0.098,21.0,24.0,0.36,24.0,-0.198,21.0,24.0,0.61,24.0,-0.238,21.0,24.0,0.36
906,4495.0556,188,7.056,True,22.8,True,2.75,24.0,0.239,1.170807,0.712469,0.367915,0.003333,1145.0175,313.8,0.08,0.093665,0.367399,24.0,-0.239,21.0,24.0,0.81,24.0,-0.236,21.0,24.0,0.61,24.0,-0.085,21.0,24.0,0.36,24.0,-0.197,21.0,24.0,0.61,24.0,-0.239,21.0,24.0,0.36
907,4495.2083,188,7.208,True,23.17,True,8.25,24.0,0.233,1.507714,0.774374,0.42982,0.003333,1146.5252,311.2,0.08,0.120617,0.469201,24.0,-0.233,21.0,24.0,2.42,24.0,-0.227,21.0,24.0,1.83,24.0,-0.065,21.0,24.0,1.09,24.0,-0.191,21.0,24.0,1.83,24.0,-0.231,21.0,24.0,1.09
908,4495.375,188,7.375,True,23.53,True,8.25,24.0,0.232,1.528635,0.795295,0.450741,0.003333,1148.0539,308.4,0.08,0.122291,0.471431,24.0,-0.232,21.0,24.0,2.42,24.0,-0.223,21.0,24.0,1.83,24.0,-0.05,21.0,24.0,1.09,24.0,-0.191,21.0,24.0,1.83,24.0,-0.229,21.0,24.0,1.09
909,4495.5417,188,7.542,True,23.9,True,8.25,24.0,0.232,1.550535,0.817195,0.472641,0.003333,1149.6044,305.6,0.08,0.124043,0.473844,24.0,-0.232,21.0,24.0,2.42,24.0,-0.219,21.0,24.0,1.83,24.0,-0.036,21.0,24.0,1.09,24.0,-0.193,21.0,24.0,1.83,24.0,-0.226,21.0,24.0,1.09
910,4495.7,188,7.7,True,24.27,True,8.25,24.0,0.233,1.566008,0.832667,0.488113,0.003333,1151.1704,303.0,0.08,0.125281,0.4745,24.0,-0.233,21.0,24.0,2.42,24.0,-0.217,21.0,24.0,1.83,24.0,-0.027,21.0,24.0,1.09,24.0,-0.196,21.0,24.0,1.83,24.0,-0.224,21.0,24.0,1.09
911,4495.8667,188,7.867,True,24.63,True,8.25,24.0,0.234,1.580257,0.846916,0.502362,0.003333,1152.7507,300.2,0.08,0.126421,0.474393,24.0,-0.234,21.0,24.0,2.42,24.0,-0.214,21.0,24.0,1.83,24.0,-0.02,21.0,24.0,1.09,24.0,-0.199,21.0,24.0,1.83,24.0,-0.223,21.0,24.0,1.09
912,4496.0333,188,8.033,True,25.0,True,8.25,24.0,0.235,1.593813,0.860472,0.515918,0.436436,1154.3445,297.5,0.08,0.127505,0.474159,24.0,-0.235,21.0,24.0,2.42,24.0,-0.212,21.0,24.0,1.83,24.0,-0.014,21.0,24.0,1.09,24.0,-0.202,21.0,24.0,1.83,24.0,-0.221,21.0,24.0,1.09
913,4496.2,188,8.2,True,25.37,True,8.25,24.0,0.236,1.606716,0.873375,0.528821,0.003333,1155.9512,294.8,0.08,0.128537,0.47366,24.0,-0.236,21.0,24.0,2.42,24.0,-0.211,21.0,24.0,1.83,24.0,-0.009,21.0,24.0,1.09,24.0,-0.206,21.0,24.0,1.83,24.0,-0.22,21.0,24.0,1.09
914,4496.3667,188,8.367,True,25.73,True,8.25,24.0,0.237,1.619729,0.886389,0.541835,0.003333,1157.5709,292.1,0.08,0.129578,0.473123,24.0,-0.237,21.0,24.0,2.42,24.0,-0.209,21.0,24.0,1.83,24.0,-0.003,21.0,24.0,1.09,24.0,-0.209,21.0,24.0,1.83,24.0,-0.219,21.0,24.0,1.09
915,4496.5333,188,8.533,True,26.1,True,8.25,24.0,0.239,1.633606,0.900265,0.555711,0.003333,1159.2045,289.5,0.08,0.130688,0.472929,24.0,-0.239,21.0,24.0,2.42,24.0,-0.208,21.0,24.0,1.83,24.0,0.001,21.0,24.0,1.09,24.0,-0.208,21.0,24.0,1.83,24.0,-0.218,21.0,24.0,1.09
916,4496.7,188,8.7,True,26.47,True,8.25,24.0,0.24,1.646784,0.913444,0.56889,0.003333,1160.8513,286.9,0.08,0.131743,0.472462,24.0,-0.24,21.0,24.0,2.42,24.0,-0.207,21.0,24.0,1.83,24.0,0.003,21.0,24.0,1.09,24.0,-0.208,21.0,24.0,1.83,24.0,-0.217,21.0,24.0,1.09
917,4496.8667,188,8.867,True,26.83,True,8.25,24.0,0.241,1.659594,0.926253,0.581699,0.003333,1162.5109,284.4,0.08,0.132768,0.471988,24.0,-0.241,21.0,24.0,2.42,24.0,-0.207,21.0,24.0,1.83,24.0,0.004,21.0,24.0,1.09,24.0,-0.208,21.0,24.0,1.83,24.0,-0.217,21.0,24.0,1.09
918,4497.0333,188,9.033,True,27.2,True,8.25,24.0,0.243,1.672083,0.938743,0.594189,0.003333,1164.183,282.0,0.08,0.133767,0.471527,24.0,-0.243,21.0,24.0,2.42,24.0,-0.207,21.0,24.0,1.83,24.0,0.005,21.0,24.0,1.09,24.0,-0.208,21.0,24.0,1.83,24.0,-0.216,21.0,24.0,1.09
919,4497.2,188,9.2,True,27.48,True,8.25,24.0,0.245,1.680717,0.947377,0.602823,0.003333,1165.8637,279.6,0.08,0.134457,0.469929,24.0,-0.245,21.0,24.0,2.42,24.0,-0.206,21.0,24.0,1.83,24.0,0.001,21.0,24.0,1.09,24.0,-0.208,21.0,24.0,1.83,24.0,-0.216,21.0,24.0,1.09
920,4497.3667,188,9.367,True,27.77,True,8.25,24.0,0.247,1.688592,0.955252,0.610698,0.436444,1167.5523,277.3,0.08,0.135087,0.468247,24.0,-0.247,21.0,24.0,2.42,24.0,-0.206,21.0,24.0,1.83,24.0,-0.001,21.0,24.0,1.09,24.0,-0.208,21.0,24.0,1.83,24.0,-0.216,21.0,24.0,1.09
921,4497.5333,188,9.533,True,28.05,True,8.25,24.0,0.25,1.694845,0.961505,0.616951,0.003333,1169.2471,275.1,0.08,0.135588,0.466252,24.0,-0.25,21.0,24.0,2.42,24.0,-0.207,21.0,24.0,1.83,24.0,-0.008,21.0,24.0,1.09,24.0,-0.209,21.0,24.0,1.83,24.0,-0.216,21.0,24.0,1.09
922,4497.7,188,9.7,True,28.33,True,8.25,24.0,0.252,1.699104,0.965764,0.62121,0.003333,1170.9462,272.9,0.08,0.135928,0.463686,24.0,-0.252,21.0,24.0,2.42,24.0,-0.208,21.0,24.0,1.83,24.0,-0.019,21.0,24.0,1.09,24.0,-0.21,21.0,24.0,1.83,24.0,-0.217,21.0,24.0,1.09
923,4497.8667,188,9.867,True,28.62,True,8.25,24.0,0.255,1.70249,0.96915,0.624596,0.003333,1172.6487,270.9,0.08,0.136199,0.461205,24.0,-0.255,21.0,24.0,2.42,24.0,-0.21,21.0,24.0,1.83,24.0,-0.031,21.0,24.0,1.09,24.0,-0.211,21.0,24.0,1.83,24.0,-0.218,21.0,24.0,1.09
924,4498.0417,188,10.042,True,28.9,True,8.25,24.0,0.259,1.705395,0.972055,0.627501,0.003333,1174.3541,268.9,0.08,0.136432,0.458581,24.0,-0.259,21.0,24.0,2.42,24.0,-0.211,21.0,24.0,1.83,24.0,-0.044,21.0,24.0,1.09,24.0,-0.213,21.0,24.0,1.83,24.0,-0.22,21.0,24.0,1.09
925,4498.2083,188,10.208,True,29.08,True,8.25,24.0,0.261,1.708236,0.974896,0.630342,0.003333,1176.0624,267.0,0.08,0.136659,0.456099,24.0,-0.261,21.0,24.0,2.42,24.0,-0.212,21.0,24.0,1.83,24.0,-0.056,21.0,24.0,1.09,24.0,-0.213,21.0,24.0,1.83,24.0,-0.22,21.0,24.0,1.09
926,4498.375,188,10.375,True,29.27,True,8.25,24.0,0.261,1.712053,0.978712,0.634158,0.003333,1177.7744,265.3,0.08,0.136964,0.454208,24.0,-0.261,21.0,24.0,2.42,24.0,-0.212,21.0,24.0,1.83,24.0,-0.069,21.0,24.0,1.09,24.0,-0.213,21.0,24.0,1.83,24.0,-0.22,21.0,24.0,1.09
927,4498.5417,188,10.542,True,29.45,True,8.25,24.0,0.261,1.716558,0.983218,0.638664,0.003333,1179.491,263.7,0.08,0.137325,0.452656,24.0,-0.261,21.0,24.0,2.42,24.0,-0.211,21.0,24.0,1.83,24.0,-0.081,21.0,24.0,1.09,24.0,-0.212,21.0,24.0,1.83,24.0,-0.219,21.0,24.0,1.09
928,4498.7222,188,10.722,True,29.63,True,8.25,24.0,0.261,1.7231,0.989759,0.645205,0.436449,1181.2141,262.2,0.08,0.137848,0.451797,24.0,-0.261,21.0,24.0,2.42,24.0,-0.208,21.0,24.0,1.83,24.0,-0.092,21.0,24.0,1.09,24.0,-0.21,21.0,24.0,1.83,24.0,-0.216,21.0,24.0,1.09
929,4498.8889,188,10.889,True,29.82,True,8.25,24.0,0.26,1.731006,0.997666,0.653112,0.003333,1182.9451,260.9,0.08,0.138481,0.45162,24.0,-0.26,21.0,24.0,2.42,24.0,-0.204,21.0,24.0,1.83,24.0,-0.102,21.0,24.0,1.09,24.0,-0.206,21.0,24.0,1.83,24.0,-0.212,21.0,24.0,1.09
930,4499.0556,188,11.056,True,30.0,True,8.25,24.0,0.258,1.73935,1.006009,0.661455,0.003333,1184.6844,259.8,0.08,0.139148,0.451883,24.0,-0.258,21.0,24.0,2.42,24.0,-0.201,21.0,24.0,1.83,24.0,-0.112,21.0,24.0,1.09,24.0,-0.203,21.0,24.0,1.83,24.0,-0.209,21.0,24.0,1.09
931,4499.2222,188,11.222,True,30.18,True,2.75,24.0,0.264,1.414625,0.956288,0.611734,0.003333,1186.0991,258.8,0.08,0.11317,0.366105,24.0,-0.264,21.0,24.0,0.81,24.0,-0.204,21.0,24.0,0.61,24.0,-0.128,21.0,24.0,0.36,24.0,-0.206,21.0,24.0,0.61,24.0,-0.211,21.0,24.0,0.36
932,4499.3889,188,11.389,True,30.37,True,2.75,24.0,0.266,1.414468,0.95613,0.611576,0.003333,1187.5135,258.0,0.08,0.113157,0.364933,24.0,-0.266,21.0,24.0,0.81,24.0,-0.203,21.0,24.0,0.61,24.0,-0.14,21.0,24.0,0.36,24.0,-0.206,21.0,24.0,0.61,24.0,-0.211,21.0,24.0,0.36
933,4499.5833,188,11.583,True,30.55,True,2.75,24.0,0.267,1.417253,0.958915,0.614361,0.003333,1188.9308,257.4,0.08,0.11338,0.364801,24.0,-0.267,21.0,24.0,0.81,24.0,-0.202,21.0,24.0,0.61,24.0,-0.148,21.0,24.0,0.36,24.0,-0.205,21.0,24.0,0.61,24.0,-0.21,21.0,24.0,0.36
934,4499.75,188,11.75,True,30.73,True,2.75,24.0,0.269,1.420293,0.961955,0.617401,0.003333,1190.3511,257.0,0.08,0.113623,0.365015,24.0,-0.269,21.0,24.0,0.81,24.0,-0.202,21.0,24.0,0.61,24.0,-0.152,21.0,24.0,0.36,24.0,-0.206,21.0,24.0,0.61,24.0,-0.211,21.0,24.0,0.36
935,4499.9167,188,11.917,True,30.92,True,2.75,24.0,0.27,1.423258,0.96492,0.620366,0.436441,1191.7743,256.9,0.08,0.113861,0.365635,24.0,-0.27,21.0,24.0,0.81,24.0,-0.204,21.0,24.0,0.61,24.0,-0.155,21.0,24.0,0.36,24.0,-0.207,21.0,24.0,0.61,24.0,-0.212,21.0,24.0,0.36
936,4500.0833,188,12.083,True,31.1,True,2.75,24.0,0.272,1.426221,0.967884,0.62333,0.003333,1193.2005,257.1,0.08,0.114098,0.366682,24.0,-0.272,21.0,24.0,0.81,24.0,-0.205,21.0,24.0,0.61,24.0,-0.158,21.0,24.0,0.36,24.0,-0.209,21.0,24.0,0.61,24.0,-0.214,21.0,24.0,0.36
937,4500.1667,188,12.167,True,31.1,True,2.75,24.0,0.274,1.422215,0.963877,0.619323,0.003333,1194.6228,257.3,0.08,0.113777,0.365936,24.0,-0.274,21.0,24.0,0.81,24.0,-0.207,21.0,24.0,0.61,24.0,-0.161,21.0,24.0,0.36,24.0,-0.211,21.0,24.0,0.61,24.0,-0.216,21.0,24.0,0.36
938,4500.3333,188,12.333,True,31.1,True,2.75,24.0,0.276,1.418262,0.959924,0.61537,0.003333,1196.041,257.9,0.08,0.113461,0.36577,24.0,-0.276,21.0,24.0,0.81,24.0,-0.209,21.0,24.0,0.61,24.0,-0.164,21.0,24.0,0.36,24.0,-0.213,21.0,24.0,0.61,24.0,-0.218,21.0,24.0,0.36
939,4500.5,188,12.5,True,31.1,True,2.75,24.0,0.277,1.417772,0.959434,0.61488,0.003333,1197.4588,258.7,0.08,0.113422,0.366778,24.0,-0.277,21.0,24.0,0.81,24.0,-0.208,21.0,24.0,0.61,24.0,-0.164,21.0,24.0,0.36,24.0,-0.212,21.0,24.0,0.61,24.0,-0.217,21.0,24.0,0.36
940,4500.6667,188,12.667,True,31.1,True,2.75,24.0,0.279,1.41347,0.955133,0.610578,0.003333,1198.8723,260.0,0.08,0.113078,0.367502,24.0,-0.279,21.0,24.0,0.81,24.0,-0.211,21.0,24.0,0.61,24.0,-0.167,21.0,24.0,0.36,24.0,-0.215,21.0,24.0,0.61,24.0,-0.22,21.0,24.0,0.36
941,4500.8333,188,12.833,True,31.1,True,2.75,24.0,0.281,1.411737,0.953399,0.608845,0.003333,1200.284,261.5,0.08,0.112939,0.369169,24.0,-0.281,21.0,24.0,0.81,24.0,-0.211,21.0,24.0,0.61,24.0,-0.168,21.0,24.0,0.36,24.0,-0.215,21.0,24.0,0.61,24.0,-0.22,21.0,24.0,0.36
942,4501.0,188,13.0,True,31.1,True,2.75,24.0,0.282,1.410822,0.952484,0.60793,0.003333,1201.6948,263.5,0.08,0.112866,0.371752,24.0,-0.282,21.0,24.0,0.81,24.0,-0.211,21.0,24.0,0.61,24.0,-0.168,21.0,24.0,0.36,24.0,-0.216,21.0,24.0,0.61,24.0,-0.221,21.0,24.0,0.36
943,4501.25,188,13.25,True,31.1,True,2.75,24.0,0.284,1.41145,0.953113,0.608558,0.436429,1203.1063,267.2,0.08,0.112916,0.37714,24.0,-0.284,21.0,24.0,0.81,24.0,-0.211,21.0,24.0,0.61,24.0,-0.168,21.0,24.0,0.36,24.0,-0.216,21.0,24.0,0.61,24.0,-0.221,21.0,24.0,0.36
944,4501.4167,188,13.417,True,31.1,True,2.75,24.0,0.284,1.412944,0.954606,0.610052,0.003333,1204.5192,270.2,0.08,0.113036,0.381778,24.0,-0.284,21.0,24.0,0.81,24.0,-0.21,21.0,24.0,0.61,24.0,-0.167,21.0,24.0,0.36,24.0,-0.215,21.0,24.0,0.61,24.0,-0.22,21.0,24.0,0.36
945,4501.5833,188,13.583,True,31.1,True,2.75,24.0,0.285,1.41502,0.956682,0.612128,0.003333,1205.9342,273.8,0.08,0.113202,0.387432,24.0,-0.285,21.0,24.0,0.81,24.0,-0.208,21.0,24.0,0.61,24.0,-0.166,21.0,24.0,0.36,24.0,-0.214,21.0,24.0,0.61,24.0,-0.218,21.0,24.0,0.36
946,4501.75,188,13.75,True,31.1,True,2.75,24.0,0.284,1.412522,0.954184,0.60963,0.003333,1207.3468,277.8,0.08,0.113002,0.392399,24.0,-0.284,21.0,24.0,0.81,24.0,-0.207,21.0,24.0,0.61,24.0,-0.165,21.0,24.0,0.36,24.0,-0.212,21.0,24.0,0.61,24.0,-0.217,21.0,24.0,0.36
947,4501.9167,188,13.917,True,31.1,True,2.75,24.0,0.283,1.416927,0.958589,0.614035,0.003333,1208.7637,282.3,0.08,0.113354,0.399999,24.0,-0.283,21.0,24.0,0.81,24.0,-0.205,21.0,24.0,0.61,24.0,-0.164,21.0,24.0,0.36,24.0,-0.211,21.0,24.0,0.61,24.0,-0.208,21.0,24.0,0.36
948,4502.0833,188,14.083,True,31.1,True,2.75,24.0,0.283,1.422674,0.964336,0.619782,0.003333,1210.1864,287.4,0.08,0.113814,0.408876,24.0,-0.283,21.0,24.0,0.81,24.0,-0.203,21.0,24.0,0.61,24.0,-0.162,21.0,24.0,0.36,24.0,-0.209,21.0,24.0,0.61,24.0,-0.196,21.0,24.0,0.36
949,4502.1667,188,14.167,True,31.2,True,2.75,24.0,0.282,1.430235,0.971897,0.627343,0.003333,1211.6166,290.1,0.08,0.114419,0.414911,24.0,-0.282,21.0,24.0,0.81,24.0,-0.202,21.0,24.0,0.61,24.0,-0.161,21.0,24.0,0.36,24.0,-0.208,21.0,24.0,0.61,24.0,-0.184,21.0,24.0,0.36
950,4502.3333,188,14.333,True,31.3,True,2.75,24.0,0.283,1.43731,0.978972,0.634418,0.003333,1213.0539,296.0,0.08,0.114985,0.425444,24.0,-0.283,21.0,24.0,0.81,24.0,-0.201,21.0,24.0,0.61,24.0,-0.161,21.0,24.0,0.36,24.0,-0.207,21.0,24.0,0.61,24.0,-0.172,21.0,24.0,0.36
951,4502.5,188,14.5,True,31.4,True,2.75,24.0,0.284,1.44401,0.985672,0.641118,0.436415,1214.4979,302.5,0.08,0.115521,0.436813,24.0,-0.284,21.0,24.0,0.81,24.0,-0.201,21.0,24.0,0.61,24.0,-0.161,21.0,24.0,0.36,24.0,-0.207,21.0,24.0,0.61,24.0,-0.159,21.0,24.0,0.36
952,4502.6667,188,14.667,True,31.5,True,2.75,24.0,0.286,1.448796,0.990458,0.645904,0.003333,1215.9467,309.6,0.08,0.115904,0.448547,24.0,-0.286,21.0,24.0,0.81,24.0,-0.202,21.0,24.0,0.61,24.0,-0.162,21.0,24.0,0.36,24.0,-0.208,21.0,24.0,0.61,24.0,-0.15,21.0,24.0,0.36
953,4502.9167,188,14.917,True,31.6,True,2.75,24.0,0.288,1.451761,0.993424,0.648869,0.003333,1217.3985,321.3,0.08,0.116141,0.466451,24.0,-0.288,21.0,24.0,0.81,24.0,-0.203,21.0,24.0,0.61,24.0,-0.164,21.0,24.0,0.36,24.0,-0.21,21.0,24.0,0.61,24.0,-0.143,21.0,24.0,0.36
954,4503.0833,188,15.083,True,31.7,True,2.75,24.0,0.29,1.454653,0.996316,0.651761,0.003333,1218.8531,329.9,0.08,0.116372,0.47989,24.0,-0.29,21.0,24.0,0.81,24.0,-0.205,21.0,24.0,0.61,24.0,-0.166,21.0,24.0,0.36,24.0,-0.212,21.0,24.0,0.61,24.0,-0.138,21.0,24.0,0.36
955,4503.2222,188,15.222,True,31.6,True,2.75,24.0,0.292,1.451091,0.992753,0.648199,0.003333,1220.3042,337.4,0.08,0.116087,0.489598,24.0,-0.292,21.0,24.0,0.81,24.0,-0.207,21.0,24.0,0.61,24.0,-0.169,21.0,24.0,0.36,24.0,-0.213,21.0,24.0,0.61,24.0,-0.133,21.0,24.0,0.36
956,4503.3889,188,15.389,True,31.5,True,2.75,24.0,0.293,1.448024,0.989686,0.645132,0.003333,1221.7522,347.0,0.08,0.115842,0.502464,24.0,-0.293,21.0,24.0,0.81,24.0,-0.208,21.0,24.0,0.61,24.0,-0.17,21.0,24.0,0.36,24.0,-0.215,21.0,24.0,0.61,24.0,-0.129,21.0,24.0,0.36
957,4503.5556,188,15.556,True,31.4,True,2.75,24.0,0.294,1.444854,0.986516,0.641962,0.003333,1223.1971,357.1,0.08,0.115588,0.515957,24.0,-0.294,21.0,24.0,0.81,24.0,-0.209,21.0,24.0,0.61,24.0,-0.172,21.0,24.0,0.36,24.0,-0.216,21.0,24.0,0.61,24.0,-0.125,21.0,24.0,0.36
958,4503.7222,188,15.722,True,31.3,True,2.75,24.0,0.294,1.441929,0.983591,0.639037,0.003333,1224.639,367.6,0.08,0.115354,0.530053,24.0,-0.294,21.0,24.0,0.81,24.0,-0.21,21.0,24.0,0.61,24.0,-0.173,21.0,24.0,0.36,24.0,-0.217,21.0,24.0,0.61,24.0,-0.122,21.0,24.0,0.36
959,4503.8889,188,15.889,True,31.2,True,2.75,24.0,0.294,1.437321,0.978983,0.634429,0.436433,1226.0763,378.5,0.08,0.114986,0.544026,24.0,-0.294,21.0,24.0,0.81,24.0,-0.211,21.0,24.0,0.61,24.0,-0.174,21.0,24.0,0.36,24.0,-0.217,21.0,24.0,0.61,24.0,-0.125,21.0,24.0,0.36
960,4504.0556,188,16.056,True,31.1,True,2.75,24.0,0.294,1.433009,0.974671,0.630117,0.003333,1227.5094,389.8,0.34,0.487223,0.558587,24.0,-0.294,21.0,24.0,0.81,24.0,-0.211,21.0,24.0,0.61,24.0,-0.175,21.0,24.0,0.36,24.0,-0.217,21.0,24.0,0.61,24.0,-0.127,21.0,24.0,0.36
961,4504.2222,188,16.222,True,31.1,False,0.0,24.0,0.0,1.271946,0.95111,0.606556,0.003333,1228.7813,401.4,0.34,0.432462,0.510559,24.0,-0.297,21.0,24.0,0.0,24.0,-0.214,21.0,24.0,0.0,24.0,-0.178,21.0,24.0,0.0,24.0,-0.22,21.0,24.0,0.0,24.0,-0.132,21.0,24.0,0.0
962,4504.375,188,16.375,True,31.1,False,0.0,24.0,0.0,1.269529,0.948692,0.604138,0.003333,1230.0508,412.3,0.34,0.43164,0.523427,24.0,-0.297,21.0,24.0,0.0,24.0,-0.214,21.0,24.0,0.0,24.0,-0.179,21.0,24.0,0.0,24.0,-0.22,21.0,24.0,0.0,24.0,-0.135,21.0,24.0,0.0
963,4504.5417,188,16.542,True,31.1,False,0.0,24.0,0.0,1.267424,0.946587,0.602033,0.003333,1231.3183,424.2,0.34,0.430924,0.537641,24.0,-0.296,21.0,24.0,0.0,24.0,-0.214,21.0,24.0,0.0,24.0,-0.179,21.0,24.0,0.0,24.0,-0.22,21.0,24.0,0.0,24.0,-0.143,21.0,24.0,0.0
964,4504.7083,188,16.708,True,31.1,False,0.0,24.0,0.0,1.269791,0.948954,0.6044,0.003333,1232.588,436.2,0.34,0.431729,0.553883,24.0,-0.295,21.0,24.0,0.0,24.0,-0.213,21.0,24.0,0.0,24.0,-0.179,21.0,24.0,0.0,24.0,-0.219,21.0,24.0,0.0,24.0,-0.133,21.0,24.0,0.0
965,4504.875,188,16.875,True,31.1,False,0.0,24.0,0.0,1.272249,0.951413,0.606859,0.003333,1233.8603,448.1,0.34,0.432565,0.570095,24.0,-0.293,21.0,24.0,0.0,24.0,-0.213,21.0,24.0,0.0,24.0,-0.179,21.0,24.0,0.0,24.0,-0.218,21.0,24.0,0.0,24.0,-0.127,21.0,24.0,0.0
966,4505.0556,188,17.056,True,31.1,False,0.0,24.0,0.0,1.275325,0.954488,0.609934,0.003333,1235.1356,460.9,0.34,0.43361,0.587797,24.0,-0.291,21.0,24.0,0.0,24.0,-0.212,21.0,24.0,0.0,24.0,-0.18,21.0,24.0,0.0,24.0,-0.216,21.0,24.0,0.0,24.0,-0.12,21.0,24.0,0.0
967,4505.2,188,17.2,True,30.82,False,0.0,24.852,0.0,0.320836,0.0,0.0,0.003333,1235.4565,470.9,0.34,0.109084,0.151082,24.45,-0.221,15.6,26.7,0.0,24.76,-0.102,15.6,26.7,0.0,24.98,-0.037,15.6,26.7,0.0,24.76,-0.104,15.6,26.7,0.0,25.31,0.079,15.6,26.7,0.0
968,4505.3889,188,17.389,True,30.53,False,0.0,25.603,0.0,0.320836,0.0,0.0,0.436416,1235.7773,483.6,0.34,0.109084,0.155157,24.92,-0.127,15.6,26.7,0.0,25.45,0.033,15.6,26.7,0.0,25.78,0.126,15.6,26.7,0.0,25.45,0.037,15.6,26.7,0.0,26.42,0.319,15.6,26.7,0.0
969,4505.5556,188,17.556,True,30.25,False,0.0,25.916,0.0,0.320836,0.0,0.0,0.003333,1236.0981,494.4,0.34,0.109084,0.158622,25.11,-0.078,15.6,26.7,0.0,25.72,0.096,15.6,26.7,0.0,26.08,0.198,15.6,26.7,0.0,25.75,0.109,15.6,26.7,0.0,26.92,0.442,15.6,26.7,0.0
970,4505.7222,188,17.722,True,29.97,False,0.0,26.049,0.0,0.320836,0.0,0.0,0.003333,1236.419,504.5,0.34,0.109084,0.161862,25.19,-0.049,15.6,26.7,0.0,25.83,0.13,15.6,26.7,0.0,26.2,0.237,15.6,26.7,0.0,25.89,0.153,15.6,26.7,0.0,27.13,0.503,15.6,26.7,0.0
971,4505.8889,188,17.889,True,29.68,False,0.0,26.103,0.0,0.389223,0.068387,0.025074,0.003333,1236.8082,514.1,0.34,0.132336,0.2001,25.24,-0.027,15.6,26.7,0.0,25.88,0.151,15.6,26.7,0.0,26.26,0.263,15.6,26.7,0.0,25.98,0.184,15.6,26.7,0.0,27.16,0.534,15.6,26.7,0.0
972,4506.0417,188,18.042,True,29.4,False,0.0,26.049,0.0,0.425124,0.104288,0.039319,0.003333,1237.2333,522.1,0.34,0.144542,0.221957,25.27,-0.009,15.6,26.7,0.0,25.91,0.166,15.6,26.7,0.0,26.3,0.283,15.6,26.7,0.0,26.04,0.209,15.6,26.7,0.0,26.72,0.46,15.6,26.7,0.0
973,4506.2083,188,18.208,True,28.95,False,0.0,26.066,0.0,0.420441,0.099605,0.034636,0.003333,1237.6538,530.2,0.34,0.14295,0.222918,25.3,0.008,15.6,26.7,0.0,25.93,0.178,15.6,26.7,0.0,26.33,0.3,15.6,26.7,0.0,26.08,0.229,15.6,26.7,0.0,26.7,0.455,15.6,26.7,0.0
974,4506.375,188,18.375,True,28.5,False,0.0,26.127,0.0,0.320836,0.0,0.0,0.003333,1237.9746,537.3,0.34,0.109084,0.172385,25.31,0.022,15.6,26.7,0.0,25.93,0.187,15.6,26.7,0.0,26.35,0.314,15.6,26.7,0.0,26.1,0.243,15.6,26.7,0.0,26.95,0.496,15.6,26.7,0.0
975,4506.5417,188,18.542,True,28.05,False,0.0,26.161,0.0,0.320836,0.0,0.0,0.003333,1238.2954,543.5,0.34,0.109084,0.174375,25.32,0.036,15.6,26.7,0.0,25.92,0.193,15.6,26.7,0.0,26.35,0.326,15.6,26.7,0.0,26.11,0.254,15.6,26.7,0.0,27.1,0.533,15.6,26.7,0.0
976,4506.7083,188,18.708,True,27.6,False,0.0,26.155,0.0,0.320836,0.0,0.0,0.003333,1238.6163,548.7,0.34,0.109084,0.176043,25.33,0.048,15.6,26.7,0.0,25.9,0.198,15.6,26.7,0.0,26.35,0.336,15.6,26.7,0.0,26.1,0.26,15.6,26.7,0.0,27.09,0.534,15.6,26.7,0.0
977,4506.875,188,18.875,True,27.15,False,0.0,26.137,0.0,0.320836,0.0,0.0,0.43642,1238.9371,552.8,0.34,0.109084,0.177358,25.33,0.058,15.6,26.7,0.0,25.89,0.201,15.6,26.7,0.0,26.35,0.344,15.6,26.7,0.0,26.08,0.264,15.6,26.7,0.0,27.04,0.531,15.6,26.7,0.0
978,4507.0417,188,19.042,True,26.7,False,0.0,26.114,0.0,0.320836,0.0,0.0,0.003333,1239.2579,555.9,0.34,0.109084,0.178353,25.32,0.068,15.6,26.7,0.0,25.86,0.204,15.6,26.7,0.0,26.34,0.352,15.6,26.7,0.0,26.06,0.268,15.6,26.7,0.0,26.98,0.526,15.6,26.7,0.0
979,4507.2083,188,19.208,True,26.42,False,0.0,26.087,0.0,0.320836,0.0,0.0,0.003333,1239.5788,557.9,0.34,0.109084,0.178995,25.32,0.076,15.6,26.7,0.0,25.84,0.205,15.6,26.7,0.0,26.33,0.358,15.6,26.7,0.0,26.03,0.268,15.6,26.7,0.0,26.91,0.513,15.6,26.7,0.0
980,4507.375,188,19.375,True,26.13,False,0.0,26.056,0.0,0.320836,0.0,0.0,0.003333,1239.8996,558.9,0.34,0.109084,0.179315,25.32,0.083,15.6,26.7,0.0,25.82,0.206,15.6,26.7,0.0,26.32,0.362,15.6,26.7,0.0,26.0,0.266,15.6,26.7,0.0,26.82,0.495,15.6,26.7,0.0
981,4507.5417,188,19.542,True,25.85,False,0.0,26.008,0.0,0.320836,0.0,0.0,0.003333,1240.2204,558.8,0.34,0.109084,0.179283,25.31,0.089,15.6,26.7,0.0,25.79,0.203,15.6,26.7,0.0,26.3,0.363,15.6,26.7,0.0,25.95,0.254,15.6,26.7,0.0,26.7,0.458,15.6,26.7,0.0
982,4507.7083,188,19.708,True,25.57,False,0.0,25.961,0.0,0.320836,0.0,0.0,0.003333,1240.5413,557.7,0.34,0.109084,0.17893,25.3,0.093,15.6,26.7,0.0,25.75,0.201,15.6,26.7,0.0,26.27,0.365,15.6,26.7,0.0,25.9,0.248,15.6,26.7,0.0,26.58,0.436,15.6,26.7,0.0
983,4507.8889,188,19.889,True,25.28,False,0.0,25.921,0.0,0.320836,0.0,0.0,0.003333,1240.8621,555.5,0.34,0.109084,0.178225,25.28,0.096,15.6,26.7,0.0,25.72,0.199,15.6,26.7,0.0,26.25,0.366,15.6,26.7,0.0,25.86,0.243,15.6,26.7,0.0,26.49,0.42,15.6,26.7,0.0
984,4508.0556,188,20.056,True,25.0,False,0.0,25.887,0.0,0.320836,0.0,0.0,0.003333,1241.183,552.4,0.34,0.109084,0.17723,25.27,0.098,15.6,26.7,0.0,25.69,0.198,15.6,26.7,0.0,26.23,0.367,15.6,26.7,0.0,25.83,0.24,15.6,26.7,0.0,26.42,0.408,15.6,26.7,0.0
985,4508.2222,188,20.222,True,25.0,False,0.0,25.866,0.0,0.320836,0.0,0.0,0.003333,1241.5038,548.5,0.34,0.109084,0.175979,25.26,0.101,15.6,26.7,0.0,25.68,0.199,15.6,26.7,0.0,26.22,0.369,15.6,26.7,0.0,25.81,0.24,15.6,26.7,0.0,26.37,0.401,15.6,26.7,0.0
986,4508.3889,188,20.389,True,25.0,False,0.0,25.854,0.0,0.320836,0.0,0.0,0.436425,1241.8246,543.9,0.34,0.109084,0.174503,25.25,0.105,15.6,26.7,0.0,25.67,0.201,15.6,26.7,0.0,26.21,0.374,15.6,26.7,0.0,25.79,0.242,15.6,26.7,0.0,26.34,0.397,15.6,26.7,0.0
987,4508.5833,188,20.583,True,25.0,False,0.0,25.845,0.0,0.320836,0.0,0.0,0.003333,1242.1455,537.6,0.34,0.109084,0.172482,25.26,0.11,15.6,26.7,0.0,25.66,0.205,15.6,26.7,0.0,26.21,0.378,15.6,26.7,0.0,25.79,0.244,15.6,26.7,0.0,26.31,0.395,15.6,26.7,0.0
988,4508.75,188,20.75,True,25.0,False,0.0,25.841,0.0,0.320836,0.0,0.0,0.003333,1242.4663,531.6,0.34,0.109084,0.170557,25.26,0.116,15.6,26.7,0.0,25.66,0.209,15.6,26.7,0.0,26.21,0.383,15.6,26.7,0.0,25.78,0.248,15.6,26.7,0.0,26.29,0.394,15.6,26.7,0.0
989,4508.9167,188,20.917,True,25.0,False,0.0,25.838,0.0,0.320836,0.0,0.0,0.003333,1242.7871,525.2,0.34,0.109084,0.168503,25.26,0.122,15.6,26.7,0.0,25.66,0.213,15.6,26.7,0.0,26.21,0.389,15.6,26.7,0.0,25.78,0.251,15.6,26.7,0.0,26.27,0.395,15.6,26.7,0.0
990,4509.0833,188,21.083,True,25.0,False,0.0,25.836,0.0,0.320836,0.0,0.0,0.003333,1243.108,518.3,0.08,0.025667,0.16629,25.27,0.127,15.6,26.7,0.0,25.66,0.218,15.6,26.7,0.0,26.21,0.394,15.6,26.7,0.0,25.78,0.256,15.6,26.7,0.0,26.26,0.397,15.6,26.7,0.0
991,4509.25,188,21.25,True,24.9,False,0.0,25.832,0.0,0.320836,0.0,0.0,0.003333,1243.4288,511.1,0.08,0.025667,0.16398,25.27,0.132,15.6,26.7,0.0,25.66,0.221,15.6,26.7,0.0,26.21,0.397,15.6,26.7,0.0,25.78,0.259,15.6,26.7,0.0,26.25,0.398,15.6,26.7,0.0
992,4509.4167,188,21.417,True,24.8,False,0.0,25.825,0.0,0.320836,0.0,0.0,0.003333,1243.7496,503.8,0.08,0.025667,0.161637,25.27,0.135,15.6,26.7,0.0,25.65,0.223,15.6,26.7,0.0,26.21,0.4,15.6,26.7,0.0,25.77,0.261,15.6,26.7,0.0,26.23,0.398,15.6,26.7,0.0
993,4509.5833,188,21.583,True,24.7,False,0.0,25.819,0.0,0.320836,0.0,0.0,0.003333,1244.0705,496.3,0.08,0.025667,0.159231,25.27,0.137,15.6,26.7,0.0,25.64,0.224,15.6,26.7,0.0,26.2,0.401,15.6,26.7,0.0,25.76,0.262,15.6,26.7,0.0,26.22,0.398,15.6,26.7,0.0
994,4509.75,188,21.75,True,24.6,False,0.0,25.812,0.0,0.320836,0.0,0.0,0.003333,1244.3913,488.8,0.08,0.025667,0.156825,25.26,0.138,15.6,26.7,0.0,25.64,0.224,15.6,26.7,0.0,26.19,0.402,15.6,26.7,0.0,25.76,0.263,15.6,26.7,0.0,26.21,0.397,15.6,26.7,0.0
995,4509.8333,188,21.833,True,24.5,False,0.0,25.804,0.0,0.320836,0.0,0.0,0.436394,1244.7122,485.0,0.08,0.025667,0.155606,25.26,0.138,15.6,26.7,0.0,25.63,0.224,15.6,26.7,0.0,26.18,0.402,15.6,26.7,0.0,25.75,0.263,15.6,26.7,0.0,26.19,0.396,15.6,26.7,0.0
996,4510.0,188,22.0,True,24.4,False,0.0,25.796,0.0,0.320836,0.0,0.0,0.003333,1245.033,477.6,0.08,0.025667,0.153231,25.26,0.138,15.6,26.7,0.0,25.62,0.223,15.6,26.7,0.0,26.18,0.401,15.6,26.7,0.0,25.74,0.262,15.6,26.7,0.0,26.18,0.394,15.6,26.7,0.0
997,4510.1667,188,22.167,True,24.4,False,0.0,25.794,0.0,0.320836,0.0,0.0,0.003333,1245.3538,470.3,0.08,0.025667,0.150889,25.26,0.138,15.6,26.7,0.0,25.62,0.223,15.6,26.7,0.0,26.17,0.4,15.6,26.7,0.0,25.74,0.262,15.6,26.7,0.0,26.18,0.394,15.6,26.7,0.0
998,4510.3333,188,22.333,True,24.4,False,0.0,25.793,0.0,0.320836,0.0,0.0,0.003333,1245.6747,463.2,0.08,0.025667,0.148611,25.26,0.138,15.6,26.7,0.0,25.62,0.223,15.6,26.7,0.0,26.17,0.4,15.6,26.7,0.0,25.74,0.263,15.6,26.7,0.0,26.17,0.393,15.6,26.7,0.0
999,4510.5,188,22.5,True,24.4,False,0.0,25.792,0.0,0.320836,0.0,0.0,0.003333,1245.9955,456.4,0.08,0.025667,0.14643,25.27,0.138,15.6,26.7,0.0,25.61,0.223,15.6,26.7,0.0,26.17,0.4,15.6,26.7,0.0,25.74,0.263,15.6,26.7,0.0,26.17,0.392,15.6,26.7,0.0
1000,4510.6667,188,22.667,True,24.4,False,0.0,25.792,0.0,0.320836,0.0,0.0,0.003333,1246.3163,449.8,0.08,0.025667,0.144312,25.27,0.138,15.6,26.7,0.0,25.61,0.222,15.6,26.7,0.0,26.17,0.399,15.6,26.7,0.0,25.74,0.263,15.6,26.7,0.0,26.16,0.392,15.6,26.7,0.0
1001,4510.8333,188,22.833,True,24.4,False,0.0,25.792,0.0,0.320836,0.0,0.0,0.003333,1246.6372,443.6,0.08,0.025667,0.142323,25.28,0.138,15.6,26.7,0.0,25.61,0.222,15.6,26.7,0.0,26.17,0.398,15.6,26.7,0.0,25.74,0.263,15.6,26.7,0.0,26.16,0.391,15.6,26.7,0.0
1002,4511.0,188,23.0,True,24.4,False,0.0,25.792,0.0,0.320836,0.0,0.0,0.003333,1246.958,437.7,0.08,0.025667,0.14043,25.28,0.138,15.6,26.7,0.0,25.61,0.221,15.6,26.7,0.0,26.17,0.397,15.6,26.7,0.0,25.74,0.263,15.6,26.7,0.0,26.16,0.39,15.6,26.7,0.0
1003,4511.1667,188,23.167,True,24.32,False,0.0,25.788,0.0,0.320836,0.0,0.0,0.003333,1247.2788,432.2,0.08,0.025667,0.138666,25.28,0.137,15.6,26.7,0.0,25.61,0.221,15.6,26.7,0.0,26.16,0.396,15.6,26.7,0.0,25.74,0.262,15.6,26.7,0.0,26.15,0.389,15.6,26.7,0.0
1004,4511.3333,188,23.333,True,24.23,False,0.0,25.783,0.0,0.320836,0.0,0.0,0.003333,1247.5997,427.0,0.08,0.025667,0.136997,25.28,0.137,15.6,26.7,0.0,25.6,0.22,15.6,26.7,0.0,26.15,0.394,15.6,26.7,0.0,25.74,0.262,15.6,26.7,0.0,26.15,0.387,15.6,26.7,0.0
1005,4511.5,188,23.5,True,24.15,False,0.0,25.777,0.0,0.320836,0.0,0.0,0.436409,1247.9205,422.2,0.08,0.025667,0.135457,25.28,0.137,15.6,26.7,0.0,25.59,0.219,15.6,26.7,0.0,26.14,0.393,15.6,26.7,0.0,25.73,0.261,15.6,26.7,0.0,26.14,0.386,15.6,26.7,0.0
1006,4511.6667,188,23.667,True,24.07,False,0.0,25.77,0.0,0.320836,0.0,0.0,0.003333,1248.2414,417.7,0.08,0.025667,0.134013,25.28,0.137,15.6,26.7,0.0,25.59,0.218,15.6,26.7,0.0,26.14,0.392,15.6,26.7,0.0,25.72,0.261,15.6,26.7,0.0,26.13,0.385,15.6,26.7,0.0
1007,4511.8333,188,23.833,True,23.98,False,0.0,25.763,0.0,0.320836,0.0,0.0,0.003333,1248.5622,413.6,0.08,0.025667,0.132698,25.27,0.137,15.6,26.7,0.0,25.58,0.218,15.6,26.7,0.0,26.13,0.391,15.6,26.7,0.0,25.72,0.26,15.6,26.7,0.0,26.12,0.384,15.6,26.7,0.0
1008,4512.0,188,24.0,True,23.9,False,0.0,25.755,0.0,0.320836,0.0,0.0,0.003333,1248.883,409.8,0.08,0.025667,0.131479,25.27,0.138,15.6,26.7,0.0,25.57,0.217,15.6,26.7,0.0,26.12,0.39,15.6,26.7,0.0,25.71,0.26,15.6,26.7,0.0,26.11,0.383,15.6,26.7,0.0
1009,4512.1667,189,0.167,True,23.9,False,0.0,25.751,0.0,0.320836,0.0,0.0,0.003333,1249.2039,378.0,0.08,0.025667,0.121276,25.27,0.139,15.6,26.7,0.0,25.57,0.217,15.6,26.7,0.0,26.11,0.389,15.6,26.7,0.0,25.71,0.26,15.6,26.7,0.0,26.1,0.383,15.6,26.7,0.0
1010,4512.3333,189,0.333,True,23.9,False,0.0,25.748,0.0,0.320836,0.0,0.0,0.003333,1249.5247,378.5,0.08,0.025667,0.121437,25.27,0.14,15.6,26.7,0.0,25.56,0.217,15.6,26.7,0.0,26.11,0.389,15.6,26.7,0.0,25.7,0.261,15.6,26.7,0.0,26.1,0.383,15.6,26.7,0.0
1011,4512.5,189,0.5,True,23.9,False,0.0,25.745,0.0,0.320836,0.0,0.0,0.003333,1249.8455,378.9,0.08,0.025667,0.121565,25.27,0.141,15.6,26.7,0.0,25.56,0.217,15.6,26.7,0.0,26.1,0.388,15.6,26.7,0.0,25.7,0.261,15.6,26.7,0.0,26.09,0.382,15.6,26.7,0.0
1012,4512.6667,189,0.667,True,23.9,False,0.0,25.742,0.0,0.320836,0.0,0.0,0.003333,1250.1664,379.3,0.08,0.025667,0.121693,25.27,0.142,15.6,26.7,0.0,25.56,0.217,15.6,26.7,0.0,26.09,0.388,15.6,26.7,0.0,25.7,0.261,15.6,26.7,0.0,26.09,0.382,15.6,26.7,0.0
1013,4512.8333,189,0.833,True,23.9,False,0.0,25.739,0.0,0.320836,0.0,0.0,0.003333,1250.4872,379.4,0.08,0.025667,0.121725,25.27,0.143,15.6,26.7,0.0,25.55,0.217,15.6,26.7,0.0,26.09,0.387,15.6,26.7,0.0,25.7,0.261,15.6,26.7,0.0,26.08,0.382,15.6,26.7,0.0
1014,4513.0,189,1.0,True,23.9,False,0.0,25.736,0.0,0.320836,0.0,0.0,0.436396,1250.808,379.5,0.08,0.025667,0.121757,25.27,0.144,15.6,26.7,0.0,25.55,0.217,15.6,26.7,0.0,26.08,0.386,15.6,26.7,0.0,25.69,0.261,15.6,26.7,0.0,26.08,0.381,15.6,26.7,0.0
1015,4513.1667,189,1.167,True,23.8,False,0.0,25.727,0.0,0.320836,0.0,0.0,0.003333,1251.1289,379.4,0.08,0.025667,0.121725,25.27,0.144,15.6,26.7,0.0,25.54,0.215,15.6,26.7,0.0,26.07,0.385,15.6,26.7,0.0,25.68,0.26,15.6,26.7,0.0,26.06,0.379,15.6,26.7,0.0
1016,4513.3333,189,1.333,True,23.7,False,0.0,25.715,0.0,0.320836,0.0,0.0,0.003333,1251.4497,379.3,0.08,0.025667,0.121693,25.27,0.144,15.6,26.7,0.0,25.53,0.214,15.6,26.7,0.0,26.06,0.382,15.6,26.7,0.0,25.67,0.259,15.6,26.7,0.0,26.05,0.377,15.6,26.7,0.0
1017,4513.5,189,1.5,True,23.6,False,0.0,25.702,0.0,0.320836,0.0,0.0,0.003333,1251.7706,378.9,0.08,0.025667,0.121565,25.26,0.144,15.6,26.7,0.0,25.51,0.212,15.6,26.7,0.0,26.04,0.38,15.6,26.7,0.0,25.66,0.257,15.6,26.7,0.0,26.03,0.375,15.6,26.7,0.0
1018,4513.6667,189,1.667,True,23.5,False,0.0,25.689,0.0,0.320836,0.0,0.0,0.003333,1252.0914,378.5,0.08,0.025667,0.121437,25.25,0.144,15.6,26.7,0.0,25.5,0.21,15.6,26.7,0.0,26.03,0.378,15.6,26.7,0.0,25.65,0.255,15.6,26.7,0.0,26.02,0.372,15.6,26.7,0.0
1019,4513.8333,189,1.833,True,23.4,False,0.0,25.674,0.0,0.320836,0.0,0.0,0.003333,1252.4122,378.0,0.08,0.025667,0.121276,25.24,0.144,15.6,26.7,0.0,25.48,0.207,15.6,26.7,0.0,26.01,0.375,15.6,26.7,0.0,25.63,0.254,15.6,26.7,0.0,26.0,0.37,15.6,26.7,0.0
1020,4514.0,189,2.0,True,23.3,False,0.0,25.659,0.0,0.320836,0.0,0.0,0.003333,1252.7331,377.3,0.08,0.025667,0.121052,25.23,0.144,15.6,26.7,0.0,25.47,0.205,15.6,26.7,0.0,25.99,0.372,15.6,26.7,0.0,25.62,0.252,15.6,26.7,0.0,25.98,0.367,15.6,26.7,0.0
1021,4514.1667,189,2.167,True,23.3,False,0.0,25.65,0.0,0.320836,0.0,0.0,0.003333,1253.0539,376.5,0.08,0.025667,0.120795,25.23,0.144,15.6,26.7,0.0,25.46,0.204,15.6,26.7,0.0,25.98,0.371,15.6,26.7,0.0,25.61,0.251,15.6,26.7,0.0,25.97,0.365,15.6,26.7,0.0
1022,4514.3333,189,2.333,True,23.3,False,0.0,25.642,0.0,0.320836,0.0,0.0,0.003333,1253.3747,375.6,0.08,0.025667,0.120506,25.22,0.145,15.6,26.7,0.0,25.45,0.203,15.6,26.7,0.0,25.97,0.37,15.6,26.7,0.0,25.6,0.25,15.6,26.7,0.0,25.96,0.364,15.6,26.7,0.0
1023,4514.5,189,2.5,True,23.3,False,0.0,25.635,0.0,0.320836,0.0,0.0,0.003333,1253.6956,374.6,0.08,0.025667,0.120185,25.22,0.145,15.6,26.7,0.0,25.44,0.203,15.6,26.7,0.0,25.96,0.368,15.6,26.7,0.0,25.6,0.25,15.6,26.7,0.0,25.95,0.363,15.6,26.7,0.0
1024,4514.6667,189,2.667,True,23.3,False,0.0,25.629,0.0,0.320836,0.0,0.0,0.43641,1254.0164,373.4,0.08,0.025667,0.1198,25.22,0.146,15.6,26.7,0.0,25.44,0.203,15.6,26.7,0.0,25.95,0.367,15.6,26.7,0.0,25.59,0.25,15.6,26.7,0.0,25.94,0.362,15.6,26.7,0.0
1025,4514.8333,189,2.833,True,23.3,False,0.0,25.623,0.0,0.320836,0.0,0.0,0.003333,1254.3372,372.2,0.08,0.025667,0.119415,25.22,0.146,15.6,26.7,0.0,25.43,0.202,15.6,26.7,0.0,25.95,0.366,15.6,26.7,0.0,25.59,0.249,15.6,26.7,0.0,25.93,0.361,15.6,26.7,0.0
1026,4515.0,189,3.0,True,23.3,False,0.0,25.617,0.0,0.320836,0.0,0.0,0.003333,1254.6581,370.8,0.08,0.025667,0.118966,25.21,0.146,15.6,26.7,0.0,25.43,0.202,15.6,26.7,0.0,25.94,0.365,15.6,26.7,0.0,25.58,0.249,15.6,26.7,0.0,25.92,0.36,15.6,26.7,0.0
1027,4515.1667,189,3.167,True,23.3,False,0.0,25.609,0.0,0.320836,0.0,0.0,0.003333,1254.9789,369.4,0.08,0.025667,0.118517,25.21,0.147,15.6,26.7,0.0,25.42,0.201,15.6,26.7,0.0,25.93,0.363,15.6,26.7,0.0,25.57,0.248,15.6,26.7,0.0,25.91,0.358,15.6,26.7,0.0
1028,4515.3333,189,3.333,True,23.3,False,0.0,25.601,0.0,0.320836,0.0,0.0,0.003333,1255.2998,367.8,0.08,0.025667,0.118004,25.21,0.147,15.6,26.7,0.0,25.41,0.199,15.6,26.7,0.0,25.92,0.361,15.6,26.7,0.0,25.56,0.246,15.6,26.7,0.0,25.9,0.356,15.6,26.7,0.0
1029,4515.5,189,3.5,True,23.3,False,0.0,25.592,0.0,0.320836,0.0,0.0,0.003333,1255.6206,366.1,0.08,0.025667,0.117458,25.2,0.147,15.6,26.7,0.0,25.4,0.197,15.6,26.7,0.0,25.91,0.359,15.6,26.7,0.0,25.56,0.245,15.6,26.7,0.0,25.89,0.353,15.6,26.7,0.0
1030,4515.6667,189,3.667,True,23.3,False,0.0,25.583,0.0,0.320836,0.0,0.0,0.003333,1255.9414,364.4,0.08,0.025667,0.116913,25.2,0.146,15.6,26.7,0.0,25.39,0.196,15.6,26.7,0.0,25.89,0.356,15.6,26.7,0.0,25.55,0.243,15.6,26.7,0.0,25.88,0.351,15.6,26.7,0.0
1031,4515.8333,189,3.833,True,23.3,False,0.0,25.573,0.0,0.320836,0.0,0.0,0.003333,1256.2623,362.5,0.08,0.025667,0.116303,25.2,0.146,15.6,26.7,0.0,25.38,0.194,15.6,26.7,0.0,25.88,0.354,15.6,26.7,0.0,25.54,0.241,15.6,26.7,0.0,25.87,0.348,15.6,26.7,0.0
1032,4516.0,189,4.0,True,23.3,False,0.0,25.564,0.0,0.320836,0.0,0.0,0.003333,1256.5831,360.5,0.08,0.025667,0.115662,25.19,0.146,15.6,26.7,0.0,25.37,0.192,15.6,26.7,0.0,25.87,0.351,15.6,26.7,0.0,25.53,0.24,15.6,26.7,0.0,25.85,0.345,15.6,26.7,0.0
1033,4516.1667,189,4.167,True,23.22,False,0.0,25.552,0.0,0.320836,0.0,0.0,0.436402,1256.9039,358.5,0.08,0.025667,0.11502,25.19,0.145,15.6,26.7,0.0,25.36,0.189,15.6,26.7,0.0,25.86,0.348,15.6,26.7,0.0,25.52,0.237,15.6,26.7,0.0,25.84,0.342,15.6,26.7,0.0
1034,4516.3333,189,4.333,True,23.13,False,0.0,25.538,0.0,0.320836,0.0,0.0,0.003333,1257.2248,356.4,0.08,0.025667,0.114346,25.18,0.144,15.6,26.7,0.0,25.35,0.187,15.6,26.7,0.0,25.84,0.345,15.6,26.7,0.0,25.5,0.235,15.6,26.7,0.0,25.82,0.339,15.6,26.7,0.0
1035,4516.5,189,4.5,True,23.05,False,0.0,25.524,0.0,0.320836,0.0,0.0,0.003333,1257.5456,354.2,0.08,0.025667,0.11364,25.17,0.142,15.6,26.7,0.0,25.33,0.184,15.6,26.7,0.0,25.82,0.341,15.6,26.7,0.0,25.49,0.232,15.6,26.7,0.0,25.81,0.335,15.6,26.7,0.0
1036,4516.6667,189,4.667,True,22.97,False,0.0,25.51,0.0,0.320836,0.0,0.0,0.003333,1257.8664,351.9,0.08,0.025667,0.112902,25.16,0.14,15.6,26.7,0.0,25.32,0.181,15.6,26.7,0.0,25.81,0.337,15.6,26.7,0.0,25.48,0.229,15.6,26.7,0.0,25.79,0.331,15.6,26.7,0.0
1037,4516.8333,189,4.833,True,22.88,False,0.0,25.495,0.0,0.320836,0.0,0.0,0.003333,1258.1873,349.5,0.08,0.025667,0.112132,25.15,0.138,15.6,26.7,0.0,25.31,0.178,15.6,26.7,0.0,25.79,0.334,15.6,26.7,0.0,25.46,0.226,15.6,26.7,0.0,25.77,0.328,15.6,26.7,0.0
1038,4517.0,189,5.0,True,22.8,False,0.0,25.48,0.0,0.320836,0.0,0.0,0.003333,1258.5081,347.1,0.08,0.025667,0.111362,25.13,0.136,15.6,26.7,0.0,25.29,0.175,15.6,26.7,0.0,25.77,0.33,15.6,26.7,0.0,25.45,0.223,15.6,26.7,0.0,25.75,0.323,15.6,26.7,0.0
1039,4517.1667,189,5.167,True,22.8,False,0.0,25.467,0.0,0.320836,0.0,0.0,0.003333,1258.829,344.6,0.08,0.025667,0.11056,25.12,0.134,15.6,26.7,0.0,25.28,0.172,15.6,26.7,0.0,25.76,0.326,15.6,26.7,0.0,25.44,0.221,15.6,26.7,0.0,25.74,0.32,15.6,26.7,0.0
1040,4517.3333,189,5.333,True,22.8,False,0.0,25.456,0.0,0.320836,0.0,0.0,0.003333,1259.1498,342.1,0.08,0.025667,0.109758,25.12,0.133,15.6,26.7,0.0,25.27,0.17,15.6,26.7,0.0,25.74,0.323,15.6,26.7,0.0,25.43,0.218,15.6,26.7,0.0,25.72,0.316,15.6,26.7,0.0
1041,4517.5,189,5.5,True,22.8,False,0.0,25.445,0.0,0.320836,0.0,0.0,0.003333,1259.4706,339.5,0.08,0.025667,0.108924,25.11,0.131,15.6,26.7,0.0,25.26,0.167,15.6,26.7,0.0,25.73,0.319,15.6,26.7,0.0,25.41,0.215,15.6,26.7,0.0,25.71,0.313,15.6,26.7,0.0
1042,4517.6667,189,5.667,True,22.8,False,0.0,25.434,0.0,0.320836,0.0,0.0,0.436392,1259.7915,336.9,0.08,0.025667,0.10809,25.1,0.129,15.6,26.7,0.0,25.25,0.165,15.6,26.7,0.0,25.72,0.316,15.6,26.7,0.0,25.4,0.213,15.6,26.7,0.0,25.7,0.31,15.6,26.7,0.0
1043,4517.8333,189,5.833,True,22.8,False,0.0,25.464,0.0,0.320836,0.0,0.0,0.003333,1260.1123,334.2,0.08,0.025667,0.107224,25.1,0.128,15.6,26.7,0.0,25.25,0.168,15.6,26.7,0.0,25.82,0.358,15.6,26.7,0.0,25.45,0.232,15.6,26.7,0.0,25.7,0.311,15.6,26.7,0.0
1044,4518.0,189,6.0,True,22.8,False,0.0,25.495,0.0,0.320836,0.0,0.0,0.003333,1260.4331,331.5,0.08,0.025667,0.106357,25.09,0.128,15.6,26.7,0.0,25.26,0.171,15.6,26.7,0.0,25.92,0.389,15.6,26.7,0.0,25.5,0.245,15.6,26.7,0.0,25.7,0.312,15.6,26.7,0.0
1045,4518.25,189,6.25,True,23.07,False,0.0,25.534,0.0,0.320836,0.0,0.0,0.003333,1260.754,327.4,0.08,0.025667,0.105042,25.1,0.13,15.6,26.7,0.0,25.28,0.177,15.6,26.7,0.0,26.03,0.424,15.6,26.7,0.0,25.54,0.261,15.6,26.7,0.0,25.72,0.317,15.6,26.7,0.0
1046,4518.4167,189,6.417,True,23.33,False,0.0,25.586,0.0,0.320836,0.0,0.0,0.003333,1261.0748,324.6,0.08,0.025667,0.104144,25.12,0.133,15.6,26.7,0.0,25.31,0.187,15.6,26.7,0.0,26.15,0.459,15.6,26.7,0.0,25.6,0.276,15.6,26.7,0.0,25.74,0.325,15.6,26.7,0.0
1047,4518.5833,189,6.583,True,23.6,False,0.0,25.64,0.0,0.320836,0.0,0.0,0.003333,1261.3957,321.8,0.08,0.025667,0.103245,25.14,0.139,15.6,26.7,0.0,25.35,0.198,15.6,26.7,0.0,26.27,0.495,15.6,26.7,0.0,25.65,0.292,15.6,26.7,0.0,25.78,0.333,15.6,26.7,0.0
1048,4518.75,189,6.75,True,23.87,False,0.0,25.701,0.0,0.320836,0.0,0.0,0.003333,1261.7165,319.0,0.08,0.025667,0.102347,25.17,0.145,15.6,26.7,0.0,25.4,0.211,15.6,26.7,0.0,26.41,0.536,15.6,26.7,0.0,25.71,0.309,15.6,26.7,0.0,25.81,0.344,15.6,26.7,0.0
1049,4518.8889,189,6.889,True,24.13,False,0.0,25.763,0.0,0.320836,0.0,0.0,0.003333,1262.0373,316.6,0.08,0.025667,0.101577,25.19,0.151,15.6,26.7,0.0,25.45,0.225,15.6,26.7,0.0,26.55,0.58,15.6,26.7,0.0,25.77,0.326,15.6,26.7,0.0,25.85,0.354,15.6,26.7,0.0
1050,4519.0556,189,7.056,True,24.4,False,0.0,25.833,0.0,0.320836,0.0,0.0,0.003333,1262.3582,313.8,0.08,0.025667,0.100678,25.22,0.158,15.6,26.7,0.0,25.5,0.24,15.6,26.7,0.0,26.72,0.629,15.6,26.7,0.0,25.84,0.345,15.6,26.7,0.0,25.89,0.366,15.6,26.7,0.0
1051,4519.2222,189,7.222,True,24.78,False,0.0,25.909,0.0,0.320836,0.0,0.0,0.003333,1262.679,311.0,0.08,0.025667,0.09978,25.26,0.167,15.6,26.7,0.0,25.56,0.257,15.6,26.7,0.0,26.89,0.681,15.6,26.7,0.0,25.9,0.363,15.6,26.7,0.0,25.94,0.38,15.6,26.7,0.0
1052,4519.375,189,7.375,True,25.17,False,0.0,25.985,0.0,0.320836,0.0,0.0,0.436418,1262.9998,308.4,0.08,0.025667,0.098946,25.3,0.176,15.6,26.7,0.0,25.62,0.275,15.6,26.7,0.0,27.07,0.734,15.6,26.7,0.0,25.96,0.379,15.6,26.7,0.0,25.98,0.394,15.6,26.7,0.0
1053,4519.5417,189,7.542,True,25.55,False,0.0,26.049,0.0,0.381953,0.061117,0.028638,0.003333,1263.3818,305.6,0.08,0.030556,0.116725,25.33,0.185,15.6,26.7,0.0,25.69,0.295,15.6,26.7,0.0,27.17,0.778,15.6,26.7,0.0,26.02,0.395,15.6,26.7,0.0,26.04,0.41,15.6,26.7,0.0
1054,4519.7083,189,7.708,True,25.93,False,0.0,26.003,0.0,0.441445,0.120608,0.05565,0.003333,1263.8232,302.8,0.08,0.035316,0.133669,25.37,0.195,15.6,26.7,0.0,25.76,0.315,15.6,26.7,0.0,26.72,0.701,15.6,26.7,0.0,26.07,0.409,15.6,26.7,0.0,26.09,0.425,15.6,26.7,0.0
1055,4519.875,189,7.875,True,26.32,False,0.0,26.038,0.0,0.441898,0.121061,0.056103,0.003333,1264.2651,300.1,0.08,0.035352,0.132613,25.41,0.204,15.6,26.7,0.0,25.82,0.334,15.6,26.7,0.0,26.7,0.698,15.6,26.7,0.0,26.11,0.42,15.6,26.7,0.0,26.15,0.44,15.6,26.7,0.0
1056,4520.0333,189,8.033,True,26.7,False,0.0,26.187,0.0,0.320836,0.0,0.0,0.003333,1264.586,297.5,0.08,0.025667,0.095449,25.44,0.213,15.6,26.7,0.0,25.89,0.352,15.6,26.7,0.0,27.27,0.798,15.6,26.7,0.0,26.14,0.429,15.6,26.7,0.0,26.2,0.454,15.6,26.7,0.0
1057,4520.2,189,8.2,True,26.97,False,0.0,26.106,0.0,0.466936,0.146099,0.081141,0.003333,1265.0529,294.8,0.08,0.037355,0.137653,25.47,0.221,15.6,26.7,0.0,25.95,0.369,15.6,26.7,0.0,26.71,0.729,15.6,26.7,0.0,26.16,0.435,15.6,26.7,0.0,26.24,0.467,15.6,26.7,0.0
1058,4520.3667,189,8.367,True,27.23,False,0.0,26.135,0.0,0.454368,0.133531,0.068573,0.003333,1265.5073,292.1,0.08,0.036349,0.132721,25.5,0.229,15.6,26.7,0.0,26.0,0.387,15.6,26.7,0.0,26.7,0.721,15.6,26.7,0.0,26.19,0.442,15.6,26.7,0.0,26.29,0.481,15.6,26.7,0.0
1059,4520.5333,189,8.533,True,27.5,False,0.0,26.165,0.0,0.456746,0.135909,0.070951,0.003333,1265.964,289.5,0.08,0.03654,0.132228,25.53,0.236,15.6,26.7,0.0,26.06,0.403,15.6,26.7,0.0,26.7,0.721,15.6,26.7,0.0,26.21,0.45,15.6,26.7,0.0,26.33,0.493,15.6,26.7,0.0
1060,4520.7,189,8.7,True,27.77,False,0.0,26.361,0.0,0.320836,0.0,0.0,0.003333,1266.2849,286.9,0.08,0.025667,0.092048,25.55,0.243,15.6,26.7,0.0,26.11,0.419,15.6,26.7,0.0,27.52,0.848,15.6,26.7,0.0,26.24,0.46,15.6,26.7,0.0,26.37,0.506,15.6,26.7,0.0
1061,4520.8667,189,8.867,True,28.03,False,0.0,26.233,0.0,0.476514,0.155678,0.09072,0.436417,1266.7614,284.4,0.08,0.038121,0.135521,25.58,0.25,15.6,26.7,0.0,26.17,0.436,15.6,26.7,0.0,26.71,0.747,15.6,26.7,0.0,26.28,0.471,15.6,26.7,0.0,26.42,0.519,15.6,26.7,0.0
1062,4521.0333,189,9.033,True,28.3,False,0.0,26.266,0.0,0.463138,0.142301,0.077343,0.003333,1267.2245,282.0,0.08,0.037051,0.130605,25.61,0.256,15.6,26.7,0.0,26.23,0.452,15.6,26.7,0.0,26.7,0.72,15.6,26.7,0.0,26.32,0.482,15.6,26.7,0.0,26.47,0.532,15.6,26.7,0.0
1063,4521.2,189,9.2,True,28.48,False,0.0,26.3,0.0,0.461645,0.140808,0.07585,0.003333,1267.6861,279.6,0.08,0.036932,0.129076,25.63,0.263,15.6,26.7,0.0,26.28,0.468,15.6,26.7,0.0,26.7,0.711,15.6,26.7,0.0,26.37,0.493,15.6,26.7,0.0,26.52,0.546,15.6,26.7,0.0
1064,4521.3667,189,9.367,True,28.67,False,0.0,26.514,0.0,0.320836,0.0,0.0,0.003333,1268.007,277.3,0.08,0.025667,0.088968,25.66,0.268,15.6,26.7,0.0,26.33,0.482,15.6,26.7,0.0,27.61,0.846,15.6,26.7,0.0,26.4,0.505,15.6,26.7,0.0,26.56,0.559,15.6,26.7,0.0
1065,4521.5333,189,9.533,True,28.85,False,0.0,26.366,0.0,0.477115,0.156278,0.09132,0.003333,1268.4841,275.1,0.08,0.038169,0.131254,25.68,0.274,15.6,26.7,0.0,26.38,0.497,15.6,26.7,0.0,26.71,0.731,15.6,26.7,0.0,26.44,0.516,15.6,26.7,0.0,26.61,0.572,15.6,26.7,0.0
1066,4521.7,189,9.7,True,29.03,False,0.0,26.393,0.0,0.462615,0.141778,0.07682,0.003333,1268.9467,272.9,0.08,0.037009,0.126248,25.7,0.28,15.6,26.7,0.0,26.43,0.509,15.6,26.7,0.0,26.7,0.696,15.6,26.7,0.0,26.48,0.526,15.6,26.7,0.0,26.65,0.584,15.6,26.7,0.0
1067,4521.8667,189,9.867,True,29.22,False,0.0,26.419,0.0,0.458992,0.138155,0.073197,0.003333,1269.4057,270.9,0.08,0.036719,0.124341,25.72,0.285,15.6,26.7,0.0,26.47,0.52,15.6,26.7,0.0,26.7,0.68,15.6,26.7,0.0,26.51,0.535,15.6,26.7,0.0,26.69,0.594,15.6,26.7,0.0
1068,4522.0333,189,10.033,True,29.4,False,0.0,26.614,0.0,0.320836,0.0,0.0,0.003333,1269.7265,269.0,0.08,0.025667,0.086305,25.75,0.29,15.6,26.7,0.0,26.5,0.53,15.6,26.7,0.0,27.55,0.797,15.6,26.7,0.0,26.54,0.543,15.6,26.7,0.0,26.72,0.604,15.6,26.7,0.0
1069,4522.2,189,10.2,True,29.6,False,0.0,26.469,0.0,0.470958,0.150121,0.085163,0.003333,1270.1975,267.1,0.08,0.037677,0.125793,25.77,0.294,15.6,26.7,0.0,26.54,0.539,15.6,26.7,0.0,26.71,0.684,15.6,26.7,0.0,26.57,0.55,15.6,26.7,0.0,26.76,0.613,15.6,26.7,0.0
1070,4522.375,189,10.375,True,29.8,False,0.0,26.49,0.0,0.454239,0.133402,0.068444,0.003333,1270.6517,265.3,0.08,0.036339,0.120509,25.79,0.299,15.6,26.7,0.0,26.57,0.548,15.6,26.7,0.0,26.7,0.648,15.6,26.7,0.0,26.6,0.557,15.6,26.7,0.0,26.79,0.621,15.6,26.7,0.0
1071,4522.5417,189,10.542,True,30.0,False,0.0,26.513,0.0,0.450381,0.129544,0.064586,0.436419,1271.1021,263.7,0.08,0.03603,0.118765,25.81,0.303,15.6,26.7,0.0,26.6,0.557,15.6,26.7,0.0,26.7,0.628,15.6,26.7,0.0,26.63,0.564,15.6,26.7,0.0,26.82,0.629,15.6,26.7,0.0
1072,4522.7083,189,10.708,True,30.2,False,0.0,26.682,0.0,0.320836,0.0,0.0,0.003333,1271.423,262.3,0.08,0.025667,0.084155,25.83,0.307,15.6,26.7,0.0,26.64,0.564,15.6,26.7,0.0,27.44,0.719,15.6,26.7,0.0,26.65,0.57,15.6,26.7,0.0,26.85,0.637,15.6,26.7,0.0
1073,4522.9167,189,10.917,True,30.4,False,0.0,26.569,0.0,0.457232,0.136395,0.071437,0.003333,1271.8802,260.7,0.08,0.036579,0.1192,25.85,0.311,15.6,26.7,0.0,26.67,0.572,15.6,26.7,0.0,26.77,0.622,15.6,26.7,0.0,26.68,0.576,15.6,26.7,0.0,26.89,0.644,15.6,26.7,0.0
1074,4523.0833,189,11.083,True,30.6,False,0.0,26.577,0.0,0.442016,0.121179,0.056221,0.003333,1272.3222,259.6,0.08,0.035361,0.114747,25.87,0.314,15.6,26.7,0.0,26.69,0.578,15.6,26.7,0.0,26.71,0.578,15.6,26.7,0.0,26.7,0.581,15.6,26.7,0.0,26.91,0.65,15.6,26.7,0.0
1075,4523.1667,189,11.167,True,30.68,False,0.0,26.596,0.0,0.437371,0.116534,0.051576,0.003333,1272.7596,259.1,0.08,0.03499,0.113323,25.89,0.317,15.6,26.7,0.0,26.72,0.586,15.6,26.7,0.0,26.7,0.558,15.6,26.7,0.0,26.73,0.587,15.6,26.7,0.0,26.94,0.658,15.6,26.7,0.0
1076,4523.3889,189,11.389,True,30.77,False,0.0,26.711,0.0,0.320836,0.0,0.0,0.003333,1273.0804,258.0,0.08,0.025667,0.082776,25.89,0.319,15.6,26.7,0.0,26.74,0.59,15.6,26.7,0.0,27.22,0.624,15.6,26.7,0.0,26.74,0.591,15.6,26.7,0.0,26.96,0.662,15.6,26.7,0.0
1077,4523.5833,189,11.583,True,30.85,False,0.0,26.633,0.0,0.44306,0.122223,0.057265,0.003333,1273.5235,257.4,0.08,0.035445,0.114044,25.91,0.321,15.6,26.7,0.0,26.77,0.597,15.6,26.7,0.0,26.75,0.558,15.6,26.7,0.0,26.76,0.596,15.6,26.7,0.0,26.99,0.669,15.6,26.7,0.0
1078,4523.6667,189,11.667,True,30.93,False,0.0,26.646,0.0,0.433259,0.112423,0.047465,0.003333,1273.9567,257.2,0.08,0.034661,0.111434,25.92,0.324,15.6,26.7,0.0,26.8,0.606,15.6,26.7,0.0,26.71,0.537,15.6,26.7,0.0,26.79,0.603,15.6,26.7,0.0,27.02,0.678,15.6,26.7,0.0
1079,4523.8333,189,11.833,True,31.02,False,0.0,26.662,0.0,0.432133,0.111297,0.046339,0.003333,1274.3889,256.9,0.08,0.034571,0.111015,25.93,0.326,15.6,26.7,0.0,26.82,0.613,15.6,26.7,0.0,26.7,0.53,15.6,26.7,0.0,26.81,0.609,15.6,26.7,0.0,27.04,0.684,15.6,26.7,0.0
1080,4524.0556,189,12.056,True,31.1,False,0.0,26.77,0.0,0.320836,0.0,0.0,0.43642,1274.7097,257.0,0.08,0.025667,0.082455,25.94,0.327,15.6,26.7,0.0,26.85,0.619,15.6,26.7,0.0,27.17,0.602,15.6,26.7,0.0,26.83,0.614,15.6,26.7,0.0,27.07,0.691,15.6,26.7,0.0
1081,4524.25,189,12.25,True,31.1,False,0.0,26.704,0.0,0.441916,0.121079,0.056121,0.003333,1275.1516,257.5,0.08,0.035353,0.113793,25.95,0.33,15.6,26.7,0.0,26.88,0.628,15.6,26.7,0.0,26.74,0.55,15.6,26.7,0.0,26.85,0.622,15.6,26.7,0.0,27.1,0.699,15.6,26.7,0.0
1082,4524.3889,189,12.389,True,31.1,False,0.0,26.713,0.0,0.433311,0.112475,0.047516,0.003333,1275.5849,258.1,0.08,0.034665,0.111838,25.96,0.332,15.6,26.7,0.0,26.91,0.637,15.6,26.7,0.0,26.7,0.534,15.6,26.7,0.0,26.88,0.628,15.6,26.7,0.0,27.12,0.706,15.6,26.7,0.0
1083,4524.5556,189,12.556,True,31.1,False,0.0,26.732,0.0,0.432509,0.111673,0.046715,0.003333,1276.0174,259.1,0.08,0.034601,0.112063,25.97,0.334,15.6,26.7,0.0,26.94,0.646,15.6,26.7,0.0,26.7,0.531,15.6,26.7,0.0,26.9,0.636,15.6,26.7,0.0,27.15,0.715,15.6,26.7,0.0
1084,4524.7222,189,12.722,True,31.1,False,0.0,26.843,0.0,0.320836,0.0,0.0,0.003333,1276.3383,260.4,0.08,0.025667,0.083546,25.98,0.336,15.6,26.7,0.0,26.96,0.653,15.6,26.7,0.0,27.18,0.605,15.6,26.7,0.0,26.92,0.642,15.6,26.7,0.0,27.17,0.722,15.6,26.7,0.0
1085,4524.9167,189,12.917,True,31.1,False,0.0,26.771,0.0,0.442899,0.122063,0.057105,0.003333,1276.7812,262.5,0.08,0.035432,0.116261,25.98,0.339,15.6,26.7,0.0,26.99,0.66,15.6,26.7,0.0,26.74,0.553,15.6,26.7,0.0,26.94,0.647,15.6,26.7,0.0,27.2,0.727,15.6,26.7,0.0
1086,4525.0,189,13.0,True,31.1,False,0.0,26.778,0.0,0.433489,0.112653,0.047695,0.003333,1277.2147,263.5,0.08,0.034679,0.114224,25.99,0.342,15.6,26.7,0.0,27.01,0.666,15.6,26.7,0.0,26.7,0.537,15.6,26.7,0.0,26.96,0.653,15.6,26.7,0.0,27.22,0.733,15.6,26.7,0.0
1087,4525.25,189,13.25,True,31.1,False,0.0,26.693,0.0,0.562254,0.241418,0.111491,0.003333,1277.7769,267.2,0.08,0.04498,0.150234,26.0,0.344,15.6,26.7,0.0,27.03,0.671,15.6,26.7,0.0,26.7,0.534,15.6,26.7,0.0,26.98,0.657,15.6,26.7,0.0,26.76,0.645,15.6,26.7,0.0
1088,4525.3889,189,13.389,True,31.1,False,0.0,26.791,0.0,0.435537,0.1147,0.049732,0.003333,1278.2124,269.7,0.08,0.034843,0.117464,26.01,0.347,15.6,26.7,0.0,27.05,0.681,15.6,26.7,0.0,27.19,0.613,15.6,26.7,0.0,27.0,0.664,15.6,26.7,0.0,26.71,0.614,15.6,26.7,0.0
1089,4525.5833,189,13.583,True,31.1,False,0.0,26.713,0.0,0.55695,0.236114,0.106187,0.436412,1278.7694,273.8,0.08,0.044556,0.152493,26.02,0.35,15.6,26.7,0.0,27.08,0.689,15.6,26.7,0.0,26.75,0.56,15.6,26.7,0.0,27.02,0.671,15.6,26.7,0.0,26.7,0.601,15.6,26.7,0.0
1090,4525.75,189,13.75,True,31.1,False,0.0,26.78,0.0,0.435219,0.114383,0.049425,0.003333,1279.2046,277.8,0.08,0.034818,0.120904,26.03,0.354,15.6,26.7,0.0,27.1,0.698,15.6,26.7,0.0,26.71,0.546,15.6,26.7,0.0,27.04,0.679,15.6,26.7,0.0,27.02,0.65,15.6,26.7,0.0
1091,4525.8333,189,13.833,True,31.1,False,0.0,26.836,0.0,0.434288,0.113451,0.048493,0.003333,1279.6389,280.0,0.08,0.034743,0.121601,26.04,0.359,15.6,26.7,0.0,27.13,0.704,15.6,26.7,0.0,26.7,0.543,15.6,26.7,0.0,27.06,0.685,15.6,26.7,0.0,27.26,0.704,15.6,26.7,0.0
1092,4526.0556,189,14.056,True,31.1,False,0.0,26.839,0.0,0.452574,0.131737,0.066768,0.003333,1280.0915,286.5,0.08,0.036206,0.129662,26.04,0.363,15.6,26.7,0.0,27.14,0.712,15.6,26.7,0.0,27.2,0.625,15.6,26.7,0.0,27.07,0.691,15.6,26.7,0.0,26.73,0.622,15.6,26.7,0.0
1093,4526.25,189,14.25,True,30.92,False,0.0,26.75,0.0,0.563416,0.242579,0.112652,0.003333,1280.6549,293.0,0.08,0.045073,0.165081,26.05,0.367,15.6,26.7,0.0,27.16,0.719,15.6,26.7,0.0,26.75,0.571,15.6,26.7,0.0,27.09,0.698,15.6,26.7,0.0,26.71,0.613,15.6,26.7,0.0
1094,4526.4167,189,14.417,True,30.73,False,0.0,26.747,0.0,0.555081,0.234244,0.104317,0.003333,1281.21,299.2,0.08,0.044406,0.16608,26.05,0.37,15.6,26.7,0.0,27.17,0.726,15.6,26.7,0.0,26.71,0.555,15.6,26.7,0.0,27.1,0.703,15.6,26.7,0.0,26.7,0.615,15.6,26.7,0.0
1095,4526.5556,189,14.556,True,30.55,False,0.0,26.852,0.0,0.434359,0.113522,0.048564,0.003333,1281.6443,304.8,0.08,0.034749,0.132393,26.05,0.372,15.6,26.7,0.0,27.19,0.731,15.6,26.7,0.0,26.7,0.552,15.6,26.7,0.0,27.11,0.708,15.6,26.7,0.0,27.21,0.709,15.6,26.7,0.0
1096,4526.7222,189,14.722,True,30.37,False,0.0,26.856,0.0,0.461743,0.140907,0.075938,0.003333,1282.1061,312.1,0.08,0.036939,0.14411,26.05,0.374,15.6,26.7,0.0,27.2,0.735,15.6,26.7,0.0,27.2,0.631,15.6,26.7,0.0,27.12,0.712,15.6,26.7,0.0,26.72,0.65,15.6,26.7,0.0
1097,4526.9167,189,14.917,True,30.18,False,0.0,26.784,0.0,0.60231,0.281474,0.119906,0.003333,1282.7084,321.3,0.08,0.048185,0.193522,26.05,0.376,15.6,26.7,0.0,27.3,0.749,15.6,26.7,0.0,26.75,0.576,15.6,26.7,0.0,27.12,0.715,15.6,26.7,0.0,26.7,0.644,15.6,26.7,0.0
1098,4527.0833,189,15.083,True,30.0,False,0.0,26.663,0.0,0.713746,0.39291,0.199701,0.436412,1283.4221,329.9,0.08,0.0571,0.235465,26.05,0.378,15.6,26.7,0.0,26.74,0.653,15.6,26.7,0.0,26.71,0.559,15.6,26.7,0.0,27.12,0.717,15.6,26.7,0.0,26.7,0.649,15.6,26.7,0.0
1099,4527.2083,189,15.208,True,30.37,False,0.0,26.805,0.0,0.554673,0.233837,0.105597,0.003333,1283.9768,336.7,0.08,0.044374,0.186758,26.07,0.381,15.6,26.7,0.0,26.7,0.625,15.6,26.7,0.0,26.7,0.555,15.6,26.7,0.0,27.14,0.722,15.6,26.7,0.0,27.42,0.771,15.6,26.7,0.0
1100,4527.3889,189,15.389,True,30.73,False,0.0,26.834,0.0,0.477125,0.156289,0.09132,0.003333,1284.4539,347.0,0.08,0.03817,0.165562,26.09,0.387,15.6,26.7,0.0,26.97,0.661,15.6,26.7,0.0,27.22,0.635,15.6,26.7,0.0,27.17,0.729,15.6,26.7,0.0,26.73,0.694,15.6,26.7,0.0
1101,4527.5833,189,15.583,True,31.1,False,0.0,26.794,0.0,0.589787,0.268951,0.139024,0.003333,1285.0437,358.8,0.08,0.047183,0.211616,26.13,0.393,15.6,26.7,0.0,27.19,0.705,15.6,26.7,0.0,26.75,0.579,15.6,26.7,0.0,27.2,0.737,15.6,26.7,0.0,26.7,0.684,15.6,26.7,0.0
1102,4527.75,189,15.75,True,31.47,False,0.0,26.608,0.0,0.885668,0.564832,0.303165,0.003333,1285.9294,369.4,0.08,0.070853,0.327166,26.16,0.4,15.6,26.7,0.0,26.73,0.627,15.6,26.7,0.0,26.71,0.561,15.6,26.7,0.0,26.74,0.65,15.6,26.7,0.0,26.7,0.685,15.6,26.7,0.0
1103,4527.8667,189,15.867,True,31.83,False,0.0,26.783,0.0,0.696555,0.375718,0.17902,0.003333,1286.6259,377.0,0.08,0.055724,0.262601,26.19,0.405,15.6,26.7,0.0,26.7,0.603,15.6,26.7,0.0,26.7,0.555,15.6,26.7,0.0,26.7,0.621,15.6,26.7,0.0,27.63,0.83,15.6,26.7,0.0
1104,4528.0556,189,16.056,True,32.2,False,0.0,26.725,0.0,0.747334,0.426497,0.229789,0.003333,1287.3733,389.8,0.34,0.254093,0.291311,26.23,0.411,15.6,26.7,0.0,26.7,0.592,15.6,26.7,0.0,27.27,0.642,15.6,26.7,0.0,26.7,0.608,15.6,26.7,0.0,26.74,0.726,15.6,26.7,0.0
1105,4528.2222,189,16.222,True,31.55,False,0.0,26.727,0.0,0.601088,0.280251,0.150324,0.003333,1287.9744,401.4,0.34,0.20437,0.241277,26.23,0.414,15.6,26.7,0.0,27.0,0.634,15.6,26.7,0.0,26.72,0.573,15.6,26.7,0.0,26.98,0.646,15.6,26.7,0.0,26.7,0.696,15.6,26.7,0.0
1106,4528.3889,189,16.389,True,30.9,False,0.0,26.805,0.0,0.604567,0.28373,0.132709,0.003333,1288.5789,413.2,0.34,0.205553,0.249807,26.22,0.415,15.6,26.7,0.0,27.25,0.68,15.6,26.7,0.0,26.7,0.556,15.6,26.7,0.0,27.16,0.683,15.6,26.7,0.0,26.7,0.689,15.6,26.7,0.0
1107,4528.5333,189,16.533,True,30.25,False,0.0,26.89,0.0,0.578833,0.257997,0.129757,0.003333,1289.1578,423.6,0.34,0.196803,0.245194,26.2,0.415,15.6,26.7,0.0,26.7,0.594,15.6,26.7,0.0,26.7,0.551,15.6,26.7,0.0,27.19,0.694,15.6,26.7,0.0,27.66,0.832,15.6,26.7,0.0
1108,4528.7083,189,16.708,True,29.6,False,0.0,26.785,0.0,0.588189,0.267352,0.139102,0.436416,1289.746,436.2,0.34,0.199984,0.256568,26.18,0.415,15.6,26.7,0.0,26.7,0.576,15.6,26.7,0.0,27.15,0.62,15.6,26.7,0.0,27.18,0.697,15.6,26.7,0.0,26.72,0.711,15.6,26.7,0.0
1109,4528.875,189,16.875,True,28.95,False,0.0,26.723,0.0,0.577262,0.256425,0.126498,0.003333,1290.3232,448.1,0.34,0.196269,0.258671,26.15,0.415,15.6,26.7,0.0,26.9,0.605,15.6,26.7,0.0,26.71,0.565,15.6,26.7,0.0,27.15,0.696,15.6,26.7,0.0,26.7,0.675,15.6,26.7,0.0
1110,4529.0417,189,17.042,True,28.3,False,0.0,26.738,0.0,0.560828,0.239991,0.110064,0.003333,1290.884,459.9,0.34,0.190681,0.257925,26.12,0.414,15.6,26.7,0.0,27.05,0.636,15.6,26.7,0.0,26.7,0.552,15.6,26.7,0.0,27.13,0.696,15.6,26.7,0.0,26.7,0.66,15.6,26.7,0.0
1111,4529.2083,189,17.208,True,28.3,False,0.0,26.911,0.0,0.427601,0.106764,0.041806,0.003333,1291.3116,471.5,0.34,0.145384,0.201614,26.11,0.414,15.6,26.7,0.0,27.09,0.65,15.6,26.7,0.0,26.7,0.55,15.6,26.7,0.0,27.12,0.7,15.6,26.7,0.0,27.54,0.778,15.6,26.7,0.0
1112,4529.375,189,17.375,True,28.3,False,0.0,26.825,0.0,0.46138,0.140543,0.075574,0.003333,1291.773,482.7,0.34,0.156869,0.222708,26.1,0.416,15.6,26.7,0.0,27.1,0.656,15.6,26.7,0.0,27.08,0.61,15.6,26.7,0.0,27.12,0.705,15.6,26.7,0.0,26.72,0.665,15.6,26.7,0.0
1113,4529.5417,189,17.542,True,28.3,False,0.0,26.748,0.0,0.561433,0.240597,0.11067,0.003333,1292.3345,493.5,0.34,0.190887,0.277067,26.1,0.419,15.6,26.7,0.0,27.1,0.661,15.6,26.7,0.0,26.71,0.563,15.6,26.7,0.0,27.13,0.71,15.6,26.7,0.0,26.7,0.628,15.6,26.7,0.0
1114,4529.7083,189,17.708,True,28.3,False,0.0,26.745,0.0,0.549389,0.228552,0.098625,0.003333,1292.8838,503.7,0.34,0.186792,0.276727,26.11,0.422,15.6,26.7,0.0,27.09,0.661,15.6,26.7,0.0,26.7,0.55,15.6,26.7,0.0,27.13,0.712,15.6,26.7,0.0,26.7,0.61,15.6,26.7,0.0
1115,4529.8667,189,17.867,True,28.3,False,0.0,26.861,0.0,0.426057,0.105221,0.040263,0.003333,1293.3099,512.8,0.34,0.14486,0.218482,26.11,0.424,15.6,26.7,0.0,27.07,0.658,15.6,26.7,0.0,26.7,0.545,15.6,26.7,0.0,27.12,0.712,15.6,26.7,0.0,27.3,0.687,15.6,26.7,0.0
1116,4530.0333,189,18.033,True,28.3,False,0.0,26.801,0.0,0.446323,0.125487,0.060518,0.003333,1293.7562,521.7,0.34,0.15175,0.232847,26.12,0.427,15.6,26.7,0.0,27.04,0.654,15.6,26.7,0.0,27.03,0.595,15.6,26.7,0.0,27.11,0.709,15.6,26.7,0.0,26.71,0.603,15.6,26.7,0.0
1117,4530.2,189,18.2,True,27.57,False,0.0,26.762,0.0,0.519944,0.199107,0.082172,0.436419,1294.2762,529.8,0.34,0.176781,0.275466,26.1,0.426,15.6,26.7,0.0,26.99,0.642,15.6,26.7,0.0,26.95,0.596,15.6,26.7,0.0,27.06,0.696,15.6,26.7,0.0,26.7,0.565,15.6,26.7,0.0
1118,4530.3667,189,18.367,True,26.83,False,0.0,26.677,0.0,0.526422,0.205586,0.075659,0.003333,1294.8026,537.0,0.34,0.178984,0.282689,26.07,0.42,15.6,26.7,0.0,26.92,0.626,15.6,26.7,0.0,26.71,0.538,15.6,26.7,0.0,26.98,0.678,15.6,26.7,0.0,26.7,0.543,15.6,26.7,0.0
1119,4530.5333,189,18.533,True,26.1,False,0.0,26.689,0.0,0.418181,0.097345,0.032387,0.003333,1295.2208,543.2,0.34,0.142182,0.227156,26.03,0.411,15.6,26.7,0.0,26.84,0.606,15.6,26.7,0.0,26.7,0.526,15.6,26.7,0.0,26.9,0.655,15.6,26.7,0.0,26.98,0.569,15.6,26.7,0.0
1120,4530.7,189,18.7,True,25.37,False,0.0,26.72,0.0,0.320836,0.0,0.0,0.003333,1295.5416,548.4,0.34,0.109084,0.175947,25.98,0.4,15.6,26.7,0.0,26.76,0.588,15.6,26.7,0.0,26.89,0.554,15.6,26.7,0.0,26.81,0.636,15.6,26.7,0.0,27.16,0.604,15.6,26.7,0.0
1121,4530.8667,189,18.867,True,24.63,False,0.0,26.707,0.0,0.320836,0.0,0.0,0.003333,1295.8624,552.6,0.34,0.109084,0.177294,25.92,0.387,15.6,26.7,0.0,26.68,0.57,15.6,26.7,0.0,27.02,0.583,15.6,26.7,0.0,26.74,0.618,15.6,26.7,0.0,27.18,0.609,15.6,26.7,0.0
1122,4531.0333,189,19.033,True,23.9,False,0.0,26.659,0.0,0.320836,0.0,0.0,0.003333,1296.1833,555.8,0.34,0.109084,0.178321,25.86,0.373,15.6,26.7,0.0,26.6,0.551,15.6,26.7,0.0,27.04,0.588,15.6,26.7,0.0,26.67,0.6,15.6,26.7,0.0,27.14,0.603,15.6,26.7,0.0
1123,4531.2083,189,19.208,True,23.9,False,0.0,26.617,0.0,0.320836,0.0,0.0,0.003333,1296.5041,557.9,0.34,0.109084,0.178995,25.82,0.361,15.6,26.7,0.0,26.54,0.537,15.6,26.7,0.0,27.02,0.59,15.6,26.7,0.0,26.61,0.586,15.6,26.7,0.0,27.09,0.599,15.6,26.7,0.0
1124,4531.375,189,19.375,True,23.9,False,0.0,26.592,0.0,0.320836,0.0,0.0,0.003333,1296.825,558.9,0.34,0.109084,0.179315,25.8,0.354,15.6,26.7,0.0,26.5,0.526,15.6,26.7,0.0,27.01,0.591,15.6,26.7,0.0,26.58,0.578,15.6,26.7,0.0,27.07,0.601,15.6,26.7,0.0
1125,4531.5417,189,19.542,True,23.9,False,0.0,26.564,0.0,0.320836,0.0,0.0,0.003333,1297.1458,558.8,0.34,0.109084,0.179283,25.78,0.349,15.6,26.7,0.0,26.46,0.515,15.6,26.7,0.0,26.99,0.589,15.6,26.7,0.0,26.55,0.565,15.6,26.7,0.0,27.03,0.59,15.6,26.7,0.0
1126,4531.7222,189,19.722,True,23.9,False,0.0,26.534,0.0,0.320836,0.0,0.0,0.003333,1297.4666,557.6,0.34,0.109084,0.178898,25.77,0.345,15.6,26.7,0.0,26.42,0.506,15.6,26.7,0.0,26.97,0.589,15.6,26.7,0.0,26.51,0.556,15.6,26.7,0.0,26.99,0.584,15.6,26.7,0.0
1127,4531.8889,189,19.889,True,23.9,False,0.0,26.51,0.0,0.320836,0.0,0.0,0.436415,1297.7875,555.5,0.34,0.109084,0.178225,25.77,0.342,15.6,26.7,0.0,26.39,0.498,15.6,26.7,0.0,26.95,0.589,15.6,26.7,0.0,26.49,0.548,15.6,26.7,0.0,26.95,0.579,15.6,26.7,0.0
1128,4532.0556,189,20.056,True,23.9,False,0.0,26.489,0.0,0.320836,0.0,0.0,0.003333,1298.1083,552.4,0.34,0.109084,0.17723,25.76,0.34,15.6,26.7,0.0,26.37,0.491,15.6,26.7,0.0,26.93,0.589,15.6,26.7,0.0,26.46,0.541,15.6,26.7,0.0,26.92,0.577,15.6,26.7,0.0
1129,4532.2222,189,20.222,True,23.98,False,0.0,26.474,0.0,0.320836,0.0,0.0,0.003333,1298.4291,548.5,0.34,0.109084,0.175979,25.76,0.339,15.6,26.7,0.0,26.35,0.487,15.6,26.7,0.0,26.92,0.591,15.6,26.7,0.0,26.44,0.536,15.6,26.7,0.0,26.9,0.576,15.6,26.7,0.0
1130,4532.3889,189,20.389,True,24.07,False,0.0,26.465,0.0,0.320836,0.0,0.0,0.003333,1298.75,543.9,0.34,0.109084,0.174503,25.76,0.339,15.6,26.7,0.0,26.33,0.484,15.6,26.7,0.0,26.91,0.593,15.6,26.7,0.0,26.43,0.533,15.6,26.7,0.0,26.88,0.577,15.6,26.7,0.0
1131,4532.5556,189,20.556,True,24.15,False,0.0,26.458,0.0,0.320836,0.0,0.0,0.003333,1299.0708,538.6,0.34,0.109084,0.172803,25.77,0.34,15.6,26.7,0.0,26.32,0.482,15.6,26.7,0.0,26.91,0.596,15.6,26.7,0.0,26.42,0.531,15.6,26.7,0.0,26.87,0.579,15.6,26.7,0.0
1132,4532.75,189,20.75,True,24.23,False,0.0,26.453,0.0,0.320836,0.0,0.0,0.003333,1299.3916,531.6,0.34,0.109084,0.170557,25.77,0.342,15.6,26.7,0.0,26.31,0.481,15.6,26.7,0.0,26.9,0.599,15.6,26.7,0.0,26.42,0.53,15.6,26.7,0.0,26.86,0.582,15.6,26.7,0.0
1133,4532.9167,189,20.917,True,24.32,False,0.0,26.45,0.0,0.320836,0.0,0.0,0.003333,1299.7125,525.2,0.34,0.109084,0.168503,25.78,0.344,15.6,26.7,0.0,26.31,0.48,15.6,26.7,0.0,26.9,0.603,15.6,26.7,0.0,26.41,0.529,15.6,26.7,0.0,26.86,0.585,15.6,26.7,0.0
1134,4533.0833,189,21.083,True,24.4,False,0.0,26.447,0.0,0.320836,0.0,0.0,0.003333,1300.0333,518.3,0.08,0.025667,0.16629,25.78,0.346,15.6,26.7,0.0,26.3,0.48,15.6,26.7,0.0,26.89,0.606,15.6,26.7,0.0,26.41,0.528,15.6,26.7,0.0,26.85,0.588,15.6,26.7,0.0
1135,4533.25,189,21.25,True,24.4,False,0.0,26.444,0.0,0.320836,0.0,0.0,0.003333,1300.3542,511.1,0.08,0.025667,0.16398,25.79,0.348,15.6,26.7,0.0,26.29,0.48,15.6,26.7,0.0,26.89,0.61,15.6,26.7,0.0,26.4,0.528,15.6,26.7,0.0,26.85,0.592,15.6,26.7,0.0
1136,4533.4167,189,21.417,True,24.4,False,0.0,26.44,0.0,0.320836,0.0,0.0,0.436409,1300.675,503.8,0.08,0.025667,0.161637,25.79,0.35,15.6,26.7,0.0,26.29,0.48,15.6,26.7,0.0,26.88,0.613,15.6,26.7,0.0,26.4,0.528,15.6,26.7,0.0,26.84,0.595,15.6,26.7,0.0
1137,4533.5833,189,21.583,True,24.4,False,0.0,26.435,0.0,0.320836,0.0,0.0,0.003333,1300.9958,496.3,0.08,0.025667,0.159231,25.79,0.352,15.6,26.7,0.0,26.28,0.48,15.6,26.7,0.0,26.87,0.616,15.6,26.7,0.0,26.39,0.528,15.6,26.7,0.0,26.84,0.598,15.6,26.7,0.0
1138,4533.75,189,21.75,True,24.4,False,0.0,26.431,0.0,0.320836,0.0,0.0,0.003333,1301.3167,488.8,0.08,0.025667,0.156825,25.79,0.354,15.6,26.7,0.0,26.28,0.481,15.6,26.7,0.0,26.87,0.619,15.6,26.7,0.0,26.39,0.528,15.6,26.7,0.0,26.83,0.602,15.6,26.7,0.0
1139,4533.8333,189,21.833,True,24.4,False,0.0,26.426,0.0,0.320836,0.0,0.0,0.003333,1301.6375,485.0,0.08,0.025667,0.155606,25.79,0.356,15.6,26.7,0.0,26.27,0.481,15.6,26.7,0.0,26.86,0.621,15.6,26.7,0.0,26.38,0.528,15.6,26.7,0.0,26.82,0.605,15.6,26.7,0.0
1140,4534.0,189,22.0,True,24.4,False,0.0,26.422,0.0,0.320836,0.0,0.0,0.003333,1301.9583,477.6,0.08,0.025667,0.153231,25.79,0.358,15.6,26.7,0.0,26.26,0.482,15.6,26.7,0.0,26.85,0.624,15.6,26.7,0.0,26.38,0.529,15.6,26.7,0.0,26.82,0.608,15.6,26.7,0.0
1141,4534.1667,189,22.167,True,24.5,False,0.0,26.423,0.0,0.320836,0.0,0.0,0.003333,1302.2792,470.3,0.08,0.025667,0.150889,25.8,0.361,15.6,26.7,0.0,26.26,0.483,15.6,26.7,0.0,26.85,0.628,15.6,26.7,0.0,26.38,0.53,15.6,26.7,0.0,26.82,0.613,15.6,26.7,0.0
1142,4534.3333,189,22.333,True,24.6,False,0.0,26.426,0.0,0.320836,0.0,0.0,0.003333,1302.6,463.2,0.08,0.025667,0.148611,25.81,0.365,15.6,26.7,0.0,26.27,0.486,15.6,26.7,0.0,26.85,0.632,15.6,26.7,0.0,26.38,0.532,15.6,26.7,0.0,26.82,0.617,15.6,26.7,0.0
1143,4534.5,189,22.5,True,24.7,False,0.0,26.429,0.0,0.320836,0.0,0.0,0.003333,1302.9208,456.4,0.08,0.025667,0.14643,25.82,0.368,15.6,26.7,0.0,26.27,0.488,15.6,26.7,0.0,26.85,0.636,15.6,26.7,0.0,26.39,0.535,15.6,26.7,0.0,26.82,0.622,15.6,26.7,0.0
1144,4534.6667,189,22.667,True,24.8,False,0.0,26.434,0.0,0.320836,0.0,0.0,0.003333,1303.2417,449.8,0.08,0.025667,0.144312,25.83,0.373,15.6,26.7,0.0,26.27,0.491,15.6,26.7,0.0,26.86,0.641,15.6,26.7,0.0,26.39,0.537,15.6,26.7,0.0,26.82,0.627,15.6,26.7,0.0
1145,4534.8333,189,22.833,True,24.9,False,0.0,26.438,0.0,0.320836,0.0,0.0,0.436392,1303.5625,443.6,0.08,0.025667,0.142323,25.84,0.377,15.6,26.7,0.0,26.28,0.494,15.6,26.7,0.0,26.86,0.645,15.6,26.7,0.0,26.39,0.54,15.6,26.7,0.0,26.83,0.632,15.6,26.7,0.0
1146,4535.0,189,23.0,True,25.0,False,0.0,26.443,0.0,0.320836,0.0,0.0,0.003333,1303.8834,437.7,0.08,0.025667,0.14043,25.85,0.381,15.6,26.7,0.0,26.28,0.497,15.6,26.7,0.0,26.86,0.649,15.6,26.7,0.0,26.4,0.543,15.6,26.7,0.0,26.83,0.637,15.6,26.7,0.0
1147,4535.1667,189,23.167,True,25.0,False,0.0,26.51,0.0,0.412504,0.0,0.0,0.003333,1304.2959,432.2,0.08,0.033,0.178284,25.92,0.397,15.6,26.7,0.0,26.35,0.511,15.6,26.7,0.0,26.92,0.663,15.6,26.7,0.0,26.46,0.556,15.6,26.7,0.0,26.89,0.651,15.6,26.7,0.0
1148,4535.3333,189,23.333,True,25.0,False,0.0,26.535,0.0,0.412504,0.0,0.0,0.003333,1304.7084,427.0,0.08,0.033,0.176139,25.96,0.406,15.6,26.7,0.0,26.37,0.518,15.6,26.7,0.0,26.94,0.67,15.6,26.7,0.0,26.49,0.562,15.6,26.7,0.0,26.91,0.658,15.6,26.7,0.0
1149,4535.5,189,23.5,True,25.0,False,0.0,26.546,0.0,0.412504,0.0,0.0,0.003333,1305.1209,422.2,0.08,0.033,0.174159,25.98,0.412,15.6,26.7,0.0,26.39,0.522,15.6,26.7,0.0,26.94,0.674,15.6,26.7,0.0,26.5,0.565,15.6,26.7,0.0,26.92,0.663,15.6,26.7,0.0
1150,4535.6667,189,23.667,True,25.0,False,0.0,26.551,0.0,0.412504,0.0,0.0,0.003333,1305.5334,417.7,0.08,0.033,0.172303,25.99,0.416,15.6,26.7,0.0,26.39,0.524,15.6,26.7,0.0,26.95,0.677,15.6,26.7,0.0,26.5,0.567,15.6,26.7,0.0,26.92,0.666,15.6,26.7,0.0
1151,4535.8333,189,23.833,True,25.0,False,0.0,26.553,0.0,0.412504,0.0,0.0,0.003333,1305.9459,413.6,0.08,0.033,0.170612,26.0,0.418,15.6,26.7,0.0,26.39,0.525,15.6,26.7,0.0,26.94,0.678,15.6,26.7,0.0,26.51,0.568,15.6,26.7,0.0,26.92,0.668,15.6,26.7,0.0
1152,4536.0,189,24.0,True,25.0,False,0.0,26.554,0.0,0.412504,0.0,0.0,0.003333,1306.3584,409.8,0.08,0.033,0.169044,26.01,0.42,15.6,26.7,0.0,26.39,0.525,15.6,26.7,0.0,26.94,0.679,15.6,26.7,0.0,26.51,0.568,15.6,26.7,0.0,26.92,0.669,15.6,26.7,0.0
1153,4536.1667,190,0.167,False,24.9,False,0.0,26.55,0.0,0.412504,0.0,0.0,0.003333,1306.7709,378.0,0.08,0.033,0.155927,26.01,0.421,15.6,26.7,0.0,26.39,0.524,15.6,26.7,0.0,26.93,0.679,15.6,26.7,0.0,26.5,0.567,15.6,26.7,0.0,26.91,0.669,15.6,26.7,0.0
1154,4536.3333,190,0.333,False,24.8,False,0.0,26.543,0.0,0.412504,0.0,0.0,0.003333,1307.1834,378.5,0.08,0.033,0.156133,26.01,0.421,15.6,26.7,0.0,26.38,0.523,15.6,26.7,0.0,26.92,0.678,15.6,26.7,0.0,26.5,0.566,15.6,26.7,0.0,26.9,0.668,15.6,26.7,0.0
1155,4536.5,190,0.5,False,24.7,False,0.0,26.534,0.0,0.412504,0.0,0.0,0.436411,1307.5959,378.9,0.08,0.033,0.156298,26.01,0.421,15.6,26.7,0.0,26.37,0.522,15.6,26.7,0.0,26.91,0.677,15.6,26.7,0.0,26.49,0.565,15.6,26.7,0.0,26.89,0.667,15.6,26.7,0.0
1156,4536.6667,190,0.667,False,24.6,False,0.0,26.525,0.0,0.412504,0.0,0.0,0.003333,1308.0084,379.3,0.08,0.033,0.156463,26.01,0.422,15.6,26.7,0.0,26.36,0.52,15.6,26.7,0.0,26.9,0.675,15.6,26.7,0.0,26.48,0.563,15.6,26.7,0.0,26.88,0.666,15.6,26.7,0.0
1157,4536.8333,190,0.833,False,24.5,False,0.0,26.514,0.0,0.412504,0.0,0.0,0.003333,1308.4209,379.4,0.08,0.033,0.156504,26.0,0.421,15.6,26.7,0.0,26.35,0.518,15.6,26.7,0.0,26.89,0.674,15.6,26.7,0.0,26.47,0.561,15.6,26.7,0.0,26.87,0.665,15.6,26.7,0.0
1158,4537.0,190,1.0,False,24.4,False,0.0,26.502,0.0,0.412504,0.0,0.0,0.003333,1308.8334,379.5,0.08,0.033,0.156545,26.0,0.421,15.6,26.7,0.0,26.33,0.516,15.6,26.7,0.0,26.87,0.672,15.6,26.7,0.0,26.46,0.559,15.6,26.7,0.0,26.85,0.663,15.6,26.7,0.0
1159,4537.1667,190,1.167,False,24.32,False,0.0,26.49,0.0,0.412504,0.0,0.0,0.003333,1309.2459,379.4,0.08,0.033,0.156504,25.99,0.421,15.6,26.7,0.0,26.32,0.514,15.6,26.7,0.0,26.86,0.67,15.6,26.7,0.0,26.44,0.557,15.6,26.7,0.0,26.84,0.661,15.6,26.7,0.0
1160,4537.3333,190,1.333,False,24.23,False,0.0,26.478,0.0,0.412504,0.0,0.0,0.003333,1309.6584,379.3,0.08,0.033,0.156463,25.98,0.42,15.6,26.7,0.0,26.31,0.511,15.6,26.7,0.0,26.84,0.667,15.6,26.7,0.0,26.43,0.554,15.6,26.7,0.0,26.82,0.658,15.6,26.7,0.0
1161,4537.5,190,1.5,False,24.15,False,0.0,26.465,0.0,0.412504,0.0,0.0,0.003333,1310.0709,378.9,0.08,0.033,0.156298,25.98,0.418,15.6,26.7,0.0,26.29,0.508,15.6,26.7,0.0,26.83,0.664,15.6,26.7,0.0,26.42,0.551,15.6,26.7,0.0,26.81,0.655,15.6,26.7,0.0
1162,4537.6667,190,1.667,False,24.07,False,0.0,26.451,0.0,0.412504,0.0,0.0,0.003333,1310.4834,378.5,0.08,0.033,0.156133,25.97,0.417,15.6,26.7,0.0,26.28,0.504,15.6,26.7,0.0,26.81,0.66,15.6,26.7,0.0,26.41,0.547,15.6,26.7,0.0,26.79,0.652,15.6,26.7,0.0
1163,4537.8333,190,1.833,False,23.98,False,0.0,26.437,0.0,0.412504,0.0,0.0,0.003333,1310.8959,378.0,0.08,0.033,0.155927,25.96,0.415,15.6,26.7,0.0,26.27,0.5,15.6,26.7,0.0,26.79,0.656,15.6,26.7,0.0,26.39,0.544,15.6,26.7,0.0,26.77,0.648,15.6,26.7,0.0
1164,4538.0,190,2.0,False,23.9,False,0.0,26.422,0.0,0.412504,0.0,0.0,0.436402,1311.3084,377.3,0.08,0.033,0.155638,25.95,0.412,15.6,26.7,0.0,26.25,0.496,15.6,26.7,0.0,26.77,0.652,15.6,26.7,0.0,26.38,0.539,15.6,26.7,0.0,26.75,0.644,15.6,26.7,0.0
1165,4538.1667,190,2.167,False,23.9,False,0.0,26.411,0.0,0.412504,0.0,0.0,0.003333,1311.7209,376.5,0.08,0.033,0.155308,25.95,0.41,15.6,26.7,0.0,26.24,0.493,15.6,26.7,0.0,26.76,0.648,15.6,26.7,0.0,26.37,0.536,15.6,26.7,0.0,26.74,0.64,15.6,26.7,0.0
1166,4538.3333,190,2.333,False,23.9,False,0.0,26.401,0.0,0.412504,0.0,0.0,0.003333,1312.1334,375.6,0.08,0.033,0.154937,25.94,0.408,15.6,26.7,0.0,26.23,0.489,15.6,26.7,0.0,26.75,0.645,15.6,26.7,0.0,26.36,0.532,15.6,26.7,0.0,26.73,0.637,15.6,26.7,0.0
1167,4538.5,190,2.5,False,23.9,False,0.0,26.391,0.0,0.412504,0.0,0.0,0.003333,1312.5459,374.6,0.08,0.033,0.154524,25.94,0.406,15.6,26.7,0.0,26.22,0.486,15.6,26.7,0.0,26.73,0.641,15.6,26.7,0.0,26.35,0.529,15.6,26.7,0.0,26.71,0.633,15.6,26.7,0.0
1168,4538.6667,190,2.667,False,23.9,False,0.0,26.381,0.0,0.412504,0.0,0.0,0.003333,1312.9584,373.4,0.08,0.033,0.154029,25.94,0.405,15.6,26.7,0.0,26.21,0.483,15.6,26.7,0.0,26.72,0.637,15.6,26.7,0.0,26.34,0.526,15.6,26.7,0.0,26.7,0.63,15.6,26.7,0.0
1169,4538.8333,190,2.833,False,23.9,False,0.0,26.372,0.0,0.412504,0.0,0.0,0.003333,1313.371,372.2,0.08,0.033,0.153534,25.93,0.403,15.6,26.7,0.0,26.2,0.479,15.6,26.7,0.0,26.71,0.634,15.6,26.7,0.0,26.33,0.523,15.6,26.7,0.0,26.69,0.626,15.6,26.7,0.0
1170,4539.0,190,3.0,False,23.9,False,0.0,26.362,0.0,0.412504,0.0,0.0,0.003333,1313.7835,370.8,0.08,0.033,0.152956,25.93,0.401,15.6,26.7,0.0,26.19,0.476,15.6,26.7,0.0,26.7,0.63,15.6,26.7,0.0,26.32,0.519,15.6,26.7,0.0,26.68,0.623,15.6,26.7,0.0
1171,4539.1667,190,3.167,False,23.8,False,0.0,26.347,0.0,0.412504,0.0,0.0,0.003333,1314.196,369.4,0.08,0.033,0.152379,25.92,0.398,15.6,26.7,0.0,26.17,0.472,15.6,26.7,0.0,26.68,0.625,15.6,26.7,0.0,26.3,0.515,15.6,26.7,0.0,26.66,0.618,15.6,26.7,0.0
1172,4539.3333,190,3.333,False,23.7,False,0.0,26.33,0.0,0.412504,0.0,0.0,0.003333,1314.6085,367.8,0.08,0.033,0.151719,25.91,0.396,15.6,26.7,0.0,26.16,0.467,15.6,26.7,0.0,26.66,0.62,15.6,26.7,0.0,26.29,0.51,15.6,26.7,0.0,26.64,0.613,15.6,26.7,0.0
1173,4539.5,190,3.5,False,23.6,False,0.0,26.313,0.0,0.412504,0.0,0.0,0.436392,1315.021,366.1,0.08,0.033,0.151018,25.9,0.392,15.6,26.7,0.0,26.14,0.462,15.6,26.7,0.0,26.64,0.615,15.6,26.7,0.0,26.27,0.506,15.6,26.7,0.0,26.62,0.608,15.6,26.7,0.0
1174,4539.6667,190,3.667,False,23.5,False,0.0,26.294,0.0,0.412504,0.0,0.0,0.003333,1315.4335,364.4,0.08,0.033,0.150316,25.89,0.389,15.6,26.7,0.0,26.12,0.457,15.6,26.7,0.0,26.62,0.609,15.6,26.7,0.0,26.25,0.501,15.6,26.7,0.0,26.6,0.602,15.6,26.7,0.0
1175,4539.8333,190,3.833,False,23.4,False,0.0,26.275,0.0,0.412504,0.0,0.0,0.003333,1315.846,362.5,0.08,0.033,0.149533,25.87,0.385,15.6,26.7,0.0,26.1,0.452,15.6,26.7,0.0,26.59,0.604,15.6,26.7,0.0,26.23,0.495,15.6,26.7,0.0,26.57,0.596,15.6,26.7,0.0
1176,4540.0,190,4.0,False,23.3,False,0.0,26.255,0.0,0.412504,0.0,0.0,0.003333,1316.2585,360.5,0.08,0.033,0.148708,25.86,0.382,15.6,26.7,0.0,26.08,0.446,15.6,26.7,0.0,26.57,0.598,15.6,26.7,0.0,26.21,0.49,15.6,26.7,0.0,26.55,0.591,15.6,26.7,0.0
1177,4540.1667,190,4.167,False,23.3,False,0.0,26.252,0.0,0.458338,0.0,0.0,0.003333,1316.7168,358.5,0.08,0.036667,0.164314,25.86,0.382,15.6,26.7,0.0,26.08,0.445,15.6,26.7,0.0,26.57,0.596,15.6,26.7,0.0,26.21,0.489,15.6,26.7,0.0,26.55,0.589,15.6,26.7,0.0
1178,4540.3333,190,4.333,False,23.3,False,0.0,26.246,0.0,0.458338,0.0,0.0,0.003333,1317.1752,356.4,0.08,0.036667,0.163352,25.86,0.381,15.6,26.7,0.0,26.07,0.443,15.6,26.7,0.0,26.56,0.593,15.6,26.7,0.0,26.21,0.486,15.6,26.7,0.0,26.54,0.586,15.6,26.7,0.0
1179,4540.5,190,4.5,False,23.3,False,0.0,26.24,0.0,0.458338,0.0,0.0,0.003333,1317.6335,354.2,0.08,0.036667,0.162343,25.86,0.38,15.6,26.7,0.0,26.07,0.441,15.6,26.7,0.0,26.55,0.59,15.6,26.7,0.0,26.2,0.484,15.6,26.7,0.0,26.53,0.583,15.6,26.7,0.0
1180,4540.6667,190,4.667,False,23.3,False,0.0,26.233,0.0,0.458338,0.0,0.0,0.003333,1318.0918,351.9,0.08,0.036667,0.161289,25.86,0.379,15.6,26.7,0.0,26.06,0.438,15.6,26.7,0.0,26.54,0.586,15.6,26.7,0.0,26.19,0.481,15.6,26.7,0.0,26.52,0.58,15.6,26.7,0.0
1181,4540.8333,190,4.833,False,23.3,False,0.0,26.225,0.0,0.458338,0.0,0.0,0.003333,1318.5502,349.5,0.08,0.036667,0.160189,25.85,0.378,15.6,26.7,0.0,26.05,0.435,15.6,26.7,0.0,26.53,0.583,15.6,26.7,0.0,26.19,0.478,15.6,26.7,0.0,26.51,0.576,15.6,26.7,0.0
1182,4541.0,190,5.0,False,23.3,False,0.0,26.217,0.0,0.458338,0.0,0.0,0.436393,1319.0085,347.1,0.08,0.036667,0.159089,25.85,0.376,15.6,26.7,0.0,26.04,0.433,15.6,26.7,0.0,26.52,0.58,15.6,26.7,0.0,26.18,0.476,15.6,26.7,0.0,26.5,0.573,15.6,26.7,0.0
1183,4541.25,190,5.25,False,23.4,True,2.75,24.265,0.125,1.730272,1.271934,0.92738,0.003333,1320.7388,343.4,0.08,0.138422,0.594175,24.17,0.062,21.0,24.0,0.81,24.26,0.102,21.0,24.0,0.61,24.31,0.175,21.0,24.0,0.36,24.28,0.125,21.0,24.0,0.61,24.31,0.17,21.0,24.0,0.36
1184,4541.3333,190,5.333,False,23.5,True,2.75,24.015,0.044,1.531718,1.07338,0.728826,0.003333,1322.2705,342.1,0.08,0.122537,0.524001,24.0,-0.044,21.0,24.0,0.81,24.01,-0.031,21.0,24.0,0.61,24.03,0.02,21.0,24.0,0.36,24.01,-0.016,21.0,24.0,0.61,24.03,0.017,21.0,24.0,0.36
1185,4541.5,190,5.5,False,23.6,True,2.75,24.002,0.087,1.417765,0.959428,0.614873,0.003333,1323.6883,339.5,0.08,0.113421,0.481331,24.0,-0.087,21.0,24.0,0.81,24.0,-0.08,21.0,24.0,0.61,24.01,-0.039,21.0,24.0,0.36,24.0,-0.068,21.0,24.0,0.61,24.01,-0.042,21.0,24.0,0.36
1186,4541.6667,190,5.667,False,23.7,True,2.75,24.0,0.121,1.35123,0.892892,0.548338,0.003333,1325.0395,336.9,0.08,0.108098,0.455229,24.0,-0.121,21.0,24.0,0.81,24.0,-0.118,21.0,24.0,0.61,24.0,-0.082,21.0,24.0,0.36,24.0,-0.107,21.0,24.0,0.61,24.0,-0.086,21.0,24.0,0.36
1187,4541.8333,190,5.833,False,23.8,True,2.75,23.999,0.149,1.313456,0.855118,0.510564,0.003333,1326.3529,334.2,0.08,0.105076,0.438957,24.0,-0.149,21.0,24.0,0.81,24.0,-0.145,21.0,24.0,0.61,24.0,-0.094,21.0,24.0,0.36,24.0,-0.128,21.0,24.0,0.61,24.0,-0.117,21.0,24.0,0.36
1188,4542.0833,190,6.083,False,23.9,True,2.75,23.999,0.173,1.281268,0.82293,0.478376,0.003333,1327.6342,330.1,0.08,0.102501,0.422946,24.0,-0.173,21.0,24.0,0.81,24.0,-0.17,21.0,24.0,0.61,24.0,-0.111,21.0,24.0,0.36,24.0,-0.15,21.0,24.0,0.61,24.0,-0.147,21.0,24.0,0.36
1189,4542.25,190,6.25,False,24.18,True,5.5,24.0,0.173,1.509871,0.868198,0.523644,0.003333,1329.1441,327.4,0.08,0.12079,0.494332,24.0,-0.173,21.0,24.0,1.61,24.0,-0.169,21.0,24.0,1.22,24.0,-0.101,21.0,24.0,0.72,24.0,-0.147,21.0,24.0,1.22,24.0,-0.148,21.0,24.0,0.72
1190,4542.4167,190,6.417,False,24.47,True,5.5,24.0,0.177,1.517693,0.87602,0.531466,0.003333,1330.6618,324.6,0.08,0.121415,0.492643,24.0,-0.177,21.0,24.0,1.61,24.0,-0.171,21.0,24.0,1.22,24.0,-0.097,21.0,24.0,0.72,24.0,-0.148,21.0,24.0,1.22,24.0,-0.151,21.0,24.0,0.72
1191,4542.5833,190,6.583,False,24.75,True,5.5,24.0,0.18,1.528951,0.887278,0.542724,0.43644,1332.1907,321.8,0.08,0.122316,0.492016,24.0,-0.18,21.0,24.0,1.61,24.0,-0.172,21.0,24.0,1.22,24.0,-0.086,21.0,24.0,0.72,24.0,-0.146,21.0,24.0,1.22,24.0,-0.153,21.0,24.0,0.72
1192,4542.75,190,6.75,False,25.03,True,5.5,24.0,0.182,1.541188,0.899515,0.554961,0.003333,1333.7319,319.0,0.08,0.123295,0.491639,24.0,-0.182,21.0,24.0,1.61,24.0,-0.172,21.0,24.0,1.22,24.0,-0.075,21.0,24.0,0.72,24.0,-0.145,21.0,24.0,1.22,24.0,-0.155,21.0,24.0,0.72
1193,4542.8889,190,6.889,False,25.32,True,5.5,24.0,0.183,1.554383,0.91271,0.568156,0.003333,1335.2863,316.6,0.08,0.124351,0.492118,24.0,-0.183,21.0,24.0,1.61,24.0,-0.172,21.0,24.0,1.22,24.0,-0.062,21.0,24.0,0.72,24.0,-0.144,21.0,24.0,1.22,24.0,-0.156,21.0,24.0,0.72
1194,4543.0556,190,7.056,False,25.6,True,5.5,24.0,0.185,1.568678,0.927005,0.582451,0.003333,1336.855,313.8,0.08,0.125494,0.492251,24.0,-0.185,21.0,24.0,1.61,24.0,-0.171,21.0,24.0,1.22,24.0,-0.049,21.0,24.0,0.72,24.0,-0.143,21.0,24.0,1.22,24.0,-0.156,21.0,24.0,0.72
1195,4543.2083,190,7.208,False,25.97,True,26.14,23.999,0.162,2.785592,1.135576,0.791022,0.003333,1339.6406,311.2,0.08,0.222847,0.866876,24.0,-0.162,21.0,24.0,7.65,24.0,-0.148,21.0,24.0,5.8,24.0,-0.013,21.0,24.0,3.44,24.0,-0.12,21.0,24.0,5.8,24.0,-0.135,21.0,24.0,3.44
1196,4543.375,190,7.375,False,26.33,True,26.14,23.999,0.159,2.825017,1.175001,0.830446,0.003333,1342.4656,308.4,0.08,0.226001,0.871235,24.0,-0.159,21.0,24.0,7.65,24.0,-0.143,21.0,24.0,5.8,24.0,0.009,21.0,24.0,3.44,24.0,-0.116,21.0,24.0,5.8,24.0,-0.128,21.0,24.0,3.44
1197,4543.5417,190,7.542,False,26.7,True,26.14,23.999,0.157,2.850865,1.200849,0.856295,0.003333,1345.3165,305.6,0.08,0.228069,0.871224,24.0,-0.157,21.0,24.0,7.65,24.0,-0.138,21.0,24.0,5.8,24.0,0.029,21.0,24.0,3.44,24.0,-0.114,21.0,24.0,5.8,24.0,-0.124,21.0,24.0,3.44
1198,4543.7,190,7.7,False,27.07,True,26.14,23.999,0.157,2.872085,1.222069,0.877515,0.436466,1348.1885,303.0,0.08,0.229767,0.870242,24.0,-0.157,21.0,24.0,7.65,24.0,-0.134,21.0,24.0,5.8,24.0,0.042,21.0,24.0,3.44,24.0,-0.114,21.0,24.0,5.8,24.0,-0.121,21.0,24.0,3.44
1199,4543.8667,190,7.867,False,27.43,True,26.14,23.999,0.157,2.891461,1.241445,0.896891,0.003333,1351.08,300.2,0.08,0.231317,0.868017,24.0,-0.157,21.0,24.0,7.65,24.0,-0.131,21.0,24.0,5.8,24.0,0.053,21.0,24.0,3.44,24.0,-0.115,21.0,24.0,5.8,24.0,-0.118,21.0,24.0,3.44
1200,4544.0333,190,8.033,False,27.8,True,26.14,23.999,0.157,2.9092,1.259184,0.91463,0.003333,1353.9892,297.5,0.08,0.232736,0.865487,24.0,-0.157,21.0,24.0,7.65,24.0,-0.128,21.0,24.0,5.8,24.0,0.061,21.0,24.0,3.44,24.0,-0.116,21.0,24.0,5.8,24.0,-0.116,21.0,24.0,3.44
1201,4544.2,190,8.2,False,28.07,True,26.14,23.999,0.157,2.923964,1.273947,0.929393,0.003333,1356.9132,294.8,0.08,0.233917,0.861984,24.0,-0.157,21.0,24.0,7.65,24.0,-0.126,21.0,24.0,5.8,24.0,0.07,21.0,24.0,3.44,24.0,-0.117,21.0,24.0,5.8,24.0,-0.114,21.0,24.0,3.44
1202,4544.3667,190,8.367,False,28.33,True,26.14,23.999,0.157,2.939149,1.289133,0.944579,0.003333,1359.8523,292.1,0.08,0.235132,0.858525,24.0,-0.157,21.0,24.0,7.65,24.0,-0.123,21.0,24.0,5.8,24.0,0.078,21.0,24.0,3.44,24.0,-0.118,21.0,24.0,5.8,24.0,-0.111,21.0,24.0,3.44
1203,4544.5333,190,8.533,False,28.6,True,26.14,23.999,0.156,2.955082,1.305066,0.960512,0.003333,1362.8074,289.5,0.08,0.236407,0.855496,24.0,-0.156,21.0,24.0,7.65,24.0,-0.12,21.0,24.0,5.8,24.0,0.085,21.0,24.0,3.44,24.0,-0.116,21.0,24.0,5.8,24.0,-0.109,21.0,24.0,3.44
1204,4544.7,190,8.7,False,28.87,True,26.14,23.999,0.156,2.970507,1.320491,0.975936,0.436473,1365.7779,286.9,0.08,0.237641,0.852238,24.0,-0.156,21.0,24.0,7.65,24.0,-0.118,21.0,24.0,5.8,24.0,0.089,21.0,24.0,3.44,24.0,-0.114,21.0,24.0,5.8,24.0,-0.107,21.0,24.0,3.44
1205,4544.8667,190,8.867,False,29.13,True,26.14,23.999,0.155,2.985716,1.3357,0.991145,0.003333,1368.7636,284.4,0.08,0.238857,0.849138,24.0,-0.155,21.0,24.0,7.65,24.0,-0.115,21.0,24.0,5.8,24.0,0.093,21.0,24.0,3.44,24.0,-0.112,21.0,24.0,5.8,24.0,-0.104,21.0,24.0,3.44
1206,4545.0333,190,9.033,False,29.4,True,26.14,23.999,0.154,3.000737,1.350721,1.006167,0.003333,1371.7644,282.0,0.08,0.240059,0.846208,24.0,-0.154,21.0,24.0,7.65,24.0,-0.112,21.0,24.0,5.8,24.0,0.096,21.0,24.0,3.44,24.0,-0.11,21.0,24.0,5.8,24.0,-0.102,21.0,24.0,3.44
1207,4545.2,190,9.2,False,29.6,True,26.14,23.999,0.154,3.012456,1.362439,1.017885,0.003333,1374.7768,279.6,0.08,0.240996,0.842283,24.0,-0.154,21.0,24.0,7.65,24.0,-0.11,21.0,24.0,5.8,24.0,0.097,21.0,24.0,3.44,24.0,-0.108,21.0,24.0,5.8,24.0,-0.1,21.0,24.0,3.44
1208,4545.3667,190,9.367,False,29.8,True,26.14,23.999,0.153,3.023868,1.373852,1.029298,0.003333,1377.8007,277.3,0.08,0.241909,0.838519,24.0,-0.153,21.0,24.0,7.65,24.0,-0.107,21.0,24.0,5.8,24.0,0.097,21.0,24.0,3.44,24.0,-0.106,21.0,24.0,5.8,24.0,-0.097,21.0,24.0,3.44
1209,4545.5333,190,9.533,False,30.0,True,26.14,23.999,0.153,3.034116,1.3841,1.039545,0.003333,1380.8348,275.1,0.08,0.242729,0.834685,24.0,-0.153,21.0,24.0,7.65,24.0,-0.105,21.0,24.0,5.8,24.0,0.094,21.0,24.0,3.44,24.0,-0.104,21.0,24.0,5.8,24.0,-0.095,21.0,24.0,3.44
1210,4545.7,190,9.7,False,30.2,True,26.14,23.999,0.152,3.043895,1.393879,1.049325,0.003333,1383.8787,272.9,0.08,0.243512,0.830679,24.0,-0.152,21.0,24.0,7.65,24.0,-0.102,21.0,24.0,5.8,24.0,0.09,21.0,24.0,3.44,24.0,-0.102,21.0,24.0,5.8,24.0,-0.093,21.0,24.0,3.44
1211,4545.8667,190,9.867,False,30.4,True,26.14,23.999,0.152,3.053248,1.403232,1.058678,0.436474,1386.9319,270.9,0.08,0.24426,0.827125,24.0,-0.152,21.0,24.0,7.65,24.0,-0.1,21.0,24.0,5.8,24.0,0.085,21.0,24.0,3.44,24.0,-0.1,21.0,24.0,5.8,24.0,-0.091,21.0,24.0,3.44
1212,4546.0333,190,10.033,False,30.6,True,26.14,23.999,0.151,3.062185,1.412169,1.067614,0.003333,1389.9941,269.0,0.08,0.244975,0.823728,24.0,-0.151,21.0,24.0,7.65,24.0,-0.098,21.0,24.0,5.8,24.0,0.078,21.0,24.0,3.44,24.0,-0.098,21.0,24.0,5.8,24.0,-0.089,21.0,24.0,3.44
1213,4546.2,190,10.2,False,30.4,True,26.14,23.999,0.152,3.049384,1.399367,1.054813,0.003333,1393.0435,267.1,0.08,0.243951,0.81449,24.0,-0.152,21.0,24.0,7.65,24.0,-0.097,21.0,24.0,5.8,24.0,0.069,21.0,24.0,3.44,24.0,-0.098,21.0,24.0,5.8,24.0,-0.089,21.0,24.0,3.44
1214,4546.3667,190,10.367,False,30.2,True,26.14,23.999,0.152,3.035751,1.385734,1.04118,0.003333,1396.0793,265.4,0.08,0.24286,0.805688,24.0,-0.152,21.0,24.0,7.65,24.0,-0.097,21.0,24.0,5.8,24.0,0.058,21.0,24.0,3.44,24.0,-0.098,21.0,24.0,5.8,24.0,-0.089,21.0,24.0,3.44
1215,4546.5333,190,10.533,False,30.0,True,26.14,23.999,0.154,3.020842,1.370826,1.026271,0.003333,1399.1001,263.8,0.08,0.241667,0.796898,24.0,-0.154,21.0,24.0,7.65,24.0,-0.097,21.0,24.0,5.8,24.0,0.045,21.0,24.0,3.44,24.0,-0.098,21.0,24.0,5.8,24.0,-0.09,21.0,24.0,3.44
1216,4546.7083,190,10.708,False,29.8,True,26.14,23.999,0.155,3.004405,1.354389,1.009835,0.003333,1402.1045,262.3,0.08,0.240352,0.788056,24.0,-0.155,21.0,24.0,7.65,24.0,-0.098,21.0,24.0,5.8,24.0,0.03,21.0,24.0,3.44,24.0,-0.1,21.0,24.0,5.8,24.0,-0.091,21.0,24.0,3.44
1217,4546.8889,190,10.889,False,29.6,True,26.14,23.999,0.157,2.98755,1.337534,0.99298,0.436489,1405.0921,260.9,0.08,0.239004,0.779452,24.0,-0.157,21.0,24.0,7.65,24.0,-0.1,21.0,24.0,5.8,24.0,0.014,21.0,24.0,3.44,24.0,-0.101,21.0,24.0,5.8,24.0,-0.092,21.0,24.0,3.44
1218,4547.0556,190,11.056,False,29.4,True,26.14,23.999,0.159,2.970286,1.32027,0.975716,0.003333,1408.0623,259.8,0.08,0.237623,0.77168,24.0,-0.159,21.0,24.0,7.65,24.0,-0.101,21.0,24.0,5.8,24.0,-0.002,21.0,24.0,3.44,24.0,-0.103,21.0,24.0,5.8,24.0,-0.094,21.0,24.0,3.44
1219,4547.2222,190,11.222,False,29.6,True,13.76,23.999,0.164,2.828091,1.269742,0.925188,0.003333,1410.8904,258.8,0.08,0.226247,0.73191,24.0,-0.164,21.0,24.0,4.03,24.0,-0.105,21.0,24.0,3.05,24.0,-0.02,21.0,24.0,1.81,24.0,-0.107,21.0,24.0,3.05,24.0,-0.098,21.0,24.0,1.81
1220,4547.4167,190,11.417,False,29.8,True,13.76,23.999,0.165,2.829314,1.270965,0.926411,0.003333,1413.7197,257.9,0.08,0.226345,0.72968,24.0,-0.165,21.0,24.0,4.03,24.0,-0.106,21.0,24.0,3.05,24.0,-0.034,21.0,24.0,1.81,24.0,-0.108,21.0,24.0,3.05,24.0,-0.099,21.0,24.0,1.81
1221,4547.5833,190,11.583,False,30.0,True,13.76,23.999,0.166,2.835375,1.277026,0.932472,0.003333,1416.5551,257.4,0.08,0.22683,0.729825,24.0,-0.166,21.0,24.0,4.03,24.0,-0.104,21.0,24.0,3.05,24.0,-0.043,21.0,24.0,1.81,24.0,-0.107,21.0,24.0,3.05,24.0,-0.098,21.0,24.0,1.81
1222,4547.75,190,11.75,False,30.2,True,13.76,23.999,0.166,2.839596,1.281247,0.936693,0.436482,1419.3947,257.0,0.08,0.227168,0.729776,24.0,-0.166,21.0,24.0,4.03,24.0,-0.107,21.0,24.0,3.05,24.0,-0.048,21.0,24.0,1.81,24.0,-0.109,21.0,24.0,3.05,24.0,-0.1,21.0,24.0,1.81
1223,4547.9167,190,11.917,False,30.4,True,13.76,23.999,0.166,2.84631,1.287961,0.943407,0.003333,1422.241,256.9,0.08,0.227705,0.731217,24.0,-0.166,21.0,24.0,4.03,24.0,-0.107,21.0,24.0,3.05,24.0,-0.05,21.0,24.0,1.81,24.0,-0.109,21.0,24.0,3.05,24.0,-0.1,21.0,24.0,1.81
1224,4548.0833,190,12.083,False,30.6,True,13.76,23.999,0.166,2.854184,1.295835,0.951281,0.003333,1425.0952,257.1,0.08,0.228335,0.733811,24.0,-0.166,21.0,24.0,4.03,24.0,-0.106,21.0,24.0,3.05,24.0,-0.052,21.0,24.0,1.81,24.0,-0.109,21.0,24.0,3.05,24.0,-0.1,21.0,24.0,1.81
1225,4548.25,190,12.25,False,30.78,True,26.14,23.999,0.163,3.006249,1.356233,1.011679,0.003333,1428.1015,257.5,0.08,0.2405,0.774109,24.0,-0.163,21.0,24.0,7.65,24.0,-0.103,21.0,24.0,5.8,24.0,-0.05,21.0,24.0,3.44,24.0,-0.106,21.0,24.0,5.8,24.0,-0.097,21.0,24.0,3.44
1226,4548.4167,190,12.417,False,30.97,True,26.14,23.999,0.162,3.015247,1.365231,1.020677,0.003333,1431.1167,258.3,0.08,0.24122,0.778838,24.0,-0.162,21.0,24.0,7.65,24.0,-0.102,21.0,24.0,5.8,24.0,-0.05,21.0,24.0,3.44,24.0,-0.105,21.0,24.0,5.8,24.0,-0.096,21.0,24.0,3.44
1227,4548.5833,190,12.583,False,31.15,True,26.14,23.999,0.162,3.022829,1.372813,1.028259,0.436486,1434.1395,259.3,0.08,0.241826,0.78382,24.0,-0.162,21.0,24.0,7.65,24.0,-0.101,21.0,24.0,5.8,24.0,-0.05,21.0,24.0,3.44,24.0,-0.104,21.0,24.0,5.8,24.0,-0.096,21.0,24.0,3.44
1228,4548.75,190,12.75,False,31.33,True,26.14,23.999,0.162,3.030358,1.380342,1.035788,0.003333,1437.1699,260.7,0.08,0.242429,0.790014,24.0,-0.162,21.0,24.0,7.65,24.0,-0.1,21.0,24.0,5.8,24.0,-0.05,21.0,24.0,3.44,24.0,-0.103,21.0,24.0,5.8,24.0,-0.095,21.0,24.0,3.44
1229,4548.9167,190,12.917,False,31.52,True,26.14,23.999,0.162,3.037848,1.387832,1.043278,0.003333,1440.2077,262.5,0.08,0.243028,0.797435,24.0,-0.162,21.0,24.0,7.65,24.0,-0.099,21.0,24.0,5.8,24.0,-0.05,21.0,24.0,3.44,24.0,-0.102,21.0,24.0,5.8,24.0,-0.094,21.0,24.0,3.44
1230,4549.0833,190,13.083,False,31.7,True,26.14,23.999,0.162,3.045316,1.3953,1.050746,0.003333,1443.2531,264.6,0.08,0.243625,0.805791,24.0,-0.162,21.0,24.0,7.65,24.0,-0.098,21.0,24.0,5.8,24.0,-0.05,21.0,24.0,3.44,24.0,-0.101,21.0,24.0,5.8,24.0,-0.094,21.0,24.0,3.44
1231,4549.1667,190,13.167,False,31.78,True,26.14,23.999,0.162,3.050602,1.400586,1.056032,0.003333,1446.3037,265.9,0.08,0.244048,0.811155,24.0,-0.162,21.0,24.0,7.65,24.0,-0.096,21.0,24.0,5.8,24.0,-0.049,21.0,24.0,3.44,24.0,-0.1,21.0,24.0,5.8,24.0,-0.093,21.0,24.0,3.44
1232,4549.3333,190,13.333,False,31.87,True,26.14,23.999,0.163,3.055453,1.405437,1.060883,0.003333,1449.3591,268.7,0.08,0.244436,0.821,24.0,-0.163,21.0,24.0,7.65,24.0,-0.095,21.0,24.0,5.8,24.0,-0.048,21.0,24.0,3.44,24.0,-0.099,21.0,24.0,5.8,24.0,-0.092,21.0,24.0,3.44
1233,4549.5,190,13.5,False,31.95,True,26.14,23.999,0.164,3.060886,1.41087,1.066316,0.436437,1452.42,271.9,0.08,0.244871,0.832255,24.0,-0.164,21.0,24.0,7.65,24.0,-0.093,21.0,24.0,5.8,24.0,-0.047,21.0,24.0,3.44,24.0,-0.098,21.0,24.0,5.8,24.0,-0.091,21.0,24.0,3.44
1234,4549.6667,190,13.667,False,32.03,True,26.14,23.999,0.164,3.065871,1.415855,1.071301,0.003333,1455.4859,275.7,0.08,0.24527,0.845261,24.0,-0.164,21.0,24.0,7.65,24.0,-0.092,21.0,24.0,5.8,24.0,-0.047,21.0,24.0,3.44,24.0,-0.097,21.0,24.0,5.8,24.0,-0.09,21.0,24.0,3.44
1235,4549.8333,190,13.833,False,32.12,True,26.14,23.999,0.164,3.072875,1.422859,1.078305,0.003333,1458.5587,280.0,0.08,0.24583,0.860405,24.0,-0.164,21.0,24.0,7.65,24.0,-0.091,21.0,24.0,5.8,24.0,-0.046,21.0,24.0,3.44,24.0,-0.096,21.0,24.0,5.8,24.0,-0.083,21.0,24.0,3.44
1236,4550.0,190,14.0,False,32.2,True,26.14,23.999,0.163,3.083027,1.43301,1.088456,0.003333,1461.6418,284.8,0.08,0.246642,0.878046,24.0,-0.163,21.0,24.0,7.65,24.0,-0.088,21.0,24.0,5.8,24.0,-0.044,21.0,24.0,3.44,24.0,-0.093,21.0,24.0,5.8,24.0,-0.072,21.0,24.0,3.44
1237,4550.25,190,14.25,False,32.12,True,26.14,23.999,0.162,3.086415,1.436399,1.091845,0.003333,1464.7282,293.0,0.08,0.246913,0.90432,24.0,-0.162,21.0,24.0,7.65,24.0,-0.087,21.0,24.0,5.8,24.0,-0.043,21.0,24.0,3.44,24.0,-0.092,21.0,24.0,5.8,24.0,-0.062,21.0,24.0,3.44
1238,4550.4167,190,14.417,False,32.03,True,26.14,23.999,0.161,3.090026,1.44001,1.095456,0.003333,1467.8182,299.2,0.08,0.247202,0.924536,24.0,-0.161,21.0,24.0,7.65,24.0,-0.085,21.0,24.0,5.8,24.0,-0.042,21.0,24.0,3.44,24.0,-0.091,21.0,24.0,5.8,24.0,-0.052,21.0,24.0,3.44
1239,4550.5556,190,14.556,False,31.95,True,26.14,23.999,0.16,3.093649,1.443633,1.099078,0.003333,1470.9119,304.8,0.08,0.247492,0.942944,24.0,-0.16,21.0,24.0,7.65,24.0,-0.084,21.0,24.0,5.8,24.0,-0.041,21.0,24.0,3.44,24.0,-0.09,21.0,24.0,5.8,24.0,-0.043,21.0,24.0,3.44
1240,4550.7222,190,14.722,False,31.87,True,26.14,23.999,0.158,3.098115,1.448099,1.103545,0.43646,1474.01,312.1,0.08,0.247849,0.966922,24.0,-0.158,21.0,24.0,7.65,24.0,-0.082,21.0,24.0,5.8,24.0,-0.04,21.0,24.0,3.44,24.0,-0.088,21.0,24.0,5.8,24.0,-0.032,21.0,24.0,3.44
1241,4550.8889,190,14.889,False,31.78,True,26.14,23.999,0.157,3.102849,1.452833,1.108279,0.003333,1477.1128,320.0,0.08,0.248228,0.992912,24.0,-0.157,21.0,24.0,7.65,24.0,-0.081,21.0,24.0,5.8,24.0,-0.039,21.0,24.0,3.44,24.0,-0.087,21.0,24.0,5.8,24.0,-0.02,21.0,24.0,3.44
1242,4551.0556,190,15.056,False,31.7,True,26.14,23.999,0.155,3.107677,1.457661,1.113107,0.003333,1480.2205,328.4,0.08,0.248614,1.020561,24.0,-0.155,21.0,24.0,7.65,24.0,-0.08,21.0,24.0,5.8,24.0,-0.038,21.0,24.0,3.44,24.0,-0.085,21.0,24.0,5.8,24.0,-0.008,21.0,24.0,3.44
1243,4551.25,190,15.25,False,31.7,True,26.14,23.999,0.154,3.11266,1.462644,1.11809,0.003333,1483.3332,339.0,0.08,0.249013,1.055192,24.0,-0.154,21.0,24.0,7.65,24.0,-0.079,21.0,24.0,5.8,24.0,-0.037,21.0,24.0,3.44,24.0,-0.084,21.0,24.0,5.8,24.0,0.004,21.0,24.0,3.44
1244,4551.4167,190,15.417,False,31.7,True,26.14,23.999,0.153,3.117333,1.467317,1.122763,0.003333,1486.4505,348.6,0.08,0.249387,1.086702,24.0,-0.153,21.0,24.0,7.65,24.0,-0.078,21.0,24.0,5.8,24.0,-0.037,21.0,24.0,3.44,24.0,-0.084,21.0,24.0,5.8,24.0,0.016,21.0,24.0,3.44
1245,4551.5833,190,15.583,False,31.7,True,26.14,23.999,0.152,3.121178,1.471162,1.126608,0.003333,1489.5717,358.8,0.08,0.249694,1.119879,24.0,-0.152,21.0,24.0,7.65,24.0,-0.078,21.0,24.0,5.8,24.0,-0.038,21.0,24.0,3.44,24.0,-0.083,21.0,24.0,5.8,24.0,0.028,21.0,24.0,3.44
1246,4551.75,190,15.75,False,31.7,True,26.14,23.999,0.151,3.12254,1.472523,1.127969,0.436466,1492.6942,369.4,0.08,0.249803,1.153466,24.0,-0.151,21.0,24.0,7.65,24.0,-0.078,21.0,24.0,5.8,24.0,-0.038,21.0,24.0,3.44,24.0,-0.083,21.0,24.0,5.8,24.0,0.035,21.0,24.0,3.44
1247,4551.9167,190,15.917,False,31.7,True,26.14,23.999,0.15,3.122682,1.472666,1.128111,0.003333,1495.8169,380.4,0.08,0.249815,1.187868,24.0,-0.15,21.0,24.0,7.65,24.0,-0.079,21.0,24.0,5.8,24.0,-0.04,21.0,24.0,3.44,24.0,-0.084,21.0,24.0,5.8,24.0,0.04,21.0,24.0,3.44
1248,4552.0833,190,16.083,False,31.7,True,26.14,23.999,0.15,3.12144,1.471423,1.126869,0.003333,1498.9383,391.7,0.34,1.061289,1.222668,24.0,-0.15,21.0,24.0,7.65,24.0,-0.079,21.0,24.0,5.8,24.0,-0.041,21.0,24.0,3.44,24.0,-0.084,21.0,24.0,5.8,24.0,0.043,21.0,24.0,3.44
1249,4552.2222,190,16.222,False,31.6,True,8.25,24.0,0.169,2.226397,1.309722,0.965168,0.003333,1501.1647,401.4,0.34,0.756975,0.893676,24.0,-0.169,21.0,24.0,2.42,24.0,-0.098,21.0,24.0,1.83,24.0,-0.06,21.0,24.0,1.09,24.0,-0.103,21.0,24.0,1.83,24.0,0.026,21.0,24.0,1.09
1250,4552.3889,190,16.389,False,31.5,True,8.25,24.0,0.174,2.20363,1.286954,0.9424,0.003333,1503.3684,413.2,0.34,0.749234,0.91054,24.0,-0.174,21.0,24.0,2.42,24.0,-0.103,21.0,24.0,1.83,24.0,-0.066,21.0,24.0,1.09,24.0,-0.108,21.0,24.0,1.83,24.0,0.021,21.0,24.0,1.09
1251,4552.5556,190,16.556,False,31.4,True,8.25,24.0,0.177,2.187566,1.27089,0.926336,0.003333,1505.5559,425.2,0.34,0.743772,0.930153,24.0,-0.177,21.0,24.0,2.42,24.0,-0.108,21.0,24.0,1.83,24.0,-0.072,21.0,24.0,1.09,24.0,-0.113,21.0,24.0,1.83,24.0,0.011,21.0,24.0,1.09
1252,4552.7222,190,16.722,False,31.3,True,8.25,24.0,0.18,2.178303,1.261628,0.917074,0.436446,1507.7342,437.2,0.34,0.740623,0.952354,24.0,-0.18,21.0,24.0,2.42,24.0,-0.112,21.0,24.0,1.83,24.0,-0.077,21.0,24.0,1.09,24.0,-0.116,21.0,24.0,1.83,24.0,0.018,21.0,24.0,1.09
1253,4552.8889,190,16.889,False,31.2,True,8.25,24.0,0.182,2.169669,1.252993,0.908439,0.003333,1509.9039,449.1,0.34,0.737687,0.974398,24.0,-0.182,21.0,24.0,2.42,24.0,-0.115,21.0,24.0,1.83,24.0,-0.081,21.0,24.0,1.09,24.0,-0.119,21.0,24.0,1.83,24.0,0.02,21.0,24.0,1.09
1254,4553.0556,190,17.056,False,31.1,True,8.25,24.0,0.183,2.162347,1.245671,0.901117,0.003333,1512.0662,460.9,0.34,0.735198,0.996626,24.0,-0.183,21.0,24.0,2.42,24.0,-0.118,21.0,24.0,1.83,24.0,-0.085,21.0,24.0,1.09,24.0,-0.121,21.0,24.0,1.83,24.0,0.023,21.0,24.0,1.09
1255,4553.2222,190,17.222,False,30.92,True,2.75,24.0,0.191,1.829552,1.187879,0.843325,0.003333,1513.8958,472.5,0.34,0.622048,0.864463,24.0,-0.191,21.0,24.0,0.81,24.0,-0.128,21.0,24.0,0.61,24.0,-0.095,21.0,24.0,0.36,24.0,-0.127,21.0,24.0,0.61,24.0,0.02,21.0,24.0,0.36
1256,4553.3889,190,17.389,False,30.73,True,2.75,24.0,0.193,1.815722,1.174049,0.829495,0.003333,1515.7115,483.6,0.34,0.617345,0.878083,24.0,-0.193,21.0,24.0,0.81,24.0,-0.132,21.0,24.0,0.61,24.0,-0.101,21.0,24.0,0.36,24.0,-0.128,21.0,24.0,0.61,24.0,0.021,21.0,24.0,0.36
1257,4553.5556,190,17.556,False,30.55,True,2.75,24.0,0.194,1.807684,1.166011,0.821457,0.003333,1517.5192,494.4,0.34,0.614612,0.893719,24.0,-0.194,21.0,24.0,0.81,24.0,-0.135,21.0,24.0,0.61,24.0,-0.104,21.0,24.0,0.36,24.0,-0.126,21.0,24.0,0.61,24.0,0.025,21.0,24.0,0.36
1258,4553.7222,190,17.722,False,30.37,True,2.75,24.0,0.194,1.794248,1.152575,0.808021,0.003333,1519.3134,504.5,0.34,0.610044,0.905198,24.0,-0.194,21.0,24.0,0.81,24.0,-0.138,21.0,24.0,0.61,24.0,-0.108,21.0,24.0,0.36,24.0,-0.126,21.0,24.0,0.61,24.0,0.012,21.0,24.0,0.36
1259,4553.875,190,17.875,False,30.18,True,2.75,24.0,0.193,1.781845,1.140172,0.795618,0.003333,1521.0953,513.3,0.34,0.605827,0.914621,24.0,-0.193,21.0,24.0,0.81,24.0,-0.141,21.0,24.0,0.61,24.0,-0.111,21.0,24.0,0.36,24.0,-0.125,21.0,24.0,0.61,24.0,0.001,21.0,24.0,0.36
1260,4554.0417,190,18.042,False,30.0,True,2.75,24.0,0.192,1.769567,1.127894,0.78334,0.436444,1522.8649,522.1,0.34,0.601653,0.923891,24.0,-0.192,21.0,24.0,0.81,24.0,-0.143,21.0,24.0,0.61,24.0,-0.113,21.0,24.0,0.36,24.0,-0.125,21.0,24.0,0.61,24.0,-0.011,21.0,24.0,0.36
1261,4554.2083,190,18.208,False,29.82,True,2.75,24.0,0.192,1.754652,1.112979,0.768425,0.003333,1524.6195,530.2,0.34,0.596582,0.930317,24.0,-0.192,21.0,24.0,0.81,24.0,-0.145,21.0,24.0,0.61,24.0,-0.116,21.0,24.0,0.36,24.0,-0.126,21.0,24.0,0.61,24.0,-0.024,21.0,24.0,0.36
1262,4554.375,190,18.375,False,29.63,True,2.75,24.0,0.192,1.735958,1.094285,0.749731,0.003333,1526.3555,537.3,0.34,0.590226,0.93273,24.0,-0.192,21.0,24.0,0.81,24.0,-0.148,21.0,24.0,0.61,24.0,-0.119,21.0,24.0,0.36,24.0,-0.131,21.0,24.0,0.61,24.0,-0.043,21.0,24.0,0.36
1263,4554.5417,190,18.542,False,29.45,True,2.75,24.0,0.193,1.718612,1.076939,0.732385,0.003333,1528.0741,543.5,0.34,0.584328,0.934066,24.0,-0.193,21.0,24.0,0.81,24.0,-0.151,21.0,24.0,0.61,24.0,-0.122,21.0,24.0,0.36,24.0,-0.135,21.0,24.0,0.61,24.0,-0.057,21.0,24.0,0.36
1264,4554.7083,190,18.708,False,29.27,True,2.75,24.0,0.194,1.702828,1.061155,0.716601,0.003333,1529.7769,548.7,0.34,0.578962,0.934342,24.0,-0.194,21.0,24.0,0.81,24.0,-0.155,21.0,24.0,0.61,24.0,-0.125,21.0,24.0,0.36,24.0,-0.138,21.0,24.0,0.61,24.0,-0.068,21.0,24.0,0.36
1265,4554.875,190,18.875,False,29.08,True,2.75,24.0,0.195,1.685616,1.043943,0.699389,0.003333,1531.4625,552.8,0.34,0.573109,0.931808,24.0,-0.195,21.0,24.0,0.81,24.0,-0.159,21.0,24.0,0.61,24.0,-0.128,21.0,24.0,0.36,24.0,-0.144,21.0,24.0,0.61,24.0,-0.081,21.0,24.0,0.36
1266,4555.0417,190,19.042,False,28.9,True,2.75,24.0,0.196,1.670165,1.028492,0.683938,0.003333,1533.1327,555.9,0.34,0.567856,0.928445,24.0,-0.196,21.0,24.0,0.81,24.0,-0.162,21.0,24.0,0.61,24.0,-0.132,21.0,24.0,0.36,24.0,-0.147,21.0,24.0,0.61,24.0,-0.09,21.0,24.0,0.36
1267,4555.2083,190,19.208,False,28.72,True,1.38,24.0,0.0,1.551623,1.001618,0.657063,0.003333,1534.6843,557.9,0.34,0.527552,0.86565,24.0,-0.2,21.0,24.0,0.4,24.0,-0.169,21.0,24.0,0.31,24.0,-0.138,21.0,24.0,0.18,24.0,-0.155,21.0,24.0,0.31,24.0,-0.105,21.0,24.0,0.18
1268,4555.375,190,19.375,False,28.53,True,1.38,24.0,0.0,1.533415,0.983409,0.638855,0.436437,1536.2177,558.9,0.34,0.521361,0.857025,24.0,-0.202,21.0,24.0,0.4,24.0,-0.173,21.0,24.0,0.31,24.0,-0.142,21.0,24.0,0.18,24.0,-0.161,21.0,24.0,0.31,24.0,-0.118,21.0,24.0,0.18
1269,4555.5417,190,19.542,False,28.35,True,1.38,24.0,0.0,1.512542,0.962537,0.617983,0.003333,1537.7303,558.8,0.34,0.514264,0.845209,24.0,-0.203,21.0,24.0,0.4,24.0,-0.177,21.0,24.0,0.31,24.0,-0.147,21.0,24.0,0.18,24.0,-0.17,21.0,24.0,0.31,24.0,-0.138,21.0,24.0,0.18
1270,4555.7083,190,19.708,False,28.17,True,1.38,24.0,0.0,1.498487,0.948482,0.603928,0.003333,1539.2288,557.7,0.34,0.509486,0.835706,24.0,-0.204,21.0,24.0,0.4,24.0,-0.18,21.0,24.0,0.31,24.0,-0.149,21.0,24.0,0.18,24.0,-0.173,21.0,24.0,0.31,24.0,-0.144,21.0,24.0,0.18
1271,4555.8889,190,19.889,False,27.98,True,1.38,24.0,0.0,1.48662,0.936615,0.592061,0.003333,1540.7154,555.5,0.34,0.505451,0.825818,24.0,-0.205,21.0,24.0,0.4,24.0,-0.182,21.0,24.0,0.31,24.0,-0.152,21.0,24.0,0.18,24.0,-0.176,21.0,24.0,0.31,24.0,-0.149,21.0,24.0,0.18
1272,4556.0556,190,20.056,False,27.8,True,1.38,24.0,0.0,1.476004,0.925998,0.581444,0.003333,1542.1914,552.4,0.34,0.501841,0.815344,24.0,-0.206,21.0,24.0,0.4,24.0,-0.183,21.0,24.0,0.31,24.0,-0.154,21.0,24.0,0.18,24.0,-0.177,21.0,24.0,0.31,24.0,-0.153,21.0,24.0,0.18
1273,4556.2222,190,20.222,False,27.8,True,1.38,24.0,0.0,1.472749,0.922744,0.578189,0.003333,1543.6641,548.5,0.34,0.500735,0.807803,24.0,-0.206,21.0,24.0,0.4,24.0,-0.184,21.0,24.0,0.31,24.0,-0.155,21.0,24.0,0.18,24.0,-0.178,21.0,24.0,0.31,24.0,-0.155,21.0,24.0,0.18
1274,4556.3889,190,20.389,False,27.8,True,1.38,24.0,0.0,1.469625,0.91962,0.575066,0.003333,1545.1338,543.9,0.34,0.499673,0.799329,24.0,-0.207,21.0,24.0,0.4,24.0,-0.185,21.0,24.0,0.31,24.0,-0.157,21.0,24.0,0.18,24.0,-0.179,21.0,24.0,0.31,24.0,-0.157,21.0,24.0,0.18
1275,4556.5833,190,20.583,False,27.8,True,1.38,24.0,0.0,1.467011,0.917006,0.572452,0.003333,1546.6008,537.6,0.34,0.498784,0.788665,24.0,-0.208,21.0,24.0,0.4,24.0,-0.186,21.0,24.0,0.31,24.0,-0.158,21.0,24.0,0.18,24.0,-0.18,21.0,24.0,0.31,24.0,-0.159,21.0,24.0,0.18
1276,4556.75,190,20.75,False,27.8,True,1.38,24.0,0.0,1.46488,0.914874,0.57032,0.436416,1548.0656,531.6,0.34,0.498059,0.77873,24.0,-0.208,21.0,24.0,0.4,24.0,-0.186,21.0,24.0,0.31,24.0,-0.159,21.0,24.0,0.18,24.0,-0.18,21.0,24.0,0.31,24.0,-0.16,21.0,24.0,0.18
1277,4556.9167,190,20.917,False,27.8,True,1.38,24.0,0.0,1.462956,0.912951,0.568397,0.003333,1549.5286,525.2,0.34,0.497405,0.768345,24.0,-0.209,21.0,24.0,0.4,24.0,-0.187,21.0,24.0,0.31,24.0,-0.16,21.0,24.0,0.18,24.0,-0.181,21.0,24.0,0.31,24.0,-0.161,21.0,24.0,0.18
1278,4557.0833,190,21.083,False,27.8,True,1.38,24.0,0.0,1.461212,0.911206,0.566652,0.003333,1550.9898,518.3,0.08,0.116897,0.757346,24.0,-0.209,21.0,24.0,0.4,24.0,-0.188,21.0,24.0,0.31,24.0,-0.161,21.0,24.0,0.18,24.0,-0.181,21.0,24.0,0.31,24.0,-0.162,21.0,24.0,0.18
1279,4557.2,190,21.2,False,27.62,True,1.38,24.802,0.0,0.458338,0.0,0.0,0.003333,1551.4482,513.3,0.08,0.036667,0.235265,24.6,-0.12,15.6,26.7,0.4,24.75,-0.079,15.6,26.7,0.31,24.94,-0.023,15.6,26.7,0.18,24.77,-0.069,15.6,26.7,0.31,24.95,-0.022,15.6,26.7,0.18
1280,4557.4167,190,21.417,False,27.43,True,1.38,25.52,0.0,0.458338,0.0,0.0,0.003333,1551.9065,503.8,0.08,0.036667,0.230911,25.21,0.005,15.6,26.7,0.4,25.43,0.059,15.6,26.7,0.31,25.73,0.141,15.6,26.7,0.18,25.48,0.074,15.6,26.7,0.31,25.75,0.145,15.6,26.7,0.18
1281,4557.5833,190,21.583,False,27.25,True,1.38,25.779,0.0,0.458338,0.0,0.0,0.003333,1552.3648,496.3,0.08,0.036667,0.227473,25.44,0.063,15.6,26.7,0.4,25.68,0.121,15.6,26.7,0.31,26.01,0.212,15.6,26.7,0.18,25.74,0.138,15.6,26.7,0.31,26.04,0.217,15.6,26.7,0.18
1282,4557.75,190,21.75,False,27.07,True,1.38,25.904,0.0,0.458338,0.0,0.0,0.003333,1552.8232,488.8,0.08,0.036667,0.224036,25.54,0.1,15.6,26.7,0.4,25.8,0.16,15.6,26.7,0.31,26.14,0.257,15.6,26.7,0.18,25.86,0.177,15.6,26.7,0.31,26.17,0.263,15.6,26.7,0.18
1283,4557.9167,190,21.917,False,26.88,True,1.38,25.977,0.0,0.458338,0.0,0.0,0.003333,1553.2815,481.3,0.08,0.036667,0.220598,25.61,0.128,15.6,26.7,0.4,25.87,0.187,15.6,26.7,0.31,26.22,0.29,15.6,26.7,0.18,25.93,0.207,15.6,26.7,0.31,26.25,0.297,15.6,26.7,0.18
1284,4558.0833,190,22.083,False,26.7,True,1.38,26.028,0.0,0.458338,0.0,0.0,0.003333,1553.7398,473.9,0.08,0.036667,0.217206,25.65,0.151,15.6,26.7,0.4,25.92,0.21,15.6,26.7,0.31,26.28,0.318,15.6,26.7,0.18,25.98,0.231,15.6,26.7,0.31,26.31,0.325,15.6,26.7,0.18
1285,4558.25,190,22.25,False,26.78,True,1.38,26.068,0.0,0.412504,0.0,0.0,0.436407,1554.1523,466.7,0.08,0.033,0.192516,25.68,0.169,15.6,26.7,0.4,25.95,0.229,15.6,26.7,0.31,26.32,0.341,15.6,26.7,0.18,26.02,0.25,15.6,26.7,0.31,26.36,0.35,15.6,26.7,0.18
1286,4558.3333,190,22.333,False,26.87,True,1.38,26.115,0.0,0.412504,0.0,0.0,0.003333,1554.5649,463.2,0.08,0.033,0.191072,25.72,0.187,15.6,26.7,0.4,25.99,0.248,15.6,26.7,0.31,26.38,0.364,15.6,26.7,0.18,26.07,0.271,15.6,26.7,0.31,26.42,0.374,15.6,26.7,0.18
1287,4558.5,190,22.5,False,26.95,True,1.38,26.153,0.0,0.412504,0.0,0.0,0.003333,1554.9774,456.4,0.08,0.033,0.188267,25.75,0.203,15.6,26.7,0.4,26.03,0.265,15.6,26.7,0.31,26.42,0.385,15.6,26.7,0.18,26.1,0.289,15.6,26.7,0.31,26.46,0.396,15.6,26.7,0.18
1288,4558.6667,190,22.667,False,27.03,True,1.38,26.189,0.0,0.412504,0.0,0.0,0.003333,1555.3899,449.8,0.08,0.033,0.185544,25.78,0.219,15.6,26.7,0.4,26.06,0.281,15.6,26.7,0.31,26.46,0.404,15.6,26.7,0.18,26.14,0.305,15.6,26.7,0.31,26.51,0.415,15.6,26.7,0.18
1289,4558.8333,190,22.833,False,27.12,True,1.38,26.222,0.0,0.412504,0.0,0.0,0.003333,1555.8024,443.6,0.08,0.033,0.182987,25.81,0.233,15.6,26.7,0.4,26.09,0.296,15.6,26.7,0.31,26.49,0.421,15.6,26.7,0.18,26.17,0.321,15.6,26.7,0.31,26.54,0.434,15.6,26.7,0.18
1290,4559.0,190,23.0,False,27.2,True,1.38,26.253,0.0,0.412504,0.0,0.0,0.003333,1556.2149,437.7,0.08,0.033,0.180553,25.84,0.246,15.6,26.7,0.4,26.12,0.31,15.6,26.7,0.31,26.53,0.437,15.6,26.7,0.18,26.2,0.335,15.6,26.7,0.31,26.58,0.451,15.6,26.7,0.18
1291,4559.1667,190,23.167,False,27.12,False,0.0,26.261,0.0,0.412504,0.0,0.0,0.003333,1556.6274,432.2,0.08,0.033,0.178284,25.84,0.255,15.6,26.7,0.0,26.13,0.32,15.6,26.7,0.0,26.54,0.448,15.6,26.7,0.0,26.21,0.345,15.6,26.7,0.0,26.59,0.462,15.6,26.7,0.0
1292,4559.3333,190,23.333,False,27.03,False,0.0,26.274,0.0,0.412504,0.0,0.0,0.003333,1557.0399,427.0,0.08,0.033,0.176139,25.85,0.264,15.6,26.7,0.0,26.14,0.329,15.6,26.7,0.0,26.55,0.459,15.6,26.7,0.0,26.22,0.355,15.6,26.7,0.0,26.61,0.474,15.6,26.7,0.0
1293,4559.5,190,23.5,False,26.95,False,0.0,26.285,0.0,0.412504,0.0,0.0,0.003333,1557.4524,422.2,0.08,0.033,0.174159,25.86,0.272,15.6,26.7,0.0,26.15,0.337,15.6,26.7,0.0,26.56,0.47,15.6,26.7,0.0,26.23,0.364,15.6,26.7,0.0,26.62,0.485,15.6,26.7,0.0
1294,4559.6667,190,23.667,False,26.87,False,0.0,26.295,0.0,0.412504,0.0,0.0,0.003333,1557.8649,417.7,0.08,0.033,0.172303,25.87,0.281,15.6,26.7,0.0,26.16,0.345,15.6,26.7,0.0,26.57,0.479,15.6,26.7,0.0,26.24,0.373,15.6,26.7,0.0,26.64,0.495,15.6,26.7,0.0
1295,4559.8333,190,23.833,False,26.78,False,0.0,26.304,0.0,0.412504,0.0,0.0,0.436406,1558.2774,413.6,0.08,0.033,0.170612,25.87,0.288,15.6,26.7,0.0,26.16,0.353,15.6,26.7,0.0,26.58,0.488,15.6,26.7,0.0,26.25,0.381,15.6,26.7,0.0,26.65,0.505,15.6,26.7,0.0
1296,4560.0,190,24.0,False,26.7,False,0.0,26.311,0.0,0.412504,0.0,0.0,0.003333,1558.6899,409.8,0.08,0.033,0.169044,25.88,0.296,15.6,26.7,0.0,26.17,0.36,15.6,26.7,0.0,26.59,0.496,15.6,26.7,0.0,26.26,0.389,15.6,26.7,0.0,26.65,0.513,15.6,26.7,0.0
1297,4560.1667,191,0.167,False,26.7,False,0.0,26.32,0.0,0.412504,0.0,0.0,0.003333,1559.1024,378.0,0.08,0.033,0.155927,25.89,0.303,15.6,26.7,0.0,26.18,0.367,15.6,26.7,0.0,26.6,0.504,15.6,26.7,0.0,26.27,0.396,15.6,26.7,0.0,26.67,0.522,15.6,26.7,0.0
1298,4560.3333,191,0.333,False,26.7,False,0.0,26.33,0.0,0.412504,0.0,0.0,0.003333,1559.5149,378.5,0.08,0.033,0.156133,25.9,0.31,15.6,26.7,0.0,26.18,0.374,15.6,26.7,0.0,26.61,0.512,15.6,26.7,0.0,26.28,0.404,15.6,26.7,0.0,26.68,0.53,15.6,26.7,0.0
1299,4560.5,191,0.5,False,26.7,False,0.0,26.34,0.0,0.412504,0.0,0.0,0.003333,1559.9274,378.9,0.08,0.033,0.156298,25.91,0.316,15.6,26.7,0.0,26.19,0.381,15.6,26.7,0.0,26.62,0.519,15.6,26.7,0.0,26.29,0.41,15.6,26.7,0.0,26.69,0.537,15.6,26.7,0.0
1300,4560.6667,191,0.667,False,26.7,False,0.0,26.348,0.0,0.412504,0.0,0.0,0.003333,1560.3399,379.3,0.08,0.033,0.156463,25.92,0.321,15.6,26.7,0.0,26.2,0.387,15.6,26.7,0.0,26.63,0.525,15.6,26.7,0.0,26.3,0.416,15.6,26.7,0.0,26.7,0.544,15.6,26.7,0.0
1301,4560.8333,191,0.833,False,26.7,False,0.0,26.356,0.0,0.412504,0.0,0.0,0.003333,1560.7524,379.4,0.08,0.033,0.156504,25.93,0.326,15.6,26.7,0.0,26.21,0.392,15.6,26.7,0.0,26.63,0.531,15.6,26.7,0.0,26.31,0.422,15.6,26.7,0.0,26.7,0.55,15.6,26.7,0.0
1302,4561.0,191,1.0,False,26.7,False,0.0,26.364,0.0,0.412504,0.0,0.0,0.003333,1561.1649,379.5,0.08,0.033,0.156545,25.93,0.331,15.6,26.7,0.0,26.22,0.397,15.6,26.7,0.0,26.64,0.536,15.6,26.7,0.0,26.31,0.427,15.6,26.7,0.0,26.71,0.556,15.6,26.7,0.0
1303,4561.1667,191,1.167,False,26.7,False,0.0,26.37,0.0,0.412504,0.0,0.0,0.003333,1561.5774,379.4,0.08,0.033,0.156504,25.94,0.335,15.6,26.7,0.0,26.22,0.402,15.6,26.7,0.0,26.65,0.541,15.6,26.7,0.0,26.32,0.432,15.6,26.7,0.0,26.72,0.561,15.6,26.7,0.0
1304,4561.3333,191,1.333,False,26.7,False,0.0,26.376,0.0,0.412504,0.0,0.0,0.436397,1561.9899,379.3,0.08,0.033,0.156463,25.95,0.339,15.6,26.7,0.0,26.23,0.406,15.6,26.7,0.0,26.65,0.545,15.6,26.7,0.0,26.33,0.437,15.6,26.7,0.0,26.72,0.566,15.6,26.7,0.0
1305,4561.5,191,1.5,False,26.7,False,0.0,26.382,0.0,0.412504,0.0,0.0,0.003333,1562.4024,378.9,0.08,0.033,0.156298,25.95,0.343,15.6,26.7,0.0,26.23,0.411,15.6,26.7,0.0,26.66,0.55,15.6,26.7,0.0,26.33,0.441,15.6,26.7,0.0,26.73,0.57,15.6,26.7,0.0
1306,4561.6667,191,1.667,False,26.7,False,0.0,26.387,0.0,0.412504,0.0,0.0,0.003333,1562.8149,378.5,0.08,0.033,0.156133,25.96,0.348,15.6,26.7,0.0,26.24,0.415,15.6,26.7,0.0,26.66,0.554,15.6,26.7,0.0,26.34,0.446,15.6,26.7,0.0,26.73,0.575,15.6,26.7,0.0
1307,4561.8333,191,1.833,False,26.7,False,0.0,26.391,0.0,0.412504,0.0,0.0,0.003333,1563.2274,378.0,0.08,0.033,0.155927,25.97,0.352,15.6,26.7,0.0,26.24,0.419,15.6,26.7,0.0,26.67,0.558,15.6,26.7,0.0,26.34,0.45,15.6,26.7,0.0,26.74,0.579,15.6,26.7,0.0
1308,4562.0,191,2.0,False,26.7,False,0.0,26.395,0.0,0.412504,0.0,0.0,0.003333,1563.6399,377.3,0.08,0.033,0.155638,25.97,0.356,15.6,26.7,0.0,26.25,0.423,15.6,26.7,0.0,26.67,0.562,15.6,26.7,0.0,26.35,0.455,15.6,26.7,0.0,26.74,0.584,15.6,26.7,0.0
1309,4562.1667,191,2.167,False,26.6,False,0.0,26.394,0.0,0.412504,0.0,0.0,0.003333,1564.0524,376.5,0.08,0.033,0.155308,25.97,0.359,15.6,26.7,0.0,26.24,0.426,15.6,26.7,0.0,26.67,0.565,15.6,26.7,0.0,26.35,0.458,15.6,26.7,0.0,26.74,0.586,15.6,26.7,0.0
1310,4562.3333,191,2.333,False,26.5,False,0.0,26.39,0.0,0.412504,0.0,0.0,0.003333,1564.4649,375.6,0.08,0.033,0.154937,25.97,0.362,15.6,26.7,0.0,26.24,0.428,15.6,26.7,0.0,26.66,0.567,15.6,26.7,0.0,26.34,0.46,15.6,26.7,0.0,26.73,0.589,15.6,26.7,0.0
1311,4562.5,191,2.5,False,26.4,False,0.0,26.385,0.0,0.412504,0.0,0.0,0.003333,1564.8775,374.6,0.08,0.033,0.154524,25.97,0.364,15.6,26.7,0.0,26.24,0.43,15.6,26.7,0.0,26.66,0.569,15.6,26.7,0.0,26.34,0.462,15.6,26.7,0.0,26.73,0.59,15.6,26.7,0.0
1312,4562.6667,191,2.667,False,26.3,False,0.0,26.38,0.0,0.412504,0.0,0.0,0.003333,1565.29,373.4,0.08,0.033,0.154029,25.96,0.366,15.6,26.7,0.0,26.23,0.432,15.6,26.7,0.0,26.65,0.57,15.6,26.7,0.0,26.33,0.464,15.6,26.7,0.0,26.72,0.592,15.6,26.7,0.0
1313,4562.8333,191,2.833,False,26.2,False,0.0,26.373,0.0,0.412504,0.0,0.0,0.003333,1565.7025,372.2,0.08,0.033,0.153534,25.96,0.368,15.6,26.7,0.0,26.22,0.433,15.6,26.7,0.0,26.64,0.571,15.6,26.7,0.0,26.33,0.465,15.6,26.7,0.0,26.71,0.593,15.6,26.7,0.0
1314,4563.0,191,3.0,False,26.1,False,0.0,26.366,0.0,0.412504,0.0,0.0,0.436415,1566.115,370.8,0.08,0.033,0.152956,25.96,0.369,15.6,26.7,0.0,26.22,0.433,15.6,26.7,0.0,26.63,0.571,15.6,26.7,0.0,26.32,0.466,15.6,26.7,0.0,26.71,0.593,15.6,26.7,0.0
1315,4563.1667,191,3.167,False,26.1,False,0.0,26.362,0.0,0.412504,0.0,0.0,0.003333,1566.5275,369.4,0.08,0.033,0.152379,25.95,0.37,15.6,26.7,0.0,26.21,0.434,15.6,26.7,0.0,26.63,0.572,15.6,26.7,0.0,26.32,0.467,15.6,26.7,0.0,26.7,0.594,15.6,26.7,0.0
1316,4563.3333,191,3.333,False,26.1,False,0.0,26.358,0.0,0.412504,0.0,0.0,0.003333,1566.94,367.8,0.08,0.033,0.151719,25.95,0.371,15.6,26.7,0.0,26.21,0.435,15.6,26.7,0.0,26.62,0.572,15.6,26.7,0.0,26.31,0.467,15.6,26.7,0.0,26.7,0.594,15.6,26.7,0.0
1317,4563.5,191,3.5,False,26.1,False,0.0,26.355,0.0,0.412504,0.0,0.0,0.003333,1567.3525,366.1,0.08,0.033,0.151018,25.95,0.372,15.6,26.7,0.0,26.2,0.435,15.6,26.7,0.0,26.62,0.572,15.6,26.7,0.0,26.31,0.468,15.6,26.7,0.0,26.69,0.594,15.6,26.7,0.0
1318,4563.6667,191,3.667,False,26.1,False,0.0,26.351,0.0,0.412504,0.0,0.0,0.003333,1567.765,364.4,0.08,0.033,0.150316,25.96,0.373,15.6,26.7,0.0,26.2,0.435,15.6,26.7,0.0,26.61,0.572,15.6,26.7,0.0,26.31,0.468,15.6,26.7,0.0,26.68,0.594,15.6,26.7,0.0
1319,4563.8333,191,3.833,False,26.1,False,0.0,26.348,0.0,0.412504,0.0,0.0,0.003333,1568.1775,362.5,0.08,0.033,0.149533,25.96,0.373,15.6,26.7,0.0,26.2,0.435,15.6,26.7,0.0,26.61,0.571,15.6,26.7,0.0,26.3,0.468,15.6,26.7,0.0,26.68,0.593,15.6,26.7,0.0
1320,4564.0,191,4.0,False,26.1,False,0.0,26.344,0.0,0.412504,0.0,0.0,0.003333,1568.59,360.5,0.08,0.033,0.148708,25.96,0.373,15.6,26.7,0.0,26.19,0.434,15.6,26.7,0.0,26.6,0.57,15.6,26.7,0.0,26.3,0.467,15.6,26.7,0.0,26.67,0.592,15.6,26.7,0.0
1321,4564.1667,191,4.167,False,26.1,False,0.0,26.351,0.0,0.458338,0.0,0.0,0.003333,1569.0483,358.5,0.08,0.036667,0.164314,25.97,0.376,15.6,26.7,0.0,26.2,0.437,15.6,26.7,0.0,26.6,0.572,15.6,26.7,0.0,26.31,0.47,15.6,26.7,0.0,26.68,0.594,15.6,26.7,0.0
1322,4564.3333,191,4.333,False,26.1,False,0.0,26.355,0.0,0.458338,0.0,0.0,0.003333,1569.5067,356.4,0.08,0.036667,0.163352,25.98,0.379,15.6,26.7,0.0,26.2,0.438,15.6,26.7,0.0,26.61,0.572,15.6,26.7,0.0,26.31,0.472,15.6,26.7,0.0,26.68,0.595,15.6,26.7,0.0
1323,4564.5,191,4.5,False,26.1,False,0.0,26.356,0.0,0.458338,0.0,0.0,0.436413,1569.965,354.2,0.08,0.036667,0.162343,25.98,0.38,15.6,26.7,0.0,26.2,0.439,15.6,26.7,0.0,26.61,0.573,15.6,26.7,0.0,26.31,0.473,15.6,26.7,0.0,26.68,0.595,15.6,26.7,0.0
1324,4564.6667,191,4.667,False,26.1,False,0.0,26.356,0.0,0.458338,0.0,0.0,0.003333,1570.4233,351.9,0.08,0.036667,0.161289,25.99,0.381,15.6,26.7,0.0,26.2,0.44,15.6,26.7,0.0,26.6,0.572,15.6,26.7,0.0,26.31,0.473,15.6,26.7,0.0,26.68,0.595,15.6,26.7,0.0
1325,4564.8333,191,4.833,False,26.1,False,0.0,26.356,0.0,0.458338,0.0,0.0,0.003333,1570.8817,349.5,0.08,0.036667,0.160189,25.99,0.382,15.6,26.7,0.0,26.2,0.44,15.6,26.7,0.0,26.6,0.572,15.6,26.7,0.0,26.31,0.474,15.6,26.7,0.0,26.68,0.595,15.6,26.7,0.0
1326,4565.0,191,5.0,False,26.1,False,0.0,26.355,0.0,0.458338,0.0,0.0,0.003333,1571.34,347.1,0.08,0.036667,0.159089,25.99,0.383,15.6,26.7,0.0,26.2,0.44,15.6,26.7,0.0,26.6,0.572,15.6,26.7,0.0,26.31,0.474,15.6,26.7,0.0,26.67,0.594,15.6,26.7,0.0
1327,4565.25,191,5.25,False,25.92,True,2.75,24.299,0.114,1.824407,1.366069,1.021515,0.003333,1573.1644,343.4,0.08,0.145953,0.626501,24.24,0.06,21.0,24.0,0.81,24.3,0.098,21.0,24.0,0.61,24.32,0.157,21.0,24.0,0.36,24.31,0.114,21.0,24.0,0.61,24.33,0.167,21.0,24.0,0.36
1328,4565.3333,191,5.333,False,25.73,True,2.75,24.016,0.056,1.553591,1.095253,0.750699,0.003333,1574.718,342.1,0.08,0.124287,0.531483,24.01,-0.056,21.0,24.0,0.81,24.01,-0.041,21.0,24.0,0.61,24.03,0.006,21.0,24.0,0.36,24.01,-0.029,21.0,24.0,0.61,24.03,0.011,21.0,24.0,0.36
1329,4565.5,191,5.5,False,25.55,True,2.75,24.003,0.098,1.433956,0.975619,0.631064,0.003333,1576.152,339.5,0.08,0.114717,0.486828,24.0,-0.098,21.0,24.0,0.81,24.0,-0.089,21.0,24.0,0.61,24.01,-0.05,21.0,24.0,0.36,24.0,-0.079,21.0,24.0,0.61,24.01,-0.047,21.0,24.0,0.36
1330,4565.6667,191,5.667,False,25.37,True,2.75,24.0,0.131,1.362708,0.90437,0.559816,0.003333,1577.5147,336.9,0.08,0.109017,0.459096,24.0,-0.131,21.0,24.0,0.81,24.0,-0.126,21.0,24.0,0.61,24.0,-0.092,21.0,24.0,0.36,24.0,-0.116,21.0,24.0,0.61,24.0,-0.089,21.0,24.0,0.36
1331,4565.8333,191,5.833,False,25.18,True,2.75,23.999,0.157,1.319176,0.860838,0.516284,0.003333,1578.8339,334.2,0.08,0.105534,0.440868,24.0,-0.157,21.0,24.0,0.81,24.0,-0.153,21.0,24.0,0.61,24.0,-0.109,21.0,24.0,0.36,24.0,-0.139,21.0,24.0,0.61,24.0,-0.121,21.0,24.0,0.36
1332,4566.0,191,6.0,False,25.0,True,2.75,23.999,0.179,1.286893,0.828555,0.484001,0.436411,1580.1207,331.5,0.08,0.102951,0.426605,24.0,-0.179,21.0,24.0,0.81,24.0,-0.175,21.0,24.0,0.61,24.0,-0.124,21.0,24.0,0.36,24.0,-0.158,21.0,24.0,0.61,24.0,-0.147,21.0,24.0,0.36
1333,4566.1667,191,6.167,False,25.47,True,5.5,23.999,0.18,1.536284,0.894612,0.550057,0.003333,1581.657,328.8,0.08,0.122903,0.50513,24.0,-0.18,21.0,24.0,1.61,24.0,-0.174,21.0,24.0,1.22,24.0,-0.116,21.0,24.0,0.72,24.0,-0.155,21.0,24.0,1.22,24.0,-0.148,21.0,24.0,0.72
1334,4566.4167,191,6.417,False,25.93,True,5.5,24.0,0.183,1.552247,0.910574,0.56602,0.003333,1583.2093,324.6,0.08,0.12418,0.503859,24.0,-0.183,21.0,24.0,1.61,24.0,-0.175,21.0,24.0,1.22,24.0,-0.113,21.0,24.0,0.72,24.0,-0.155,21.0,24.0,1.22,24.0,-0.151,21.0,24.0,0.72
1335,4566.5833,191,6.583,False,26.4,True,5.5,24.0,0.185,1.569467,0.927794,0.58324,0.003333,1584.7787,321.8,0.08,0.125557,0.505055,24.0,-0.185,21.0,24.0,1.61,24.0,-0.174,21.0,24.0,1.22,24.0,-0.108,21.0,24.0,0.72,24.0,-0.154,21.0,24.0,1.22,24.0,-0.152,21.0,24.0,0.72
1336,4566.75,191,6.75,False,26.87,True,5.5,24.0,0.186,1.590952,0.949279,0.604725,0.003333,1586.3697,319.0,0.08,0.127276,0.507514,24.0,-0.186,21.0,24.0,1.61,24.0,-0.172,21.0,24.0,1.22,24.0,-0.096,21.0,24.0,0.72,24.0,-0.151,21.0,24.0,1.22,24.0,-0.151,21.0,24.0,0.72
1337,4566.8889,191,6.889,False,27.33,True,5.5,24.0,0.186,1.61509,0.973417,0.628863,0.003333,1587.9848,316.6,0.08,0.129207,0.511338,24.0,-0.186,21.0,24.0,1.61,24.0,-0.169,21.0,24.0,1.22,24.0,-0.083,21.0,24.0,0.72,24.0,-0.147,21.0,24.0,1.22,24.0,-0.149,21.0,24.0,0.72
1338,4567.0556,191,7.056,False,27.8,True,5.5,24.0,0.186,1.643713,1.00204,0.657486,0.003333,1589.6285,313.8,0.08,0.131497,0.515797,24.0,-0.186,21.0,24.0,1.61,24.0,-0.164,21.0,24.0,1.22,24.0,-0.063,21.0,24.0,0.72,24.0,-0.141,21.0,24.0,1.22,24.0,-0.147,21.0,24.0,0.72
1339,4567.2083,191,7.208,False,28.17,True,26.14,23.999,0.161,2.872961,1.222945,0.878391,0.436464,1592.5015,311.2,0.08,0.229837,0.894065,24.0,-0.161,21.0,24.0,7.65,24.0,-0.14,21.0,24.0,5.8,24.0,-0.026,21.0,24.0,3.44,24.0,-0.116,21.0,24.0,5.8,24.0,-0.124,21.0,24.0,3.44
1340,4567.375,191,7.375,False,28.53,True,26.14,23.999,0.158,2.913309,1.263293,0.918739,0.003333,1595.4148,308.4,0.08,0.233065,0.898464,24.0,-0.158,21.0,24.0,7.65,24.0,-0.134,21.0,24.0,5.8,24.0,-0.007,21.0,24.0,3.44,24.0,-0.111,21.0,24.0,5.8,24.0,-0.117,21.0,24.0,3.44
1341,4567.5333,191,7.533,False,28.9,True,26.14,23.999,0.156,2.939054,1.289038,0.944483,0.003333,1598.3538,305.7,0.08,0.235124,0.898469,24.0,-0.156,21.0,24.0,7.65,24.0,-0.129,21.0,24.0,5.8,24.0,0.012,21.0,24.0,3.44,24.0,-0.108,21.0,24.0,5.8,24.0,-0.112,21.0,24.0,3.44
1342,4567.7,191,7.7,False,29.27,True,26.14,23.999,0.156,2.960756,1.310739,0.966185,0.003333,1601.3146,303.0,0.08,0.23686,0.897109,24.0,-0.156,21.0,24.0,7.65,24.0,-0.125,21.0,24.0,5.8,24.0,0.024,21.0,24.0,3.44,24.0,-0.108,21.0,24.0,5.8,24.0,-0.109,21.0,24.0,3.44
1343,4567.8667,191,7.867,False,29.63,True,26.14,23.999,0.156,2.97964,1.329624,0.98507,0.003333,1604.2942,300.2,0.08,0.238371,0.894488,24.0,-0.156,21.0,24.0,7.65,24.0,-0.121,21.0,24.0,5.8,24.0,0.035,21.0,24.0,3.44,24.0,-0.108,21.0,24.0,5.8,24.0,-0.106,21.0,24.0,3.44
1344,4568.0333,191,8.033,False,30.0,True,26.14,23.999,0.157,2.996571,1.346555,1.002,0.003333,1607.2908,297.5,0.08,0.239726,0.89148,24.0,-0.157,21.0,24.0,7.65,24.0,-0.118,21.0,24.0,5.8,24.0,0.044,21.0,24.0,3.44,24.0,-0.108,21.0,24.0,5.8,24.0,-0.104,21.0,24.0,3.44
1345,4568.2,191,8.2,False,30.18,True,26.14,23.999,0.157,3.009551,1.359535,1.014981,0.003333,1610.3003,294.8,0.08,0.240764,0.887216,24.0,-0.157,21.0,24.0,7.65,24.0,-0.115,21.0,24.0,5.8,24.0,0.052,21.0,24.0,3.44,24.0,-0.109,21.0,24.0,5.8,24.0,-0.102,21.0,24.0,3.44
1346,4568.3667,191,8.367,False,30.37,True,26.14,23.999,0.157,3.023277,1.373261,1.028707,0.436471,1613.3236,292.1,0.08,0.241862,0.883099,24.0,-0.157,21.0,24.0,7.65,24.0,-0.112,21.0,24.0,5.8,24.0,0.06,21.0,24.0,3.44,24.0,-0.109,21.0,24.0,5.8,24.0,-0.099,21.0,24.0,3.44
1347,4568.5333,191,8.533,False,30.55,True,26.14,23.999,0.156,3.037956,1.38794,1.043386,0.003333,1616.3616,289.5,0.08,0.243037,0.879488,24.0,-0.156,21.0,24.0,7.65,24.0,-0.109,21.0,24.0,5.8,24.0,0.068,21.0,24.0,3.44,24.0,-0.106,21.0,24.0,5.8,24.0,-0.096,21.0,24.0,3.44
1348,4568.7,191,8.7,False,30.73,True,26.14,23.999,0.155,3.051765,1.401749,1.057195,0.003333,1619.4133,286.9,0.08,0.244141,0.875551,24.0,-0.155,21.0,24.0,7.65,24.0,-0.106,21.0,24.0,5.8,24.0,0.074,21.0,24.0,3.44,24.0,-0.104,21.0,24.0,5.8,24.0,-0.094,21.0,24.0,3.44
1349,4568.8667,191,8.867,False,30.92,True,26.14,23.999,0.154,3.065306,1.41529,1.070736,0.003333,1622.4786,284.4,0.08,0.245224,0.871773,24.0,-0.154,21.0,24.0,7.65,24.0,-0.103,21.0,24.0,5.8,24.0,0.078,21.0,24.0,3.44,24.0,-0.102,21.0,24.0,5.8,24.0,-0.091,21.0,24.0,3.44
1350,4569.0333,191,9.033,False,31.1,True,26.14,23.999,0.153,3.078692,1.428676,1.084122,0.003333,1625.5573,282.0,0.08,0.246295,0.868191,24.0,-0.153,21.0,24.0,7.65,24.0,-0.1,21.0,24.0,5.8,24.0,0.082,21.0,24.0,3.44,24.0,-0.1,21.0,24.0,5.8,24.0,-0.089,21.0,24.0,3.44
1351,4569.2,191,9.2,False,31.02,True,26.14,23.999,0.153,3.075163,1.425147,1.080593,0.003333,1628.6325,279.6,0.08,0.246013,0.859816,24.0,-0.153,21.0,24.0,7.65,24.0,-0.099,21.0,24.0,5.8,24.0,0.086,21.0,24.0,3.44,24.0,-0.099,21.0,24.0,5.8,24.0,-0.088,21.0,24.0,3.44
1352,4569.3667,191,9.367,False,30.93,True,26.14,23.999,0.154,3.069136,1.41912,1.074566,0.436478,1631.7016,277.3,0.08,0.245531,0.851071,24.0,-0.154,21.0,24.0,7.65,24.0,-0.098,21.0,24.0,5.8,24.0,0.086,21.0,24.0,3.44,24.0,-0.099,21.0,24.0,5.8,24.0,-0.088,21.0,24.0,3.44
1353,4569.5417,191,9.542,False,30.85,True,26.14,23.999,0.155,3.061037,1.411021,1.066467,0.003333,1634.7627,275.0,0.08,0.244883,0.841785,24.0,-0.155,21.0,24.0,7.65,24.0,-0.099,21.0,24.0,5.8,24.0,0.083,21.0,24.0,3.44,24.0,-0.099,21.0,24.0,5.8,24.0,-0.089,21.0,24.0,3.44
1354,4569.7083,191,9.708,False,30.77,True,26.14,23.999,0.157,3.050961,1.400945,1.05639,0.003333,1637.8136,272.8,0.08,0.244077,0.832302,24.0,-0.157,21.0,24.0,7.65,24.0,-0.1,21.0,24.0,5.8,24.0,0.076,21.0,24.0,3.44,24.0,-0.1,21.0,24.0,5.8,24.0,-0.09,21.0,24.0,3.44
1355,4569.875,191,9.875,False,30.68,True,26.14,23.999,0.159,3.039839,1.389823,1.045269,0.003333,1640.8535,270.8,0.08,0.243187,0.823188,24.0,-0.159,21.0,24.0,7.65,24.0,-0.101,21.0,24.0,5.8,24.0,0.068,21.0,24.0,3.44,24.0,-0.102,21.0,24.0,5.8,24.0,-0.091,21.0,24.0,3.44
1356,4570.0417,191,10.042,False,30.6,True,26.14,23.999,0.161,3.028032,1.378016,1.033462,0.003333,1643.8815,268.9,0.08,0.242243,0.814238,24.0,-0.161,21.0,24.0,7.65,24.0,-0.102,21.0,24.0,5.8,24.0,0.059,21.0,24.0,3.44,24.0,-0.104,21.0,24.0,5.8,24.0,-0.093,21.0,24.0,3.44
1357,4570.2083,191,10.208,False,30.6,True,26.14,23.999,0.162,3.027528,1.377512,1.032958,0.003333,1646.909,267.0,0.08,0.242202,0.80835,24.0,-0.162,21.0,24.0,7.65,24.0,-0.103,21.0,24.0,5.8,24.0,0.05,21.0,24.0,3.44,24.0,-0.104,21.0,24.0,5.8,24.0,-0.093,21.0,24.0,3.44
1358,4570.375,191,10.375,False,30.6,True,26.14,23.999,0.162,3.028567,1.378551,1.033997,0.436483,1649.9376,265.3,0.08,0.242285,0.803479,24.0,-0.162,21.0,24.0,7.65,24.0,-0.102,21.0,24.0,5.8,24.0,0.041,21.0,24.0,3.44,24.0,-0.103,21.0,24.0,5.8,24.0,-0.092,21.0,24.0,3.44
1359,4570.5417,191,10.542,False,30.6,True,26.14,23.999,0.161,3.030437,1.380421,1.035867,0.003333,1652.968,263.7,0.08,0.242435,0.799126,24.0,-0.161,21.0,24.0,7.65,24.0,-0.1,21.0,24.0,5.8,24.0,0.032,21.0,24.0,3.44,24.0,-0.102,21.0,24.0,5.8,24.0,-0.091,21.0,24.0,3.44
1360,4570.7083,191,10.708,False,30.6,True,26.14,23.999,0.159,3.03306,1.383044,1.03849,0.003333,1656.0011,262.3,0.08,0.242645,0.795572,24.0,-0.159,21.0,24.0,7.65,24.0,-0.098,21.0,24.0,5.8,24.0,0.021,21.0,24.0,3.44,24.0,-0.1,21.0,24.0,5.8,24.0,-0.089,21.0,24.0,3.44
1361,4570.875,191,10.875,False,30.6,True,26.14,23.999,0.157,3.036232,1.386216,1.041662,0.003333,1659.0373,261.0,0.08,0.242899,0.792457,24.0,-0.157,21.0,24.0,7.65,24.0,-0.096,21.0,24.0,5.8,24.0,0.01,21.0,24.0,3.44,24.0,-0.098,21.0,24.0,5.8,24.0,-0.086,21.0,24.0,3.44
1362,4571.0556,191,11.056,False,30.6,True,26.14,23.999,0.155,3.039605,1.389589,1.045035,0.003333,1662.0769,259.8,0.08,0.243168,0.789689,24.0,-0.155,21.0,24.0,7.65,24.0,-0.093,21.0,24.0,5.8,24.0,-0.0,21.0,24.0,3.44,24.0,-0.095,21.0,24.0,5.8,24.0,-0.083,21.0,24.0,3.44
1363,4571.2222,191,11.222,False,30.78,True,13.76,24.0,0.157,2.899147,1.340798,0.996244,0.003333,1664.9761,258.8,0.08,0.231932,0.750299,24.0,-0.157,21.0,24.0,4.03,24.0,-0.094,21.0,24.0,3.05,24.0,-0.015,21.0,24.0,1.81,24.0,-0.097,21.0,24.0,3.05,24.0,-0.085,21.0,24.0,1.81
1364,4571.3889,191,11.389,False,30.97,True,13.76,24.0,0.157,2.902051,1.343702,0.999148,0.436506,1667.8781,258.0,0.08,0.232164,0.748729,24.0,-0.157,21.0,24.0,4.03,24.0,-0.094,21.0,24.0,3.05,24.0,-0.027,21.0,24.0,1.81,24.0,-0.096,21.0,24.0,3.05,24.0,-0.084,21.0,24.0,1.81
1365,4571.5556,191,11.556,False,31.15,True,13.76,24.0,0.157,2.906239,1.34789,1.003336,0.003333,1670.7844,257.4,0.08,0.232499,0.748066,24.0,-0.157,21.0,24.0,4.03,24.0,-0.093,21.0,24.0,3.05,24.0,-0.037,21.0,24.0,1.81,24.0,-0.096,21.0,24.0,3.05,24.0,-0.084,21.0,24.0,1.81
1366,4571.7222,191,11.722,False,31.33,True,13.76,24.0,0.157,2.912055,1.353706,1.009152,0.003333,1673.6964,257.1,0.08,0.232964,0.748689,24.0,-0.157,21.0,24.0,4.03,24.0,-0.093,21.0,24.0,3.05,24.0,-0.04,21.0,24.0,1.81,24.0,-0.096,21.0,24.0,3.05,24.0,-0.083,21.0,24.0,1.81
1367,4571.9167,191,11.917,False,31.52,True,13.76,23.999,0.157,2.918194,1.359846,1.015292,0.003333,1676.6146,256.9,0.08,0.233456,0.749684,24.0,-0.157,21.0,24.0,4.03,24.0,-0.092,21.0,24.0,3.05,24.0,-0.042,21.0,24.0,1.81,24.0,-0.096,21.0,24.0,3.05,24.0,-0.084,21.0,24.0,1.81
1368,4572.0833,191,12.083,False,31.7,True,13.76,23.999,0.157,2.924499,1.366151,1.021597,0.003333,1679.5391,257.1,0.08,0.23396,0.751889,24.0,-0.157,21.0,24.0,4.03,24.0,-0.092,21.0,24.0,3.05,24.0,-0.044,21.0,24.0,1.81,24.0,-0.096,21.0,24.0,3.05,24.0,-0.084,21.0,24.0,1.81
1369,4572.25,191,12.25,False,31.7,True,26.14,23.999,0.154,3.071877,1.421861,1.077307,0.436494,1682.611,257.5,0.08,0.24575,0.791008,24.0,-0.154,21.0,24.0,7.65,24.0,-0.089,21.0,24.0,5.8,24.0,-0.042,21.0,24.0,3.44,24.0,-0.092,21.0,24.0,5.8,24.0,-0.081,21.0,24.0,3.44
1370,4572.4167,191,12.417,False,31.7,True,26.14,23.999,0.153,3.074824,1.424808,1.080254,0.003333,1685.6858,258.3,0.08,0.245986,0.794227,24.0,-0.153,21.0,24.0,7.65,24.0,-0.088,21.0,24.0,5.8,24.0,-0.042,21.0,24.0,3.44,24.0,-0.091,21.0,24.0,5.8,24.0,-0.08,21.0,24.0,3.44
1371,4572.5833,191,12.583,False,31.7,True,26.14,23.999,0.153,3.076604,1.426588,1.082034,0.003333,1688.7624,259.3,0.08,0.246128,0.797763,24.0,-0.153,21.0,24.0,7.65,24.0,-0.087,21.0,24.0,5.8,24.0,-0.042,21.0,24.0,3.44,24.0,-0.09,21.0,24.0,5.8,24.0,-0.079,21.0,24.0,3.44
1372,4572.75,191,12.75,False,31.7,True,26.14,23.999,0.152,3.078217,1.428201,1.083647,0.003333,1691.8406,260.7,0.08,0.246257,0.802491,24.0,-0.152,21.0,24.0,7.65,24.0,-0.086,21.0,24.0,5.8,24.0,-0.042,21.0,24.0,3.44,24.0,-0.089,21.0,24.0,5.8,24.0,-0.078,21.0,24.0,3.44
1373,4572.9167,191,12.917,False,31.7,True,26.14,23.999,0.152,3.079892,1.429876,1.085322,0.003333,1694.9205,262.5,0.08,0.246391,0.808472,24.0,-0.152,21.0,24.0,7.65,24.0,-0.085,21.0,24.0,5.8,24.0,-0.041,21.0,24.0,3.44,24.0,-0.089,21.0,24.0,5.8,24.0,-0.077,21.0,24.0,3.44
1374,4573.0,191,13.0,False,31.7,True,26.14,23.999,0.152,3.081912,1.431896,1.087341,0.003333,1698.0024,263.5,0.08,0.246553,0.812084,24.0,-0.152,21.0,24.0,7.65,24.0,-0.084,21.0,24.0,5.8,24.0,-0.041,21.0,24.0,3.44,24.0,-0.088,21.0,24.0,5.8,24.0,-0.077,21.0,24.0,3.44
1375,4573.1667,191,13.167,False,31.78,True,26.14,23.998,0.152,3.085418,1.435402,1.090848,0.436466,1701.0879,265.9,0.08,0.246833,0.820413,24.0,-0.152,21.0,24.0,7.65,24.0,-0.083,21.0,24.0,5.8,24.0,-0.04,21.0,24.0,3.44,24.0,-0.087,21.0,24.0,5.8,24.0,-0.076,21.0,24.0,3.44
1376,4573.3333,191,13.333,False,31.87,True,26.14,23.998,0.153,3.087837,1.437821,1.093267,0.003333,1704.1757,268.7,0.08,0.247027,0.829702,24.0,-0.153,21.0,24.0,7.65,24.0,-0.082,21.0,24.0,5.8,24.0,-0.04,21.0,24.0,3.44,24.0,-0.086,21.0,24.0,5.8,24.0,-0.075,21.0,24.0,3.44
1377,4573.5,191,13.5,False,31.95,True,26.14,23.998,0.154,3.09019,1.440173,1.095619,0.003333,1707.2659,271.9,0.08,0.247215,0.840223,24.0,-0.154,21.0,24.0,7.65,24.0,-0.081,21.0,24.0,5.8,24.0,-0.04,21.0,24.0,3.44,24.0,-0.085,21.0,24.0,5.8,24.0,-0.075,21.0,24.0,3.44
1378,4573.6667,191,13.667,False,32.03,True,26.14,23.998,0.155,3.091932,1.441916,1.097362,0.003333,1710.3578,275.7,0.08,0.247355,0.852446,24.0,-0.155,21.0,24.0,7.65,24.0,-0.08,21.0,24.0,5.8,24.0,-0.04,21.0,24.0,3.44,24.0,-0.085,21.0,24.0,5.8,24.0,-0.075,21.0,24.0,3.44
1379,4573.8333,191,13.833,False,32.12,True,26.14,23.998,0.156,3.09541,1.445393,1.100839,0.003333,1713.4532,280.0,0.08,0.247633,0.866715,24.0,-0.156,21.0,24.0,7.65,24.0,-0.08,21.0,24.0,5.8,24.0,-0.04,21.0,24.0,3.44,24.0,-0.085,21.0,24.0,5.8,24.0,-0.068,21.0,24.0,3.44
1380,4574.0,191,14.0,False,32.2,True,26.14,23.998,0.157,3.099968,1.449952,1.105397,0.003333,1716.5532,284.8,0.08,0.247997,0.882871,24.0,-0.157,21.0,24.0,7.65,24.0,-0.08,21.0,24.0,5.8,24.0,-0.04,21.0,24.0,3.44,24.0,-0.085,21.0,24.0,5.8,24.0,-0.058,21.0,24.0,3.44
1381,4574.1667,191,14.167,False,32.3,True,26.14,23.998,0.157,3.109092,1.459075,1.114521,0.436439,1719.6623,290.1,0.08,0.248727,0.901947,24.0,-0.157,21.0,24.0,7.65,24.0,-0.079,21.0,24.0,5.8,24.0,-0.04,21.0,24.0,3.44,24.0,-0.084,21.0,24.0,5.8,24.0,-0.047,21.0,24.0,3.44
1382,4574.3333,191,14.333,False,32.4,True,26.14,23.998,0.157,3.119209,1.469193,1.124639,0.003333,1722.7815,296.0,0.08,0.249537,0.923286,24.0,-0.157,21.0,24.0,7.65,24.0,-0.077,21.0,24.0,5.8,24.0,-0.039,21.0,24.0,3.44,24.0,-0.083,21.0,24.0,5.8,24.0,-0.036,21.0,24.0,3.44
1383,4574.5833,191,14.583,False,32.5,True,26.14,23.999,0.157,3.12971,1.479694,1.13514,0.003333,1725.9112,306.0,0.08,0.250377,0.957691,24.0,-0.157,21.0,24.0,7.65,24.0,-0.076,21.0,24.0,5.8,24.0,-0.038,21.0,24.0,3.44,24.0,-0.082,21.0,24.0,5.8,24.0,-0.024,21.0,24.0,3.44
1384,4574.6667,191,14.667,False,32.6,True,26.14,23.999,0.156,3.141814,1.491798,1.147244,0.003333,1729.053,309.6,0.08,0.251345,0.972706,24.0,-0.156,21.0,24.0,7.65,24.0,-0.074,21.0,24.0,5.8,24.0,-0.037,21.0,24.0,3.44,24.0,-0.081,21.0,24.0,5.8,24.0,-0.011,21.0,24.0,3.44
1385,4574.8333,191,14.833,False,32.7,True,26.14,23.998,0.155,3.154147,1.504131,1.159577,0.003333,1732.2072,317.3,0.08,0.252332,1.000811,24.0,-0.155,21.0,24.0,7.65,24.0,-0.073,21.0,24.0,5.8,24.0,-0.036,21.0,24.0,3.44,24.0,-0.079,21.0,24.0,5.8,24.0,0.003,21.0,24.0,3.44
1386,4575.0,191,15.0,False,32.8,True,26.14,23.998,0.154,3.166811,1.516794,1.17224,0.003333,1735.374,325.5,0.08,0.253345,1.030797,24.0,-0.154,21.0,24.0,7.65,24.0,-0.071,21.0,24.0,5.8,24.0,-0.035,21.0,24.0,3.44,24.0,-0.078,21.0,24.0,5.8,24.0,0.017,21.0,24.0,3.44
1387,4575.1667,191,15.167,False,32.7,True,26.14,23.998,0.153,3.168467,1.518451,1.173897,0.003333,1738.5424,334.4,0.08,0.253477,1.059535,24.0,-0.153,21.0,24.0,7.65,24.0,-0.07,21.0,24.0,5.8,24.0,-0.035,21.0,24.0,3.44,24.0,-0.077,21.0,24.0,5.8,24.0,0.031,21.0,24.0,3.44
1388,4575.4167,191,15.417,False,32.6,True,26.14,23.999,0.151,3.169068,1.519052,1.174498,0.436481,1741.7115,348.6,0.08,0.253525,1.104737,24.0,-0.151,21.0,24.0,7.65,24.0,-0.069,21.0,24.0,5.8,24.0,-0.035,21.0,24.0,3.44,24.0,-0.076,21.0,24.0,5.8,24.0,0.043,21.0,24.0,3.44
1389,4575.5833,191,15.583,False,32.5,True,26.14,23.999,0.15,3.169456,1.519439,1.174885,0.003333,1744.881,358.8,0.08,0.253556,1.137201,24.0,-0.15,21.0,24.0,7.65,24.0,-0.069,21.0,24.0,5.8,24.0,-0.035,21.0,24.0,3.44,24.0,-0.076,21.0,24.0,5.8,24.0,0.055,21.0,24.0,3.44
1390,4575.75,191,15.75,False,32.4,True,26.14,23.999,0.149,3.165495,1.515479,1.170924,0.003333,1748.0465,369.4,0.08,0.25324,1.169334,24.0,-0.149,21.0,24.0,7.65,24.0,-0.07,21.0,24.0,5.8,24.0,-0.036,21.0,24.0,3.44,24.0,-0.076,21.0,24.0,5.8,24.0,0.058,21.0,24.0,3.44
1391,4575.8889,191,15.889,False,32.3,True,26.14,23.999,0.149,3.159378,1.509362,1.164807,0.003333,1751.2058,378.5,0.08,0.25275,1.195824,24.0,-0.149,21.0,24.0,7.65,24.0,-0.071,21.0,24.0,5.8,24.0,-0.038,21.0,24.0,3.44,24.0,-0.077,21.0,24.0,5.8,24.0,0.058,21.0,24.0,3.44
1392,4576.0417,191,16.042,False,32.2,True,26.14,23.999,0.148,3.151774,1.501758,1.157204,0.003333,1754.3576,388.9,0.34,1.071603,1.225725,24.0,-0.148,21.0,24.0,7.65,24.0,-0.072,21.0,24.0,5.8,24.0,-0.039,21.0,24.0,3.44,24.0,-0.078,21.0,24.0,5.8,24.0,0.054,21.0,24.0,3.44
1393,4576.2083,191,16.208,False,32.12,True,8.25,24.0,0.167,2.251979,1.335303,0.990749,0.003333,1756.6096,400.5,0.34,0.765673,0.901918,24.0,-0.167,21.0,24.0,2.42,24.0,-0.091,21.0,24.0,1.83,24.0,-0.058,21.0,24.0,1.09,24.0,-0.097,21.0,24.0,1.83,24.0,0.026,21.0,24.0,1.09
1394,4576.375,191,16.375,False,32.03,True,8.25,24.0,0.173,2.225029,1.308353,0.963799,0.436452,1758.8346,412.3,0.34,0.75651,0.917379,24.0,-0.173,21.0,24.0,2.42,24.0,-0.097,21.0,24.0,1.83,24.0,-0.065,21.0,24.0,1.09,24.0,-0.103,21.0,24.0,1.83,24.0,0.012,21.0,24.0,1.09
1395,4576.5333,191,16.533,False,31.95,True,8.25,24.0,0.177,2.206892,1.290217,0.945663,0.003333,1761.0415,423.6,0.34,0.750343,0.93484,24.0,-0.177,21.0,24.0,2.42,24.0,-0.103,21.0,24.0,1.83,24.0,-0.071,21.0,24.0,1.09,24.0,-0.108,21.0,24.0,1.83,24.0,-0.001,21.0,24.0,1.09
1396,4576.7083,191,16.708,False,31.87,True,8.25,24.0,0.18,2.19427,1.277594,0.93304,0.003333,1763.2358,436.2,0.34,0.746052,0.957141,24.0,-0.18,21.0,24.0,2.42,24.0,-0.107,21.0,24.0,1.83,24.0,-0.076,21.0,24.0,1.09,24.0,-0.112,21.0,24.0,1.83,24.0,-0.003,21.0,24.0,1.09
1397,4576.875,191,16.875,False,31.78,True,8.25,24.0,0.183,2.184047,1.267371,0.922817,0.003333,1765.4198,448.1,0.34,0.742576,0.978671,24.0,-0.183,21.0,24.0,2.42,24.0,-0.11,21.0,24.0,1.83,24.0,-0.08,21.0,24.0,1.09,24.0,-0.115,21.0,24.0,1.83,24.0,-0.003,21.0,24.0,1.09
1398,4577.0417,191,17.042,False,31.7,True,8.25,24.0,0.185,2.175505,1.258829,0.914275,0.003333,1767.5953,459.9,0.34,0.739672,1.000515,24.0,-0.185,21.0,24.0,2.42,24.0,-0.113,21.0,24.0,1.83,24.0,-0.084,21.0,24.0,1.09,24.0,-0.117,21.0,24.0,1.83,24.0,-0.002,21.0,24.0,1.09
1399,4577.2083,191,17.208,False,31.6,True,2.75,24.0,0.194,1.843766,1.202093,0.857539,0.003333,1769.4391,471.5,0.34,0.62688,0.869336,24.0,-0.194,21.0,24.0,0.81,24.0,-0.123,21.0,24.0,0.61,24.0,-0.094,21.0,24.0,0.36,24.0,-0.124,21.0,24.0,0.61,24.0,-0.008,21.0,24.0,0.36
1400,4577.3889,191,17.389,False,31.5,True,2.75,24.0,0.197,1.830818,1.189145,0.844591,0.003333,1771.2699,483.6,0.34,0.622478,0.885383,24.0,-0.197,21.0,24.0,0.81,24.0,-0.128,21.0,24.0,0.61,24.0,-0.1,21.0,24.0,0.36,24.0,-0.126,21.0,24.0,0.61,24.0,-0.008,21.0,24.0,0.36
1401,4577.5556,191,17.556,False,31.4,True,2.75,24.0,0.2,1.822073,1.180401,0.835846,0.436445,1773.092,494.4,0.34,0.619505,0.900833,24.0,-0.2,21.0,24.0,0.81,24.0,-0.131,21.0,24.0,0.61,24.0,-0.104,21.0,24.0,0.36,24.0,-0.126,21.0,24.0,0.61,24.0,-0.008,21.0,24.0,0.36
1402,4577.7222,191,17.722,False,31.3,True,2.75,24.0,0.201,1.810147,1.168474,0.82392,0.003333,1774.9021,504.5,0.34,0.61545,0.913219,24.0,-0.201,21.0,24.0,0.81,24.0,-0.135,21.0,24.0,0.61,24.0,-0.108,21.0,24.0,0.36,24.0,-0.128,21.0,24.0,0.61,24.0,-0.019,21.0,24.0,0.36
1403,4577.8889,191,17.889,False,31.2,True,2.75,24.0,0.203,1.797758,1.156085,0.811531,0.003333,1776.6999,514.1,0.34,0.611238,0.924227,24.0,-0.203,21.0,24.0,0.81,24.0,-0.139,21.0,24.0,0.61,24.0,-0.112,21.0,24.0,0.36,24.0,-0.129,21.0,24.0,0.61,24.0,-0.03,21.0,24.0,0.36
1404,4578.0417,191,18.042,False,31.1,True,2.75,24.0,0.203,1.785339,1.143666,0.799112,0.003333,1778.4852,522.1,0.34,0.607015,0.932125,24.0,-0.203,21.0,24.0,0.81,24.0,-0.143,21.0,24.0,0.61,24.0,-0.116,21.0,24.0,0.36,24.0,-0.132,21.0,24.0,0.61,24.0,-0.043,21.0,24.0,0.36
1405,4578.2083,191,18.208,False,30.92,True,2.75,24.0,0.204,1.767135,1.125462,0.780908,0.003333,1780.2524,530.2,0.34,0.600826,0.936935,24.0,-0.204,21.0,24.0,0.81,24.0,-0.147,21.0,24.0,0.61,24.0,-0.12,21.0,24.0,0.36,24.0,-0.136,21.0,24.0,0.61,24.0,-0.06,21.0,24.0,0.36
1406,4578.375,191,18.375,False,30.73,True,2.75,24.0,0.205,1.749717,1.108044,0.76349,0.003333,1782.0021,537.3,0.34,0.594904,0.940123,24.0,-0.205,21.0,24.0,0.81,24.0,-0.151,21.0,24.0,0.61,24.0,-0.124,21.0,24.0,0.36,24.0,-0.141,21.0,24.0,0.61,24.0,-0.074,21.0,24.0,0.36
1407,4578.5417,191,18.542,False,30.55,True,2.75,24.0,0.206,1.730668,1.088995,0.744441,0.003333,1783.7328,543.5,0.34,0.588427,0.940618,24.0,-0.206,21.0,24.0,0.81,24.0,-0.155,21.0,24.0,0.61,24.0,-0.128,21.0,24.0,0.36,24.0,-0.147,21.0,24.0,0.61,24.0,-0.093,21.0,24.0,0.36
1408,4578.7083,191,18.708,False,30.37,True,2.75,24.0,0.207,1.716004,1.074331,0.729777,0.003333,1785.4488,548.7,0.34,0.583441,0.941571,24.0,-0.207,21.0,24.0,0.81,24.0,-0.158,21.0,24.0,0.61,24.0,-0.131,21.0,24.0,0.36,24.0,-0.15,21.0,24.0,0.61,24.0,-0.101,21.0,24.0,0.36
1409,4578.875,191,18.875,False,30.18,True,2.75,24.0,0.208,1.702837,1.061164,0.71661,0.436432,1787.1516,552.8,0.34,0.578965,0.941328,24.0,-0.208,21.0,24.0,0.81,24.0,-0.161,21.0,24.0,0.61,24.0,-0.134,21.0,24.0,0.36,24.0,-0.153,21.0,24.0,0.61,24.0,-0.107,21.0,24.0,0.36
1410,4579.0556,191,19.056,False,30.0,True,2.75,24.0,0.208,1.690451,1.048778,0.704224,0.003333,1788.8421,556.1,0.34,0.574753,0.94006,24.0,-0.208,21.0,24.0,0.81,24.0,-0.165,21.0,24.0,0.61,24.0,-0.137,21.0,24.0,0.36,24.0,-0.155,21.0,24.0,0.61,24.0,-0.112,21.0,24.0,0.36
1411,4579.2222,191,19.222,False,29.72,True,1.38,24.0,0.0,1.571948,1.021942,0.677388,0.003333,1790.414,558.1,0.34,0.534462,0.877304,24.0,-0.212,21.0,24.0,0.4,24.0,-0.17,21.0,24.0,0.31,24.0,-0.142,21.0,24.0,0.18,24.0,-0.161,21.0,24.0,0.31,24.0,-0.122,21.0,24.0,0.18
1412,4579.3889,191,19.389,False,29.43,True,1.38,24.0,0.0,1.553916,1.00391,0.659356,0.003333,1791.9679,558.9,0.34,0.528331,0.868483,24.0,-0.212,21.0,24.0,0.4,24.0,-0.173,21.0,24.0,0.31,24.0,-0.146,21.0,24.0,0.18,24.0,-0.165,21.0,24.0,0.31,24.0,-0.13,21.0,24.0,0.18
1413,4579.5556,191,19.556,False,29.15,True,1.38,24.0,0.0,1.533908,0.983902,0.639348,0.003333,1793.5018,558.8,0.34,0.521529,0.857148,24.0,-0.213,21.0,24.0,0.4,24.0,-0.177,21.0,24.0,0.31,24.0,-0.15,21.0,24.0,0.18,24.0,-0.172,21.0,24.0,0.31,24.0,-0.144,21.0,24.0,0.18
1414,4579.7222,191,19.722,False,28.87,True,1.38,24.0,0.0,1.519044,0.969039,0.624485,0.003333,1795.0209,557.6,0.34,0.516475,0.847019,24.0,-0.213,21.0,24.0,0.4,24.0,-0.179,21.0,24.0,0.31,24.0,-0.152,21.0,24.0,0.18,24.0,-0.174,21.0,24.0,0.31,24.0,-0.148,21.0,24.0,0.18
1415,4579.8889,191,19.889,False,28.58,True,1.38,24.0,0.0,1.506009,0.956004,0.61145,0.003333,1796.5269,555.5,0.34,0.512043,0.836588,24.0,-0.212,21.0,24.0,0.4,24.0,-0.18,21.0,24.0,0.31,24.0,-0.153,21.0,24.0,0.18,24.0,-0.176,21.0,24.0,0.31,24.0,-0.151,21.0,24.0,0.18
1416,4580.0556,191,20.056,False,28.3,True,1.38,24.0,0.0,1.493799,0.943793,0.599239,0.003333,1798.0207,552.4,0.34,0.507892,0.825174,24.0,-0.212,21.0,24.0,0.4,24.0,-0.181,21.0,24.0,0.31,24.0,-0.154,21.0,24.0,0.18,24.0,-0.177,21.0,24.0,0.31,24.0,-0.154,21.0,24.0,0.18
1417,4580.25,191,20.25,False,28.3,True,1.38,24.0,0.0,1.492529,0.942524,0.59797,0.43642,1799.5132,547.8,0.34,0.50746,0.817608,24.0,-0.211,21.0,24.0,0.4,24.0,-0.181,21.0,24.0,0.31,24.0,-0.155,21.0,24.0,0.18,24.0,-0.177,21.0,24.0,0.31,24.0,-0.155,21.0,24.0,0.18
1418,4580.4167,191,20.417,False,28.3,True,1.38,24.0,0.0,1.491823,0.941818,0.597263,0.003333,1801.005,543.0,0.34,0.50722,0.81006,24.0,-0.21,21.0,24.0,0.4,24.0,-0.181,21.0,24.0,0.31,24.0,-0.155,21.0,24.0,0.18,24.0,-0.176,21.0,24.0,0.31,24.0,-0.155,21.0,24.0,0.18
1419,4580.5833,191,20.583,False,28.3,True,1.38,24.0,0.0,1.491609,0.941604,0.59705,0.003333,1802.4966,537.6,0.34,0.507147,0.801889,24.0,-0.21,21.0,24.0,0.4,24.0,-0.181,21.0,24.0,0.31,24.0,-0.155,21.0,24.0,0.18,24.0,-0.176,21.0,24.0,0.31,24.0,-0.155,21.0,24.0,0.18
1420,4580.75,191,20.75,False,28.3,True,1.38,24.0,0.0,1.491959,0.941954,0.5974,0.003333,1803.9886,531.6,0.34,0.507266,0.793126,24.0,-0.209,21.0,24.0,0.4,24.0,-0.18,21.0,24.0,0.31,24.0,-0.155,21.0,24.0,0.18,24.0,-0.175,21.0,24.0,0.31,24.0,-0.155,21.0,24.0,0.18
1421,4580.9167,191,20.917,False,28.3,True,1.38,24.0,0.0,1.492486,0.94248,0.597926,0.003333,1805.4811,525.2,0.34,0.507445,0.783853,24.0,-0.207,21.0,24.0,0.4,24.0,-0.179,21.0,24.0,0.31,24.0,-0.154,21.0,24.0,0.18,24.0,-0.174,21.0,24.0,0.31,24.0,-0.155,21.0,24.0,0.18
1422,4581.0833,191,21.083,False,28.3,True,1.38,24.0,0.0,1.493204,0.943199,0.598645,0.003333,1806.9743,518.3,0.08,0.119456,0.773928,24.0,-0.206,21.0,24.0,0.4,24.0,-0.178,21.0,24.0,0.31,24.0,-0.154,21.0,24.0,0.18,24.0,-0.173,21.0,24.0,0.31,24.0,-0.154,21.0,24.0,0.18
1423,4581.2,191,21.2,False,28.12,True,1.38,24.84,0.0,0.458338,0.0,0.0,0.003333,1807.4326,513.3,0.08,0.036667,0.235265,24.62,-0.112,15.6,26.7,0.4,24.8,-0.062,15.6,26.7,0.31,24.97,-0.011,15.6,26.7,0.18,24.82,-0.054,15.6,26.7,0.31,24.99,-0.008,15.6,26.7,0.18
1424,4581.4167,191,21.417,False,27.93,True,1.38,25.588,0.0,0.458338,0.0,0.0,0.003333,1807.891,503.8,0.08,0.036667,0.230911,25.26,0.017,15.6,26.7,0.4,25.52,0.085,15.6,26.7,0.31,25.79,0.16,15.6,26.7,0.18,25.55,0.096,15.6,26.7,0.31,25.82,0.166,15.6,26.7,0.18
1425,4581.5833,191,21.583,False,27.75,True,1.38,25.859,0.0,0.458338,0.0,0.0,0.003333,1808.3493,496.3,0.08,0.036667,0.227473,25.49,0.077,15.6,26.7,0.4,25.78,0.15,15.6,26.7,0.31,26.08,0.234,15.6,26.7,0.18,25.82,0.163,15.6,26.7,0.31,26.12,0.24,15.6,26.7,0.18
1426,4581.75,191,21.75,False,27.57,True,1.38,25.988,0.0,0.458338,0.0,0.0,0.436411,1808.8076,488.8,0.08,0.036667,0.224036,25.6,0.115,15.6,26.7,0.4,25.91,0.191,15.6,26.7,0.31,26.22,0.28,15.6,26.7,0.18,25.95,0.205,15.6,26.7,0.31,26.26,0.288,15.6,26.7,0.18
1427,4581.9167,191,21.917,False,27.38,True,1.38,26.065,0.0,0.458338,0.0,0.0,0.003333,1809.266,481.3,0.08,0.036667,0.220598,25.67,0.144,15.6,26.7,0.4,25.99,0.22,15.6,26.7,0.31,26.3,0.314,15.6,26.7,0.18,26.03,0.235,15.6,26.7,0.31,26.34,0.323,15.6,26.7,0.18
1428,4582.0833,191,22.083,False,27.2,True,1.38,26.119,0.0,0.458338,0.0,0.0,0.003333,1809.7243,473.9,0.08,0.036667,0.217206,25.71,0.167,15.6,26.7,0.4,26.04,0.243,15.6,26.7,0.31,26.36,0.342,15.6,26.7,0.18,26.08,0.259,15.6,26.7,0.31,26.4,0.352,15.6,26.7,0.18
1429,4582.25,191,22.25,False,27.2,True,1.38,26.16,0.0,0.412504,0.0,0.0,0.003333,1810.1368,466.7,0.08,0.033,0.192516,25.74,0.185,15.6,26.7,0.4,26.07,0.262,15.6,26.7,0.31,26.41,0.365,15.6,26.7,0.18,26.12,0.279,15.6,26.7,0.31,26.45,0.376,15.6,26.7,0.18
1430,4582.3333,191,22.333,False,27.2,True,1.38,26.204,0.0,0.412504,0.0,0.0,0.003333,1810.5493,463.2,0.08,0.033,0.191072,25.78,0.203,15.6,26.7,0.4,26.11,0.282,15.6,26.7,0.31,26.46,0.389,15.6,26.7,0.18,26.17,0.3,15.6,26.7,0.31,26.51,0.4,15.6,26.7,0.18
1431,4582.5,191,22.5,False,27.2,True,1.38,26.24,0.0,0.412504,0.0,0.0,0.003333,1810.9618,456.4,0.08,0.033,0.188267,25.8,0.22,15.6,26.7,0.4,26.14,0.299,15.6,26.7,0.31,26.5,0.409,15.6,26.7,0.18,26.2,0.318,15.6,26.7,0.31,26.55,0.422,15.6,26.7,0.18
1432,4582.6667,191,22.667,False,27.2,True,1.38,26.272,0.0,0.412504,0.0,0.0,0.003333,1811.3743,449.8,0.08,0.033,0.185544,25.83,0.235,15.6,26.7,0.4,26.17,0.315,15.6,26.7,0.31,26.53,0.428,15.6,26.7,0.18,26.23,0.334,15.6,26.7,0.31,26.59,0.441,15.6,26.7,0.18
1433,4582.8333,191,22.833,False,27.2,True,1.38,26.301,0.0,0.412504,0.0,0.0,0.003333,1811.7868,443.6,0.08,0.033,0.182987,25.85,0.249,15.6,26.7,0.4,26.2,0.331,15.6,26.7,0.31,26.57,0.446,15.6,26.7,0.18,26.26,0.35,15.6,26.7,0.31,26.62,0.46,15.6,26.7,0.18
1434,4583.0,191,23.0,False,27.2,True,1.38,26.328,0.0,0.412504,0.0,0.0,0.003333,1812.1993,437.7,0.08,0.033,0.180553,25.88,0.262,15.6,26.7,0.4,26.23,0.345,15.6,26.7,0.31,26.59,0.462,15.6,26.7,0.18,26.29,0.365,15.6,26.7,0.31,26.65,0.476,15.6,26.7,0.18
1435,4583.1667,191,23.167,False,27.2,False,0.0,26.339,0.0,0.412504,0.0,0.0,0.436398,1812.6118,432.2,0.08,0.033,0.178284,25.88,0.272,15.6,26.7,0.0,26.24,0.355,15.6,26.7,0.0,26.61,0.474,15.6,26.7,0.0,26.3,0.375,15.6,26.7,0.0,26.67,0.489,15.6,26.7,0.0
1436,4583.3333,191,23.333,False,27.2,False,0.0,26.356,0.0,0.412504,0.0,0.0,0.003333,1813.0243,427.0,0.08,0.033,0.176139,25.9,0.282,15.6,26.7,0.0,26.25,0.365,15.6,26.7,0.0,26.63,0.486,15.6,26.7,0.0,26.32,0.386,15.6,26.7,0.0,26.69,0.502,15.6,26.7,0.0
1437,4583.5,191,23.5,False,27.2,False,0.0,26.373,0.0,0.412504,0.0,0.0,0.003333,1813.4368,422.2,0.08,0.033,0.174159,25.91,0.291,15.6,26.7,0.0,26.27,0.376,15.6,26.7,0.0,26.65,0.498,15.6,26.7,0.0,26.33,0.397,15.6,26.7,0.0,26.71,0.514,15.6,26.7,0.0
1438,4583.6667,191,23.667,False,27.2,False,0.0,26.389,0.0,0.412504,0.0,0.0,0.003333,1813.8494,417.7,0.08,0.033,0.172303,25.93,0.301,15.6,26.7,0.0,26.28,0.385,15.6,26.7,0.0,26.66,0.509,15.6,26.7,0.0,26.35,0.407,15.6,26.7,0.0,26.73,0.526,15.6,26.7,0.0
1439,4583.8333,191,23.833,False,27.2,False,0.0,26.404,0.0,0.412504,0.0,0.0,0.003333,1814.2619,413.6,0.08,0.033,0.170612,25.94,0.309,15.6,26.7,0.0,26.29,0.394,15.6,26.7,0.0,26.68,0.519,15.6,26.7,0.0,26.37,0.416,15.6,26.7,0.0,26.74,0.536,15.6,26.7,0.0
1440,4584.0,191,24.0,False,27.2,False,0.0,26.418,0.0,0.412504,0.0,0.0,0.003333,1814.6744,409.8,0.08,0.033,0.169044,25.95,0.318,15.6,26.7,0.0,26.31,0.402,15.6,26.7,0.0,26.69,0.528,15.6,26.7,0.0,26.38,0.425,15.6,26.7,0.0,26.76,0.546,15.6,26.7,0.0
1441,4584.1667,192,0.167,False,27.12,False,0.0,26.426,0.0,0.412504,0.0,0.0,0.003333,1815.0869,378.0,0.08,0.033,0.155927,25.96,0.324,15.6,26.7,0.0,26.31,0.409,15.6,26.7,0.0,26.7,0.535,15.6,26.7,0.0,26.39,0.432,15.6,26.7,0.0,26.77,0.553,15.6,26.7,0.0
1442,4584.3333,192,0.333,False,27.03,False,0.0,26.432,0.0,0.412504,0.0,0.0,0.003333,1815.4994,378.5,0.08,0.033,0.156133,25.97,0.33,15.6,26.7,0.0,26.32,0.414,15.6,26.7,0.0,26.71,0.542,15.6,26.7,0.0,26.39,0.438,15.6,26.7,0.0,26.77,0.56,15.6,26.7,0.0
1443,4584.5,192,0.5,False,26.95,False,0.0,26.437,0.0,0.412504,0.0,0.0,0.003333,1815.9119,378.9,0.08,0.033,0.156298,25.97,0.335,15.6,26.7,0.0,26.32,0.419,15.6,26.7,0.0,26.71,0.547,15.6,26.7,0.0,26.4,0.443,15.6,26.7,0.0,26.78,0.566,15.6,26.7,0.0
1444,4584.6667,192,0.667,False,26.87,False,0.0,26.44,0.0,0.412504,0.0,0.0,0.436388,1816.3244,379.3,0.08,0.033,0.156463,25.98,0.338,15.6,26.7,0.0,26.32,0.423,15.6,26.7,0.0,26.71,0.551,15.6,26.7,0.0,26.4,0.447,15.6,26.7,0.0,26.78,0.57,15.6,26.7,0.0
1445,4584.8333,192,0.833,False,26.78,False,0.0,26.442,0.0,0.412504,0.0,0.0,0.003333,1816.7369,379.4,0.08,0.033,0.156504,25.98,0.342,15.6,26.7,0.0,26.32,0.426,15.6,26.7,0.0,26.72,0.555,15.6,26.7,0.0,26.4,0.451,15.6,26.7,0.0,26.78,0.574,15.6,26.7,0.0
1446,4585.0,192,1.0,False,26.7,False,0.0,26.443,0.0,0.412504,0.0,0.0,0.003333,1817.1494,379.5,0.08,0.033,0.156545,25.98,0.344,15.6,26.7,0.0,26.32,0.428,15.6,26.7,0.0,26.72,0.557,15.6,26.7,0.0,26.41,0.454,15.6,26.7,0.0,26.78,0.577,15.6,26.7,0.0
1447,4585.1667,192,1.167,False,26.7,False,0.0,26.446,0.0,0.412504,0.0,0.0,0.003333,1817.5619,379.4,0.08,0.033,0.156504,25.99,0.347,15.6,26.7,0.0,26.33,0.431,15.6,26.7,0.0,26.72,0.56,15.6,26.7,0.0,26.41,0.457,15.6,26.7,0.0,26.79,0.58,15.6,26.7,0.0
1448,4585.3333,192,1.333,False,26.7,False,0.0,26.45,0.0,0.412504,0.0,0.0,0.003333,1817.9744,379.3,0.08,0.033,0.156463,25.99,0.349,15.6,26.7,0.0,26.33,0.434,15.6,26.7,0.0,26.72,0.563,15.6,26.7,0.0,26.41,0.46,15.6,26.7,0.0,26.79,0.583,15.6,26.7,0.0
1449,4585.5,192,1.5,False,26.7,False,0.0,26.454,0.0,0.412504,0.0,0.0,0.003333,1818.3869,378.9,0.08,0.033,0.156298,26.0,0.352,15.6,26.7,0.0,26.33,0.437,15.6,26.7,0.0,26.73,0.566,15.6,26.7,0.0,26.42,0.463,15.6,26.7,0.0,26.8,0.586,15.6,26.7,0.0
1450,4585.6667,192,1.667,False,26.7,False,0.0,26.458,0.0,0.412504,0.0,0.0,0.003333,1818.7994,378.5,0.08,0.033,0.156133,26.01,0.355,15.6,26.7,0.0,26.34,0.44,15.6,26.7,0.0,26.73,0.569,15.6,26.7,0.0,26.42,0.466,15.6,26.7,0.0,26.8,0.589,15.6,26.7,0.0
1451,4585.8333,192,1.833,False,26.7,False,0.0,26.461,0.0,0.412504,0.0,0.0,0.003333,1819.2119,378.0,0.08,0.033,0.155927,26.01,0.357,15.6,26.7,0.0,26.34,0.442,15.6,26.7,0.0,26.73,0.571,15.6,26.7,0.0,26.42,0.469,15.6,26.7,0.0,26.8,0.591,15.6,26.7,0.0
1452,4586.0,192,2.0,False,26.7,False,0.0,26.464,0.0,0.412504,0.0,0.0,0.003333,1819.6244,377.3,0.08,0.033,0.155638,26.02,0.359,15.6,26.7,0.0,26.34,0.445,15.6,26.7,0.0,26.73,0.573,15.6,26.7,0.0,26.43,0.471,15.6,26.7,0.0,26.8,0.594,15.6,26.7,0.0
1453,4586.1667,192,2.167,False,26.7,False,0.0,26.466,0.0,0.412504,0.0,0.0,0.003333,1820.0369,376.5,0.08,0.033,0.155308,26.02,0.361,15.6,26.7,0.0,26.34,0.447,15.6,26.7,0.0,26.73,0.575,15.6,26.7,0.0,26.43,0.474,15.6,26.7,0.0,26.8,0.596,15.6,26.7,0.0
1454,4586.3333,192,2.333,False,26.7,False,0.0,26.468,0.0,0.412504,0.0,0.0,0.436407,1820.4494,375.6,0.08,0.033,0.154937,26.02,0.364,15.6,26.7,0.0,26.35,0.449,15.6,26.7,0.0,26.73,0.578,15.6,26.7,0.0,26.43,0.476,15.6,26.7,0.0,26.8,0.598,15.6,26.7,0.0
1455,4586.5,192,2.5,False,26.7,False,0.0,26.47,0.0,0.412504,0.0,0.0,0.003333,1820.8619,374.6,0.08,0.033,0.154524,26.03,0.367,15.6,26.7,0.0,26.35,0.452,15.6,26.7,0.0,26.74,0.58,15.6,26.7,0.0,26.43,0.479,15.6,26.7,0.0,26.81,0.6,15.6,26.7,0.0
1456,4586.6667,192,2.667,False,26.7,False,0.0,26.471,0.0,0.412504,0.0,0.0,0.003333,1821.2744,373.4,0.08,0.033,0.154029,26.03,0.37,15.6,26.7,0.0,26.35,0.454,15.6,26.7,0.0,26.74,0.582,15.6,26.7,0.0,26.44,0.482,15.6,26.7,0.0,26.81,0.603,15.6,26.7,0.0
1457,4586.8333,192,2.833,False,26.7,False,0.0,26.472,0.0,0.412504,0.0,0.0,0.003333,1821.6869,372.2,0.08,0.033,0.153534,26.04,0.373,15.6,26.7,0.0,26.35,0.457,15.6,26.7,0.0,26.74,0.585,15.6,26.7,0.0,26.44,0.485,15.6,26.7,0.0,26.8,0.606,15.6,26.7,0.0
1458,4587.0,192,3.0,False,26.7,False,0.0,26.473,0.0,0.412504,0.0,0.0,0.003333,1822.0994,370.8,0.08,0.033,0.152956,26.04,0.376,15.6,26.7,0.0,26.35,0.46,15.6,26.7,0.0,26.73,0.588,15.6,26.7,0.0,26.44,0.488,15.6,26.7,0.0,26.8,0.608,15.6,26.7,0.0
1459,4587.1667,192,3.167,False,26.7,False,0.0,26.474,0.0,0.412504,0.0,0.0,0.003333,1822.5119,369.4,0.08,0.033,0.152379,26.04,0.38,15.6,26.7,0.0,26.35,0.463,15.6,26.7,0.0,26.73,0.591,15.6,26.7,0.0,26.44,0.491,15.6,26.7,0.0,26.8,0.611,15.6,26.7,0.0
1460,4587.3333,192,3.333,False,26.7,False,0.0,26.475,0.0,0.412504,0.0,0.0,0.003333,1822.9244,367.8,0.08,0.033,0.151719,26.04,0.383,15.6,26.7,0.0,26.35,0.466,15.6,26.7,0.0,26.73,0.594,15.6,26.7,0.0,26.44,0.494,15.6,26.7,0.0,26.8,0.614,15.6,26.7,0.0
1461,4587.5,192,3.5,False,26.7,False,0.0,26.475,0.0,0.412504,0.0,0.0,0.003333,1823.3369,366.1,0.08,0.033,0.151018,26.05,0.387,15.6,26.7,0.0,26.35,0.469,15.6,26.7,0.0,26.73,0.597,15.6,26.7,0.0,26.44,0.497,15.6,26.7,0.0,26.8,0.617,15.6,26.7,0.0
1462,4587.6667,192,3.667,False,26.7,False,0.0,26.476,0.0,0.412504,0.0,0.0,0.003333,1823.7495,364.4,0.08,0.033,0.150316,26.05,0.39,15.6,26.7,0.0,26.35,0.473,15.6,26.7,0.0,26.73,0.6,15.6,26.7,0.0,26.44,0.501,15.6,26.7,0.0,26.8,0.62,15.6,26.7,0.0
1463,4587.8333,192,3.833,False,26.7,False,0.0,26.476,0.0,0.412504,0.0,0.0,0.436397,1824.162,362.5,0.08,0.033,0.149533,26.05,0.394,15.6,26.7,0.0,26.35,0.476,15.6,26.7,0.0,26.73,0.603,15.6,26.7,0.0,26.44,0.504,15.6,26.7,0.0,26.8,0.623,15.6,26.7,0.0
1464,4588.0,192,4.0,False,26.7,False,0.0,26.477,0.0,0.412504,0.0,0.0,0.003333,1824.5745,360.5,0.08,0.033,0.148708,26.05,0.398,15.6,26.7,0.0,26.35,0.479,15.6,26.7,0.0,26.73,0.606,15.6,26.7,0.0,26.44,0.507,15.6,26.7,0.0,26.8,0.626,15.6,26.7,0.0
1465,4588.1667,192,4.167,False,26.7,False,0.0,26.486,0.0,0.458338,0.0,0.0,0.003333,1825.0328,358.5,0.08,0.036667,0.164314,26.07,0.404,15.6,26.7,0.0,26.36,0.485,15.6,26.7,0.0,26.74,0.611,15.6,26.7,0.0,26.45,0.513,15.6,26.7,0.0,26.81,0.631,15.6,26.7,0.0
1466,4588.3333,192,4.333,False,26.7,False,0.0,26.492,0.0,0.458338,0.0,0.0,0.003333,1825.4911,356.4,0.08,0.036667,0.163352,26.08,0.409,15.6,26.7,0.0,26.37,0.489,15.6,26.7,0.0,26.74,0.614,15.6,26.7,0.0,26.46,0.517,15.6,26.7,0.0,26.81,0.635,15.6,26.7,0.0
1467,4588.5,192,4.5,False,26.7,False,0.0,26.495,0.0,0.458338,0.0,0.0,0.003333,1825.9495,354.2,0.08,0.036667,0.162343,26.08,0.413,15.6,26.7,0.0,26.37,0.492,15.6,26.7,0.0,26.75,0.617,15.6,26.7,0.0,26.46,0.52,15.6,26.7,0.0,26.81,0.637,15.6,26.7,0.0
1468,4588.6667,192,4.667,False,26.7,False,0.0,26.496,0.0,0.458338,0.0,0.0,0.003333,1826.4078,351.9,0.08,0.036667,0.161289,26.09,0.416,15.6,26.7,0.0,26.37,0.494,15.6,26.7,0.0,26.75,0.619,15.6,26.7,0.0,26.46,0.522,15.6,26.7,0.0,26.81,0.639,15.6,26.7,0.0
1469,4588.8333,192,4.833,False,26.7,False,0.0,26.497,0.0,0.458338,0.0,0.0,0.003333,1826.8661,349.5,0.08,0.036667,0.160189,26.09,0.418,15.6,26.7,0.0,26.37,0.496,15.6,26.7,0.0,26.74,0.62,15.6,26.7,0.0,26.46,0.524,15.6,26.7,0.0,26.81,0.64,15.6,26.7,0.0
1470,4589.0,192,5.0,False,26.7,False,0.0,26.497,0.0,0.458338,0.0,0.0,0.003333,1827.3245,347.1,0.08,0.036667,0.159089,26.09,0.42,15.6,26.7,0.0,26.37,0.497,15.6,26.7,0.0,26.74,0.621,15.6,26.7,0.0,26.46,0.525,15.6,26.7,0.0,26.81,0.641,15.6,26.7,0.0
1471,4589.25,192,5.25,False,26.7,True,2.75,24.36,0.156,1.895161,1.436823,1.092269,0.003333,1829.2196,343.4,0.08,0.151613,0.650798,24.31,0.091,21.0,24.0,0.81,24.41,0.143,21.0,24.0,0.61,24.33,0.183,21.0,24.0,0.36,24.4,0.156,21.0,24.0,0.61,24.34,0.192,21.0,24.0,0.36
1472,4589.3333,192,5.333,False,26.7,True,2.75,24.019,0.043,1.623582,1.165244,0.82069,0.436399,1830.8432,342.1,0.08,0.129887,0.555428,24.01,-0.043,21.0,24.0,0.81,24.01,-0.02,21.0,24.0,0.61,24.03,0.023,21.0,24.0,0.36,24.01,-0.01,21.0,24.0,0.61,24.03,0.028,21.0,24.0,0.36
1473,4589.5,192,5.5,False,26.7,True,2.75,24.003,0.088,1.49132,1.032982,0.688428,0.003333,1832.3345,339.5,0.08,0.119306,0.506303,24.0,-0.088,21.0,24.0,0.81,24.0,-0.072,21.0,24.0,0.61,24.01,-0.036,21.0,24.0,0.36,24.0,-0.063,21.0,24.0,0.61,24.01,-0.033,21.0,24.0,0.36
1474,4589.6667,192,5.667,False,26.7,True,2.75,24.0,0.122,1.414742,0.956404,0.61185,0.003333,1833.7493,336.9,0.08,0.113179,0.476626,24.0,-0.122,21.0,24.0,0.81,24.0,-0.11,21.0,24.0,0.61,24.0,-0.079,21.0,24.0,0.36,24.0,-0.102,21.0,24.0,0.61,24.0,-0.077,21.0,24.0,0.36
1475,4589.8333,192,5.833,False,26.7,True,2.75,23.999,0.15,1.36961,0.911272,0.566718,0.003333,1835.1189,334.2,0.08,0.109569,0.457724,24.0,-0.15,21.0,24.0,0.81,24.0,-0.138,21.0,24.0,0.61,24.0,-0.096,21.0,24.0,0.36,24.0,-0.126,21.0,24.0,0.61,24.0,-0.109,21.0,24.0,0.36
1476,4590.0,192,6.0,False,26.7,True,2.75,23.999,0.173,1.336586,0.878248,0.533694,0.003333,1836.4555,331.5,0.08,0.106927,0.443078,24.0,-0.173,21.0,24.0,0.81,24.0,-0.162,21.0,24.0,0.61,24.0,-0.111,21.0,24.0,0.36,24.0,-0.146,21.0,24.0,0.61,24.0,-0.135,21.0,24.0,0.36
1477,4590.1667,192,6.167,False,27.07,True,5.5,23.999,0.174,1.613116,0.971443,0.626889,0.003333,1838.0686,328.8,0.08,0.129049,0.530392,24.0,-0.174,21.0,24.0,1.61,24.0,-0.161,21.0,24.0,1.22,24.0,-0.103,21.0,24.0,0.72,24.0,-0.143,21.0,24.0,1.22,24.0,-0.137,21.0,24.0,0.72
1478,4590.4167,192,6.417,False,27.43,True,5.5,24.0,0.179,1.623158,0.981485,0.636931,0.003333,1839.6918,324.6,0.08,0.129853,0.526877,24.0,-0.179,21.0,24.0,1.61,24.0,-0.163,21.0,24.0,1.22,24.0,-0.102,21.0,24.0,0.72,24.0,-0.145,21.0,24.0,1.22,24.0,-0.14,21.0,24.0,0.72
1479,4590.5833,192,6.583,False,27.8,True,5.5,24.0,0.182,1.633888,0.992215,0.647661,0.003333,1841.3256,321.8,0.08,0.130711,0.525785,24.0,-0.182,21.0,24.0,1.61,24.0,-0.164,21.0,24.0,1.22,24.0,-0.099,21.0,24.0,0.72,24.0,-0.145,21.0,24.0,1.22,24.0,-0.143,21.0,24.0,0.72
1480,4590.75,192,6.75,False,28.17,True,5.5,24.0,0.186,1.648449,1.006776,0.662222,0.003333,1842.9741,319.0,0.08,0.131876,0.525855,24.0,-0.186,21.0,24.0,1.61,24.0,-0.164,21.0,24.0,1.22,24.0,-0.088,21.0,24.0,0.72,24.0,-0.143,21.0,24.0,1.22,24.0,-0.145,21.0,24.0,0.72
1481,4590.8889,192,6.889,False,28.53,True,5.5,24.0,0.188,1.667428,1.025755,0.681201,0.436441,1844.6415,316.6,0.08,0.133394,0.527908,24.0,-0.188,21.0,24.0,1.61,24.0,-0.163,21.0,24.0,1.22,24.0,-0.07,21.0,24.0,0.72,24.0,-0.14,21.0,24.0,1.22,24.0,-0.145,21.0,24.0,0.72
1482,4591.0556,192,7.056,False,28.9,True,5.5,24.0,0.19,1.686231,1.044558,0.700004,0.003333,1846.3278,313.8,0.08,0.134898,0.529139,24.0,-0.19,21.0,24.0,1.61,24.0,-0.162,21.0,24.0,1.22,24.0,-0.055,21.0,24.0,0.72,24.0,-0.137,21.0,24.0,1.22,24.0,-0.146,21.0,24.0,0.72
1483,4591.2222,192,7.222,False,29.08,True,26.14,23.999,0.166,2.9054,1.255384,0.91083,0.003333,1849.2332,311.0,0.08,0.232432,0.903579,24.0,-0.166,21.0,24.0,7.65,24.0,-0.138,21.0,24.0,5.8,24.0,-0.016,21.0,24.0,3.44,24.0,-0.114,21.0,24.0,5.8,24.0,-0.124,21.0,24.0,3.44
1484,4591.3889,192,7.389,False,29.27,True,26.14,23.999,0.163,2.940641,1.290625,0.946071,0.003333,1852.1738,308.2,0.08,0.235251,0.906306,24.0,-0.163,21.0,24.0,7.65,24.0,-0.132,21.0,24.0,5.8,24.0,0.006,21.0,24.0,3.44,24.0,-0.109,21.0,24.0,5.8,24.0,-0.118,21.0,24.0,3.44
1485,4591.5417,192,7.542,False,29.45,True,26.14,23.999,0.16,2.962327,1.312311,0.967757,0.003333,1855.1361,305.6,0.08,0.236986,0.905287,24.0,-0.16,21.0,24.0,7.65,24.0,-0.127,21.0,24.0,5.8,24.0,0.028,21.0,24.0,3.44,24.0,-0.105,21.0,24.0,5.8,24.0,-0.113,21.0,24.0,3.44
1486,4591.7083,192,7.708,False,29.63,True,26.14,23.999,0.159,2.979954,1.329938,0.985384,0.003333,1858.1161,302.8,0.08,0.238396,0.90233,24.0,-0.159,21.0,24.0,7.65,24.0,-0.122,21.0,24.0,5.8,24.0,0.042,21.0,24.0,3.44,24.0,-0.105,21.0,24.0,5.8,24.0,-0.109,21.0,24.0,3.44
1487,4591.875,192,7.875,False,29.82,True,26.14,23.999,0.158,2.994978,1.344962,1.000407,0.436467,1861.1111,300.1,0.08,0.239598,0.898793,24.0,-0.158,21.0,24.0,7.65,24.0,-0.118,21.0,24.0,5.8,24.0,0.053,21.0,24.0,3.44,24.0,-0.104,21.0,24.0,5.8,24.0,-0.106,21.0,24.0,3.44
1488,4592.0333,192,8.033,False,30.0,True,26.14,23.999,0.157,3.009843,1.359826,1.015272,0.003333,1864.1209,297.5,0.08,0.240787,0.895428,24.0,-0.157,21.0,24.0,7.65,24.0,-0.114,21.0,24.0,5.8,24.0,0.065,21.0,24.0,3.44,24.0,-0.104,21.0,24.0,5.8,24.0,-0.102,21.0,24.0,3.44
1489,4592.2,192,8.2,False,30.1,True,26.14,23.999,0.157,3.018944,1.368928,1.024374,0.003333,1867.1398,294.8,0.08,0.241516,0.889985,24.0,-0.157,21.0,24.0,7.65,24.0,-0.111,21.0,24.0,5.8,24.0,0.074,21.0,24.0,3.44,24.0,-0.105,21.0,24.0,5.8,24.0,-0.1,21.0,24.0,3.44
1490,4592.3667,192,8.367,False,30.2,True,26.14,23.999,0.156,3.027518,1.377502,1.032948,0.003333,1870.1674,292.1,0.08,0.242201,0.884338,24.0,-0.156,21.0,24.0,7.65,24.0,-0.108,21.0,24.0,5.8,24.0,0.082,21.0,24.0,3.44,24.0,-0.105,21.0,24.0,5.8,24.0,-0.098,21.0,24.0,3.44
1491,4592.5333,192,8.533,False,30.3,True,26.14,23.999,0.156,3.036272,1.386256,1.041702,0.003333,1873.2036,289.5,0.08,0.242902,0.879001,24.0,-0.156,21.0,24.0,7.65,24.0,-0.105,21.0,24.0,5.8,24.0,0.089,21.0,24.0,3.44,24.0,-0.103,21.0,24.0,5.8,24.0,-0.096,21.0,24.0,3.44
1492,4592.7,192,8.7,False,30.4,True,26.14,23.999,0.156,3.042669,1.392653,1.048099,0.003333,1876.2463,286.9,0.08,0.243414,0.872942,24.0,-0.156,21.0,24.0,7.65,24.0,-0.104,21.0,24.0,5.8,24.0,0.09,21.0,24.0,3.44,24.0,-0.102,21.0,24.0,5.8,24.0,-0.094,21.0,24.0,3.44
1493,4592.875,192,8.875,False,30.5,True,26.14,23.999,0.155,3.048195,1.398179,1.053625,0.003333,1879.2945,284.3,0.08,0.243856,0.866602,24.0,-0.155,21.0,24.0,7.65,24.0,-0.102,21.0,24.0,5.8,24.0,0.091,21.0,24.0,3.44,24.0,-0.101,21.0,24.0,5.8,24.0,-0.093,21.0,24.0,3.44
1494,4593.0417,192,9.042,False,30.6,True,26.14,23.999,0.155,3.052974,1.402958,1.058404,0.43647,1882.3475,281.9,0.08,0.244238,0.860633,24.0,-0.155,21.0,24.0,7.65,24.0,-0.101,21.0,24.0,5.8,24.0,0.09,21.0,24.0,3.44,24.0,-0.101,21.0,24.0,5.8,24.0,-0.092,21.0,24.0,3.44
1495,4593.2083,192,9.208,False,30.6,True,26.14,23.999,0.155,3.053397,1.403381,1.058827,0.003333,1885.4009,279.5,0.08,0.244272,0.853425,24.0,-0.155,21.0,24.0,7.65,24.0,-0.1,21.0,24.0,5.8,24.0,0.088,21.0,24.0,3.44,24.0,-0.1,21.0,24.0,5.8,24.0,-0.091,21.0,24.0,3.44
1496,4593.375,192,9.375,False,30.6,True,26.14,23.999,0.155,3.053482,1.403466,1.058912,0.003333,1888.4543,277.2,0.08,0.244279,0.846425,24.0,-0.155,21.0,24.0,7.65,24.0,-0.099,21.0,24.0,5.8,24.0,0.085,21.0,24.0,3.44,24.0,-0.1,21.0,24.0,5.8,24.0,-0.09,21.0,24.0,3.44
1497,4593.5417,192,9.542,False,30.6,True,26.14,23.999,0.155,3.052479,1.402463,1.057909,0.003333,1891.5068,275.0,0.08,0.244198,0.839432,24.0,-0.155,21.0,24.0,7.65,24.0,-0.098,21.0,24.0,5.8,24.0,0.079,21.0,24.0,3.44,24.0,-0.099,21.0,24.0,5.8,24.0,-0.09,21.0,24.0,3.44
1498,4593.7083,192,9.708,False,30.6,True,26.14,23.999,0.155,3.051772,1.401756,1.057201,0.003333,1894.5586,272.8,0.08,0.244142,0.832523,24.0,-0.155,21.0,24.0,7.65,24.0,-0.098,21.0,24.0,5.8,24.0,0.075,21.0,24.0,3.44,24.0,-0.098,21.0,24.0,5.8,24.0,-0.089,21.0,24.0,3.44
1499,4593.875,192,9.875,False,30.6,True,26.14,23.999,0.155,3.050837,1.400821,1.056267,0.003333,1897.6094,270.8,0.08,0.244067,0.826167,24.0,-0.155,21.0,24.0,7.65,24.0,-0.097,21.0,24.0,5.8,24.0,0.069,21.0,24.0,3.44,24.0,-0.098,21.0,24.0,5.8,24.0,-0.088,21.0,24.0,3.44
1500,4594.0417,192,10.042,False,30.6,True,26.14,23.999,0.155,3.049548,1.399532,1.054978,0.436472,1900.659,268.9,0.08,0.243964,0.820023,24.0,-0.155,21.0,24.0,7.65,24.0,-0.096,21.0,24.0,5.8,24.0,0.062,21.0,24.0,3.44,24.0,-0.097,21.0,24.0,5.8,24.0,-0.088,21.0,24.0,3.44
1501,4594.2083,192,10.208,False,30.78,True,26.14,23.999,0.155,3.054656,1.40464,1.060085,0.003333,1903.7136,267.0,0.08,0.244372,0.815593,24.0,-0.155,21.0,24.0,7.65,24.0,-0.095,21.0,24.0,5.8,24.0,0.055,21.0,24.0,3.44,24.0,-0.096,21.0,24.0,5.8,24.0,-0.087,21.0,24.0,3.44
1502,4594.375,192,10.375,False,30.97,True,26.14,23.999,0.155,3.059561,1.409545,1.064991,0.003333,1906.7732,265.3,0.08,0.244765,0.811702,24.0,-0.155,21.0,24.0,7.65,24.0,-0.094,21.0,24.0,5.8,24.0,0.046,21.0,24.0,3.44,24.0,-0.096,21.0,24.0,5.8,24.0,-0.086,21.0,24.0,3.44
1503,4594.5417,192,10.542,False,31.15,True,26.14,23.999,0.155,3.063822,1.413806,1.069252,0.003333,1909.837,263.7,0.08,0.245106,0.80793,24.0,-0.155,21.0,24.0,7.65,24.0,-0.093,21.0,24.0,5.8,24.0,0.036,21.0,24.0,3.44,24.0,-0.095,21.0,24.0,5.8,24.0,-0.085,21.0,24.0,3.44
1504,4594.7083,192,10.708,False,31.33,True,26.14,23.999,0.156,3.065908,1.415892,1.071338,0.003333,1912.9029,262.3,0.08,0.245273,0.804188,24.0,-0.156,21.0,24.0,7.65,24.0,-0.092,21.0,24.0,5.8,24.0,0.022,21.0,24.0,3.44,24.0,-0.095,21.0,24.0,5.8,24.0,-0.085,21.0,24.0,3.44
1505,4594.8889,192,10.889,False,31.52,True,26.14,23.999,0.156,3.067554,1.417538,1.072984,0.003333,1915.9705,260.9,0.08,0.245404,0.800325,24.0,-0.156,21.0,24.0,7.65,24.0,-0.092,21.0,24.0,5.8,24.0,0.008,21.0,24.0,3.44,24.0,-0.095,21.0,24.0,5.8,24.0,-0.085,21.0,24.0,3.44
1506,4595.0556,192,11.056,False,31.7,True,26.14,23.999,0.157,3.068943,1.418927,1.074373,0.436481,1919.0394,259.8,0.08,0.245515,0.797311,24.0,-0.157,21.0,24.0,7.65,24.0,-0.092,21.0,24.0,5.8,24.0,-0.005,21.0,24.0,3.44,24.0,-0.095,21.0,24.0,5.8,24.0,-0.085,21.0,24.0,3.44
1507,4595.25,192,11.25,False,31.78,True,13.76,23.999,0.161,2.921731,1.363382,1.018828,0.003333,1921.9612,258.6,0.08,0.233738,0.75556,24.0,-0.161,21.0,24.0,4.03,24.0,-0.096,21.0,24.0,3.05,24.0,-0.022,21.0,24.0,1.81,24.0,-0.099,21.0,24.0,3.05,24.0,-0.089,21.0,24.0,1.81
1508,4595.3333,192,11.333,False,31.87,True,13.76,23.999,0.162,2.920238,1.36189,1.017335,0.003333,1924.8814,258.2,0.08,0.233619,0.754005,24.0,-0.162,21.0,24.0,4.03,24.0,-0.096,21.0,24.0,3.05,24.0,-0.033,21.0,24.0,1.81,24.0,-0.099,21.0,24.0,3.05,24.0,-0.089,21.0,24.0,1.81
1509,4595.5,192,11.5,False,31.95,True,13.76,23.999,0.163,2.919979,1.361631,1.017077,0.003333,1927.8014,257.6,0.08,0.233598,0.752187,24.0,-0.163,21.0,24.0,4.03,24.0,-0.096,21.0,24.0,3.05,24.0,-0.043,21.0,24.0,1.81,24.0,-0.1,21.0,24.0,3.05,24.0,-0.09,21.0,24.0,1.81
1510,4595.6667,192,11.667,False,32.03,True,13.76,23.999,0.163,2.923106,1.364758,1.020204,0.003333,1930.7245,257.2,0.08,0.233849,0.751823,24.0,-0.163,21.0,24.0,4.03,24.0,-0.096,21.0,24.0,3.05,24.0,-0.045,21.0,24.0,1.81,24.0,-0.099,21.0,24.0,3.05,24.0,-0.09,21.0,24.0,1.81
1511,4595.8333,192,11.833,False,32.12,True,13.76,23.999,0.163,2.924741,1.366392,1.021838,0.436471,1933.6492,256.9,0.08,0.233979,0.751366,24.0,-0.163,21.0,24.0,4.03,24.0,-0.097,21.0,24.0,3.05,24.0,-0.048,21.0,24.0,1.81,24.0,-0.101,21.0,24.0,3.05,24.0,-0.091,21.0,24.0,1.81
1512,4596.0833,192,12.083,False,32.2,True,13.76,23.999,0.162,2.929033,1.370684,1.02613,0.003333,1936.5783,257.1,0.08,0.234323,0.753054,24.0,-0.162,21.0,24.0,4.03,24.0,-0.096,21.0,24.0,3.05,24.0,-0.049,21.0,24.0,1.81,24.0,-0.1,21.0,24.0,3.05,24.0,-0.09,21.0,24.0,1.81
1513,4596.25,192,12.25,False,32.3,True,26.14,23.999,0.158,3.083713,1.433697,1.089143,0.003333,1939.662,257.5,0.08,0.246697,0.794056,24.0,-0.158,21.0,24.0,7.65,24.0,-0.091,21.0,24.0,5.8,24.0,-0.046,21.0,24.0,3.44,24.0,-0.095,21.0,24.0,5.8,24.0,-0.086,21.0,24.0,3.44
1514,4596.3889,192,12.389,False,32.4,True,26.14,23.999,0.156,3.095689,1.445673,1.101119,0.003333,1942.7577,258.1,0.08,0.247655,0.798997,24.0,-0.156,21.0,24.0,7.65,24.0,-0.088,21.0,24.0,5.8,24.0,-0.043,21.0,24.0,3.44,24.0,-0.092,21.0,24.0,5.8,24.0,-0.083,21.0,24.0,3.44
1515,4596.5556,192,12.556,False,32.5,True,26.14,23.999,0.154,3.106693,1.456677,1.112123,0.003333,1945.8644,259.1,0.08,0.248535,0.804944,24.0,-0.154,21.0,24.0,7.65,24.0,-0.085,21.0,24.0,5.8,24.0,-0.041,21.0,24.0,3.44,24.0,-0.089,21.0,24.0,5.8,24.0,-0.08,21.0,24.0,3.44
1516,4596.7222,192,12.722,False,32.6,True,26.14,23.999,0.153,3.117276,1.46726,1.122706,0.436489,1948.9816,260.4,0.08,0.249382,0.811739,24.0,-0.153,21.0,24.0,7.65,24.0,-0.082,21.0,24.0,5.8,24.0,-0.039,21.0,24.0,3.44,24.0,-0.087,21.0,24.0,5.8,24.0,-0.077,21.0,24.0,3.44
1517,4596.9167,192,12.917,False,32.7,True,26.14,23.999,0.151,3.127753,1.477737,1.133183,0.003333,1952.1094,262.5,0.08,0.25022,0.821035,24.0,-0.151,21.0,24.0,7.65,24.0,-0.079,21.0,24.0,5.8,24.0,-0.037,21.0,24.0,3.44,24.0,-0.084,21.0,24.0,5.8,24.0,-0.075,21.0,24.0,3.44
1518,4597.0833,192,13.083,False,32.8,True,26.14,23.999,0.149,3.138621,1.488605,1.144051,0.003333,1955.248,264.6,0.08,0.25109,0.830479,24.0,-0.149,21.0,24.0,7.65,24.0,-0.077,21.0,24.0,5.8,24.0,-0.035,21.0,24.0,3.44,24.0,-0.082,21.0,24.0,5.8,24.0,-0.072,21.0,24.0,3.44
1519,4597.25,192,13.25,False,32.7,True,26.14,23.999,0.148,3.136187,1.486171,1.141617,0.003333,1958.3842,267.2,0.08,0.250895,0.837989,24.0,-0.148,21.0,24.0,7.65,24.0,-0.075,21.0,24.0,5.8,24.0,-0.034,21.0,24.0,3.44,24.0,-0.08,21.0,24.0,5.8,24.0,-0.071,21.0,24.0,3.44
1520,4597.3333,192,13.333,False,32.6,True,26.14,23.999,0.149,3.132544,1.482528,1.137974,0.003333,1961.5167,268.7,0.08,0.250604,0.841715,24.0,-0.149,21.0,24.0,7.65,24.0,-0.074,21.0,24.0,5.8,24.0,-0.034,21.0,24.0,3.44,24.0,-0.079,21.0,24.0,5.8,24.0,-0.07,21.0,24.0,3.44
1521,4597.5,192,13.5,False,32.5,True,26.14,23.998,0.15,3.128229,1.478213,1.133658,0.003333,1964.645,271.9,0.08,0.250258,0.850565,24.0,-0.15,21.0,24.0,7.65,24.0,-0.073,21.0,24.0,5.8,24.0,-0.033,21.0,24.0,3.44,24.0,-0.078,21.0,24.0,5.8,24.0,-0.069,21.0,24.0,3.44
1522,4597.6667,192,13.667,False,32.4,True,26.14,23.998,0.15,3.122507,1.47249,1.127936,0.003333,1967.7675,275.7,0.08,0.249801,0.860875,24.0,-0.15,21.0,24.0,7.65,24.0,-0.073,21.0,24.0,5.8,24.0,-0.033,21.0,24.0,3.44,24.0,-0.079,21.0,24.0,5.8,24.0,-0.069,21.0,24.0,3.44
1523,4597.8333,192,13.833,False,32.3,True,26.14,23.998,0.151,3.118008,1.467992,1.123438,0.436464,1970.8855,280.0,0.08,0.249441,0.873042,24.0,-0.151,21.0,24.0,7.65,24.0,-0.073,21.0,24.0,5.8,24.0,-0.034,21.0,24.0,3.44,24.0,-0.079,21.0,24.0,5.8,24.0,-0.064,21.0,24.0,3.44
1524,4598.0,192,14.0,False,32.2,True,26.14,23.998,0.152,3.114291,1.464275,1.119721,0.003333,1973.9998,284.8,0.08,0.249143,0.88695,24.0,-0.152,21.0,24.0,7.65,24.0,-0.074,21.0,24.0,5.8,24.0,-0.035,21.0,24.0,3.44,24.0,-0.079,21.0,24.0,5.8,24.0,-0.055,21.0,24.0,3.44
1525,4598.25,192,14.25,False,32.3,True,26.14,23.999,0.152,3.125873,1.475857,1.131303,0.003333,1977.1256,293.0,0.08,0.25007,0.915881,24.0,-0.152,21.0,24.0,7.65,24.0,-0.071,21.0,24.0,5.8,24.0,-0.033,21.0,24.0,3.44,24.0,-0.077,21.0,24.0,5.8,24.0,-0.045,21.0,24.0,3.44
1526,4598.4167,192,14.417,False,32.4,True,26.14,23.999,0.151,3.138313,1.488297,1.143743,0.003333,1980.264,299.2,0.08,0.251065,0.938983,24.0,-0.151,21.0,24.0,7.65,24.0,-0.07,21.0,24.0,5.8,24.0,-0.032,21.0,24.0,3.44,24.0,-0.076,21.0,24.0,5.8,24.0,-0.035,21.0,24.0,3.44
1527,4598.5833,192,14.583,False,32.5,True,26.14,23.999,0.15,3.151218,1.501202,1.156648,0.003333,1983.4152,306.0,0.08,0.252097,0.964273,24.0,-0.15,21.0,24.0,7.65,24.0,-0.068,21.0,24.0,5.8,24.0,-0.031,21.0,24.0,3.44,24.0,-0.074,21.0,24.0,5.8,24.0,-0.024,21.0,24.0,3.44
1528,4598.75,192,14.75,False,32.6,True,26.14,23.999,0.148,3.164929,1.514913,1.170359,0.003333,1986.5801,313.4,0.08,0.253194,0.991889,24.0,-0.148,21.0,24.0,7.65,24.0,-0.066,21.0,24.0,5.8,24.0,-0.029,21.0,24.0,3.44,24.0,-0.073,21.0,24.0,5.8,24.0,-0.012,21.0,24.0,3.44
1529,4598.9167,192,14.917,False,32.7,True,26.14,23.999,0.146,3.179255,1.529239,1.184685,0.436461,1989.7594,321.3,0.08,0.25434,1.021495,24.0,-0.146,21.0,24.0,7.65,24.0,-0.065,21.0,24.0,5.8,24.0,-0.028,21.0,24.0,3.44,24.0,-0.071,21.0,24.0,5.8,24.0,0.0,21.0,24.0,3.44
1530,4599.0833,192,15.083,False,32.8,True,26.14,23.999,0.144,3.193969,1.543953,1.199399,0.003333,1992.9533,329.9,0.08,0.255518,1.05369,24.0,-0.144,21.0,24.0,7.65,24.0,-0.063,21.0,24.0,5.8,24.0,-0.026,21.0,24.0,3.44,24.0,-0.069,21.0,24.0,5.8,24.0,0.013,21.0,24.0,3.44
1531,4599.25,192,15.25,False,32.43,True,26.14,23.999,0.143,3.178251,1.528235,1.18368,0.003333,1996.1316,339.0,0.08,0.25426,1.077427,24.0,-0.143,21.0,24.0,7.65,24.0,-0.064,21.0,24.0,5.8,24.0,-0.028,21.0,24.0,3.44,24.0,-0.07,21.0,24.0,5.8,24.0,0.023,21.0,24.0,3.44
1532,4599.4167,192,15.417,False,32.07,True,26.14,23.999,0.142,3.161716,1.5117,1.167146,0.003333,1999.2933,348.6,0.08,0.252937,1.102174,24.0,-0.142,21.0,24.0,7.65,24.0,-0.066,21.0,24.0,5.8,24.0,-0.03,21.0,24.0,3.44,24.0,-0.071,21.0,24.0,5.8,24.0,0.034,21.0,24.0,3.44
1533,4599.5833,192,15.583,False,31.7,True,26.14,23.999,0.143,3.143394,1.493378,1.148824,0.003333,2002.4367,358.8,0.08,0.251472,1.12785,24.0,-0.143,21.0,24.0,7.65,24.0,-0.069,21.0,24.0,5.8,24.0,-0.033,21.0,24.0,3.44,24.0,-0.074,21.0,24.0,5.8,24.0,0.044,21.0,24.0,3.44
1534,4599.75,192,15.75,False,31.33,True,26.14,23.999,0.144,3.122641,1.472624,1.12807,0.003333,2005.5593,369.4,0.08,0.249811,1.153503,24.0,-0.144,21.0,24.0,7.65,24.0,-0.071,21.0,24.0,5.8,24.0,-0.036,21.0,24.0,3.44,24.0,-0.076,21.0,24.0,5.8,24.0,0.046,21.0,24.0,3.44
1535,4599.9167,192,15.917,False,30.97,True,26.14,23.999,0.145,3.101446,1.45143,1.106876,0.436476,2008.6608,380.4,0.08,0.248116,1.17979,24.0,-0.145,21.0,24.0,7.65,24.0,-0.074,21.0,24.0,5.8,24.0,-0.039,21.0,24.0,3.44,24.0,-0.079,21.0,24.0,5.8,24.0,0.049,21.0,24.0,3.44
1536,4600.0833,192,16.083,False,30.6,True,26.14,23.999,0.147,3.079323,1.429307,1.084752,0.003333,2011.7401,391.7,0.34,1.04697,1.206171,24.0,-0.147,21.0,24.0,7.65,24.0,-0.077,21.0,24.0,5.8,24.0,-0.043,21.0,24.0,3.44,24.0,-0.081,21.0,24.0,5.8,24.0,0.049,21.0,24.0,3.44
1537,4600.25,192,16.25,False,30.5,True,8.25,23.999,0.166,2.188894,1.272218,0.927664,0.003333,2013.929,403.4,0.34,0.744224,0.883,24.0,-0.166,21.0,24.0,2.42,24.0,-0.095,21.0,24.0,1.83,24.0,-0.061,21.0,24.0,1.09,24.0,-0.1,21.0,24.0,1.83,24.0,0.032,21.0,24.0,1.09
1538,4600.3889,192,16.389,False,30.4,True,8.25,24.0,0.171,2.168823,1.252148,0.907594,0.003333,2016.0978,413.2,0.34,0.7374,0.896158,24.0,-0.171,21.0,24.0,2.42,24.0,-0.1,21.0,24.0,1.83,24.0,-0.067,21.0,24.0,1.09,24.0,-0.105,21.0,24.0,1.83,24.0,0.026,21.0,24.0,1.09
1539,4600.5556,192,16.556,False,30.3,True,8.25,24.0,0.174,2.156544,1.239869,0.895315,0.003333,2018.2544,425.2,0.34,0.733225,0.916963,24.0,-0.174,21.0,24.0,2.42,24.0,-0.103,21.0,24.0,1.83,24.0,-0.072,21.0,24.0,1.09,24.0,-0.108,21.0,24.0,1.83,24.0,0.017,21.0,24.0,1.09
1540,4600.7222,192,16.722,False,30.2,True,8.25,24.0,0.175,2.1457,1.229024,0.88447,0.003333,2020.4001,437.2,0.34,0.729538,0.9381,24.0,-0.175,21.0,24.0,2.42,24.0,-0.106,21.0,24.0,1.83,24.0,-0.075,21.0,24.0,1.09,24.0,-0.111,21.0,24.0,1.83,24.0,0.008,21.0,24.0,1.09
1541,4600.8889,192,16.889,False,30.1,True,8.25,24.0,0.176,2.136163,1.219488,0.874934,0.003333,2022.5362,449.1,0.34,0.726296,0.959351,24.0,-0.176,21.0,24.0,2.42,24.0,-0.109,21.0,24.0,1.83,24.0,-0.078,21.0,24.0,1.09,24.0,-0.113,21.0,24.0,1.83,24.0,-0.001,21.0,24.0,1.09
1542,4601.0417,192,17.042,False,30.0,True,8.25,24.0,0.175,2.128207,1.211531,0.866977,0.436455,2024.6644,459.9,0.34,0.72359,0.978762,24.0,-0.175,21.0,24.0,2.42,24.0,-0.11,21.0,24.0,1.83,24.0,-0.08,21.0,24.0,1.09,24.0,-0.113,21.0,24.0,1.83,24.0,-0.01,21.0,24.0,1.09
1543,4601.2083,192,17.208,False,30.0,True,2.75,24.0,0.183,1.795552,1.153879,0.809325,0.003333,2026.46,471.5,0.34,0.610488,0.846603,24.0,-0.183,21.0,24.0,0.81,24.0,-0.12,21.0,24.0,0.61,24.0,-0.089,21.0,24.0,0.36,24.0,-0.121,21.0,24.0,0.61,24.0,-0.031,21.0,24.0,0.36
1544,4601.375,192,17.375,False,30.0,True,2.75,24.0,0.185,1.781809,1.140137,0.795582,0.003333,2028.2418,482.7,0.34,0.605815,0.860079,24.0,-0.185,21.0,24.0,0.81,24.0,-0.123,21.0,24.0,0.61,24.0,-0.094,21.0,24.0,0.36,24.0,-0.123,21.0,24.0,0.61,24.0,-0.044,21.0,24.0,0.36
1545,4601.5417,192,17.542,False,30.0,True,2.75,24.0,0.186,1.769411,1.127738,0.783184,0.003333,2030.0112,493.5,0.34,0.6016,0.873204,24.0,-0.186,21.0,24.0,0.81,24.0,-0.127,21.0,24.0,0.61,24.0,-0.098,21.0,24.0,0.36,24.0,-0.126,21.0,24.0,0.61,24.0,-0.062,21.0,24.0,0.36
1546,4601.7083,192,17.708,False,30.0,True,2.75,24.0,0.187,1.760601,1.118928,0.774374,0.003333,2031.7718,503.7,0.34,0.598604,0.886815,24.0,-0.187,21.0,24.0,0.81,24.0,-0.131,21.0,24.0,0.61,24.0,-0.101,21.0,24.0,0.36,24.0,-0.128,21.0,24.0,0.61,24.0,-0.07,21.0,24.0,0.36
1547,4601.8889,192,17.889,False,30.0,True,2.75,24.0,0.188,1.752881,1.111208,0.766654,0.003333,2033.5247,514.1,0.34,0.595979,0.901156,24.0,-0.188,21.0,24.0,0.81,24.0,-0.134,21.0,24.0,0.61,24.0,-0.104,21.0,24.0,0.36,24.0,-0.13,21.0,24.0,0.61,24.0,-0.078,21.0,24.0,0.36
1548,4602.0556,192,18.056,False,30.0,True,2.75,24.0,0.188,1.745895,1.104222,0.759668,0.003333,2035.2706,522.8,0.34,0.593604,0.912754,24.0,-0.188,21.0,24.0,0.81,24.0,-0.137,21.0,24.0,0.61,24.0,-0.108,21.0,24.0,0.36,24.0,-0.132,21.0,24.0,0.61,24.0,-0.085,21.0,24.0,0.36
1549,4602.2222,192,18.222,False,29.72,True,2.75,24.0,0.189,1.725851,1.084178,0.739623,0.003333,2036.9964,530.8,0.34,0.586789,0.916081,24.0,-0.189,21.0,24.0,0.81,24.0,-0.141,21.0,24.0,0.61,24.0,-0.112,21.0,24.0,0.36,24.0,-0.136,21.0,24.0,0.61,24.0,-0.093,21.0,24.0,0.36
1550,4602.3889,192,18.389,False,29.43,True,2.75,24.0,0.191,1.705294,1.063621,0.719067,0.436433,2038.7017,537.9,0.34,0.5798,0.917278,24.0,-0.191,21.0,24.0,0.81,24.0,-0.145,21.0,24.0,0.61,24.0,-0.116,21.0,24.0,0.36,24.0,-0.14,21.0,24.0,0.61,24.0,-0.101,21.0,24.0,0.36
1551,4602.5556,192,18.556,False,29.15,True,2.75,24.0,0.193,1.684771,1.043099,0.698544,0.003333,2040.3865,544.0,0.34,0.572822,0.916516,24.0,-0.193,21.0,24.0,0.81,24.0,-0.15,21.0,24.0,0.61,24.0,-0.121,21.0,24.0,0.36,24.0,-0.145,21.0,24.0,0.61,24.0,-0.11,21.0,24.0,0.36
1552,4602.7222,192,18.722,False,28.87,True,2.75,24.0,0.195,1.665766,1.024093,0.679539,0.003333,2042.0523,549.1,0.34,0.56636,0.914672,24.0,-0.195,21.0,24.0,0.81,24.0,-0.154,21.0,24.0,0.61,24.0,-0.126,21.0,24.0,0.36,24.0,-0.148,21.0,24.0,0.61,24.0,-0.115,21.0,24.0,0.36
1553,4602.8889,192,18.889,False,28.58,True,2.75,24.0,0.197,1.64754,1.005867,0.661313,0.003333,2043.6998,553.1,0.34,0.560164,0.911254,24.0,-0.197,21.0,24.0,0.81,24.0,-0.159,21.0,24.0,0.61,24.0,-0.131,21.0,24.0,0.36,24.0,-0.152,21.0,24.0,0.61,24.0,-0.12,21.0,24.0,0.36
1554,4603.0556,192,19.056,False,28.3,True,2.75,24.0,0.2,1.628788,0.987115,0.642561,0.003333,2045.3286,556.1,0.34,0.553788,0.905769,24.0,-0.2,21.0,24.0,0.81,24.0,-0.164,21.0,24.0,0.61,24.0,-0.136,21.0,24.0,0.36,24.0,-0.157,21.0,24.0,0.61,24.0,-0.127,21.0,24.0,0.36
1555,4603.2222,192,19.222,False,28.22,True,1.38,24.0,0.0,1.516051,0.966045,0.621491,0.003333,2046.8446,558.1,0.34,0.515457,0.846108,24.0,-0.205,21.0,24.0,0.4,24.0,-0.17,21.0,24.0,0.31,24.0,-0.142,21.0,24.0,0.18,24.0,-0.163,21.0,24.0,0.31,24.0,-0.135,21.0,24.0,0.18
1556,4603.3889,192,19.389,False,28.13,True,1.38,24.0,0.0,1.504176,0.95417,0.609616,0.003333,2048.3488,558.9,0.34,0.51142,0.840684,24.0,-0.208,21.0,24.0,0.4,24.0,-0.175,21.0,24.0,0.31,24.0,-0.147,21.0,24.0,0.18,24.0,-0.167,21.0,24.0,0.31,24.0,-0.14,21.0,24.0,0.18
1557,4603.5556,192,19.556,False,28.05,True,1.38,24.0,0.0,1.489453,0.939447,0.594893,0.003333,2049.8383,558.8,0.34,0.506414,0.832306,24.0,-0.21,21.0,24.0,0.4,24.0,-0.18,21.0,24.0,0.31,24.0,-0.152,21.0,24.0,0.18,24.0,-0.175,21.0,24.0,0.31,24.0,-0.154,21.0,24.0,0.18
1558,4603.7222,192,19.722,False,27.97,True,1.38,24.0,0.0,1.479574,0.929569,0.585015,0.436435,2051.3178,557.6,0.34,0.503055,0.825011,24.0,-0.212,21.0,24.0,0.4,24.0,-0.183,21.0,24.0,0.31,24.0,-0.156,21.0,24.0,0.18,24.0,-0.178,21.0,24.0,0.31,24.0,-0.159,21.0,24.0,0.18
1559,4603.8889,192,19.889,False,27.88,True,1.38,24.0,0.0,1.471336,0.921331,0.576777,0.003333,2052.7892,555.5,0.34,0.500254,0.817327,24.0,-0.214,21.0,24.0,0.4,24.0,-0.185,21.0,24.0,0.31,24.0,-0.159,21.0,24.0,0.18,24.0,-0.181,21.0,24.0,0.31,24.0,-0.162,21.0,24.0,0.18
1560,4604.0556,192,20.056,False,27.8,True,1.38,24.0,0.0,1.463818,0.913812,0.569258,0.003333,2054.253,552.4,0.34,0.497698,0.808613,24.0,-0.216,21.0,24.0,0.4,24.0,-0.188,21.0,24.0,0.31,24.0,-0.161,21.0,24.0,0.18,24.0,-0.183,21.0,24.0,0.31,24.0,-0.165,21.0,24.0,0.18
1561,4604.25,192,20.25,False,27.8,True,1.38,24.0,0.0,1.460201,0.910196,0.565642,0.003333,2055.7132,547.8,0.34,0.496468,0.799898,24.0,-0.218,21.0,24.0,0.4,24.0,-0.189,21.0,24.0,0.31,24.0,-0.163,21.0,24.0,0.18,24.0,-0.185,21.0,24.0,0.31,24.0,-0.168,21.0,24.0,0.18
1562,4604.4167,192,20.417,False,27.8,True,1.38,24.0,0.0,1.456786,0.90678,0.562226,0.003333,2057.17,543.0,0.34,0.495307,0.791035,24.0,-0.219,21.0,24.0,0.4,24.0,-0.191,21.0,24.0,0.31,24.0,-0.165,21.0,24.0,0.18,24.0,-0.186,21.0,24.0,0.31,24.0,-0.17,21.0,24.0,0.18
1563,4604.5833,192,20.583,False,27.8,True,1.38,24.0,0.0,1.454028,0.904022,0.559468,0.003333,2058.624,537.6,0.34,0.494369,0.781685,24.0,-0.22,21.0,24.0,0.4,24.0,-0.192,21.0,24.0,0.31,24.0,-0.167,21.0,24.0,0.18,24.0,-0.187,21.0,24.0,0.31,24.0,-0.171,21.0,24.0,0.18
1564,4604.75,192,20.75,False,27.8,True,1.38,24.0,0.0,1.451593,0.901587,0.557033,0.003333,2060.0756,531.6,0.34,0.493541,0.771667,24.0,-0.221,21.0,24.0,0.4,24.0,-0.193,21.0,24.0,0.31,24.0,-0.168,21.0,24.0,0.18,24.0,-0.189,21.0,24.0,0.31,24.0,-0.173,21.0,24.0,0.18
1565,4604.9167,192,20.917,False,27.8,True,1.38,24.0,0.0,1.449413,0.899407,0.554853,0.003333,2061.525,525.2,0.34,0.4928,0.761232,24.0,-0.222,21.0,24.0,0.4,24.0,-0.194,21.0,24.0,0.31,24.0,-0.169,21.0,24.0,0.18,24.0,-0.189,21.0,24.0,0.31,24.0,-0.174,21.0,24.0,0.18
1566,4605.0833,192,21.083,False,27.8,True,1.38,24.0,0.0,1.447443,0.897438,0.552884,0.436417,2062.9725,518.3,0.08,0.115795,0.75021,24.0,-0.223,21.0,24.0,0.4,24.0,-0.195,21.0,24.0,0.31,24.0,-0.171,21.0,24.0,0.18,24.0,-0.19,21.0,24.0,0.31,24.0,-0.175,21.0,24.0,0.18
1567,4605.2,192,21.2,False,27.8,True,1.38,24.823,0.0,0.458338,0.0,0.0,0.003333,2063.4308,513.3,0.08,0.036667,0.235265,24.61,-0.133,15.6,26.7,0.4,24.79,-0.081,15.6,26.7,0.31,24.96,-0.03,15.6,26.7,0.18,24.8,-0.074,15.6,26.7,0.31,24.96,-0.035,15.6,26.7,0.18
1568,4605.4167,192,21.417,False,27.8,True,1.38,25.564,0.0,0.458338,0.0,0.0,0.003333,2063.8891,503.8,0.08,0.036667,0.230911,25.24,-0.006,15.6,26.7,0.4,25.5,0.065,15.6,26.7,0.31,25.78,0.139,15.6,26.7,0.18,25.53,0.074,15.6,26.7,0.31,25.77,0.134,15.6,26.7,0.18
1569,4605.5,192,21.5,False,27.8,True,1.38,25.886,0.0,0.458338,0.0,0.0,0.003333,2064.3475,500.0,0.08,0.036667,0.229169,25.52,0.061,15.6,26.7,0.4,25.82,0.14,15.6,26.7,0.31,26.12,0.222,15.6,26.7,0.18,25.86,0.15,15.6,26.7,0.31,26.11,0.217,15.6,26.7,0.18
1570,4605.6667,192,21.667,False,27.8,True,1.38,26.007,0.0,0.458338,0.0,0.0,0.003333,2064.8058,492.5,0.08,0.036667,0.225731,25.62,0.097,15.6,26.7,0.4,25.95,0.18,15.6,26.7,0.31,26.25,0.267,15.6,26.7,0.18,25.98,0.191,15.6,26.7,0.31,26.24,0.263,15.6,26.7,0.18
1571,4605.8333,192,21.833,False,27.8,True,1.38,26.09,0.0,0.458338,0.0,0.0,0.003333,2065.2641,485.0,0.08,0.036667,0.222294,25.69,0.127,15.6,26.7,0.4,26.03,0.212,15.6,26.7,0.31,26.34,0.304,15.6,26.7,0.18,26.06,0.223,15.6,26.7,0.31,26.33,0.3,15.6,26.7,0.18
1572,4606.0,192,22.0,False,27.8,True,1.38,26.156,0.0,0.458338,0.0,0.0,0.003333,2065.7225,477.6,0.08,0.036667,0.218902,25.74,0.153,15.6,26.7,0.4,26.09,0.24,15.6,26.7,0.31,26.41,0.336,15.6,26.7,0.18,26.13,0.252,15.6,26.7,0.31,26.41,0.332,15.6,26.7,0.18
1573,4606.1667,192,22.167,False,27.7,True,1.38,26.195,0.0,0.412504,0.0,0.0,0.003333,2066.135,470.3,0.08,0.033,0.194001,25.77,0.172,15.6,26.7,0.4,26.13,0.26,15.6,26.7,0.31,26.46,0.361,15.6,26.7,0.18,26.17,0.272,15.6,26.7,0.31,26.45,0.357,15.6,26.7,0.18
1574,4606.3333,192,22.333,False,27.6,True,1.38,26.229,0.0,0.412504,0.0,0.0,0.003333,2066.5475,463.2,0.08,0.033,0.191072,25.8,0.19,15.6,26.7,0.4,26.16,0.278,15.6,26.7,0.31,26.5,0.382,15.6,26.7,0.18,26.2,0.291,15.6,26.7,0.31,26.49,0.379,15.6,26.7,0.18
1575,4606.5,192,22.5,False,27.5,True,1.38,26.259,0.0,0.412504,0.0,0.0,0.003333,2066.96,456.4,0.08,0.033,0.188267,25.82,0.206,15.6,26.7,0.4,26.19,0.295,15.6,26.7,0.31,26.53,0.402,15.6,26.7,0.18,26.23,0.308,15.6,26.7,0.31,26.53,0.4,15.6,26.7,0.18
1576,4606.6667,192,22.667,False,27.4,True,1.38,26.285,0.0,0.412504,0.0,0.0,0.436414,2067.3725,449.8,0.08,0.033,0.185544,25.84,0.221,15.6,26.7,0.4,26.21,0.31,15.6,26.7,0.31,26.56,0.42,15.6,26.7,0.18,26.25,0.324,15.6,26.7,0.31,26.56,0.418,15.6,26.7,0.18
1577,4606.8333,192,22.833,False,27.3,True,1.38,26.306,0.0,0.412504,0.0,0.0,0.003333,2067.785,443.6,0.08,0.033,0.182987,25.86,0.234,15.6,26.7,0.4,26.23,0.323,15.6,26.7,0.31,26.58,0.436,15.6,26.7,0.18,26.27,0.338,15.6,26.7,0.31,26.59,0.434,15.6,26.7,0.18
1578,4607.0,192,23.0,False,27.2,True,1.38,26.325,0.0,0.412504,0.0,0.0,0.003333,2068.1975,437.7,0.08,0.033,0.180553,25.88,0.246,15.6,26.7,0.4,26.24,0.335,15.6,26.7,0.31,26.6,0.45,15.6,26.7,0.18,26.29,0.35,15.6,26.7,0.31,26.61,0.448,15.6,26.7,0.18
1579,4607.1667,192,23.167,False,27.12,False,0.0,26.329,0.0,0.412504,0.0,0.0,0.003333,2068.61,432.2,0.08,0.033,0.178284,25.88,0.254,15.6,26.7,0.0,26.25,0.343,15.6,26.7,0.0,26.61,0.46,15.6,26.7,0.0,26.3,0.359,15.6,26.7,0.0,26.61,0.459,15.6,26.7,0.0
1580,4607.3333,192,23.333,False,27.03,False,0.0,26.338,0.0,0.412504,0.0,0.0,0.003333,2069.0225,427.0,0.08,0.033,0.176139,25.88,0.263,15.6,26.7,0.0,26.25,0.352,15.6,26.7,0.0,26.62,0.471,15.6,26.7,0.0,26.31,0.368,15.6,26.7,0.0,26.63,0.47,15.6,26.7,0.0
1581,4607.5,192,23.5,False,26.95,False,0.0,26.348,0.0,0.412504,0.0,0.0,0.003333,2069.435,422.2,0.08,0.033,0.174159,25.89,0.271,15.6,26.7,0.0,26.26,0.36,15.6,26.7,0.0,26.63,0.48,15.6,26.7,0.0,26.32,0.377,15.6,26.7,0.0,26.64,0.48,15.6,26.7,0.0
1582,4607.6667,192,23.667,False,26.87,False,0.0,26.356,0.0,0.412504,0.0,0.0,0.003333,2069.8475,417.7,0.08,0.033,0.172303,25.9,0.279,15.6,26.7,0.0,26.27,0.367,15.6,26.7,0.0,26.64,0.489,15.6,26.7,0.0,26.32,0.385,15.6,26.7,0.0,26.65,0.489,15.6,26.7,0.0
1583,4607.8333,192,23.833,False,26.78,False,0.0,26.363,0.0,0.412504,0.0,0.0,0.003333,2070.26,413.6,0.08,0.033,0.170612,25.9,0.286,15.6,26.7,0.0,26.27,0.374,15.6,26.7,0.0,26.65,0.497,15.6,26.7,0.0,26.33,0.392,15.6,26.7,0.0,26.66,0.497,15.6,26.7,0.0
1584,4608.0,192,24.0,False,26.7,False,0.0,26.368,0.0,0.412504,0.0,0.0,0.003333,2070.6725,409.8,0.08,0.033,0.169044,25.91,0.292,15.6,26.7,0.0,26.28,0.38,15.6,26.7,0.0,26.66,0.504,15.6,26.7,0.0,26.34,0.399,15.6,26.7,0.0,26.66,0.504,15.6,26.7,0.0
1585,4608.1667,193,0.167,False,26.7,False,0.0,26.376,0.0,0.412504,0.0,0.0,0.436404,2071.085,378.0,0.08,0.033,0.155927,25.92,0.299,15.6,26.7,0.0,26.28,0.386,15.6,26.7,0.0,26.66,0.511,15.6,26.7,0.0,26.34,0.406,15.6,26.7,0.0,26.67,0.512,15.6,26.7,0.0
1586,4608.3333,193,0.333,False,26.7,False,0.0,26.384,0.0,0.412504,0.0,0.0,0.003333,2071.4975,378.5,0.08,0.033,0.156133,25.93,0.306,15.6,26.7,0.0,26.29,0.393,15.6,26.7,0.0,26.67,0.519,15.6,26.7,0.0,26.35,0.413,15.6,26.7,0.0,26.68,0.519,15.6,26.7,0.0
1587,4608.5,193,0.5,False,26.7,False,0.0,26.392,0.0,0.412504,0.0,0.0,0.003333,2071.91,378.9,0.08,0.033,0.156298,25.94,0.312,15.6,26.7,0.0,26.3,0.399,15.6,26.7,0.0,26.68,0.525,15.6,26.7,0.0,26.36,0.419,15.6,26.7,0.0,26.69,0.527,15.6,26.7,0.0
1588,4608.6667,193,0.667,False,26.7,False,0.0,26.398,0.0,0.412504,0.0,0.0,0.003333,2072.3226,379.3,0.08,0.033,0.156463,25.94,0.319,15.6,26.7,0.0,26.3,0.405,15.6,26.7,0.0,26.69,0.532,15.6,26.7,0.0,26.37,0.426,15.6,26.7,0.0,26.69,0.533,15.6,26.7,0.0
1589,4608.8333,193,0.833,False,26.7,False,0.0,26.404,0.0,0.412504,0.0,0.0,0.003333,2072.7351,379.4,0.08,0.033,0.156504,25.95,0.325,15.6,26.7,0.0,26.31,0.411,15.6,26.7,0.0,26.69,0.538,15.6,26.7,0.0,26.37,0.432,15.6,26.7,0.0,26.7,0.54,15.6,26.7,0.0
1590,4609.0,193,1.0,False,26.7,False,0.0,26.41,0.0,0.412504,0.0,0.0,0.003333,2073.1476,379.5,0.08,0.033,0.156545,25.96,0.331,15.6,26.7,0.0,26.31,0.417,15.6,26.7,0.0,26.7,0.545,15.6,26.7,0.0,26.38,0.438,15.6,26.7,0.0,26.71,0.546,15.6,26.7,0.0
1591,4609.1667,193,1.167,False,26.6,False,0.0,26.411,0.0,0.412504,0.0,0.0,0.003333,2073.5601,379.4,0.08,0.033,0.156504,25.96,0.337,15.6,26.7,0.0,26.31,0.422,15.6,26.7,0.0,26.7,0.55,15.6,26.7,0.0,26.38,0.443,15.6,26.7,0.0,26.71,0.551,15.6,26.7,0.0
1592,4609.3333,193,1.333,False,26.5,False,0.0,26.41,0.0,0.412504,0.0,0.0,0.003333,2073.9726,379.3,0.08,0.033,0.156463,25.96,0.342,15.6,26.7,0.0,26.31,0.426,15.6,26.7,0.0,26.7,0.555,15.6,26.7,0.0,26.38,0.448,15.6,26.7,0.0,26.7,0.556,15.6,26.7,0.0
1593,4609.5,193,1.5,False,26.4,False,0.0,26.408,0.0,0.412504,0.0,0.0,0.003333,2074.3851,378.9,0.08,0.033,0.156298,25.96,0.347,15.6,26.7,0.0,26.31,0.43,15.6,26.7,0.0,26.69,0.559,15.6,26.7,0.0,26.38,0.452,15.6,26.7,0.0,26.7,0.561,15.6,26.7,0.0
1594,4609.6667,193,1.667,False,26.3,False,0.0,26.405,0.0,0.412504,0.0,0.0,0.436395,2074.7976,378.5,0.08,0.033,0.156133,25.96,0.351,15.6,26.7,0.0,26.3,0.434,15.6,26.7,0.0,26.69,0.563,15.6,26.7,0.0,26.38,0.457,15.6,26.7,0.0,26.7,0.565,15.6,26.7,0.0
1595,4609.8333,193,1.833,False,26.2,False,0.0,26.402,0.0,0.412504,0.0,0.0,0.003333,2075.2101,378.0,0.08,0.033,0.155927,25.96,0.355,15.6,26.7,0.0,26.3,0.438,15.6,26.7,0.0,26.68,0.567,15.6,26.7,0.0,26.37,0.46,15.6,26.7,0.0,26.69,0.569,15.6,26.7,0.0
1596,4610.0,193,2.0,False,26.1,False,0.0,26.397,0.0,0.412504,0.0,0.0,0.003333,2075.6226,377.3,0.08,0.033,0.155638,25.96,0.359,15.6,26.7,0.0,26.29,0.441,15.6,26.7,0.0,26.68,0.57,15.6,26.7,0.0,26.37,0.464,15.6,26.7,0.0,26.69,0.572,15.6,26.7,0.0
1597,4610.1667,193,2.167,False,26.02,False,0.0,26.393,0.0,0.412504,0.0,0.0,0.003333,2076.0351,376.5,0.08,0.033,0.155308,25.95,0.363,15.6,26.7,0.0,26.29,0.444,15.6,26.7,0.0,26.67,0.573,15.6,26.7,0.0,26.36,0.467,15.6,26.7,0.0,26.68,0.576,15.6,26.7,0.0
1598,4610.3333,193,2.333,False,25.93,False,0.0,26.387,0.0,0.412504,0.0,0.0,0.003333,2076.4476,375.6,0.08,0.033,0.154937,25.95,0.366,15.6,26.7,0.0,26.28,0.447,15.6,26.7,0.0,26.67,0.576,15.6,26.7,0.0,26.36,0.47,15.6,26.7,0.0,26.68,0.578,15.6,26.7,0.0
1599,4610.5,193,2.5,False,25.85,False,0.0,26.382,0.0,0.412504,0.0,0.0,0.003333,2076.8601,374.6,0.08,0.033,0.154524,25.95,0.369,15.6,26.7,0.0,26.28,0.449,15.6,26.7,0.0,26.66,0.579,15.6,26.7,0.0,26.35,0.473,15.6,26.7,0.0,26.67,0.581,15.6,26.7,0.0
1600,4610.6667,193,2.667,False,25.77,False,0.0,26.375,0.0,0.412504,0.0,0.0,0.003333,2077.2726,373.4,0.08,0.033,0.154029,25.94,0.372,15.6,26.7,0.0,26.27,0.451,15.6,26.7,0.0,26.65,0.581,15.6,26.7,0.0,26.35,0.475,15.6,26.7,0.0,26.66,0.583,15.6,26.7,0.0
1601,4610.8333,193,2.833,False,25.68,False,0.0,26.368,0.0,0.412504,0.0,0.0,0.003333,2077.6851,372.2,0.08,0.033,0.153534,25.94,0.375,15.6,26.7,0.0,26.26,0.453,15.6,26.7,0.0,26.65,0.582,15.6,26.7,0.0,26.34,0.478,15.6,26.7,0.0,26.66,0.585,15.6,26.7,0.0
1602,4611.0,193,3.0,False,25.6,False,0.0,26.361,0.0,0.412504,0.0,0.0,0.003333,2078.0976,370.8,0.08,0.033,0.152956,25.93,0.377,15.6,26.7,0.0,26.26,0.454,15.6,26.7,0.0,26.64,0.584,15.6,26.7,0.0,26.33,0.479,15.6,26.7,0.0,26.65,0.586,15.6,26.7,0.0
1603,4611.1667,193,3.167,False,25.6,False,0.0,26.357,0.0,0.412504,0.0,0.0,0.003333,2078.5101,369.4,0.08,0.033,0.152379,25.93,0.379,15.6,26.7,0.0,26.25,0.456,15.6,26.7,0.0,26.63,0.585,15.6,26.7,0.0,26.33,0.481,15.6,26.7,0.0,26.64,0.588,15.6,26.7,0.0
1604,4611.3333,193,3.333,False,25.6,False,0.0,26.353,0.0,0.412504,0.0,0.0,0.436413,2078.9226,367.8,0.08,0.033,0.151719,25.93,0.381,15.6,26.7,0.0,26.25,0.458,15.6,26.7,0.0,26.63,0.586,15.6,26.7,0.0,26.33,0.483,15.6,26.7,0.0,26.64,0.589,15.6,26.7,0.0
1605,4611.5,193,3.5,False,25.6,False,0.0,26.35,0.0,0.412504,0.0,0.0,0.003333,2079.3351,366.1,0.08,0.033,0.151018,25.93,0.383,15.6,26.7,0.0,26.24,0.459,15.6,26.7,0.0,26.62,0.587,15.6,26.7,0.0,26.32,0.484,15.6,26.7,0.0,26.63,0.59,15.6,26.7,0.0
1606,4611.6667,193,3.667,False,25.6,False,0.0,26.347,0.0,0.412504,0.0,0.0,0.003333,2079.7476,364.4,0.08,0.033,0.150316,25.93,0.384,15.6,26.7,0.0,26.24,0.46,15.6,26.7,0.0,26.62,0.588,15.6,26.7,0.0,26.32,0.485,15.6,26.7,0.0,26.63,0.59,15.6,26.7,0.0
1607,4611.8333,193,3.833,False,25.6,False,0.0,26.343,0.0,0.412504,0.0,0.0,0.003333,2080.1601,362.5,0.08,0.033,0.149533,25.93,0.385,15.6,26.7,0.0,26.24,0.461,15.6,26.7,0.0,26.61,0.588,15.6,26.7,0.0,26.32,0.486,15.6,26.7,0.0,26.62,0.59,15.6,26.7,0.0
1608,4612.0,193,4.0,False,25.6,False,0.0,26.34,0.0,0.412504,0.0,0.0,0.003333,2080.5726,360.5,0.08,0.033,0.148708,25.93,0.386,15.6,26.7,0.0,26.23,0.461,15.6,26.7,0.0,26.61,0.589,15.6,26.7,0.0,26.31,0.487,15.6,26.7,0.0,26.62,0.59,15.6,26.7,0.0
1609,4612.1667,193,4.167,False,25.4,False,0.0,26.338,0.0,0.458338,0.0,0.0,0.003333,2081.031,358.5,0.08,0.036667,0.164314,25.93,0.388,15.6,26.7,0.0,26.23,0.463,15.6,26.7,0.0,26.6,0.589,15.6,26.7,0.0,26.31,0.488,15.6,26.7,0.0,26.61,0.591,15.6,26.7,0.0
1610,4612.3333,193,4.333,False,25.2,False,0.0,26.329,0.0,0.458338,0.0,0.0,0.003333,2081.4893,356.4,0.08,0.036667,0.163352,25.93,0.388,15.6,26.7,0.0,26.22,0.462,15.6,26.7,0.0,26.59,0.588,15.6,26.7,0.0,26.3,0.488,15.6,26.7,0.0,26.6,0.59,15.6,26.7,0.0
1611,4612.5,193,4.5,False,25.0,False,0.0,26.317,0.0,0.458338,0.0,0.0,0.003333,2081.9476,354.2,0.08,0.036667,0.162343,25.92,0.387,15.6,26.7,0.0,26.21,0.46,15.6,26.7,0.0,26.58,0.585,15.6,26.7,0.0,26.29,0.486,15.6,26.7,0.0,26.59,0.587,15.6,26.7,0.0
1612,4612.6667,193,4.667,False,24.8,False,0.0,26.301,0.0,0.458338,0.0,0.0,0.003333,2082.406,351.9,0.08,0.036667,0.161289,25.91,0.385,15.6,26.7,0.0,26.19,0.457,15.6,26.7,0.0,26.56,0.582,15.6,26.7,0.0,26.28,0.483,15.6,26.7,0.0,26.57,0.583,15.6,26.7,0.0
1613,4612.8333,193,4.833,False,24.6,False,0.0,26.284,0.0,0.458338,0.0,0.0,0.436413,2082.8643,349.5,0.08,0.036667,0.160189,25.89,0.383,15.6,26.7,0.0,26.17,0.453,15.6,26.7,0.0,26.54,0.578,15.6,26.7,0.0,26.26,0.48,15.6,26.7,0.0,26.55,0.579,15.6,26.7,0.0
1614,4613.0,193,5.0,False,24.4,False,0.0,26.266,0.0,0.458338,0.0,0.0,0.003333,2083.3227,347.1,0.08,0.036667,0.159089,25.88,0.379,15.6,26.7,0.0,26.15,0.449,15.6,26.7,0.0,26.52,0.573,15.6,26.7,0.0,26.24,0.476,15.6,26.7,0.0,26.53,0.575,15.6,26.7,0.0
1615,4613.25,193,5.25,False,24.5,True,2.75,24.288,0.122,1.785483,1.327145,0.982591,0.003333,2085.1081,343.4,0.08,0.142839,0.613135,24.21,0.065,21.0,24.0,0.81,24.31,0.11,21.0,24.0,0.61,24.31,0.163,21.0,24.0,0.36,24.31,0.122,21.0,24.0,0.61,24.31,0.163,21.0,24.0,0.36
1616,4613.3333,193,5.333,False,24.6,True,2.75,24.016,0.047,1.544548,1.08621,0.741656,0.003333,2086.6527,342.1,0.08,0.123564,0.52839,24.01,-0.047,21.0,24.0,0.81,24.01,-0.031,21.0,24.0,0.61,24.03,0.013,21.0,24.0,0.36,24.01,-0.022,21.0,24.0,0.61,24.03,0.012,21.0,24.0,0.36
1617,4613.5,193,5.5,False,24.7,True,2.75,24.002,0.089,1.4301,0.971762,0.627208,0.003333,2088.0828,339.5,0.08,0.114408,0.485519,24.0,-0.089,21.0,24.0,0.81,24.0,-0.081,21.0,24.0,0.61,24.01,-0.044,21.0,24.0,0.36,24.0,-0.072,21.0,24.0,0.61,24.01,-0.046,21.0,24.0,0.36
1618,4613.6667,193,5.667,False,24.8,True,2.75,24.0,0.123,1.363451,0.905114,0.56056,0.003333,2089.4462,336.9,0.08,0.109076,0.459347,24.0,-0.123,21.0,24.0,0.81,24.0,-0.118,21.0,24.0,0.61,24.0,-0.086,21.0,24.0,0.36,24.0,-0.11,21.0,24.0,0.61,24.0,-0.088,21.0,24.0,0.36
1619,4613.8333,193,5.833,False,24.9,True,2.75,23.999,0.151,1.321776,0.863438,0.518884,0.003333,2090.768,334.2,0.08,0.105742,0.441738,24.0,-0.151,21.0,24.0,0.81,24.0,-0.145,21.0,24.0,0.61,24.0,-0.109,21.0,24.0,0.36,24.0,-0.135,21.0,24.0,0.61,24.0,-0.12,21.0,24.0,0.36
1620,4614.0,193,6.0,False,25.0,True,2.75,23.999,0.174,1.289618,0.83128,0.486726,0.003333,2092.0576,331.5,0.08,0.103169,0.427508,24.0,-0.174,21.0,24.0,0.81,24.0,-0.168,21.0,24.0,0.61,24.0,-0.132,21.0,24.0,0.36,24.0,-0.158,21.0,24.0,0.61,24.0,-0.146,21.0,24.0,0.36
1621,4614.1667,193,6.167,False,25.28,True,5.5,23.999,0.176,1.527997,0.886324,0.54177,0.003333,2093.5856,328.8,0.08,0.12224,0.502405,24.0,-0.176,21.0,24.0,1.61,24.0,-0.168,21.0,24.0,1.22,24.0,-0.133,21.0,24.0,0.72,24.0,-0.159,21.0,24.0,1.22,24.0,-0.148,21.0,24.0,0.72
1622,4614.3333,193,6.333,False,25.57,True,5.5,23.999,0.18,1.533783,0.89211,0.547556,0.436435,2095.1194,326.0,0.08,0.122703,0.500013,24.0,-0.18,21.0,24.0,1.61,24.0,-0.17,21.0,24.0,1.22,24.0,-0.137,21.0,24.0,0.72,24.0,-0.161,21.0,24.0,1.22,24.0,-0.152,21.0,24.0,0.72
1623,4614.5833,193,6.583,False,25.85,True,5.5,24.0,0.182,1.540445,0.898772,0.554218,0.003333,2096.6599,321.8,0.08,0.123236,0.495715,24.0,-0.182,21.0,24.0,1.61,24.0,-0.171,21.0,24.0,1.22,24.0,-0.138,21.0,24.0,0.72,24.0,-0.162,21.0,24.0,1.22,24.0,-0.154,21.0,24.0,0.72
1624,4614.75,193,6.75,False,26.13,True,5.5,24.0,0.184,1.550289,0.908616,0.564062,0.003333,2098.2101,319.0,0.08,0.124023,0.494542,24.0,-0.184,21.0,24.0,1.61,24.0,-0.169,21.0,24.0,1.22,24.0,-0.136,21.0,24.0,0.72,24.0,-0.161,21.0,24.0,1.22,24.0,-0.154,21.0,24.0,0.72
1625,4614.9167,193,6.917,False,26.42,True,5.5,24.0,0.184,1.561929,0.920256,0.575702,0.003333,2099.7721,316.2,0.08,0.124954,0.493882,24.0,-0.184,21.0,24.0,1.61,24.0,-0.167,21.0,24.0,1.22,24.0,-0.133,21.0,24.0,0.72,24.0,-0.159,21.0,24.0,1.22,24.0,-0.153,21.0,24.0,0.72
1626,4615.0833,193,7.083,False,26.7,True,5.5,24.0,0.184,1.575094,0.933422,0.588867,0.003333,2101.3472,313.3,0.08,0.126008,0.493477,24.0,-0.184,21.0,24.0,1.61,24.0,-0.165,21.0,24.0,1.22,24.0,-0.13,21.0,24.0,0.72,24.0,-0.157,21.0,24.0,1.22,24.0,-0.151,21.0,24.0,0.72
1627,4615.25,193,7.25,False,26.78,True,26.14,23.999,0.16,2.790376,1.14036,0.795805,0.003333,2104.1375,310.5,0.08,0.22323,0.866412,24.0,-0.16,21.0,24.0,7.65,24.0,-0.142,21.0,24.0,5.8,24.0,-0.105,21.0,24.0,3.44,24.0,-0.134,21.0,24.0,5.8,24.0,-0.128,21.0,24.0,3.44
1628,4615.4167,193,7.417,False,26.87,True,26.14,23.999,0.156,2.817997,1.167981,0.823427,0.003333,2106.9555,307.7,0.08,0.22544,0.867098,24.0,-0.156,21.0,24.0,7.65,24.0,-0.136,21.0,24.0,5.8,24.0,-0.096,21.0,24.0,3.44,24.0,-0.129,21.0,24.0,5.8,24.0,-0.122,21.0,24.0,3.44
1629,4615.5556,193,7.556,False,26.95,True,26.14,23.999,0.154,2.831919,1.181903,0.837349,0.436467,2109.7875,305.4,0.08,0.226554,0.864868,24.0,-0.154,21.0,24.0,7.65,24.0,-0.132,21.0,24.0,5.8,24.0,-0.088,21.0,24.0,3.44,24.0,-0.125,21.0,24.0,5.8,24.0,-0.116,21.0,24.0,3.44
1630,4615.7222,193,7.722,False,27.03,True,26.14,23.999,0.152,2.846675,1.196658,0.852104,0.003333,2112.6341,302.6,0.08,0.227734,0.861404,24.0,-0.152,21.0,24.0,7.65,24.0,-0.127,21.0,24.0,5.8,24.0,-0.079,21.0,24.0,3.44,24.0,-0.121,21.0,24.0,5.8,24.0,-0.111,21.0,24.0,3.44
1631,4615.8889,193,7.889,False,27.12,True,26.14,23.999,0.15,2.860467,1.210451,0.865897,0.003333,2115.4946,299.8,0.08,0.228837,0.857568,24.0,-0.15,21.0,24.0,7.65,24.0,-0.122,21.0,24.0,5.8,24.0,-0.07,21.0,24.0,3.44,24.0,-0.117,21.0,24.0,5.8,24.0,-0.106,21.0,24.0,3.44
1632,4616.0556,193,8.056,False,27.2,True,26.14,23.999,0.149,2.873517,1.223501,0.878947,0.003333,2118.3681,297.1,0.08,0.229881,0.853722,24.0,-0.149,21.0,24.0,7.65,24.0,-0.118,21.0,24.0,5.8,24.0,-0.062,21.0,24.0,3.44,24.0,-0.114,21.0,24.0,5.8,24.0,-0.102,21.0,24.0,3.44
1633,4616.2083,193,8.208,False,27.38,True,26.14,23.999,0.148,2.888013,1.237997,0.893443,0.003333,2121.2561,294.6,0.08,0.231041,0.850809,24.0,-0.148,21.0,24.0,7.65,24.0,-0.114,21.0,24.0,5.8,24.0,-0.054,21.0,24.0,3.44,24.0,-0.111,21.0,24.0,5.8,24.0,-0.098,21.0,24.0,3.44
1634,4616.375,193,8.375,False,27.57,True,26.14,23.999,0.147,2.902399,1.252383,0.907829,0.003333,2124.1585,292.0,0.08,0.232192,0.847501,24.0,-0.147,21.0,24.0,7.65,24.0,-0.11,21.0,24.0,5.8,24.0,-0.047,21.0,24.0,3.44,24.0,-0.108,21.0,24.0,5.8,24.0,-0.095,21.0,24.0,3.44
1635,4616.5417,193,8.542,False,27.75,True,26.14,23.999,0.146,2.916459,1.266443,0.921889,0.436474,2127.075,289.4,0.08,0.233317,0.844023,24.0,-0.146,21.0,24.0,7.65,24.0,-0.106,21.0,24.0,5.8,24.0,-0.04,21.0,24.0,3.44,24.0,-0.105,21.0,24.0,5.8,24.0,-0.091,21.0,24.0,3.44
1636,4616.7083,193,8.708,False,27.93,True,26.14,23.999,0.145,2.930832,1.280816,0.936262,0.003333,2130.0058,286.8,0.08,0.234467,0.840563,24.0,-0.145,21.0,24.0,7.65,24.0,-0.103,21.0,24.0,5.8,24.0,-0.029,21.0,24.0,3.44,24.0,-0.103,21.0,24.0,5.8,24.0,-0.088,21.0,24.0,3.44
1637,4616.875,193,8.875,False,28.12,True,26.14,23.999,0.145,2.943536,1.29352,0.948966,0.003333,2132.9494,284.3,0.08,0.235483,0.836847,24.0,-0.145,21.0,24.0,7.65,24.0,-0.1,21.0,24.0,5.8,24.0,-0.023,21.0,24.0,3.44,24.0,-0.101,21.0,24.0,5.8,24.0,-0.086,21.0,24.0,3.44
1638,4617.0417,193,9.042,False,28.3,True,26.14,23.999,0.145,2.955604,1.305588,0.961034,0.003333,2135.905,281.9,0.08,0.236448,0.833185,24.0,-0.145,21.0,24.0,7.65,24.0,-0.097,21.0,24.0,5.8,24.0,-0.018,21.0,24.0,3.44,24.0,-0.098,21.0,24.0,5.8,24.0,-0.084,21.0,24.0,3.44
1639,4617.2083,193,9.208,False,28.68,True,26.14,23.999,0.145,2.975403,1.325387,0.980832,0.003333,2138.8804,279.5,0.08,0.238032,0.831625,24.0,-0.145,21.0,24.0,7.65,24.0,-0.094,21.0,24.0,5.8,24.0,-0.013,21.0,24.0,3.44,24.0,-0.096,21.0,24.0,5.8,24.0,-0.081,21.0,24.0,3.44
1640,4617.375,193,9.375,False,29.07,True,26.14,23.999,0.144,2.995005,1.344989,1.000435,0.003333,2141.8754,277.2,0.08,0.2396,0.830215,24.0,-0.144,21.0,24.0,7.65,24.0,-0.09,21.0,24.0,5.8,24.0,-0.009,21.0,24.0,3.44,24.0,-0.093,21.0,24.0,5.8,24.0,-0.079,21.0,24.0,3.44
1641,4617.5333,193,9.533,False,29.45,True,26.14,23.999,0.144,3.013823,1.363807,1.019253,0.003333,2144.8892,275.1,0.08,0.241106,0.829103,24.0,-0.144,21.0,24.0,7.65,24.0,-0.087,21.0,24.0,5.8,24.0,-0.006,21.0,24.0,3.44,24.0,-0.091,21.0,24.0,5.8,24.0,-0.076,21.0,24.0,3.44
1642,4617.7,193,9.7,False,29.83,True,26.14,23.999,0.144,3.032066,1.38205,1.037496,0.436477,2147.9213,272.9,0.08,0.242565,0.827451,24.0,-0.144,21.0,24.0,7.65,24.0,-0.084,21.0,24.0,5.8,24.0,-0.003,21.0,24.0,3.44,24.0,-0.088,21.0,24.0,5.8,24.0,-0.074,21.0,24.0,3.44
1643,4617.8667,193,9.867,False,30.22,True,26.14,23.999,0.145,3.049773,1.399757,1.055203,0.003333,2150.971,270.9,0.08,0.243982,0.826184,24.0,-0.145,21.0,24.0,7.65,24.0,-0.082,21.0,24.0,5.8,24.0,-0.002,21.0,24.0,3.44,24.0,-0.086,21.0,24.0,5.8,24.0,-0.072,21.0,24.0,3.44
1644,4618.0333,193,10.033,False,30.6,True,26.14,23.999,0.145,3.067004,1.416988,1.072434,0.003333,2154.038,269.0,0.08,0.24536,0.825024,24.0,-0.145,21.0,24.0,7.65,24.0,-0.079,21.0,24.0,5.8,24.0,-0.002,21.0,24.0,3.44,24.0,-0.084,21.0,24.0,5.8,24.0,-0.07,21.0,24.0,3.44
1645,4618.2,193,10.2,False,30.87,True,26.14,23.999,0.146,3.077117,1.4271,1.082546,0.003333,2157.1152,267.1,0.08,0.246169,0.821898,24.0,-0.146,21.0,24.0,7.65,24.0,-0.078,21.0,24.0,5.8,24.0,0.0,21.0,24.0,3.44,24.0,-0.083,21.0,24.0,5.8,24.0,-0.07,21.0,24.0,3.44
1646,4618.3667,193,10.367,False,31.13,True,26.14,23.999,0.146,3.086499,1.436483,1.091929,0.003333,2160.2017,265.4,0.08,0.24692,0.819157,24.0,-0.146,21.0,24.0,7.65,24.0,-0.076,21.0,24.0,5.8,24.0,-0.002,21.0,24.0,3.44,24.0,-0.082,21.0,24.0,5.8,24.0,-0.069,21.0,24.0,3.44
1647,4618.5333,193,10.533,False,31.4,True,26.14,23.999,0.147,3.094769,1.444753,1.100199,0.003333,2163.2964,263.8,0.08,0.247582,0.8164,24.0,-0.147,21.0,24.0,7.65,24.0,-0.075,21.0,24.0,5.8,24.0,-0.005,21.0,24.0,3.44,24.0,-0.081,21.0,24.0,5.8,24.0,-0.068,21.0,24.0,3.44
1648,4618.7,193,10.7,False,31.67,True,26.14,23.999,0.148,3.101947,1.451931,1.107377,0.436491,2166.3984,262.4,0.08,0.248156,0.813951,24.0,-0.148,21.0,24.0,7.65,24.0,-0.074,21.0,24.0,5.8,24.0,-0.01,21.0,24.0,3.44,24.0,-0.081,21.0,24.0,5.8,24.0,-0.068,21.0,24.0,3.44
1649,4618.8667,193,10.867,False,31.93,True,26.14,23.999,0.15,3.108263,1.458246,1.113692,0.003333,2169.5066,261.0,0.08,0.248661,0.811257,24.0,-0.15,21.0,24.0,7.65,24.0,-0.073,21.0,24.0,5.8,24.0,-0.015,21.0,24.0,3.44,24.0,-0.081,21.0,24.0,5.8,24.0,-0.068,21.0,24.0,3.44
1650,4619.0417,193,11.042,False,32.2,True,26.14,23.999,0.151,3.114115,1.464099,1.119545,0.003333,2172.6208,259.8,0.08,0.249129,0.809047,24.0,-0.151,21.0,24.0,7.65,24.0,-0.072,21.0,24.0,5.8,24.0,-0.022,21.0,24.0,3.44,24.0,-0.08,21.0,24.0,5.8,24.0,-0.068,21.0,24.0,3.44
1651,4619.2083,193,11.208,False,31.93,True,13.76,24.0,0.156,2.951032,1.392684,1.04813,0.003333,2175.5718,258.9,0.08,0.236083,0.764022,24.0,-0.156,21.0,24.0,4.03,24.0,-0.076,21.0,24.0,3.05,24.0,-0.033,21.0,24.0,1.81,24.0,-0.085,21.0,24.0,3.05,24.0,-0.073,21.0,24.0,1.81
1652,4619.3889,193,11.389,False,31.67,True,13.76,23.999,0.158,2.933063,1.374714,1.03016,0.003333,2178.5048,258.0,0.08,0.234645,0.75673,24.0,-0.158,21.0,24.0,4.03,24.0,-0.078,21.0,24.0,3.05,24.0,-0.043,21.0,24.0,1.81,24.0,-0.087,21.0,24.0,3.05,24.0,-0.075,21.0,24.0,1.81
1653,4619.5556,193,11.556,False,31.4,True,13.76,23.999,0.16,2.916515,1.358167,1.013613,0.436495,2181.4214,257.4,0.08,0.233321,0.750711,24.0,-0.16,21.0,24.0,4.03,24.0,-0.079,21.0,24.0,3.05,24.0,-0.051,21.0,24.0,1.81,24.0,-0.088,21.0,24.0,3.05,24.0,-0.076,21.0,24.0,1.81
1654,4619.75,193,11.75,False,31.13,True,13.76,23.999,0.161,2.901078,1.34273,0.998176,0.003333,2184.3224,257.0,0.08,0.232086,0.745577,24.0,-0.161,21.0,24.0,4.03,24.0,-0.082,21.0,24.0,3.05,24.0,-0.055,21.0,24.0,1.81,24.0,-0.091,21.0,24.0,3.05,24.0,-0.079,21.0,24.0,1.81
1655,4619.8333,193,11.833,False,30.87,True,13.76,23.999,0.163,2.889787,1.331439,0.986885,0.003333,2187.2122,256.9,0.08,0.231183,0.742386,24.0,-0.163,21.0,24.0,4.03,24.0,-0.081,21.0,24.0,3.05,24.0,-0.056,21.0,24.0,1.81,24.0,-0.091,21.0,24.0,3.05,24.0,-0.078,21.0,24.0,1.81
1656,4620.0,193,12.0,False,30.6,True,13.76,23.999,0.164,2.876119,1.317771,0.973217,0.003333,2190.0883,257.0,0.08,0.23009,0.739163,24.0,-0.164,21.0,24.0,4.03,24.0,-0.083,21.0,24.0,3.05,24.0,-0.059,21.0,24.0,1.81,24.0,-0.092,21.0,24.0,3.05,24.0,-0.08,21.0,24.0,1.81
1657,4620.25,193,12.25,False,30.03,True,26.14,23.999,0.163,2.985061,1.335044,0.99049,0.003333,2193.0734,257.5,0.08,0.238805,0.768653,24.0,-0.163,21.0,24.0,7.65,24.0,-0.084,21.0,24.0,5.8,24.0,-0.061,21.0,24.0,3.44,24.0,-0.093,21.0,24.0,5.8,24.0,-0.081,21.0,24.0,3.44
1658,4620.3889,193,12.389,False,29.47,True,26.14,23.999,0.166,2.954064,1.304048,0.959494,0.436491,2196.0275,258.1,0.08,0.236325,0.762444,24.0,-0.166,21.0,24.0,7.65,24.0,-0.085,21.0,24.0,5.8,24.0,-0.063,21.0,24.0,3.44,24.0,-0.095,21.0,24.0,5.8,24.0,-0.083,21.0,24.0,3.44
1659,4620.5556,193,12.556,False,28.9,True,26.14,23.999,0.171,2.919427,1.269411,0.924857,0.003333,2198.9469,259.1,0.08,0.233554,0.756424,24.0,-0.171,21.0,24.0,7.65,24.0,-0.09,21.0,24.0,5.8,24.0,-0.069,21.0,24.0,3.44,24.0,-0.099,21.0,24.0,5.8,24.0,-0.088,21.0,24.0,3.44
1660,4620.7222,193,12.722,False,28.33,True,26.14,23.999,0.176,2.881983,1.231967,0.887413,0.003333,2201.8289,260.4,0.08,0.230559,0.750468,24.0,-0.176,21.0,24.0,7.65,24.0,-0.097,21.0,24.0,5.8,24.0,-0.076,21.0,24.0,3.44,24.0,-0.107,21.0,24.0,5.8,24.0,-0.096,21.0,24.0,3.44
1661,4620.8889,193,12.889,False,27.77,True,26.14,23.999,0.183,2.844199,1.194183,0.849629,0.003333,2204.6731,262.1,0.08,0.227536,0.745465,24.0,-0.183,21.0,24.0,7.65,24.0,-0.106,21.0,24.0,5.8,24.0,-0.085,21.0,24.0,3.44,24.0,-0.115,21.0,24.0,5.8,24.0,-0.104,21.0,24.0,3.44
1662,4621.0417,193,13.042,False,27.2,True,26.14,23.999,0.189,2.803756,1.15374,0.809186,0.003333,2207.4768,264.1,0.08,0.224301,0.740472,24.0,-0.189,21.0,24.0,7.65,24.0,-0.117,21.0,24.0,5.8,24.0,-0.097,21.0,24.0,3.44,24.0,-0.126,21.0,24.0,5.8,24.0,-0.116,21.0,24.0,3.44
1663,4621.2222,193,13.222,False,27.57,True,26.14,23.999,0.193,2.811535,1.161519,0.816965,0.003333,2210.2884,266.8,0.08,0.224923,0.750117,24.0,-0.193,21.0,24.0,7.65,24.0,-0.122,21.0,24.0,5.8,24.0,-0.101,21.0,24.0,3.44,24.0,-0.13,21.0,24.0,5.8,24.0,-0.12,21.0,24.0,3.44
1664,4621.4167,193,13.417,False,27.93,True,26.14,23.999,0.197,2.821495,1.171479,0.826925,0.436464,2213.1099,270.2,0.08,0.22572,0.762368,24.0,-0.197,21.0,24.0,7.65,24.0,-0.125,21.0,24.0,5.8,24.0,-0.104,21.0,24.0,3.44,24.0,-0.132,21.0,24.0,5.8,24.0,-0.123,21.0,24.0,3.44
1665,4621.5833,193,13.583,False,28.3,True,26.14,23.999,0.198,2.831026,1.18101,0.836456,0.003333,2215.9409,273.8,0.08,0.226482,0.775135,24.0,-0.198,21.0,24.0,7.65,24.0,-0.129,21.0,24.0,5.8,24.0,-0.108,21.0,24.0,3.44,24.0,-0.135,21.0,24.0,5.8,24.0,-0.126,21.0,24.0,3.44
1666,4621.6667,193,13.667,False,28.67,True,26.14,23.999,0.198,2.8463,1.196284,0.851729,0.003333,2218.7872,275.7,0.08,0.227704,0.784725,24.0,-0.198,21.0,24.0,7.65,24.0,-0.128,21.0,24.0,5.8,24.0,-0.107,21.0,24.0,3.44,24.0,-0.134,21.0,24.0,5.8,24.0,-0.125,21.0,24.0,3.44
1667,4621.8333,193,13.833,False,29.03,True,26.14,23.999,0.197,2.865234,1.215218,0.870664,0.003333,2221.6524,280.0,0.08,0.229219,0.802266,24.0,-0.197,21.0,24.0,7.65,24.0,-0.125,21.0,24.0,5.8,24.0,-0.105,21.0,24.0,3.44,24.0,-0.132,21.0,24.0,5.8,24.0,-0.121,21.0,24.0,3.44
1668,4622.0,193,14.0,False,29.4,True,26.14,23.999,0.195,2.886675,1.236659,0.892105,0.003333,2224.5391,284.8,0.08,0.230934,0.822125,24.0,-0.195,21.0,24.0,7.65,24.0,-0.122,21.0,24.0,5.8,24.0,-0.102,21.0,24.0,3.44,24.0,-0.129,21.0,24.0,5.8,24.0,-0.114,21.0,24.0,3.44
1669,4622.1667,193,14.167,False,28.85,True,26.14,23.999,0.193,2.869505,1.219488,0.874934,0.003333,2227.4086,290.1,0.08,0.22956,0.832443,24.0,-0.193,21.0,24.0,7.65,24.0,-0.122,21.0,24.0,5.8,24.0,-0.102,21.0,24.0,3.44,24.0,-0.129,21.0,24.0,5.8,24.0,-0.109,21.0,24.0,3.44
1670,4622.3333,193,14.333,False,28.3,True,26.14,23.999,0.192,2.851278,1.201262,0.856707,0.003333,2230.2599,296.0,0.08,0.228102,0.843978,24.0,-0.192,21.0,24.0,7.65,24.0,-0.123,21.0,24.0,5.8,24.0,-0.103,21.0,24.0,3.44,24.0,-0.129,21.0,24.0,5.8,24.0,-0.104,21.0,24.0,3.44
1671,4622.5,193,14.5,False,27.75,True,26.14,23.999,0.191,2.832412,1.182396,0.837842,0.436457,2233.0923,302.5,0.08,0.226593,0.856805,24.0,-0.191,21.0,24.0,7.65,24.0,-0.124,21.0,24.0,5.8,24.0,-0.104,21.0,24.0,3.44,24.0,-0.13,21.0,24.0,5.8,24.0,-0.1,21.0,24.0,3.44
1672,4622.6667,193,14.667,False,27.2,True,26.14,23.999,0.191,2.813732,1.163716,0.819162,0.003333,2235.906,309.6,0.08,0.225099,0.871131,24.0,-0.191,21.0,24.0,7.65,24.0,-0.125,21.0,24.0,5.8,24.0,-0.105,21.0,24.0,3.44,24.0,-0.131,21.0,24.0,5.8,24.0,-0.096,21.0,24.0,3.44
1673,4622.8333,193,14.833,False,26.65,True,26.14,23.999,0.191,2.794922,1.144906,0.800352,0.003333,2238.7009,317.3,0.08,0.223594,0.886829,24.0,-0.191,21.0,24.0,7.65,24.0,-0.126,21.0,24.0,5.8,24.0,-0.106,21.0,24.0,3.44,24.0,-0.131,21.0,24.0,5.8,24.0,-0.092,21.0,24.0,3.44
1674,4623.0833,193,15.083,False,26.1,True,26.14,23.999,0.191,2.775851,1.125835,0.781281,0.003333,2241.4768,329.9,0.08,0.222068,0.915753,24.0,-0.191,21.0,24.0,7.65,24.0,-0.126,21.0,24.0,5.8,24.0,-0.106,21.0,24.0,3.44,24.0,-0.132,21.0,24.0,5.8,24.0,-0.092,21.0,24.0,3.44
1675,4623.25,193,15.25,False,26.2,True,26.14,23.999,0.191,2.782605,1.132589,0.788035,0.003333,2244.2594,339.0,0.08,0.222608,0.943303,24.0,-0.191,21.0,24.0,7.65,24.0,-0.125,21.0,24.0,5.8,24.0,-0.105,21.0,24.0,3.44,24.0,-0.131,21.0,24.0,5.8,24.0,-0.088,21.0,24.0,3.44
1676,4623.4167,193,15.417,False,26.3,True,26.14,23.999,0.189,2.79032,1.140304,0.79575,0.003333,2247.0497,348.6,0.08,0.223226,0.972706,24.0,-0.189,21.0,24.0,7.65,24.0,-0.124,21.0,24.0,5.8,24.0,-0.104,21.0,24.0,3.44,24.0,-0.129,21.0,24.0,5.8,24.0,-0.084,21.0,24.0,3.44
1677,4623.5833,193,15.583,False,26.4,True,26.14,23.999,0.187,2.797822,1.147806,0.803251,0.436463,2249.8475,358.8,0.08,0.223826,1.003858,24.0,-0.187,21.0,24.0,7.65,24.0,-0.121,21.0,24.0,5.8,24.0,-0.102,21.0,24.0,3.44,24.0,-0.127,21.0,24.0,5.8,24.0,-0.084,21.0,24.0,3.44
1678,4623.6667,193,15.667,False,26.5,True,26.14,23.999,0.185,2.806582,1.156566,0.812012,0.003333,2252.6541,364.0,0.08,0.224527,1.021596,24.0,-0.185,21.0,24.0,7.65,24.0,-0.12,21.0,24.0,5.8,24.0,-0.101,21.0,24.0,3.44,24.0,-0.126,21.0,24.0,5.8,24.0,-0.074,21.0,24.0,3.44
1679,4623.8333,193,15.833,False,26.6,True,26.14,23.999,0.183,2.81526,1.165244,0.82069,0.003333,2255.4694,374.8,0.08,0.225221,1.055159,24.0,-0.183,21.0,24.0,7.65,24.0,-0.119,21.0,24.0,5.8,24.0,-0.099,21.0,24.0,3.44,24.0,-0.124,21.0,24.0,5.8,24.0,-0.068,21.0,24.0,3.44
1680,4624.0,193,16.0,False,26.7,True,26.14,23.999,0.181,2.823856,1.17384,0.829285,0.003333,2258.2932,386.0,0.34,0.960111,1.090008,24.0,-0.181,21.0,24.0,7.65,24.0,-0.117,21.0,24.0,5.8,24.0,-0.098,21.0,24.0,3.44,24.0,-0.123,21.0,24.0,5.8,24.0,-0.063,21.0,24.0,3.44
1681,4624.25,193,16.25,False,26.42,True,8.25,24.0,0.198,1.946993,1.030317,0.685763,0.003333,2260.2402,403.4,0.34,0.661977,0.785417,24.0,-0.198,21.0,24.0,2.42,24.0,-0.134,21.0,24.0,1.83,24.0,-0.114,21.0,24.0,1.09,24.0,-0.139,21.0,24.0,1.83,24.0,-0.075,21.0,24.0,1.09
1682,4624.4167,193,16.417,False,26.13,True,8.25,24.0,0.201,1.925549,1.008873,0.664319,0.003333,2262.1658,415.2,0.34,0.654687,0.799488,24.0,-0.201,21.0,24.0,2.42,24.0,-0.138,21.0,24.0,1.83,24.0,-0.119,21.0,24.0,1.09,24.0,-0.143,21.0,24.0,1.83,24.0,-0.076,21.0,24.0,1.09
1683,4624.5833,193,16.583,False,25.85,True,8.25,24.0,0.202,1.911996,0.99532,0.650766,0.436441,2264.0778,427.2,0.34,0.650079,0.816805,24.0,-0.202,21.0,24.0,2.42,24.0,-0.141,21.0,24.0,1.83,24.0,-0.122,21.0,24.0,1.09,24.0,-0.146,21.0,24.0,1.83,24.0,-0.076,21.0,24.0,1.09
1684,4624.75,193,16.75,False,25.57,True,8.25,24.0,0.203,1.895621,0.978945,0.634391,0.003333,2265.9734,439.2,0.34,0.644511,0.832557,24.0,-0.203,21.0,24.0,2.42,24.0,-0.145,21.0,24.0,1.83,24.0,-0.127,21.0,24.0,1.09,24.0,-0.15,21.0,24.0,1.83,24.0,-0.084,21.0,24.0,1.09
1685,4624.8889,193,16.889,False,25.28,True,8.25,24.0,0.202,1.877839,0.961164,0.61661,0.003333,2267.8512,449.1,0.34,0.638465,0.843338,24.0,-0.202,21.0,24.0,2.42,24.0,-0.15,21.0,24.0,1.83,24.0,-0.131,21.0,24.0,1.09,24.0,-0.153,21.0,24.0,1.83,24.0,-0.098,21.0,24.0,1.09
1686,4625.0556,193,17.056,False,25.0,True,8.25,24.0,0.201,1.860771,0.944095,0.599541,0.003333,2269.712,460.9,0.34,0.632662,0.857629,24.0,-0.201,21.0,24.0,2.42,24.0,-0.154,21.0,24.0,1.83,24.0,-0.135,21.0,24.0,1.09,24.0,-0.156,21.0,24.0,1.83,24.0,-0.109,21.0,24.0,1.09
1687,4625.2222,193,17.222,False,25.1,True,2.75,24.0,0.208,1.535498,0.893825,0.549271,0.003333,2271.2475,472.5,0.34,0.522069,0.725523,24.0,-0.208,21.0,24.0,0.81,24.0,-0.164,21.0,24.0,0.61,24.0,-0.145,21.0,24.0,0.36,24.0,-0.165,21.0,24.0,0.61,24.0,-0.127,21.0,24.0,0.36
1688,4625.375,193,17.375,False,25.2,True,2.75,24.0,0.21,1.523684,0.882011,0.537457,0.003333,2272.7712,482.7,0.34,0.518053,0.735482,24.0,-0.21,21.0,24.0,0.81,24.0,-0.17,21.0,24.0,0.61,24.0,-0.151,21.0,24.0,0.36,24.0,-0.17,21.0,24.0,0.61,24.0,-0.141,21.0,24.0,0.36
1689,4625.5417,193,17.542,False,25.3,True,2.75,24.0,0.211,1.513395,0.871722,0.527168,0.003333,2274.2846,493.5,0.34,0.514554,0.746861,24.0,-0.211,21.0,24.0,0.81,24.0,-0.176,21.0,24.0,0.61,24.0,-0.157,21.0,24.0,0.36,24.0,-0.176,21.0,24.0,0.61,24.0,-0.156,21.0,24.0,0.36
1690,4625.7083,193,17.708,False,25.4,True,2.75,24.0,0.212,1.508474,0.866801,0.522247,0.003333,2275.7931,503.7,0.34,0.512881,0.759818,24.0,-0.212,21.0,24.0,0.81,24.0,-0.178,21.0,24.0,0.61,24.0,-0.16,21.0,24.0,0.36,24.0,-0.178,21.0,24.0,0.61,24.0,-0.161,21.0,24.0,0.36
1691,4625.8889,193,17.889,False,25.5,True,2.75,24.0,0.212,1.505283,0.86361,0.519056,0.43644,2277.2983,514.1,0.34,0.511796,0.773866,24.0,-0.212,21.0,24.0,0.81,24.0,-0.18,21.0,24.0,0.61,24.0,-0.162,21.0,24.0,0.36,24.0,-0.18,21.0,24.0,0.61,24.0,-0.166,21.0,24.0,0.36
1692,4626.0556,193,18.056,False,25.6,True,2.75,24.0,0.213,1.503226,0.861553,0.516999,0.003333,2278.8016,522.8,0.34,0.511097,0.785887,24.0,-0.213,21.0,24.0,0.81,24.0,-0.182,21.0,24.0,0.61,24.0,-0.165,21.0,24.0,0.36,24.0,-0.181,21.0,24.0,0.61,24.0,-0.169,21.0,24.0,0.36
1693,4626.2222,193,18.222,False,25.22,True,2.75,24.0,0.213,1.486186,0.844513,0.499959,0.003333,2280.2878,530.8,0.34,0.505303,0.788867,24.0,-0.213,21.0,24.0,0.81,24.0,-0.185,21.0,24.0,0.61,24.0,-0.168,21.0,24.0,0.36,24.0,-0.184,21.0,24.0,0.61,24.0,-0.173,21.0,24.0,0.36
1694,4626.3889,193,18.389,False,24.83,True,2.75,24.0,0.214,1.469589,0.827916,0.483362,0.003333,2281.7573,537.9,0.34,0.49966,0.790492,24.0,-0.214,21.0,24.0,0.81,24.0,-0.187,21.0,24.0,0.61,24.0,-0.17,21.0,24.0,0.36,24.0,-0.186,21.0,24.0,0.61,24.0,-0.176,21.0,24.0,0.36
1695,4626.5556,193,18.556,False,24.45,True,2.75,24.0,0.214,1.453596,0.811924,0.467369,0.003333,2283.2109,544.0,0.34,0.494223,0.790756,24.0,-0.214,21.0,24.0,0.81,24.0,-0.19,21.0,24.0,0.61,24.0,-0.173,21.0,24.0,0.36,24.0,-0.188,21.0,24.0,0.61,24.0,-0.179,21.0,24.0,0.36
1696,4626.7222,193,18.722,False,24.07,True,2.75,24.0,0.214,1.438134,0.796461,0.451907,0.003333,2284.6491,549.1,0.34,0.488966,0.78968,24.0,-0.214,21.0,24.0,0.81,24.0,-0.192,21.0,24.0,0.61,24.0,-0.176,21.0,24.0,0.36,24.0,-0.19,21.0,24.0,0.61,24.0,-0.181,21.0,24.0,0.36
1697,4626.8889,193,18.889,False,23.68,True,2.75,24.0,0.213,1.423035,0.781362,0.436808,0.003333,2286.0721,553.1,0.34,0.483832,0.787081,24.0,-0.213,21.0,24.0,0.81,24.0,-0.194,21.0,24.0,0.61,24.0,-0.178,21.0,24.0,0.36,24.0,-0.191,21.0,24.0,0.61,24.0,-0.184,21.0,24.0,0.36
1698,4627.0556,193,19.056,False,23.3,True,2.75,24.0,0.213,1.408302,0.766629,0.422075,0.003333,2287.4804,556.1,0.34,0.478823,0.783157,24.0,-0.213,21.0,24.0,0.81,24.0,-0.196,21.0,24.0,0.61,24.0,-0.18,21.0,24.0,0.36,24.0,-0.193,21.0,24.0,0.61,24.0,-0.186,21.0,24.0,0.36
1699,4627.2222,193,19.222,False,23.3,True,1.38,24.0,0.0,1.303468,0.753462,0.408908,0.436433,2288.7839,558.1,0.34,0.443179,0.727465,24.0,-0.216,21.0,24.0,0.4,24.0,-0.2,21.0,24.0,0.31,24.0,-0.185,21.0,24.0,0.18,24.0,-0.196,21.0,24.0,0.31,24.0,-0.19,21.0,24.0,0.18
1700,4627.4167,193,19.417,False,23.3,True,1.38,24.0,0.0,1.298581,0.748575,0.404021,0.003333,2290.0825,559.0,0.34,0.441517,0.725907,24.0,-0.216,21.0,24.0,0.4,24.0,-0.202,21.0,24.0,0.31,24.0,-0.187,21.0,24.0,0.18,24.0,-0.198,21.0,24.0,0.31,24.0,-0.191,21.0,24.0,0.18
1701,4627.5833,193,19.583,False,23.3,True,1.38,24.0,0.0,1.293672,0.743666,0.399112,0.003333,2291.3761,558.6,0.34,0.439848,0.722645,24.0,-0.217,21.0,24.0,0.4,24.0,-0.204,21.0,24.0,0.31,24.0,-0.19,21.0,24.0,0.18,24.0,-0.201,21.0,24.0,0.31,24.0,-0.195,21.0,24.0,0.18
1702,4627.75,193,19.75,False,23.3,True,1.38,24.0,0.0,1.290215,0.740209,0.395655,0.003333,2292.6663,557.3,0.34,0.438673,0.719037,24.0,-0.217,21.0,24.0,0.4,24.0,-0.206,21.0,24.0,0.31,24.0,-0.192,21.0,24.0,0.18,24.0,-0.202,21.0,24.0,0.31,24.0,-0.197,21.0,24.0,0.18
1703,4627.9167,193,19.917,False,23.3,True,1.38,24.0,0.0,1.287417,0.737412,0.392858,0.003333,2293.9538,555.0,0.34,0.437722,0.714517,24.0,-0.217,21.0,24.0,0.4,24.0,-0.206,21.0,24.0,0.31,24.0,-0.193,21.0,24.0,0.18,24.0,-0.203,21.0,24.0,0.31,24.0,-0.198,21.0,24.0,0.18
1704,4628.0833,193,20.083,False,23.3,True,1.38,24.0,0.0,1.284944,0.734939,0.390385,0.003333,2295.2387,551.8,0.34,0.436881,0.709032,24.0,-0.218,21.0,24.0,0.4,24.0,-0.207,21.0,24.0,0.31,24.0,-0.194,21.0,24.0,0.18,24.0,-0.203,21.0,24.0,0.31,24.0,-0.2,21.0,24.0,0.18
1705,4628.25,193,20.25,False,23.4,True,1.38,24.0,0.0,1.285765,0.73576,0.391206,0.003333,2296.5245,547.8,0.34,0.43716,0.704342,24.0,-0.218,21.0,24.0,0.4,24.0,-0.208,21.0,24.0,0.31,24.0,-0.195,21.0,24.0,0.18,24.0,-0.204,21.0,24.0,0.31,24.0,-0.2,21.0,24.0,0.18
1706,4628.4167,193,20.417,False,23.5,True,1.38,24.0,0.0,1.286466,0.736461,0.391907,0.003333,2297.8109,543.0,0.34,0.437399,0.698551,24.0,-0.219,21.0,24.0,0.4,24.0,-0.208,21.0,24.0,0.31,24.0,-0.196,21.0,24.0,0.18,24.0,-0.204,21.0,24.0,0.31,24.0,-0.201,21.0,24.0,0.18
1707,4628.5,193,20.5,False,23.6,True,1.38,24.0,0.0,1.287496,0.73749,0.392936,0.436408,2299.0984,540.4,0.34,0.437749,0.695763,24.0,-0.22,21.0,24.0,0.4,24.0,-0.209,21.0,24.0,0.31,24.0,-0.197,21.0,24.0,0.18,24.0,-0.205,21.0,24.0,0.31,24.0,-0.202,21.0,24.0,0.18
1708,4628.6667,193,20.667,False,23.7,True,1.38,24.0,0.0,1.288615,0.738609,0.394055,0.003333,2300.3871,534.7,0.34,0.438129,0.689022,24.0,-0.221,21.0,24.0,0.4,24.0,-0.209,21.0,24.0,0.31,24.0,-0.198,21.0,24.0,0.18,24.0,-0.206,21.0,24.0,0.31,24.0,-0.203,21.0,24.0,0.18
1709,4628.8333,193,20.833,False,23.8,True,1.38,24.0,0.0,1.2898,0.739795,0.395241,0.003333,2301.6769,528.4,0.34,0.438532,0.68153,24.0,-0.222,21.0,24.0,0.4,24.0,-0.21,21.0,24.0,0.31,24.0,-0.199,21.0,24.0,0.18,24.0,-0.206,21.0,24.0,0.31,24.0,-0.204,21.0,24.0,0.18
1710,4629.0,193,21.0,False,23.9,True,1.38,24.0,0.0,1.291034,0.741028,0.396474,0.003333,2302.9679,521.8,0.08,0.103283,0.673661,24.0,-0.223,21.0,24.0,0.4,24.0,-0.211,21.0,24.0,0.31,24.0,-0.2,21.0,24.0,0.18,24.0,-0.207,21.0,24.0,0.31,24.0,-0.204,21.0,24.0,0.18
1711,4629.2083,193,21.208,False,23.98,True,1.38,24.65,0.0,0.458338,0.0,0.0,0.003333,2303.4262,512.9,0.08,0.036667,0.235081,24.48,-0.152,15.6,26.7,0.4,24.64,-0.117,15.6,26.7,0.31,24.75,-0.09,15.6,26.7,0.18,24.65,-0.112,15.6,26.7,0.31,24.74,-0.095,15.6,26.7,0.18
1712,4629.4167,193,21.417,False,24.07,True,1.38,25.194,0.0,0.458338,0.0,0.0,0.003333,2303.8846,503.8,0.08,0.036667,0.230911,24.92,-0.06,15.6,26.7,0.4,25.18,-0.007,15.6,26.7,0.31,25.34,0.035,15.6,26.7,0.18,25.2,0.0,15.6,26.7,0.31,25.33,0.028,15.6,26.7,0.18
1713,4629.5,193,21.5,False,24.15,True,1.38,25.45,0.0,0.458338,0.0,0.0,0.003333,2304.3429,500.0,0.08,0.036667,0.229169,25.15,-0.007,15.6,26.7,0.4,25.43,0.052,15.6,26.7,0.31,25.61,0.099,15.6,26.7,0.18,25.46,0.06,15.6,26.7,0.31,25.59,0.092,15.6,26.7,0.18
1714,4629.6667,193,21.667,False,24.23,True,1.38,25.551,0.0,0.458338,0.0,0.0,0.003333,2304.8012,492.5,0.08,0.036667,0.225731,25.25,0.023,15.6,26.7,0.4,25.53,0.084,15.6,26.7,0.31,25.71,0.133,15.6,26.7,0.18,25.56,0.092,15.6,26.7,0.31,25.7,0.127,15.6,26.7,0.18
1715,4629.8333,193,21.833,False,24.32,True,1.38,25.619,0.0,0.458338,0.0,0.0,0.003333,2305.2596,485.0,0.08,0.036667,0.222294,25.31,0.046,15.6,26.7,0.4,25.6,0.109,15.6,26.7,0.31,25.78,0.161,15.6,26.7,0.18,25.63,0.117,15.6,26.7,0.31,25.77,0.155,15.6,26.7,0.18
1716,4630.0,193,22.0,False,24.4,True,1.38,25.671,0.0,0.458338,0.0,0.0,0.436399,2305.7179,477.6,0.08,0.036667,0.218902,25.36,0.066,15.6,26.7,0.4,25.65,0.13,15.6,26.7,0.31,25.84,0.186,15.6,26.7,0.18,25.68,0.139,15.6,26.7,0.31,25.82,0.179,15.6,26.7,0.18
1717,4630.1667,193,22.167,False,24.22,True,1.38,25.691,0.0,0.412504,0.0,0.0,0.003333,2306.1304,470.3,0.08,0.033,0.194001,25.37,0.079,15.6,26.7,0.4,25.67,0.142,15.6,26.7,0.31,25.86,0.201,15.6,26.7,0.18,25.7,0.152,15.6,26.7,0.31,25.85,0.194,15.6,26.7,0.18
1718,4630.3333,193,22.333,False,24.03,True,1.38,25.704,0.0,0.412504,0.0,0.0,0.003333,2306.5429,463.2,0.08,0.033,0.191072,25.38,0.089,15.6,26.7,0.4,25.68,0.153,15.6,26.7,0.31,25.88,0.214,15.6,26.7,0.18,25.71,0.163,15.6,26.7,0.31,25.86,0.207,15.6,26.7,0.18
1719,4630.5,193,22.5,False,23.85,True,1.38,25.712,0.0,0.412504,0.0,0.0,0.003333,2306.9554,456.4,0.08,0.033,0.188267,25.39,0.098,15.6,26.7,0.4,25.69,0.161,15.6,26.7,0.31,25.89,0.225,15.6,26.7,0.18,25.72,0.172,15.6,26.7,0.31,25.87,0.218,15.6,26.7,0.18
1720,4630.6667,193,22.667,False,23.67,True,1.38,25.717,0.0,0.412504,0.0,0.0,0.003333,2307.3679,449.8,0.08,0.033,0.185544,25.39,0.106,15.6,26.7,0.4,25.69,0.168,15.6,26.7,0.31,25.9,0.234,15.6,26.7,0.18,25.73,0.18,15.6,26.7,0.31,25.88,0.228,15.6,26.7,0.18
1721,4630.8333,193,22.833,False,23.48,True,1.38,25.718,0.0,0.412504,0.0,0.0,0.003333,2307.7804,443.6,0.08,0.033,0.182987,25.39,0.112,15.6,26.7,0.4,25.69,0.174,15.6,26.7,0.31,25.9,0.241,15.6,26.7,0.18,25.73,0.186,15.6,26.7,0.31,25.88,0.235,15.6,26.7,0.18
1722,4631.0,193,23.0,False,23.3,True,1.38,25.715,0.0,0.412504,0.0,0.0,0.003333,2308.1929,437.7,0.08,0.033,0.180553,25.39,0.118,15.6,26.7,0.4,25.68,0.178,15.6,26.7,0.31,25.9,0.247,15.6,26.7,0.18,25.73,0.191,15.6,26.7,0.31,25.88,0.241,15.6,26.7,0.18
1723,4631.1667,193,23.167,False,23.3,False,0.0,25.707,0.0,0.412504,0.0,0.0,0.003333,2308.6054,432.2,0.08,0.033,0.178284,25.38,0.12,15.6,26.7,0.0,25.67,0.181,15.6,26.7,0.0,25.89,0.252,15.6,26.7,0.0,25.72,0.195,15.6,26.7,0.0,25.88,0.246,15.6,26.7,0.0
1724,4631.3333,193,23.333,False,23.3,False,0.0,25.709,0.0,0.412504,0.0,0.0,0.003333,2309.0179,427.0,0.08,0.033,0.176139,25.38,0.124,15.6,26.7,0.0,25.67,0.186,15.6,26.7,0.0,25.9,0.258,15.6,26.7,0.0,25.72,0.2,15.6,26.7,0.0,25.88,0.252,15.6,26.7,0.0
1725,4631.5,193,23.5,False,23.3,False,0.0,25.714,0.0,0.412504,0.0,0.0,0.436389,2309.4304,422.2,0.08,0.033,0.174159,25.38,0.129,15.6,26.7,0.0,25.68,0.19,15.6,26.7,0.0,25.9,0.264,15.6,26.7,0.0,25.72,0.205,15.6,26.7,0.0,25.89,0.258,15.6,26.7,0.0
1726,4631.6667,193,23.667,False,23.3,False,0.0,25.718,0.0,0.412504,0.0,0.0,0.003333,2309.843,417.7,0.08,0.033,0.172303,25.38,0.133,15.6,26.7,0.0,25.68,0.195,15.6,26.7,0.0,25.91,0.269,15.6,26.7,0.0,25.73,0.21,15.6,26.7,0.0,25.89,0.263,15.6,26.7,0.0
1727,4631.8333,193,23.833,False,23.3,False,0.0,25.723,0.0,0.412504,0.0,0.0,0.003333,2310.2555,413.6,0.08,0.033,0.170612,25.39,0.137,15.6,26.7,0.0,25.68,0.199,15.6,26.7,0.0,25.91,0.275,15.6,26.7,0.0,25.73,0.215,15.6,26.7,0.0,25.9,0.268,15.6,26.7,0.0
1728,4632.0,193,24.0,False,23.3,False,0.0,25.727,0.0,0.412504,0.0,0.0,0.003333,2310.668,409.8,0.08,0.033,0.169044,25.39,0.141,15.6,26.7,0.0,25.69,0.203,15.6,26.7,0.0,25.92,0.279,15.6,26.7,0.0,25.74,0.219,15.6,26.7,0.0,25.9,0.273,15.6,26.7,0.0
1729,4632.1667,194,0.167,False,23.3,False,0.0,25.73,0.0,0.412504,0.0,0.0,0.003333,2311.0805,378.0,0.08,0.033,0.155927,25.4,0.144,15.6,26.7,0.0,25.69,0.206,15.6,26.7,0.0,25.92,0.283,15.6,26.7,0.0,25.74,0.222,15.6,26.7,0.0,25.9,0.277,15.6,26.7,0.0
1730,4632.3333,194,0.333,False,23.3,False,0.0,25.732,0.0,0.412504,0.0,0.0,0.003333,2311.493,378.5,0.08,0.033,0.156133,25.4,0.146,15.6,26.7,0.0,25.69,0.209,15.6,26.7,0.0,25.92,0.286,15.6,26.7,0.0,25.74,0.225,15.6,26.7,0.0,25.91,0.28,15.6,26.7,0.0
1731,4632.5,194,0.5,False,23.3,False,0.0,25.734,0.0,0.412504,0.0,0.0,0.003333,2311.9055,378.9,0.08,0.033,0.156298,25.4,0.148,15.6,26.7,0.0,25.69,0.211,15.6,26.7,0.0,25.92,0.288,15.6,26.7,0.0,25.74,0.227,15.6,26.7,0.0,25.91,0.282,15.6,26.7,0.0
1732,4632.6667,194,0.667,False,23.3,False,0.0,25.734,0.0,0.412504,0.0,0.0,0.003333,2312.318,379.3,0.08,0.033,0.156463,25.41,0.149,15.6,26.7,0.0,25.69,0.212,15.6,26.7,0.0,25.92,0.29,15.6,26.7,0.0,25.74,0.229,15.6,26.7,0.0,25.91,0.284,15.6,26.7,0.0
1733,4632.8333,194,0.833,False,23.3,False,0.0,25.735,0.0,0.412504,0.0,0.0,0.003333,2312.7305,379.4,0.08,0.033,0.156504,25.41,0.15,15.6,26.7,0.0,25.69,0.213,15.6,26.7,0.0,25.92,0.291,15.6,26.7,0.0,25.75,0.23,15.6,26.7,0.0,25.91,0.285,15.6,26.7,0.0
1734,4633.0,194,1.0,False,23.3,False,0.0,25.734,0.0,0.412504,0.0,0.0,0.003333,2313.143,379.5,0.08,0.033,0.156545,25.41,0.15,15.6,26.7,0.0,25.69,0.213,15.6,26.7,0.0,25.92,0.292,15.6,26.7,0.0,25.74,0.231,15.6,26.7,0.0,25.91,0.286,15.6,26.7,0.0
1735,4633.1667,194,1.167,False,23.12,False,0.0,25.724,0.0,0.412504,0.0,0.0,0.436407,2313.5555,379.4,0.08,0.033,0.156504,25.4,0.149,15.6,26.7,0.0,25.68,0.211,15.6,26.7,0.0,25.91,0.29,15.6,26.7,0.0,25.73,0.229,15.6,26.7,0.0,25.89,0.284,15.6,26.7,0.0
1736,4633.3333,194,1.333,False,22.93,False,0.0,25.708,0.0,0.412504,0.0,0.0,0.003333,2313.968,379.3,0.08,0.033,0.156463,25.39,0.147,15.6,26.7,0.0,25.66,0.208,15.6,26.7,0.0,25.89,0.287,15.6,26.7,0.0,25.72,0.226,15.6,26.7,0.0,25.88,0.281,15.6,26.7,0.0
1737,4633.5,194,1.5,False,22.75,False,0.0,25.69,0.0,0.412504,0.0,0.0,0.003333,2314.3805,378.9,0.08,0.033,0.156298,25.38,0.145,15.6,26.7,0.0,25.64,0.204,15.6,26.7,0.0,25.87,0.283,15.6,26.7,0.0,25.7,0.223,15.6,26.7,0.0,25.86,0.277,15.6,26.7,0.0
1738,4633.6667,194,1.667,False,22.57,False,0.0,25.67,0.0,0.412504,0.0,0.0,0.003333,2314.793,378.5,0.08,0.033,0.156133,25.36,0.142,15.6,26.7,0.0,25.62,0.199,15.6,26.7,0.0,25.85,0.278,15.6,26.7,0.0,25.68,0.219,15.6,26.7,0.0,25.84,0.273,15.6,26.7,0.0
1739,4633.8333,194,1.833,False,22.38,False,0.0,25.648,0.0,0.412504,0.0,0.0,0.003333,2315.2055,378.0,0.08,0.033,0.155927,25.35,0.139,15.6,26.7,0.0,25.59,0.194,15.6,26.7,0.0,25.83,0.273,15.6,26.7,0.0,25.66,0.215,15.6,26.7,0.0,25.81,0.268,15.6,26.7,0.0
1740,4634.0,194,2.0,False,22.2,False,0.0,25.625,0.0,0.412504,0.0,0.0,0.003333,2315.618,377.3,0.08,0.033,0.155638,25.33,0.135,15.6,26.7,0.0,25.57,0.188,15.6,26.7,0.0,25.8,0.268,15.6,26.7,0.0,25.64,0.21,15.6,26.7,0.0,25.79,0.262,15.6,26.7,0.0
1741,4634.1667,194,2.167,False,22.2,False,0.0,25.61,0.0,0.412504,0.0,0.0,0.003333,2316.0305,376.5,0.08,0.033,0.155308,25.32,0.133,15.6,26.7,0.0,25.55,0.184,15.6,26.7,0.0,25.79,0.264,15.6,26.7,0.0,25.62,0.206,15.6,26.7,0.0,25.77,0.258,15.6,26.7,0.0
1742,4634.3333,194,2.333,False,22.2,False,0.0,25.599,0.0,0.412504,0.0,0.0,0.003333,2316.443,375.6,0.08,0.033,0.154937,25.31,0.13,15.6,26.7,0.0,25.54,0.18,15.6,26.7,0.0,25.78,0.26,15.6,26.7,0.0,25.61,0.203,15.6,26.7,0.0,25.76,0.255,15.6,26.7,0.0
1743,4634.5,194,2.5,False,22.2,False,0.0,25.588,0.0,0.412504,0.0,0.0,0.003333,2316.8555,374.6,0.08,0.033,0.154524,25.31,0.128,15.6,26.7,0.0,25.52,0.177,15.6,26.7,0.0,25.76,0.257,15.6,26.7,0.0,25.6,0.2,15.6,26.7,0.0,25.75,0.251,15.6,26.7,0.0
1744,4634.6667,194,2.667,False,22.2,False,0.0,25.578,0.0,0.412504,0.0,0.0,0.436398,2317.268,373.4,0.08,0.033,0.154029,25.31,0.126,15.6,26.7,0.0,25.51,0.173,15.6,26.7,0.0,25.75,0.253,15.6,26.7,0.0,25.59,0.196,15.6,26.7,0.0,25.73,0.247,15.6,26.7,0.0
1745,4634.8333,194,2.833,False,22.2,False,0.0,25.569,0.0,0.412504,0.0,0.0,0.003333,2317.6805,372.2,0.08,0.033,0.153534,25.3,0.123,15.6,26.7,0.0,25.5,0.169,15.6,26.7,0.0,25.74,0.249,15.6,26.7,0.0,25.58,0.193,15.6,26.7,0.0,25.72,0.244,15.6,26.7,0.0
1746,4635.0,194,3.0,False,22.2,False,0.0,25.559,0.0,0.412504,0.0,0.0,0.003333,2318.093,370.8,0.08,0.033,0.152956,25.3,0.12,15.6,26.7,0.0,25.49,0.165,15.6,26.7,0.0,25.73,0.245,15.6,26.7,0.0,25.57,0.19,15.6,26.7,0.0,25.71,0.24,15.6,26.7,0.0
1747,4635.1667,194,3.167,False,22.2,False,0.0,25.55,0.0,0.412504,0.0,0.0,0.003333,2318.5055,369.4,0.08,0.033,0.152379,25.29,0.118,15.6,26.7,0.0,25.48,0.162,15.6,26.7,0.0,25.72,0.242,15.6,26.7,0.0,25.56,0.187,15.6,26.7,0.0,25.7,0.236,15.6,26.7,0.0
1748,4635.3333,194,3.333,False,22.2,False,0.0,25.542,0.0,0.412504,0.0,0.0,0.003333,2318.918,367.8,0.08,0.033,0.151719,25.29,0.116,15.6,26.7,0.0,25.47,0.159,15.6,26.7,0.0,25.71,0.238,15.6,26.7,0.0,25.55,0.184,15.6,26.7,0.0,25.69,0.233,15.6,26.7,0.0
1749,4635.5,194,3.5,False,22.2,False,0.0,25.534,0.0,0.412504,0.0,0.0,0.003333,2319.3305,366.1,0.08,0.033,0.151018,25.28,0.114,15.6,26.7,0.0,25.46,0.156,15.6,26.7,0.0,25.7,0.235,15.6,26.7,0.0,25.54,0.182,15.6,26.7,0.0,25.68,0.23,15.6,26.7,0.0
1750,4635.6667,194,3.667,False,22.2,False,0.0,25.525,0.0,0.412504,0.0,0.0,0.003333,2319.743,364.4,0.08,0.033,0.150316,25.28,0.112,15.6,26.7,0.0,25.45,0.153,15.6,26.7,0.0,25.69,0.232,15.6,26.7,0.0,25.54,0.179,15.6,26.7,0.0,25.67,0.227,15.6,26.7,0.0
1751,4635.8333,194,3.833,False,22.2,False,0.0,25.517,0.0,0.412504,0.0,0.0,0.003333,2320.1556,362.5,0.08,0.033,0.149533,25.28,0.111,15.6,26.7,0.0,25.44,0.151,15.6,26.7,0.0,25.68,0.23,15.6,26.7,0.0,25.53,0.177,15.6,26.7,0.0,25.66,0.224,15.6,26.7,0.0
1752,4636.0,194,4.0,False,22.2,False,0.0,25.509,0.0,0.412504,0.0,0.0,0.003333,2320.5681,360.5,0.08,0.033,0.148708,25.27,0.11,15.6,26.7,0.0,25.43,0.148,15.6,26.7,0.0,25.67,0.227,15.6,26.7,0.0,25.52,0.175,15.6,26.7,0.0,25.65,0.222,15.6,26.7,0.0
1753,4636.1667,194,4.167,False,22.2,False,0.0,25.511,0.0,0.458338,0.0,0.0,0.436392,2321.0264,358.5,0.08,0.036667,0.164314,25.28,0.111,15.6,26.7,0.0,25.43,0.149,15.6,26.7,0.0,25.67,0.227,15.6,26.7,0.0,25.52,0.175,15.6,26.7,0.0,25.65,0.222,15.6,26.7,0.0
1754,4636.3333,194,4.333,False,22.2,False,0.0,25.51,0.0,0.458338,0.0,0.0,0.003333,2321.4847,356.4,0.08,0.036667,0.163352,25.28,0.112,15.6,26.7,0.0,25.43,0.148,15.6,26.7,0.0,25.67,0.226,15.6,26.7,0.0,25.52,0.174,15.6,26.7,0.0,25.65,0.221,15.6,26.7,0.0
1755,4636.5,194,4.5,False,22.2,False,0.0,25.507,0.0,0.458338,0.0,0.0,0.003333,2321.9431,354.2,0.08,0.036667,0.162343,25.29,0.112,15.6,26.7,0.0,25.43,0.147,15.6,26.7,0.0,25.66,0.224,15.6,26.7,0.0,25.51,0.173,15.6,26.7,0.0,25.65,0.219,15.6,26.7,0.0
1756,4636.6667,194,4.667,False,22.2,False,0.0,25.502,0.0,0.458338,0.0,0.0,0.003333,2322.4014,351.9,0.08,0.036667,0.161289,25.29,0.111,15.6,26.7,0.0,25.42,0.144,15.6,26.7,0.0,25.65,0.222,15.6,26.7,0.0,25.51,0.171,15.6,26.7,0.0,25.64,0.217,15.6,26.7,0.0
1757,4636.8333,194,4.833,False,22.2,False,0.0,25.497,0.0,0.458338,0.0,0.0,0.003333,2322.8597,349.5,0.08,0.036667,0.160189,25.28,0.11,15.6,26.7,0.0,25.42,0.142,15.6,26.7,0.0,25.65,0.219,15.6,26.7,0.0,25.5,0.169,15.6,26.7,0.0,25.63,0.214,15.6,26.7,0.0
1758,4637.0,194,5.0,False,22.2,False,0.0,25.491,0.0,0.458338,0.0,0.0,0.003333,2323.3181,347.1,0.08,0.036667,0.159089,25.28,0.108,15.6,26.7,0.0,25.41,0.14,15.6,26.7,0.0,25.64,0.216,15.6,26.7,0.0,25.5,0.167,15.6,26.7,0.0,25.62,0.211,15.6,26.7,0.0
1759,4637.25,194,5.25,False,22.12,True,2.75,24.142,0.102,1.399941,0.941603,0.597049,0.003333,2324.718,343.4,0.08,0.111995,0.48074,24.09,-0.102,21.0,24.0,0.81,24.1,-0.09,21.0,24.0,0.61,24.2,-0.037,21.0,24.0,0.36,24.12,-0.075,21.0,24.0,0.61,24.2,-0.041,21.0,24.0,0.36
1760,4637.3333,194,5.333,False,22.03,True,2.75,24.01,0.161,1.243175,0.784838,0.440284,0.003333,2325.9612,342.1,0.08,0.099454,0.42529,24.0,-0.161,21.0,24.0,0.81,24.0,-0.157,21.0,24.0,0.61,24.02,-0.125,21.0,24.0,0.36,24.0,-0.147,21.0,24.0,0.61,24.02,-0.129,21.0,24.0,0.36
1761,4637.5,194,5.5,False,21.95,True,2.75,24.002,0.186,1.197433,0.739095,0.394541,0.003333,2327.1586,339.5,0.08,0.095795,0.406529,24.0,-0.186,21.0,24.0,0.81,24.0,-0.186,21.0,24.0,0.61,24.01,-0.161,21.0,24.0,0.36,24.0,-0.177,21.0,24.0,0.61,24.01,-0.164,21.0,24.0,0.36
1762,4637.6667,194,5.667,False,21.87,True,2.75,24.0,0.21,1.16724,0.708902,0.364348,0.436391,2328.3259,336.9,0.08,0.093379,0.393243,24.0,-0.208,21.0,24.0,0.81,24.0,-0.21,21.0,24.0,0.61,24.0,-0.188,21.0,24.0,0.36,24.0,-0.202,21.0,24.0,0.61,24.0,-0.192,21.0,24.0,0.36
1763,4637.8333,194,5.833,False,21.78,True,2.75,24.0,0.228,1.151162,0.692824,0.34827,0.003333,2329.477,334.2,0.08,0.092093,0.384718,24.0,-0.226,21.0,24.0,0.81,24.0,-0.228,21.0,24.0,0.61,24.0,-0.191,21.0,24.0,0.36,24.0,-0.213,21.0,24.0,0.61,24.0,-0.212,21.0,24.0,0.36
1764,4638.0,194,6.0,False,21.7,True,2.75,24.0,0.243,1.137828,0.67949,0.334936,0.003333,2330.6149,331.5,0.08,0.091026,0.37719,24.0,-0.241,21.0,24.0,0.81,24.0,-0.243,21.0,24.0,0.61,24.0,-0.198,21.0,24.0,0.36,24.0,-0.226,21.0,24.0,0.61,24.0,-0.23,21.0,24.0,0.36
1765,4638.1667,194,6.167,False,21.97,True,5.5,23.999,0.241,1.315154,0.673481,0.328927,0.003333,2331.93,328.8,0.08,0.105212,0.432423,24.0,-0.241,21.0,24.0,1.61,24.0,-0.241,21.0,24.0,1.22,24.0,-0.188,21.0,24.0,0.72,24.0,-0.221,21.0,24.0,1.22,24.0,-0.231,21.0,24.0,0.72
1766,4638.3333,194,6.333,False,22.23,True,5.5,24.0,0.243,1.324963,0.68329,0.338736,0.003333,2333.255,326.0,0.08,0.105997,0.431938,24.0,-0.243,21.0,24.0,1.61,24.0,-0.242,21.0,24.0,1.22,24.0,-0.185,21.0,24.0,0.72,24.0,-0.221,21.0,24.0,1.22,24.0,-0.233,21.0,24.0,0.72
1767,4638.5833,194,6.583,False,22.5,True,5.5,24.0,0.244,1.333581,0.691908,0.347354,0.003333,2334.5886,321.8,0.08,0.106686,0.429146,24.0,-0.244,21.0,24.0,1.61,24.0,-0.242,21.0,24.0,1.22,24.0,-0.18,21.0,24.0,0.72,24.0,-0.221,21.0,24.0,1.22,24.0,-0.236,21.0,24.0,0.72
1768,4638.75,194,6.75,False,22.77,True,5.5,24.0,0.246,1.345,0.703327,0.358773,0.003333,2335.9336,319.0,0.08,0.1076,0.429055,24.0,-0.246,21.0,24.0,1.61,24.0,-0.241,21.0,24.0,1.22,24.0,-0.17,21.0,24.0,0.72,24.0,-0.219,21.0,24.0,1.22,24.0,-0.236,21.0,24.0,0.72
1769,4638.9167,194,6.917,False,23.03,True,5.5,24.0,0.247,1.359507,0.717834,0.37328,0.003333,2337.2931,316.2,0.08,0.108761,0.429876,24.0,-0.247,21.0,24.0,1.61,24.0,-0.239,21.0,24.0,1.22,24.0,-0.153,21.0,24.0,0.72,24.0,-0.214,21.0,24.0,1.22,24.0,-0.236,21.0,24.0,0.72
1770,4639.0556,194,7.056,False,23.3,True,5.5,24.0,0.247,1.373281,0.731608,0.387054,0.324569,2338.6664,313.8,0.08,0.109862,0.430936,24.0,-0.247,21.0,24.0,1.61,24.0,-0.237,21.0,24.0,1.22,24.0,-0.139,21.0,24.0,0.72,24.0,-0.212,21.0,24.0,1.22,24.0,-0.235,21.0,24.0,0.72
1771,4639.2083,194,7.208,False,23.77,True,26.14,23.999,0.221,2.579193,0.929177,0.584623,0.115136,2341.2455,311.2,0.08,0.206335,0.802645,24.0,-0.221,21.0,24.0,7.65,24.0,-0.211,21.0,24.0,5.8,24.0,-0.101,21.0,24.0,3.44,24.0,-0.186,21.0,24.0,5.8,24.0,-0.211,21.0,24.0,3.44
1772,4639.375,194,7.375,False,24.23,True,26.14,23.999,0.215,2.622394,0.972378,0.627823,0.003333,2343.8679,308.4,0.08,0.209791,0.808746,24.0,-0.215,21.0,24.0,7.65,24.0,-0.202,21.0,24.0,5.8,24.0,-0.08,21.0,24.0,3.44,24.0,-0.179,21.0,24.0,5.8,24.0,-0.202,21.0,24.0,3.44
1773,4639.5417,194,7.542,False,24.7,True,26.14,23.999,0.21,2.654877,1.004861,0.660307,0.003333,2346.5228,305.6,0.08,0.21239,0.81133,24.0,-0.21,21.0,24.0,7.65,24.0,-0.194,21.0,24.0,5.8,24.0,-0.059,21.0,24.0,3.44,24.0,-0.174,21.0,24.0,5.8,24.0,-0.195,21.0,24.0,3.44
1774,4639.7,194,7.7,False,25.17,True,26.14,24.0,0.206,2.684166,1.034149,0.689595,0.003333,2349.207,303.0,0.08,0.214733,0.813302,24.0,-0.206,21.0,24.0,7.65,24.0,-0.187,21.0,24.0,5.8,24.0,-0.044,21.0,24.0,3.44,24.0,-0.171,21.0,24.0,5.8,24.0,-0.188,21.0,24.0,3.44
1775,4639.8667,194,7.867,False,25.63,True,26.14,24.0,0.203,2.712069,1.062053,0.717498,0.003333,2351.919,300.2,0.08,0.216965,0.814163,24.0,-0.203,21.0,24.0,7.65,24.0,-0.181,21.0,24.0,5.8,24.0,-0.03,21.0,24.0,3.44,24.0,-0.168,21.0,24.0,5.8,24.0,-0.182,21.0,24.0,3.44
1776,4640.0333,194,8.033,False,26.1,True,26.14,24.0,0.2,2.739069,1.089053,0.744499,0.003333,2354.6581,297.5,0.08,0.219126,0.814873,24.0,-0.2,21.0,24.0,7.65,24.0,-0.175,21.0,24.0,5.8,24.0,-0.019,21.0,24.0,3.44,24.0,-0.166,21.0,24.0,5.8,24.0,-0.176,21.0,24.0,3.44
1777,4640.2,194,8.2,False,26.38,True,26.14,24.0,0.197,2.757748,1.107732,0.763178,0.436474,2357.4159,294.8,0.08,0.22062,0.812984,24.0,-0.197,21.0,24.0,7.65,24.0,-0.17,21.0,24.0,5.8,24.0,-0.008,21.0,24.0,3.44,24.0,-0.164,21.0,24.0,5.8,24.0,-0.171,21.0,24.0,3.44
1778,4640.3667,194,8.367,False,26.67,True,26.14,24.0,0.195,2.776191,1.126174,0.78162,0.003333,2360.1921,292.1,0.08,0.222095,0.810925,24.0,-0.195,21.0,24.0,7.65,24.0,-0.165,21.0,24.0,5.8,24.0,0.002,21.0,24.0,3.44,24.0,-0.162,21.0,24.0,5.8,24.0,-0.166,21.0,24.0,3.44
1779,4640.5333,194,8.533,False,26.95,True,26.14,24.0,0.193,2.800245,1.150229,0.805675,0.003333,2362.9923,289.5,0.08,0.22402,0.810671,24.0,-0.193,21.0,24.0,7.65,24.0,-0.161,21.0,24.0,5.8,24.0,0.01,21.0,24.0,3.44,24.0,-0.16,21.0,24.0,5.8,24.0,-0.163,21.0,24.0,3.44
1780,4640.7,194,8.7,False,27.23,True,26.14,24.0,0.192,2.816289,1.166273,0.821719,0.003333,2365.8086,286.9,0.08,0.225303,0.807993,24.0,-0.192,21.0,24.0,7.65,24.0,-0.156,21.0,24.0,5.8,24.0,0.008,21.0,24.0,3.44,24.0,-0.156,21.0,24.0,5.8,24.0,-0.158,21.0,24.0,3.44
1781,4640.8667,194,8.867,False,27.52,True,26.14,24.0,0.19,2.831529,1.181513,0.836959,0.003333,2368.6401,284.4,0.08,0.226522,0.805287,24.0,-0.19,21.0,24.0,7.65,24.0,-0.152,21.0,24.0,5.8,24.0,0.005,21.0,24.0,3.44,24.0,-0.152,21.0,24.0,5.8,24.0,-0.154,21.0,24.0,3.44
1782,4641.0333,194,9.033,False,27.8,True,26.14,24.0,0.189,2.846363,1.196347,0.851793,0.003333,2371.4865,282.0,0.08,0.227709,0.802674,24.0,-0.189,21.0,24.0,7.65,24.0,-0.147,21.0,24.0,5.8,24.0,0.002,21.0,24.0,3.44,24.0,-0.149,21.0,24.0,5.8,24.0,-0.15,21.0,24.0,3.44
1783,4641.2083,194,9.208,False,27.98,True,26.14,23.999,0.188,2.855817,1.205801,0.861247,0.436477,2374.3423,279.5,0.08,0.228465,0.798201,24.0,-0.188,21.0,24.0,7.65,24.0,-0.144,21.0,24.0,5.8,24.0,-0.008,21.0,24.0,3.44,24.0,-0.145,21.0,24.0,5.8,24.0,-0.146,21.0,24.0,3.44
1784,4641.375,194,9.375,False,28.17,True,26.14,23.999,0.186,2.866256,1.21624,0.871685,0.003333,2377.2086,277.2,0.08,0.2293,0.794526,24.0,-0.186,21.0,24.0,7.65,24.0,-0.14,21.0,24.0,5.8,24.0,-0.013,21.0,24.0,3.44,24.0,-0.142,21.0,24.0,5.8,24.0,-0.142,21.0,24.0,3.44
1785,4641.5417,194,9.542,False,28.35,True,26.14,23.999,0.185,2.876423,1.226407,0.881852,0.003333,2380.085,275.0,0.08,0.230114,0.791016,24.0,-0.185,21.0,24.0,7.65,24.0,-0.136,21.0,24.0,5.8,24.0,-0.02,21.0,24.0,3.44,24.0,-0.139,21.0,24.0,5.8,24.0,-0.138,21.0,24.0,3.44
1786,4641.7222,194,9.722,False,28.53,True,26.14,23.999,0.184,2.888178,1.238162,0.893608,0.003333,2382.9732,272.7,0.08,0.231054,0.787606,24.0,-0.184,21.0,24.0,7.65,24.0,-0.133,21.0,24.0,5.8,24.0,-0.021,21.0,24.0,3.44,24.0,-0.136,21.0,24.0,5.8,24.0,-0.135,21.0,24.0,3.44
1787,4641.875,194,9.875,False,28.72,True,26.14,23.999,0.182,2.900157,1.250141,0.905587,0.003333,2385.8733,270.8,0.08,0.232013,0.785363,24.0,-0.182,21.0,24.0,7.65,24.0,-0.129,21.0,24.0,5.8,24.0,-0.021,21.0,24.0,3.44,24.0,-0.133,21.0,24.0,5.8,24.0,-0.131,21.0,24.0,3.44
1788,4642.0417,194,10.042,False,28.9,True,26.14,23.999,0.181,2.912165,1.262149,0.917595,0.003333,2388.7855,268.9,0.08,0.232973,0.783081,24.0,-0.181,21.0,24.0,7.65,24.0,-0.126,21.0,24.0,5.8,24.0,-0.023,21.0,24.0,3.44,24.0,-0.13,21.0,24.0,5.8,24.0,-0.128,21.0,24.0,3.44
1789,4642.2083,194,10.208,False,28.98,True,26.14,23.999,0.18,2.917095,1.267079,0.922525,0.436484,2391.7026,267.0,0.08,0.233368,0.778864,24.0,-0.18,21.0,24.0,7.65,24.0,-0.123,21.0,24.0,5.8,24.0,-0.025,21.0,24.0,3.44,24.0,-0.128,21.0,24.0,5.8,24.0,-0.125,21.0,24.0,3.44
1790,4642.375,194,10.375,False,29.07,True,26.14,23.999,0.179,2.921488,1.271472,0.926918,0.003333,2394.6241,265.3,0.08,0.233719,0.775071,24.0,-0.179,21.0,24.0,7.65,24.0,-0.121,21.0,24.0,5.8,24.0,-0.029,21.0,24.0,3.44,24.0,-0.126,21.0,24.0,5.8,24.0,-0.123,21.0,24.0,3.44
1791,4642.5417,194,10.542,False,29.15,True,26.14,23.999,0.179,2.924966,1.27495,0.930396,0.003333,2397.549,263.7,0.08,0.233997,0.771314,24.0,-0.179,21.0,24.0,7.65,24.0,-0.119,21.0,24.0,5.8,24.0,-0.033,21.0,24.0,3.44,24.0,-0.124,21.0,24.0,5.8,24.0,-0.121,21.0,24.0,3.44
1792,4642.7083,194,10.708,False,29.23,True,26.14,23.999,0.179,2.919709,1.269693,0.925139,0.003333,2400.4687,262.3,0.08,0.233577,0.76584,24.0,-0.179,21.0,24.0,7.65,24.0,-0.117,21.0,24.0,5.8,24.0,-0.039,21.0,24.0,3.44,24.0,-0.123,21.0,24.0,5.8,24.0,-0.12,21.0,24.0,3.44
1793,4642.875,194,10.875,False,29.32,True,26.14,23.999,0.179,2.920529,1.270513,0.925959,0.003333,2403.3893,261.0,0.08,0.233642,0.762258,24.0,-0.179,21.0,24.0,7.65,24.0,-0.117,21.0,24.0,5.8,24.0,-0.046,21.0,24.0,3.44,24.0,-0.123,21.0,24.0,5.8,24.0,-0.12,21.0,24.0,3.44
1794,4643.0556,194,11.056,False,29.4,True,26.14,23.999,0.179,2.920711,1.270695,0.926141,0.003333,2406.31,259.8,0.08,0.233657,0.758801,24.0,-0.179,21.0,24.0,7.65,24.0,-0.117,21.0,24.0,5.8,24.0,-0.054,21.0,24.0,3.44,24.0,-0.122,21.0,24.0,5.8,24.0,-0.12,21.0,24.0,3.44
1795,4643.2222,194,11.222,False,29.5,True,13.76,24.0,0.183,2.7765,1.218151,0.873597,0.436491,2409.0865,258.8,0.08,0.22212,0.718558,24.0,-0.183,21.0,24.0,4.03,24.0,-0.12,21.0,24.0,3.05,24.0,-0.065,21.0,24.0,1.81,24.0,-0.126,21.0,24.0,3.05,24.0,-0.123,21.0,24.0,1.81
1796,4643.3889,194,11.389,False,29.6,True,13.76,24.0,0.183,2.774781,1.216432,0.871878,0.003333,2411.8613,258.0,0.08,0.221982,0.715893,24.0,-0.183,21.0,24.0,4.03,24.0,-0.121,21.0,24.0,3.05,24.0,-0.075,21.0,24.0,1.81,24.0,-0.127,21.0,24.0,3.05,24.0,-0.124,21.0,24.0,1.81
1797,4643.5833,194,11.583,False,29.7,True,13.76,23.999,0.184,2.778546,1.220198,0.875644,0.003333,2414.6398,257.4,0.08,0.222284,0.715198,24.0,-0.184,21.0,24.0,4.03,24.0,-0.124,21.0,24.0,3.05,24.0,-0.085,21.0,24.0,1.81,24.0,-0.13,21.0,24.0,3.05,24.0,-0.127,21.0,24.0,1.81
1798,4643.75,194,11.75,False,29.8,True,13.76,23.999,0.185,2.779694,1.221346,0.876791,0.003333,2417.4195,257.0,0.08,0.222376,0.714381,24.0,-0.185,21.0,24.0,4.03,24.0,-0.125,21.0,24.0,3.05,24.0,-0.087,21.0,24.0,1.81,24.0,-0.131,21.0,24.0,3.05,24.0,-0.128,21.0,24.0,1.81
1799,4643.8889,194,11.889,False,29.9,True,13.76,24.0,0.186,2.782147,1.223798,0.879244,0.003333,2420.2016,256.9,0.08,0.222572,0.714733,24.0,-0.186,21.0,24.0,4.03,24.0,-0.125,21.0,24.0,3.05,24.0,-0.089,21.0,24.0,1.81,24.0,-0.131,21.0,24.0,3.05,24.0,-0.128,21.0,24.0,1.81
1800,4644.0556,194,12.056,False,30.0,True,13.76,24.0,0.186,2.785521,1.227173,0.882618,0.436494,2422.9872,257.0,0.08,0.222842,0.715879,24.0,-0.186,21.0,24.0,4.03,24.0,-0.125,21.0,24.0,3.05,24.0,-0.09,21.0,24.0,1.81,24.0,-0.131,21.0,24.0,3.05,24.0,-0.128,21.0,24.0,1.81
1801,4644.2222,194,12.222,False,30.18,True,26.14,23.999,0.182,2.94019,1.290174,0.94562,0.003333,2425.9274,257.4,0.08,0.235215,0.756805,24.0,-0.182,21.0,24.0,7.65,24.0,-0.12,21.0,24.0,5.8,24.0,-0.087,21.0,24.0,3.44,24.0,-0.127,21.0,24.0,5.8,24.0,-0.124,21.0,24.0,3.44
1802,4644.3889,194,12.389,False,30.37,True,26.14,23.999,0.181,2.952741,1.302725,0.95817,0.003333,2428.8801,258.1,0.08,0.236219,0.762102,24.0,-0.181,21.0,24.0,7.65,24.0,-0.118,21.0,24.0,5.8,24.0,-0.085,21.0,24.0,3.44,24.0,-0.124,21.0,24.0,5.8,24.0,-0.122,21.0,24.0,3.44
1803,4644.5417,194,12.542,False,30.55,True,26.14,23.999,0.18,2.964734,1.314718,0.970164,0.003333,2431.8448,259.0,0.08,0.237179,0.767866,24.0,-0.18,21.0,24.0,7.65,24.0,-0.115,21.0,24.0,5.8,24.0,-0.083,21.0,24.0,3.44,24.0,-0.122,21.0,24.0,5.8,24.0,-0.119,21.0,24.0,3.44
1804,4644.7083,194,12.708,False,30.73,True,26.14,24.0,0.178,2.969816,1.3198,0.975246,0.003333,2434.8146,260.3,0.08,0.237585,0.773043,24.0,-0.178,21.0,24.0,7.65,24.0,-0.112,21.0,24.0,5.8,24.0,-0.08,21.0,24.0,3.44,24.0,-0.119,21.0,24.0,5.8,24.0,-0.116,21.0,24.0,3.44
1805,4644.8889,194,12.889,False,30.92,True,26.14,23.999,0.176,2.982261,1.332245,0.98769,0.003333,2437.7969,262.1,0.08,0.238581,0.781651,24.0,-0.176,21.0,24.0,7.65,24.0,-0.109,21.0,24.0,5.8,24.0,-0.078,21.0,24.0,3.44,24.0,-0.116,21.0,24.0,5.8,24.0,-0.114,21.0,24.0,3.44
1806,4645.0556,194,13.056,False,31.1,True,26.14,23.999,0.175,2.994836,1.34482,1.000266,0.436501,2440.7917,264.2,0.08,0.239587,0.791236,24.0,-0.175,21.0,24.0,7.65,24.0,-0.107,21.0,24.0,5.8,24.0,-0.076,21.0,24.0,3.44,24.0,-0.114,21.0,24.0,5.8,24.0,-0.111,21.0,24.0,3.44
1807,4645.2222,194,13.222,False,31.28,True,26.14,23.999,0.175,2.999307,1.349291,1.004736,0.003333,2443.7911,266.8,0.08,0.239945,0.800215,24.0,-0.175,21.0,24.0,7.65,24.0,-0.105,21.0,24.0,5.8,24.0,-0.075,21.0,24.0,3.44,24.0,-0.113,21.0,24.0,5.8,24.0,-0.11,21.0,24.0,3.44
1808,4645.4167,194,13.417,False,31.47,True,26.14,23.999,0.177,3.00152,1.351504,1.00695,0.003333,2446.7926,270.2,0.08,0.240122,0.811011,24.0,-0.177,21.0,24.0,7.65,24.0,-0.105,21.0,24.0,5.8,24.0,-0.075,21.0,24.0,3.44,24.0,-0.113,21.0,24.0,5.8,24.0,-0.111,21.0,24.0,3.44
1809,4645.5833,194,13.583,False,31.65,True,26.14,23.999,0.18,3.002271,1.352255,1.007701,0.003333,2449.7948,273.8,0.08,0.240182,0.822022,24.0,-0.18,21.0,24.0,7.65,24.0,-0.105,21.0,24.0,5.8,24.0,-0.076,21.0,24.0,3.44,24.0,-0.113,21.0,24.0,5.8,24.0,-0.111,21.0,24.0,3.44
1810,4645.75,194,13.75,False,31.83,True,26.14,23.999,0.183,3.001214,1.351198,1.006644,0.003333,2452.7961,277.8,0.08,0.240097,0.833737,24.0,-0.183,21.0,24.0,7.65,24.0,-0.106,21.0,24.0,5.8,24.0,-0.078,21.0,24.0,3.44,24.0,-0.115,21.0,24.0,5.8,24.0,-0.113,21.0,24.0,3.44
1811,4645.9167,194,13.917,False,32.02,True,26.14,23.999,0.186,3.000766,1.35075,1.006196,0.003333,2455.7968,282.3,0.08,0.240061,0.847116,24.0,-0.186,21.0,24.0,7.65,24.0,-0.108,21.0,24.0,5.8,24.0,-0.08,21.0,24.0,3.44,24.0,-0.117,21.0,24.0,5.8,24.0,-0.11,21.0,24.0,3.44
1812,4646.0833,194,14.083,False,32.2,True,26.14,23.999,0.19,3.000631,1.350615,1.006061,0.436457,2458.7975,287.4,0.08,0.240051,0.862381,24.0,-0.19,21.0,24.0,7.65,24.0,-0.11,21.0,24.0,5.8,24.0,-0.083,21.0,24.0,3.44,24.0,-0.119,21.0,24.0,5.8,24.0,-0.103,21.0,24.0,3.44
1813,4646.1667,194,14.167,False,32.3,True,26.14,23.998,0.193,3.00487,1.354854,1.0103,0.003333,2461.8023,290.1,0.08,0.24039,0.871713,24.0,-0.193,21.0,24.0,7.65,24.0,-0.112,21.0,24.0,5.8,24.0,-0.086,21.0,24.0,3.44,24.0,-0.121,21.0,24.0,5.8,24.0,-0.094,21.0,24.0,3.44
1814,4646.3333,194,14.333,False,32.4,True,26.14,23.998,0.194,3.011919,1.361902,1.017348,0.003333,2464.8142,296.0,0.08,0.240953,0.891528,24.0,-0.194,21.0,24.0,7.65,24.0,-0.112,21.0,24.0,5.8,24.0,-0.087,21.0,24.0,3.44,24.0,-0.122,21.0,24.0,5.8,24.0,-0.083,21.0,24.0,3.44
1815,4646.5,194,14.5,False,32.5,True,26.14,23.999,0.195,3.020894,1.370878,1.026324,0.003333,2467.8351,302.5,0.08,0.241672,0.913821,24.0,-0.195,21.0,24.0,7.65,24.0,-0.112,21.0,24.0,5.8,24.0,-0.087,21.0,24.0,3.44,24.0,-0.121,21.0,24.0,5.8,24.0,-0.07,21.0,24.0,3.44
1816,4646.6667,194,14.667,False,32.6,True,26.14,23.999,0.195,3.03103,1.381014,1.03646,0.003333,2470.8662,309.6,0.08,0.242482,0.938407,24.0,-0.195,21.0,24.0,7.65,24.0,-0.111,21.0,24.0,5.8,24.0,-0.086,21.0,24.0,3.44,24.0,-0.12,21.0,24.0,5.8,24.0,-0.057,21.0,24.0,3.44
1817,4646.8333,194,14.833,False,32.7,True,26.14,23.999,0.194,3.042511,1.392495,1.04794,0.003333,2473.9087,317.3,0.08,0.243401,0.965389,24.0,-0.194,21.0,24.0,7.65,24.0,-0.109,21.0,24.0,5.8,24.0,-0.085,21.0,24.0,3.44,24.0,-0.119,21.0,24.0,5.8,24.0,-0.044,21.0,24.0,3.44
1818,4647.0,194,15.0,False,32.8,True,26.14,23.999,0.193,3.054094,1.404077,1.059523,0.003333,2476.9628,325.5,0.08,0.244327,0.994107,24.0,-0.193,21.0,24.0,7.65,24.0,-0.107,21.0,24.0,5.8,24.0,-0.084,21.0,24.0,3.44,24.0,-0.117,21.0,24.0,5.8,24.0,-0.031,21.0,24.0,3.44
1819,4647.1667,194,15.167,False,32.8,True,26.14,23.999,0.192,3.060696,1.41068,1.066126,0.436464,2480.0235,334.4,0.08,0.244856,1.023497,24.0,-0.192,21.0,24.0,7.65,24.0,-0.106,21.0,24.0,5.8,24.0,-0.083,21.0,24.0,3.44,24.0,-0.116,21.0,24.0,5.8,24.0,-0.018,21.0,24.0,3.44
1820,4647.4167,194,15.417,False,32.8,True,26.14,23.999,0.19,3.0672,1.417184,1.07263,0.003333,2483.0907,348.6,0.08,0.245376,1.069226,24.0,-0.19,21.0,24.0,7.65,24.0,-0.104,21.0,24.0,5.8,24.0,-0.082,21.0,24.0,3.44,24.0,-0.114,21.0,24.0,5.8,24.0,-0.006,21.0,24.0,3.44
1821,4647.5833,194,15.583,False,32.8,True,26.14,23.999,0.188,3.07355,1.423534,1.07898,0.003333,2486.1642,358.8,0.08,0.245884,1.10279,24.0,-0.188,21.0,24.0,7.65,24.0,-0.103,21.0,24.0,5.8,24.0,-0.081,21.0,24.0,3.44,24.0,-0.113,21.0,24.0,5.8,24.0,0.006,21.0,24.0,3.44
1822,4647.75,194,15.75,False,32.8,True,26.14,23.999,0.187,3.078717,1.428701,1.084147,0.003333,2489.2429,369.4,0.08,0.246297,1.137278,24.0,-0.187,21.0,24.0,7.65,24.0,-0.103,21.0,24.0,5.8,24.0,-0.081,21.0,24.0,3.44,24.0,-0.112,21.0,24.0,5.8,24.0,0.018,21.0,24.0,3.44
1823,4647.9167,194,15.917,False,32.8,True,26.14,23.999,0.185,3.083146,1.43313,1.088576,0.003333,2492.3261,380.4,0.08,0.246652,1.172829,24.0,-0.185,21.0,24.0,7.65,24.0,-0.103,21.0,24.0,5.8,24.0,-0.082,21.0,24.0,3.44,24.0,-0.112,21.0,24.0,5.8,24.0,0.028,21.0,24.0,3.44
1824,4648.0556,194,16.056,False,32.8,True,26.14,23.999,0.184,3.086194,1.436178,1.091624,0.003333,2495.4123,389.8,0.34,1.049306,1.202998,24.0,-0.184,21.0,24.0,7.65,24.0,-0.103,21.0,24.0,5.8,24.0,-0.083,21.0,24.0,3.44,24.0,-0.112,21.0,24.0,5.8,24.0,0.036,21.0,24.0,3.44
1825,4648.2222,194,16.222,False,32.8,True,8.25,24.0,0.203,2.203789,1.287114,0.94256,0.436453,2497.6161,401.4,0.34,0.749288,0.884601,24.0,-0.203,21.0,24.0,2.42,24.0,-0.122,21.0,24.0,1.83,24.0,-0.101,21.0,24.0,1.09,24.0,-0.131,21.0,24.0,1.83,24.0,0.025,21.0,24.0,1.09
1826,4648.3889,194,16.389,False,32.8,True,8.25,24.0,0.208,2.189482,1.272807,0.928253,0.003333,2499.8055,413.2,0.34,0.744424,0.904694,24.0,-0.208,21.0,24.0,2.42,24.0,-0.128,21.0,24.0,1.83,24.0,-0.108,21.0,24.0,1.09,24.0,-0.136,21.0,24.0,1.83,24.0,0.028,21.0,24.0,1.09
1827,4648.5556,194,16.556,False,32.8,True,8.25,24.0,0.211,2.182564,1.265889,0.921335,0.003333,2501.9881,425.2,0.34,0.742072,0.928026,24.0,-0.211,21.0,24.0,2.42,24.0,-0.132,21.0,24.0,1.83,24.0,-0.113,21.0,24.0,1.09,24.0,-0.141,21.0,24.0,1.83,24.0,0.029,21.0,24.0,1.09
1828,4648.7222,194,16.722,False,32.8,True,8.25,24.0,0.213,2.172129,1.255453,0.910899,0.003333,2504.1602,437.2,0.34,0.738524,0.949655,24.0,-0.213,21.0,24.0,2.42,24.0,-0.136,21.0,24.0,1.83,24.0,-0.118,21.0,24.0,1.09,24.0,-0.144,21.0,24.0,1.83,24.0,0.015,21.0,24.0,1.09
1829,4648.875,194,16.875,False,32.8,True,8.25,24.0,0.215,2.16299,1.246314,0.90176,0.003333,2506.3232,448.1,0.34,0.735417,0.969236,24.0,-0.215,21.0,24.0,2.42,24.0,-0.139,21.0,24.0,1.83,24.0,-0.121,21.0,24.0,1.09,24.0,-0.147,21.0,24.0,1.83,24.0,0.001,21.0,24.0,1.09
1830,4649.0417,194,17.042,False,32.8,True,8.25,24.0,0.215,2.154931,1.238255,0.893701,0.003333,2508.4782,459.9,0.34,0.732676,0.991053,24.0,-0.215,21.0,24.0,2.42,24.0,-0.141,21.0,24.0,1.83,24.0,-0.124,21.0,24.0,1.09,24.0,-0.147,21.0,24.0,1.83,24.0,-0.014,21.0,24.0,1.09
1831,4649.2,194,17.2,False,32.52,True,2.75,24.0,0.225,1.807413,1.16574,0.821186,0.003333,2510.2856,470.9,0.34,0.61452,0.851111,24.0,-0.225,21.0,24.0,0.81,24.0,-0.152,21.0,24.0,0.61,24.0,-0.135,21.0,24.0,0.36,24.0,-0.157,21.0,24.0,0.61,24.0,-0.045,21.0,24.0,0.36
1832,4649.3667,194,17.367,False,32.23,True,2.75,24.0,0.228,1.776316,1.134643,0.790089,0.436445,2512.0619,482.2,0.34,0.603947,0.856539,24.0,-0.228,21.0,24.0,0.81,24.0,-0.158,21.0,24.0,0.61,24.0,-0.14,21.0,24.0,0.36,24.0,-0.162,21.0,24.0,0.61,24.0,-0.073,21.0,24.0,0.36
1833,4649.5333,194,17.533,False,31.95,True,2.75,24.0,0.231,1.747553,1.10588,0.761326,0.003333,2513.8094,493.0,0.34,0.594168,0.861543,24.0,-0.231,21.0,24.0,0.81,24.0,-0.164,21.0,24.0,0.61,24.0,-0.146,21.0,24.0,0.36,24.0,-0.167,21.0,24.0,0.61,24.0,-0.102,21.0,24.0,0.36
1834,4649.7,194,17.7,False,31.67,True,2.75,24.0,0.234,1.724991,1.083318,0.738764,0.003333,2515.5344,503.2,0.34,0.586497,0.868015,24.0,-0.234,21.0,24.0,0.81,24.0,-0.17,21.0,24.0,0.61,24.0,-0.151,21.0,24.0,0.36,24.0,-0.171,21.0,24.0,0.61,24.0,-0.114,21.0,24.0,0.36
1835,4649.8667,194,17.867,False,31.38,True,2.75,24.0,0.236,1.704878,1.063205,0.718651,0.003333,2517.2393,512.8,0.34,0.579658,0.874261,24.0,-0.236,21.0,24.0,0.81,24.0,-0.175,21.0,24.0,0.61,24.0,-0.156,21.0,24.0,0.36,24.0,-0.175,21.0,24.0,0.61,24.0,-0.124,21.0,24.0,0.36
1836,4650.0333,194,18.033,False,31.1,True,2.75,24.0,0.239,1.685731,1.044058,0.699504,0.003333,2518.925,521.7,0.34,0.573149,0.879446,24.0,-0.239,21.0,24.0,0.81,24.0,-0.18,21.0,24.0,0.61,24.0,-0.16,21.0,24.0,0.36,24.0,-0.179,21.0,24.0,0.61,24.0,-0.132,21.0,24.0,0.36
1837,4650.2083,194,18.208,False,31.02,True,2.75,24.0,0.24,1.675442,1.033769,0.689215,0.003333,2520.6005,530.2,0.34,0.56965,0.888319,24.0,-0.24,21.0,24.0,0.81,24.0,-0.184,21.0,24.0,0.61,24.0,-0.164,21.0,24.0,0.36,24.0,-0.182,21.0,24.0,0.61,24.0,-0.14,21.0,24.0,0.36
1838,4650.375,194,18.375,False,30.93,True,2.75,24.0,0.242,1.665552,1.023879,0.679325,0.003333,2522.266,537.3,0.34,0.566288,0.894901,24.0,-0.242,21.0,24.0,0.81,24.0,-0.187,21.0,24.0,0.61,24.0,-0.168,21.0,24.0,0.36,24.0,-0.186,21.0,24.0,0.61,24.0,-0.147,21.0,24.0,0.36
1839,4650.5417,194,18.542,False,30.85,True,2.75,24.0,0.243,1.656402,1.01473,0.670175,0.003333,2523.9224,543.5,0.34,0.563177,0.900255,24.0,-0.243,21.0,24.0,0.81,24.0,-0.191,21.0,24.0,0.61,24.0,-0.171,21.0,24.0,0.36,24.0,-0.188,21.0,24.0,0.61,24.0,-0.153,21.0,24.0,0.36
1840,4650.7083,194,18.708,False,30.77,True,2.75,24.0,0.244,1.648428,1.006755,0.662201,0.436436,2525.5709,548.7,0.34,0.560465,0.904492,24.0,-0.244,21.0,24.0,0.81,24.0,-0.194,21.0,24.0,0.61,24.0,-0.174,21.0,24.0,0.36,24.0,-0.191,21.0,24.0,0.61,24.0,-0.157,21.0,24.0,0.36
1841,4650.8889,194,18.889,False,30.68,True,2.75,24.0,0.245,1.641088,0.999415,0.654861,0.003333,2527.212,553.1,0.34,0.55797,0.907686,24.0,-0.245,21.0,24.0,0.81,24.0,-0.196,21.0,24.0,0.61,24.0,-0.176,21.0,24.0,0.36,24.0,-0.193,21.0,24.0,0.61,24.0,-0.161,21.0,24.0,0.36
1842,4651.0556,194,19.056,False,30.6,True,2.75,24.0,0.245,1.634503,0.99283,0.648276,0.003333,2528.8465,556.1,0.34,0.555731,0.908947,24.0,-0.245,21.0,24.0,0.81,24.0,-0.198,21.0,24.0,0.61,24.0,-0.178,21.0,24.0,0.36,24.0,-0.194,21.0,24.0,0.61,24.0,-0.164,21.0,24.0,0.36
1843,4651.2222,194,19.222,False,30.32,True,1.38,24.0,0.0,1.518907,0.968902,0.624348,0.003333,2530.3654,558.1,0.34,0.516428,0.847702,24.0,-0.248,21.0,24.0,0.4,24.0,-0.203,21.0,24.0,0.31,24.0,-0.183,21.0,24.0,0.18,24.0,-0.199,21.0,24.0,0.31,24.0,-0.171,21.0,24.0,0.18
1844,4651.3889,194,19.389,False,30.03,True,1.38,24.0,0.0,1.503786,0.953781,0.609226,0.003333,2531.8691,558.9,0.34,0.511287,0.840466,24.0,-0.249,21.0,24.0,0.4,24.0,-0.206,21.0,24.0,0.31,24.0,-0.186,21.0,24.0,0.18,24.0,-0.202,21.0,24.0,0.31,24.0,-0.176,21.0,24.0,0.18
1845,4651.5556,194,19.556,False,29.75,True,1.38,24.0,0.0,1.48663,0.936625,0.592071,0.003333,2533.3558,558.8,0.34,0.505454,0.830729,24.0,-0.249,21.0,24.0,0.4,24.0,-0.21,21.0,24.0,0.31,24.0,-0.189,21.0,24.0,0.18,24.0,-0.207,21.0,24.0,0.31,24.0,-0.187,21.0,24.0,0.18
1846,4651.7222,194,19.722,False,29.47,True,1.38,24.0,0.0,1.473738,0.923732,0.579178,0.003333,2534.8295,557.6,0.34,0.501071,0.821756,24.0,-0.249,21.0,24.0,0.4,24.0,-0.211,21.0,24.0,0.31,24.0,-0.191,21.0,24.0,0.18,24.0,-0.209,21.0,24.0,0.31,24.0,-0.189,21.0,24.0,0.18
1847,4651.8889,194,19.889,False,29.18,True,1.38,24.0,0.0,1.462229,0.912224,0.56767,0.003333,2536.2917,555.5,0.34,0.497158,0.812268,24.0,-0.249,21.0,24.0,0.4,24.0,-0.212,21.0,24.0,0.31,24.0,-0.192,21.0,24.0,0.18,24.0,-0.21,21.0,24.0,0.31,24.0,-0.191,21.0,24.0,0.18
1848,4652.0556,194,20.056,False,28.9,True,1.38,24.0,0.0,1.451376,0.90137,0.556816,0.436431,2537.7431,552.4,0.34,0.493468,0.80174,24.0,-0.248,21.0,24.0,0.4,24.0,-0.212,21.0,24.0,0.31,24.0,-0.192,21.0,24.0,0.18,24.0,-0.21,21.0,24.0,0.31,24.0,-0.193,21.0,24.0,0.18
1849,4652.2222,194,20.222,False,28.8,True,1.38,24.0,0.0,1.447314,0.897309,0.552755,0.003333,2539.1904,548.5,0.34,0.492087,0.793852,24.0,-0.247,21.0,24.0,0.4,24.0,-0.212,21.0,24.0,0.31,24.0,-0.193,21.0,24.0,0.18,24.0,-0.21,21.0,24.0,0.31,24.0,-0.193,21.0,24.0,0.18
1850,4652.4167,194,20.417,False,28.7,True,1.38,24.0,0.0,1.443136,0.893131,0.548576,0.003333,2540.6336,543.0,0.34,0.490666,0.783623,24.0,-0.246,21.0,24.0,0.4,24.0,-0.212,21.0,24.0,0.31,24.0,-0.193,21.0,24.0,0.18,24.0,-0.21,21.0,24.0,0.31,24.0,-0.194,21.0,24.0,0.18
1851,4652.5833,194,20.583,False,28.6,True,1.38,24.0,0.0,1.443761,0.893756,0.549202,0.003333,2542.0773,537.6,0.34,0.490879,0.776166,24.0,-0.246,21.0,24.0,0.4,24.0,-0.212,21.0,24.0,0.31,24.0,-0.193,21.0,24.0,0.18,24.0,-0.21,21.0,24.0,0.31,24.0,-0.194,21.0,24.0,0.18
1852,4652.75,194,20.75,False,28.5,True,1.38,24.0,0.0,1.440374,0.890369,0.545815,0.003333,2543.5177,531.6,0.34,0.489727,0.765703,24.0,-0.245,21.0,24.0,0.4,24.0,-0.212,21.0,24.0,0.31,24.0,-0.193,21.0,24.0,0.18,24.0,-0.21,21.0,24.0,0.31,24.0,-0.194,21.0,24.0,0.18
1853,4652.9167,194,20.917,False,28.4,True,1.38,24.0,0.0,1.437221,0.887216,0.542662,0.003333,2544.9549,525.2,0.34,0.488655,0.754828,24.0,-0.244,21.0,24.0,0.4,24.0,-0.212,21.0,24.0,0.31,24.0,-0.193,21.0,24.0,0.18,24.0,-0.209,21.0,24.0,0.31,24.0,-0.194,21.0,24.0,0.18
1854,4653.0833,194,21.083,False,28.3,True,1.38,24.0,0.0,1.434297,0.884291,0.539737,0.003333,2546.3892,518.3,0.08,0.114744,0.743396,24.0,-0.242,21.0,24.0,0.4,24.0,-0.211,21.0,24.0,0.31,24.0,-0.193,21.0,24.0,0.18,24.0,-0.208,21.0,24.0,0.31,24.0,-0.194,21.0,24.0,0.18
1855,4653.2,194,21.2,False,28.12,True,1.38,24.767,0.0,0.458338,0.0,0.0,0.003333,2546.8476,513.3,0.08,0.036667,0.235265,24.57,-0.157,15.6,26.7,0.4,24.74,-0.104,15.6,26.7,0.31,24.88,-0.065,15.6,26.7,0.18,24.75,-0.1,15.6,26.7,0.31,24.89,-0.063,15.6,26.7,0.18
1856,4653.4167,194,21.417,False,27.93,True,1.38,25.468,0.0,0.458338,0.0,0.0,0.003333,2547.3059,503.8,0.08,0.036667,0.230911,25.17,-0.036,15.6,26.7,0.4,25.42,0.033,15.6,26.7,0.31,25.64,0.091,15.6,26.7,0.18,25.44,0.039,15.6,26.7,0.31,25.66,0.096,15.6,26.7,0.18
1857,4653.5833,194,21.583,False,27.75,True,1.38,25.724,0.0,0.458338,0.0,0.0,0.436412,2547.7642,496.3,0.08,0.036667,0.227473,25.4,0.021,15.6,26.7,0.4,25.68,0.095,15.6,26.7,0.31,25.91,0.159,15.6,26.7,0.18,25.69,0.101,15.6,26.7,0.31,25.94,0.165,15.6,26.7,0.18
1858,4653.75,194,21.75,False,27.57,True,1.38,25.845,0.0,0.458338,0.0,0.0,0.003333,2548.2226,488.8,0.08,0.036667,0.224036,25.51,0.057,15.6,26.7,0.4,25.8,0.133,15.6,26.7,0.31,26.03,0.201,15.6,26.7,0.18,25.82,0.139,15.6,26.7,0.31,26.07,0.208,15.6,26.7,0.18
1859,4653.9167,194,21.917,False,27.38,True,1.38,25.917,0.0,0.458338,0.0,0.0,0.003333,2548.6809,481.3,0.08,0.036667,0.220598,25.57,0.085,15.6,26.7,0.4,25.87,0.161,15.6,26.7,0.31,26.11,0.233,15.6,26.7,0.18,25.89,0.168,15.6,26.7,0.31,26.15,0.241,15.6,26.7,0.18
1860,4654.0833,194,22.083,False,27.2,True,1.38,25.966,0.0,0.458338,0.0,0.0,0.003333,2549.1393,473.9,0.08,0.036667,0.217206,25.61,0.107,15.6,26.7,0.4,25.92,0.184,15.6,26.7,0.31,26.16,0.259,15.6,26.7,0.18,25.94,0.191,15.6,26.7,0.31,26.21,0.269,15.6,26.7,0.18
1861,4654.25,194,22.25,False,27.2,True,1.38,26.003,0.0,0.412504,0.0,0.0,0.003333,2549.5518,466.7,0.08,0.033,0.192516,25.64,0.125,15.6,26.7,0.4,25.95,0.202,15.6,26.7,0.31,26.2,0.281,15.6,26.7,0.18,25.97,0.21,15.6,26.7,0.31,26.25,0.292,15.6,26.7,0.18
1862,4654.4167,194,22.417,False,27.2,True,1.38,26.037,0.0,0.412504,0.0,0.0,0.003333,2549.9643,459.8,0.08,0.033,0.189669,25.66,0.143,15.6,26.7,0.4,25.98,0.22,15.6,26.7,0.31,26.24,0.302,15.6,26.7,0.18,26.01,0.229,15.6,26.7,0.31,26.29,0.314,15.6,26.7,0.18
1863,4654.5,194,22.5,False,27.2,True,1.38,26.076,0.0,0.412504,0.0,0.0,0.003333,2550.3768,456.4,0.08,0.033,0.188267,25.7,0.16,15.6,26.7,0.4,26.02,0.238,15.6,26.7,0.31,26.29,0.323,15.6,26.7,0.18,26.04,0.248,15.6,26.7,0.31,26.34,0.336,15.6,26.7,0.18
1864,4654.6667,194,22.667,False,27.2,True,1.38,26.106,0.0,0.412504,0.0,0.0,0.003333,2550.7893,449.8,0.08,0.033,0.185544,25.72,0.176,15.6,26.7,0.4,26.05,0.255,15.6,26.7,0.31,26.32,0.342,15.6,26.7,0.18,26.07,0.264,15.6,26.7,0.31,26.37,0.355,15.6,26.7,0.18
1865,4654.8333,194,22.833,False,27.2,True,1.38,26.133,0.0,0.412504,0.0,0.0,0.003333,2551.2018,443.6,0.08,0.033,0.182987,25.74,0.191,15.6,26.7,0.4,26.07,0.27,15.6,26.7,0.31,26.35,0.36,15.6,26.7,0.18,26.1,0.28,15.6,26.7,0.31,26.4,0.373,15.6,26.7,0.18
1866,4655.0,194,23.0,False,27.2,True,1.38,26.159,0.0,0.412504,0.0,0.0,0.436399,2551.6143,437.7,0.08,0.033,0.180553,25.76,0.206,15.6,26.7,0.4,26.1,0.285,15.6,26.7,0.31,26.38,0.376,15.6,26.7,0.18,26.12,0.295,15.6,26.7,0.31,26.43,0.39,15.6,26.7,0.18
1867,4655.1667,194,23.167,False,27.2,False,0.0,26.104,0.0,0.320836,0.0,0.0,0.003333,2551.9351,432.2,0.08,0.025667,0.138666,25.7,0.204,15.6,26.7,0.0,26.04,0.284,15.6,26.7,0.0,26.32,0.377,15.6,26.7,0.0,26.07,0.294,15.6,26.7,0.0,26.38,0.392,15.6,26.7,0.0
1868,4655.3333,194,23.333,False,27.2,False,0.0,26.094,0.0,0.320836,0.0,0.0,0.003333,2552.2559,427.0,0.08,0.025667,0.136997,25.69,0.208,15.6,26.7,0.0,26.03,0.289,15.6,26.7,0.0,26.32,0.385,15.6,26.7,0.0,26.06,0.3,15.6,26.7,0.0,26.38,0.4,15.6,26.7,0.0
1869,4655.5,194,23.5,False,27.2,False,0.0,26.097,0.0,0.320836,0.0,0.0,0.003333,2552.5768,422.2,0.08,0.025667,0.135457,25.68,0.214,15.6,26.7,0.0,26.03,0.295,15.6,26.7,0.0,26.33,0.393,15.6,26.7,0.0,26.06,0.307,15.6,26.7,0.0,26.39,0.409,15.6,26.7,0.0
1870,4655.6667,194,23.667,False,27.2,False,0.0,26.104,0.0,0.320836,0.0,0.0,0.003333,2552.8976,417.7,0.08,0.025667,0.134013,25.69,0.221,15.6,26.7,0.0,26.03,0.303,15.6,26.7,0.0,26.33,0.402,15.6,26.7,0.0,26.07,0.315,15.6,26.7,0.0,26.4,0.418,15.6,26.7,0.0
1871,4655.8333,194,23.833,False,27.2,False,0.0,26.112,0.0,0.320836,0.0,0.0,0.003333,2553.2185,413.6,0.08,0.025667,0.132698,25.69,0.228,15.6,26.7,0.0,26.04,0.31,15.6,26.7,0.0,26.34,0.41,15.6,26.7,0.0,26.08,0.322,15.6,26.7,0.0,26.41,0.427,15.6,26.7,0.0
1872,4656.0,194,24.0,False,27.2,False,0.0,26.12,0.0,0.320836,0.0,0.0,0.003333,2553.5393,409.8,0.08,0.025667,0.131479,25.7,0.234,15.6,26.7,0.0,26.05,0.316,15.6,26.7,0.0,26.35,0.417,15.6,26.7,0.0,26.09,0.329,15.6,26.7,0.0,26.42,0.435,15.6,26.7,0.0
1873,4656.1667,195,0.167,True,27.12,False,0.0,26.124,0.0,0.320836,0.0,0.0,0.003333,2553.8601,378.0,0.08,0.025667,0.121276,25.7,0.239,15.6,26.7,0.0,26.05,0.321,15.6,26.7,0.0,26.36,0.423,15.6,26.7,0.0,26.09,0.335,15.6,26.7,0.0,26.42,0.441,15.6,26.7,0.0
1874,4656.3333,195,0.333,True,27.03,False,0.0,26.126,0.0,0.320836,0.0,0.0,0.003333,2554.181,378.5,0.08,0.025667,0.121437,25.71,0.242,15.6,26.7,0.0,26.05,0.326,15.6,26.7,0.0,26.36,0.428,15.6,26.7,0.0,26.09,0.339,15.6,26.7,0.0,26.42,0.446,15.6,26.7,0.0
1875,4656.5,195,0.5,True,26.95,False,0.0,26.126,0.0,0.320836,0.0,0.0,0.436389,2554.5018,378.9,0.08,0.025667,0.121565,25.71,0.245,15.6,26.7,0.0,26.05,0.329,15.6,26.7,0.0,26.36,0.431,15.6,26.7,0.0,26.09,0.342,15.6,26.7,0.0,26.42,0.45,15.6,26.7,0.0
1876,4656.6667,195,0.667,True,26.87,False,0.0,26.126,0.0,0.320836,0.0,0.0,0.003333,2554.8226,379.3,0.08,0.025667,0.121693,25.71,0.247,15.6,26.7,0.0,26.05,0.331,15.6,26.7,0.0,26.36,0.434,15.6,26.7,0.0,26.09,0.345,15.6,26.7,0.0,26.42,0.452,15.6,26.7,0.0
1877,4656.8333,195,0.833,True,26.78,False,0.0,26.125,0.0,0.320836,0.0,0.0,0.003333,2555.1435,379.4,0.08,0.025667,0.121725,25.71,0.248,15.6,26.7,0.0,26.05,0.332,15.6,26.7,0.0,26.36,0.436,15.6,26.7,0.0,26.09,0.347,15.6,26.7,0.0,26.42,0.454,15.6,26.7,0.0
1878,4657.0,195,1.0,True,26.7,False,0.0,26.123,0.0,0.320836,0.0,0.0,0.003333,2555.4643,379.5,0.08,0.025667,0.121757,25.7,0.248,15.6,26.7,0.0,26.04,0.333,15.6,26.7,0.0,26.36,0.437,15.6,26.7,0.0,26.09,0.348,15.6,26.7,0.0,26.42,0.455,15.6,26.7,0.0
1879,4657.1667,195,1.167,True,26.52,False,0.0,26.116,0.0,0.320836,0.0,0.0,0.003333,2555.7851,379.4,0.08,0.025667,0.121725,25.7,0.248,15.6,26.7,0.0,26.04,0.333,15.6,26.7,0.0,26.35,0.436,15.6,26.7,0.0,26.08,0.348,15.6,26.7,0.0,26.41,0.455,15.6,26.7,0.0
1880,4657.3333,195,1.333,True,26.33,False,0.0,26.107,0.0,0.320836,0.0,0.0,0.003333,2556.106,379.3,0.08,0.025667,0.121693,25.69,0.247,15.6,26.7,0.0,26.03,0.332,15.6,26.7,0.0,26.34,0.436,15.6,26.7,0.0,26.08,0.348,15.6,26.7,0.0,26.4,0.455,15.6,26.7,0.0
1881,4657.5,195,1.5,True,26.15,False,0.0,26.096,0.0,0.320836,0.0,0.0,0.003333,2556.4268,378.9,0.08,0.025667,0.121565,25.68,0.247,15.6,26.7,0.0,26.01,0.331,15.6,26.7,0.0,26.33,0.435,15.6,26.7,0.0,26.07,0.347,15.6,26.7,0.0,26.39,0.454,15.6,26.7,0.0
1882,4657.6667,195,1.667,True,25.97,False,0.0,26.084,0.0,0.320836,0.0,0.0,0.003333,2556.7477,378.5,0.08,0.025667,0.121437,25.67,0.245,15.6,26.7,0.0,26.0,0.33,15.6,26.7,0.0,26.31,0.434,15.6,26.7,0.0,26.05,0.346,15.6,26.7,0.0,26.38,0.453,15.6,26.7,0.0
1883,4657.8333,195,1.833,True,25.78,False,0.0,26.071,0.0,0.320836,0.0,0.0,0.003333,2557.0685,378.0,0.08,0.025667,0.121276,25.66,0.244,15.6,26.7,0.0,25.99,0.328,15.6,26.7,0.0,26.3,0.432,15.6,26.7,0.0,26.04,0.345,15.6,26.7,0.0,26.37,0.451,15.6,26.7,0.0
1884,4658.0,195,2.0,True,25.6,False,0.0,26.057,0.0,0.320836,0.0,0.0,0.003333,2557.3893,377.3,0.08,0.025667,0.121052,25.65,0.243,15.6,26.7,0.0,25.97,0.326,15.6,26.7,0.0,26.29,0.43,15.6,26.7,0.0,26.03,0.344,15.6,26.7,0.0,26.35,0.45,15.6,26.7,0.0
1885,4658.1667,195,2.167,True,25.6,False,0.0,26.052,0.0,0.320836,0.0,0.0,0.436407,2557.7102,376.5,0.08,0.025667,0.120795,25.64,0.242,15.6,26.7,0.0,25.97,0.326,15.6,26.7,0.0,26.28,0.43,15.6,26.7,0.0,26.02,0.344,15.6,26.7,0.0,26.35,0.449,15.6,26.7,0.0
1886,4658.3333,195,2.333,True,25.6,False,0.0,26.049,0.0,0.320836,0.0,0.0,0.003333,2558.031,375.6,0.08,0.025667,0.120506,25.64,0.241,15.6,26.7,0.0,25.96,0.326,15.6,26.7,0.0,26.28,0.43,15.6,26.7,0.0,26.02,0.344,15.6,26.7,0.0,26.34,0.449,15.6,26.7,0.0
1887,4658.5,195,2.5,True,25.6,False,0.0,26.047,0.0,0.320836,0.0,0.0,0.003333,2558.3518,374.6,0.08,0.025667,0.120185,25.64,0.24,15.6,26.7,0.0,25.96,0.326,15.6,26.7,0.0,26.27,0.429,15.6,26.7,0.0,26.02,0.344,15.6,26.7,0.0,26.34,0.449,15.6,26.7,0.0
1888,4658.6667,195,2.667,True,25.6,False,0.0,26.046,0.0,0.320836,0.0,0.0,0.003333,2558.6727,373.4,0.08,0.025667,0.1198,25.64,0.239,15.6,26.7,0.0,25.96,0.325,15.6,26.7,0.0,26.27,0.428,15.6,26.7,0.0,26.02,0.344,15.6,26.7,0.0,26.34,0.448,15.6,26.7,0.0
1889,4658.8333,195,2.833,True,25.6,False,0.0,26.044,0.0,0.320836,0.0,0.0,0.003333,2558.9935,372.2,0.08,0.025667,0.119415,25.64,0.238,15.6,26.7,0.0,25.96,0.324,15.6,26.7,0.0,26.27,0.427,15.6,26.7,0.0,26.02,0.343,15.6,26.7,0.0,26.34,0.447,15.6,26.7,0.0
1890,4659.0,195,3.0,True,25.6,False,0.0,26.043,0.0,0.320836,0.0,0.0,0.003333,2559.3143,370.8,0.08,0.025667,0.118966,25.64,0.236,15.6,26.7,0.0,25.96,0.324,15.6,26.7,0.0,26.27,0.426,15.6,26.7,0.0,26.02,0.342,15.6,26.7,0.0,26.34,0.446,15.6,26.7,0.0
1891,4659.1667,195,3.167,True,25.5,False,0.0,26.036,0.0,0.320836,0.0,0.0,0.003333,2559.6352,369.4,0.08,0.025667,0.118517,25.63,0.234,15.6,26.7,0.0,25.95,0.321,15.6,26.7,0.0,26.26,0.423,15.6,26.7,0.0,26.01,0.34,15.6,26.7,0.0,26.33,0.443,15.6,26.7,0.0
1892,4659.3333,195,3.333,True,25.4,False,0.0,26.026,0.0,0.320836,0.0,0.0,0.003333,2559.956,367.8,0.08,0.025667,0.118004,25.62,0.231,15.6,26.7,0.0,25.94,0.318,15.6,26.7,0.0,26.25,0.42,15.6,26.7,0.0,26.0,0.338,15.6,26.7,0.0,26.32,0.439,15.6,26.7,0.0
1893,4659.5,195,3.5,True,25.3,False,0.0,26.015,0.0,0.320836,0.0,0.0,0.003333,2560.2769,366.1,0.08,0.025667,0.117458,25.62,0.228,15.6,26.7,0.0,25.93,0.315,15.6,26.7,0.0,26.24,0.416,15.6,26.7,0.0,25.99,0.334,15.6,26.7,0.0,26.3,0.436,15.6,26.7,0.0
1894,4659.6667,195,3.667,True,25.2,False,0.0,26.003,0.0,0.320836,0.0,0.0,0.436398,2560.5977,364.4,0.08,0.025667,0.116913,25.61,0.225,15.6,26.7,0.0,25.92,0.311,15.6,26.7,0.0,26.22,0.412,15.6,26.7,0.0,25.98,0.331,15.6,26.7,0.0,26.29,0.431,15.6,26.7,0.0
1895,4659.8333,195,3.833,True,25.1,False,0.0,25.99,0.0,0.320836,0.0,0.0,0.003333,2560.9185,362.5,0.08,0.025667,0.116303,25.6,0.222,15.6,26.7,0.0,25.9,0.307,15.6,26.7,0.0,26.21,0.408,15.6,26.7,0.0,25.97,0.327,15.6,26.7,0.0,26.28,0.427,15.6,26.7,0.0
1896,4660.0,195,4.0,True,25.0,False,0.0,25.977,0.0,0.320836,0.0,0.0,0.003333,2561.2394,360.5,0.08,0.025667,0.115662,25.59,0.218,15.6,26.7,0.0,25.89,0.303,15.6,26.7,0.0,26.2,0.403,15.6,26.7,0.0,25.95,0.323,15.6,26.7,0.0,26.26,0.423,15.6,26.7,0.0
1897,4660.1667,195,4.167,True,25.0,False,0.0,25.967,0.0,0.320836,0.0,0.0,0.003333,2561.5602,358.5,0.08,0.025667,0.11502,25.58,0.216,15.6,26.7,0.0,25.88,0.299,15.6,26.7,0.0,26.18,0.4,15.6,26.7,0.0,25.94,0.32,15.6,26.7,0.0,26.25,0.419,15.6,26.7,0.0
1898,4660.3333,195,4.333,True,25.0,False,0.0,25.958,0.0,0.320836,0.0,0.0,0.003333,2561.881,356.4,0.08,0.025667,0.114346,25.58,0.214,15.6,26.7,0.0,25.87,0.296,15.6,26.7,0.0,26.17,0.396,15.6,26.7,0.0,25.93,0.317,15.6,26.7,0.0,26.24,0.415,15.6,26.7,0.0
1899,4660.5,195,4.5,True,25.0,False,0.0,25.95,0.0,0.320836,0.0,0.0,0.003333,2562.2019,354.2,0.08,0.025667,0.11364,25.58,0.212,15.6,26.7,0.0,25.86,0.293,15.6,26.7,0.0,26.16,0.393,15.6,26.7,0.0,25.93,0.315,15.6,26.7,0.0,26.23,0.412,15.6,26.7,0.0
1900,4660.6667,195,4.667,True,25.0,False,0.0,25.941,0.0,0.320836,0.0,0.0,0.003333,2562.5227,351.9,0.08,0.025667,0.112902,25.57,0.211,15.6,26.7,0.0,25.85,0.29,15.6,26.7,0.0,26.15,0.39,15.6,26.7,0.0,25.92,0.312,15.6,26.7,0.0,26.22,0.409,15.6,26.7,0.0
1901,4660.8333,195,4.833,True,25.0,False,0.0,25.933,0.0,0.320836,0.0,0.0,0.003333,2562.8436,349.5,0.08,0.025667,0.112132,25.57,0.21,15.6,26.7,0.0,25.84,0.288,15.6,26.7,0.0,26.14,0.387,15.6,26.7,0.0,25.91,0.31,15.6,26.7,0.0,26.21,0.406,15.6,26.7,0.0
1902,4661.0,195,5.0,True,25.0,False,0.0,25.924,0.0,0.320836,0.0,0.0,0.003333,2563.1644,347.1,0.08,0.025667,0.111362,25.57,0.209,15.6,26.7,0.0,25.83,0.285,15.6,26.7,0.0,26.13,0.385,15.6,26.7,0.0,25.9,0.308,15.6,26.7,0.0,26.2,0.403,15.6,26.7,0.0
1903,4661.25,195,5.25,True,24.82,True,2.75,24.182,0.046,1.599744,1.141406,0.796852,0.436416,2564.7641,343.4,0.08,0.12798,0.549352,24.11,-0.046,21.0,24.0,0.81,24.13,-0.011,21.0,24.0,0.61,24.26,0.058,21.0,24.0,0.36,24.14,0.003,21.0,24.0,0.61,24.27,0.066,21.0,24.0,0.36
1904,4661.3333,195,5.333,True,24.63,True,2.75,24.012,0.119,1.39532,0.936982,0.592428,0.003333,2566.1595,342.1,0.08,0.111626,0.477339,24.0,-0.119,21.0,24.0,0.81,24.0,-0.099,21.0,24.0,0.61,24.02,-0.059,21.0,24.0,0.36,24.0,-0.09,21.0,24.0,0.61,24.02,-0.054,21.0,24.0,0.36
1905,4661.5,195,5.5,True,24.45,True,2.75,24.002,0.149,1.321,0.862662,0.518108,0.003333,2567.4805,339.5,0.08,0.10568,0.448479,24.0,-0.149,21.0,24.0,0.81,24.0,-0.136,21.0,24.0,0.61,24.01,-0.103,21.0,24.0,0.36,24.0,-0.128,21.0,24.0,0.61,24.01,-0.1,21.0,24.0,0.36
1906,4661.6667,195,5.667,True,24.27,True,2.75,24.0,0.174,1.273882,0.815544,0.47099,0.003333,2568.7543,336.9,0.08,0.101911,0.429171,24.0,-0.174,21.0,24.0,0.81,24.0,-0.165,21.0,24.0,0.61,24.0,-0.136,21.0,24.0,0.36,24.0,-0.157,21.0,24.0,0.61,24.0,-0.134,21.0,24.0,0.36
1907,4661.8333,195,5.833,True,24.08,True,2.75,23.999,0.195,1.245796,0.787458,0.442904,0.003333,2570.0001,334.2,0.08,0.099664,0.416345,24.0,-0.195,21.0,24.0,0.81,24.0,-0.186,21.0,24.0,0.61,24.0,-0.145,21.0,24.0,0.36,24.0,-0.172,21.0,24.0,0.61,24.0,-0.16,21.0,24.0,0.36
1908,4662.0,195,6.0,True,23.9,True,2.75,23.999,0.213,1.221875,0.763537,0.418983,0.003333,2571.222,331.5,0.08,0.09775,0.405052,24.0,-0.213,21.0,24.0,0.81,24.0,-0.204,21.0,24.0,0.61,24.0,-0.161,21.0,24.0,0.36,24.0,-0.19,21.0,24.0,0.61,24.0,-0.181,21.0,24.0,0.36
1909,4662.1667,195,6.167,True,24.08,True,2.75,23.999,0.219,1.230173,0.771835,0.427281,0.003333,2572.4522,328.8,0.08,0.098414,0.404481,24.0,-0.219,21.0,24.0,0.81,24.0,-0.209,21.0,24.0,0.61,24.0,-0.164,21.0,24.0,0.36,24.0,-0.194,21.0,24.0,0.61,24.0,-0.188,21.0,24.0,0.36
1910,4662.3333,195,6.333,True,24.27,True,2.75,24.0,0.224,1.229363,0.771025,0.426471,0.003333,2573.6815,326.0,0.08,0.098349,0.400772,24.0,-0.224,21.0,24.0,0.81,24.0,-0.211,21.0,24.0,0.61,24.0,-0.169,21.0,24.0,0.36,24.0,-0.198,21.0,24.0,0.61,24.0,-0.193,21.0,24.0,0.36
1911,4662.5833,195,6.583,True,24.45,True,2.75,24.0,0.227,1.233863,0.775526,0.430971,0.003333,2574.9154,321.8,0.08,0.098709,0.397057,24.0,-0.227,21.0,24.0,0.81,24.0,-0.213,21.0,24.0,0.61,24.0,-0.172,21.0,24.0,0.36,24.0,-0.2,21.0,24.0,0.61,24.0,-0.196,21.0,24.0,0.36
1912,4662.75,195,6.75,True,24.63,True,2.75,24.0,0.229,1.239566,0.781228,0.436674,0.436425,2576.155,319.0,0.08,0.099165,0.395421,24.0,-0.229,21.0,24.0,0.81,24.0,-0.212,21.0,24.0,0.61,24.0,-0.166,21.0,24.0,0.36,24.0,-0.199,21.0,24.0,0.61,24.0,-0.197,21.0,24.0,0.36
1913,4662.9167,195,6.917,True,24.82,True,2.75,24.0,0.231,1.249186,0.790848,0.446294,0.003333,2577.4042,316.2,0.08,0.099935,0.394992,24.0,-0.231,21.0,24.0,0.81,24.0,-0.21,21.0,24.0,0.61,24.0,-0.155,21.0,24.0,0.36,24.0,-0.196,21.0,24.0,0.61,24.0,-0.197,21.0,24.0,0.36
1914,4663.0556,195,7.056,True,25.0,True,2.75,24.0,0.231,1.259219,0.800881,0.456327,0.003333,2578.6634,313.8,0.08,0.100738,0.395143,24.0,-0.231,21.0,24.0,0.81,24.0,-0.208,21.0,24.0,0.61,24.0,-0.146,21.0,24.0,0.36,24.0,-0.193,21.0,24.0,0.61,24.0,-0.196,21.0,24.0,0.36
1915,4663.2222,195,7.222,True,25.47,True,8.25,24.0,0.224,1.601025,0.867685,0.523131,0.003333,2580.2644,311.0,0.08,0.128082,0.497919,24.0,-0.224,21.0,24.0,2.42,24.0,-0.198,21.0,24.0,1.83,24.0,-0.13,21.0,24.0,1.09,24.0,-0.183,21.0,24.0,1.83,24.0,-0.188,21.0,24.0,1.09
1916,4663.375,195,7.375,True,25.93,True,8.25,24.0,0.222,1.627338,0.893997,0.549443,0.003333,2581.8917,308.4,0.08,0.130187,0.501871,24.0,-0.222,21.0,24.0,2.42,24.0,-0.193,21.0,24.0,1.83,24.0,-0.118,21.0,24.0,1.09,24.0,-0.18,21.0,24.0,1.83,24.0,-0.183,21.0,24.0,1.09
1917,4663.5417,195,7.542,True,26.4,True,8.25,24.0,0.222,1.65117,0.91783,0.573276,0.003333,2583.5429,305.6,0.08,0.132094,0.504598,24.0,-0.222,21.0,24.0,2.42,24.0,-0.188,21.0,24.0,1.83,24.0,-0.106,21.0,24.0,1.09,24.0,-0.177,21.0,24.0,1.83,24.0,-0.18,21.0,24.0,1.09
1918,4663.7,195,7.7,True,26.87,True,8.25,24.0,0.221,1.673179,0.939838,0.595284,0.003333,2585.2161,303.0,0.08,0.133854,0.506973,24.0,-0.221,21.0,24.0,2.42,24.0,-0.184,21.0,24.0,1.83,24.0,-0.097,21.0,24.0,1.09,24.0,-0.176,21.0,24.0,1.83,24.0,-0.177,21.0,24.0,1.09
1919,4663.8667,195,7.867,True,27.33,True,8.25,24.0,0.221,1.69457,0.96123,0.616675,0.003333,2586.9107,300.2,0.08,0.135566,0.50871,24.0,-0.221,21.0,24.0,2.42,24.0,-0.181,21.0,24.0,1.83,24.0,-0.089,21.0,24.0,1.09,24.0,-0.175,21.0,24.0,1.83,24.0,-0.174,21.0,24.0,1.09
1920,4664.0333,195,8.033,True,27.8,True,8.25,24.0,0.221,1.717543,0.984203,0.639648,0.436437,2588.6282,297.5,0.08,0.137403,0.510969,24.0,-0.221,21.0,24.0,2.42,24.0,-0.177,21.0,24.0,1.83,24.0,-0.076,21.0,24.0,1.09,24.0,-0.173,21.0,24.0,1.83,24.0,-0.171,21.0,24.0,1.09
1921,4664.2,195,8.2,True,28.07,True,8.25,24.0,0.222,1.730404,0.997064,0.65251,0.003333,2590.3586,294.8,0.08,0.138432,0.510123,24.0,-0.222,21.0,24.0,2.42,24.0,-0.175,21.0,24.0,1.83,24.0,-0.069,21.0,24.0,1.09,24.0,-0.174,21.0,24.0,1.83,24.0,-0.169,21.0,24.0,1.09
1922,4664.3667,195,8.367,True,28.33,True,8.25,24.0,0.223,1.742802,1.009462,0.664908,0.003333,2592.1014,292.1,0.08,0.139424,0.509073,24.0,-0.223,21.0,24.0,2.42,24.0,-0.173,21.0,24.0,1.83,24.0,-0.062,21.0,24.0,1.09,24.0,-0.174,21.0,24.0,1.83,24.0,-0.168,21.0,24.0,1.09
1923,4664.5333,195,8.533,True,28.6,True,8.25,24.0,0.224,1.755047,1.021706,0.677152,0.003333,2593.8565,289.5,0.08,0.140404,0.508086,24.0,-0.224,21.0,24.0,2.42,24.0,-0.171,21.0,24.0,1.83,24.0,-0.056,21.0,24.0,1.09,24.0,-0.173,21.0,24.0,1.83,24.0,-0.167,21.0,24.0,1.09
1924,4664.7,195,8.7,True,28.87,True,8.25,24.0,0.225,1.76763,1.03429,0.689736,0.003333,2595.6241,286.9,0.08,0.14141,0.507133,24.0,-0.225,21.0,24.0,2.42,24.0,-0.169,21.0,24.0,1.83,24.0,-0.049,21.0,24.0,1.09,24.0,-0.172,21.0,24.0,1.83,24.0,-0.166,21.0,24.0,1.09
1925,4664.8667,195,8.867,True,29.13,True,8.25,24.0,0.226,1.780049,1.046709,0.702155,0.003333,2597.4041,284.4,0.08,0.142404,0.506246,24.0,-0.226,21.0,24.0,2.42,24.0,-0.168,21.0,24.0,1.83,24.0,-0.042,21.0,24.0,1.09,24.0,-0.171,21.0,24.0,1.83,24.0,-0.165,21.0,24.0,1.09
1926,4665.0333,195,9.033,True,29.4,True,8.25,24.0,0.228,1.79218,1.05884,0.714286,0.003333,2599.1963,282.0,0.08,0.143374,0.505395,24.0,-0.228,21.0,24.0,2.42,24.0,-0.166,21.0,24.0,1.83,24.0,-0.036,21.0,24.0,1.09,24.0,-0.171,21.0,24.0,1.83,24.0,-0.164,21.0,24.0,1.09
1927,4665.2,195,9.2,True,29.5,True,8.25,24.0,0.23,1.798176,1.064835,0.720281,0.003333,2600.9945,279.6,0.08,0.143854,0.50277,24.0,-0.23,21.0,24.0,2.42,24.0,-0.165,21.0,24.0,1.83,24.0,-0.032,21.0,24.0,1.09,24.0,-0.17,21.0,24.0,1.83,24.0,-0.163,21.0,24.0,1.09
1928,4665.3667,195,9.367,True,29.6,True,8.25,24.0,0.231,1.805165,1.071825,0.72727,0.436443,2602.7997,277.3,0.08,0.144413,0.500572,24.0,-0.231,21.0,24.0,2.42,24.0,-0.164,21.0,24.0,1.83,24.0,-0.023,21.0,24.0,1.09,24.0,-0.169,21.0,24.0,1.83,24.0,-0.162,21.0,24.0,1.09
1929,4665.5333,195,9.533,True,29.7,True,8.25,24.0,0.233,1.810277,1.076937,0.732382,0.003333,2604.6099,275.1,0.08,0.144822,0.498007,24.0,-0.233,21.0,24.0,2.42,24.0,-0.163,21.0,24.0,1.83,24.0,-0.021,21.0,24.0,1.09,24.0,-0.169,21.0,24.0,1.83,24.0,-0.162,21.0,24.0,1.09
1930,4665.7,195,9.7,True,29.8,True,8.25,24.0,0.234,1.812848,1.079507,0.734953,0.003333,2606.4228,272.9,0.08,0.145028,0.494726,24.0,-0.234,21.0,24.0,2.42,24.0,-0.162,21.0,24.0,1.83,24.0,-0.025,21.0,24.0,1.09,24.0,-0.169,21.0,24.0,1.83,24.0,-0.161,21.0,24.0,1.09
1931,4665.8667,195,9.867,True,29.9,True,8.25,24.0,0.236,1.814531,1.081191,0.736637,0.003333,2608.2373,270.9,0.08,0.145162,0.491556,24.0,-0.236,21.0,24.0,2.42,24.0,-0.162,21.0,24.0,1.83,24.0,-0.03,21.0,24.0,1.09,24.0,-0.169,21.0,24.0,1.83,24.0,-0.161,21.0,24.0,1.09
1932,4666.0333,195,10.033,True,30.0,True,8.25,24.0,0.238,1.815671,1.08233,0.737776,0.003333,2610.053,269.0,0.08,0.145254,0.488415,24.0,-0.238,21.0,24.0,2.42,24.0,-0.162,21.0,24.0,1.83,24.0,-0.036,21.0,24.0,1.09,24.0,-0.169,21.0,24.0,1.83,24.0,-0.161,21.0,24.0,1.09
1933,4666.2083,195,10.208,True,30.18,True,8.25,24.0,0.24,1.819522,1.086182,0.741627,0.003333,2611.8725,267.0,0.08,0.145562,0.485812,24.0,-0.24,21.0,24.0,2.42,24.0,-0.162,21.0,24.0,1.83,24.0,-0.043,21.0,24.0,1.09,24.0,-0.169,21.0,24.0,1.83,24.0,-0.161,21.0,24.0,1.09
1934,4666.375,195,10.375,True,30.37,True,8.25,24.0,0.241,1.823019,1.089679,0.745124,0.003333,2613.6955,265.3,0.08,0.145842,0.483647,24.0,-0.241,21.0,24.0,2.42,24.0,-0.161,21.0,24.0,1.83,24.0,-0.051,21.0,24.0,1.09,24.0,-0.169,21.0,24.0,1.83,24.0,-0.161,21.0,24.0,1.09
1935,4666.5417,195,10.542,True,30.55,True,8.25,24.0,0.243,1.826064,1.092723,0.748169,0.003333,2615.5216,263.7,0.08,0.146085,0.481533,24.0,-0.243,21.0,24.0,2.42,24.0,-0.161,21.0,24.0,1.83,24.0,-0.06,21.0,24.0,1.09,24.0,-0.169,21.0,24.0,1.83,24.0,-0.161,21.0,24.0,1.09
1936,4666.7083,195,10.708,True,30.73,True,8.25,24.0,0.245,1.82809,1.09475,0.750196,0.436448,2617.3497,262.3,0.08,0.146247,0.479508,24.0,-0.245,21.0,24.0,2.42,24.0,-0.161,21.0,24.0,1.83,24.0,-0.071,21.0,24.0,1.09,24.0,-0.169,21.0,24.0,1.83,24.0,-0.161,21.0,24.0,1.09
1937,4666.8889,195,10.889,True,30.92,True,8.25,24.0,0.247,1.829886,1.096545,0.751991,0.003333,2619.1796,260.9,0.08,0.146391,0.477417,24.0,-0.247,21.0,24.0,2.42,24.0,-0.161,21.0,24.0,1.83,24.0,-0.083,21.0,24.0,1.09,24.0,-0.17,21.0,24.0,1.83,24.0,-0.162,21.0,24.0,1.09
1938,4667.0556,195,11.056,True,31.1,True,8.25,24.0,0.249,1.831375,1.098034,0.75348,0.003333,2621.0109,259.8,0.08,0.14651,0.475791,24.0,-0.249,21.0,24.0,2.42,24.0,-0.161,21.0,24.0,1.83,24.0,-0.094,21.0,24.0,1.09,24.0,-0.17,21.0,24.0,1.83,24.0,-0.162,21.0,24.0,1.09
1939,4667.25,195,11.25,True,31.1,True,2.75,24.0,0.259,1.497549,1.039212,0.694658,0.003333,2622.5085,258.6,0.08,0.119804,0.387266,24.0,-0.259,21.0,24.0,0.81,24.0,-0.169,21.0,24.0,0.61,24.0,-0.112,21.0,24.0,0.36,24.0,-0.178,21.0,24.0,0.61,24.0,-0.169,21.0,24.0,0.36
1940,4667.4167,195,11.417,True,31.1,True,2.75,24.0,0.263,1.488815,1.030477,0.685923,0.003333,2623.9973,257.9,0.08,0.119105,0.383965,24.0,-0.263,21.0,24.0,0.81,24.0,-0.169,21.0,24.0,0.61,24.0,-0.124,21.0,24.0,0.36,24.0,-0.179,21.0,24.0,0.61,24.0,-0.17,21.0,24.0,0.36
1941,4667.5833,195,11.583,True,31.1,True,2.75,24.0,0.266,1.482119,1.023781,0.679227,0.003333,2625.4794,257.4,0.08,0.11857,0.381497,24.0,-0.266,21.0,24.0,0.81,24.0,-0.171,21.0,24.0,0.61,24.0,-0.135,21.0,24.0,0.36,24.0,-0.181,21.0,24.0,0.61,24.0,-0.172,21.0,24.0,0.36
1942,4667.75,195,11.75,True,31.1,True,2.75,24.0,0.269,1.473703,1.015365,0.670811,0.003333,2626.9531,257.0,0.08,0.117896,0.378742,24.0,-0.269,21.0,24.0,0.81,24.0,-0.176,21.0,24.0,0.61,24.0,-0.142,21.0,24.0,0.36,24.0,-0.185,21.0,24.0,0.61,24.0,-0.177,21.0,24.0,0.36
1943,4667.9167,195,11.917,True,31.1,True,2.75,24.0,0.272,1.467935,1.009597,0.665043,0.436439,2628.4211,256.9,0.08,0.117435,0.377112,24.0,-0.272,21.0,24.0,0.81,24.0,-0.178,21.0,24.0,0.61,24.0,-0.146,21.0,24.0,0.36,24.0,-0.188,21.0,24.0,0.61,24.0,-0.179,21.0,24.0,0.36
1944,4668.0833,195,12.083,True,31.1,True,2.75,24.0,0.275,1.463084,1.004746,0.660192,0.003333,2629.8841,257.1,0.08,0.117047,0.376159,24.0,-0.275,21.0,24.0,0.81,24.0,-0.18,21.0,24.0,0.61,24.0,-0.15,21.0,24.0,0.36,24.0,-0.19,21.0,24.0,0.61,24.0,-0.182,21.0,24.0,0.36
1945,4668.2222,195,12.222,True,31.28,True,2.75,24.0,0.278,1.465228,1.00689,0.662336,0.003333,2631.3494,257.4,0.08,0.117218,0.37715,24.0,-0.278,21.0,24.0,0.81,24.0,-0.182,21.0,24.0,0.61,24.0,-0.153,21.0,24.0,0.36,24.0,-0.192,21.0,24.0,0.61,24.0,-0.184,21.0,24.0,0.36
1946,4668.3889,195,12.389,True,31.47,True,2.75,24.0,0.28,1.467862,1.009524,0.66497,0.003333,2632.8172,258.1,0.08,0.117429,0.378855,24.0,-0.28,21.0,24.0,0.81,24.0,-0.184,21.0,24.0,0.61,24.0,-0.155,21.0,24.0,0.36,24.0,-0.194,21.0,24.0,0.61,24.0,-0.185,21.0,24.0,0.36
1947,4668.5417,195,12.542,True,31.65,True,2.75,24.0,0.283,1.470837,1.012499,0.667945,0.003333,2634.2881,259.0,0.08,0.117667,0.380947,24.0,-0.283,21.0,24.0,0.81,24.0,-0.185,21.0,24.0,0.61,24.0,-0.157,21.0,24.0,0.36,24.0,-0.195,21.0,24.0,0.61,24.0,-0.187,21.0,24.0,0.36
1948,4668.7083,195,12.708,True,31.83,True,2.75,24.0,0.285,1.47002,1.011682,0.667128,0.003333,2635.7581,260.3,0.08,0.117602,0.382646,24.0,-0.285,21.0,24.0,0.81,24.0,-0.189,21.0,24.0,0.61,24.0,-0.162,21.0,24.0,0.36,24.0,-0.199,21.0,24.0,0.61,24.0,-0.191,21.0,24.0,0.36
1949,4668.875,195,12.875,True,32.02,True,2.75,24.0,0.288,1.472349,1.014011,0.669457,0.003333,2637.2304,262.0,0.08,0.117788,0.385755,24.0,-0.288,21.0,24.0,0.81,24.0,-0.191,21.0,24.0,0.61,24.0,-0.164,21.0,24.0,0.36,24.0,-0.201,21.0,24.0,0.61,24.0,-0.193,21.0,24.0,0.36
1950,4669.0556,195,13.056,True,32.2,True,2.75,24.0,0.29,1.475756,1.017418,0.672864,0.003333,2638.7062,264.2,0.08,0.11806,0.389895,24.0,-0.29,21.0,24.0,0.81,24.0,-0.192,21.0,24.0,0.61,24.0,-0.165,21.0,24.0,0.36,24.0,-0.202,21.0,24.0,0.61,24.0,-0.195,21.0,24.0,0.36
1951,4669.2222,195,13.222,True,32.3,True,2.75,24.0,0.292,1.477934,1.019597,0.675042,0.436435,2640.1841,266.8,0.08,0.118235,0.394313,24.0,-0.292,21.0,24.0,0.81,24.0,-0.193,21.0,24.0,0.61,24.0,-0.166,21.0,24.0,0.36,24.0,-0.203,21.0,24.0,0.61,24.0,-0.195,21.0,24.0,0.36
1952,4669.4167,195,13.417,True,32.4,True,2.75,24.0,0.293,1.48069,1.022353,0.677799,0.003333,2641.6648,270.2,0.08,0.118455,0.400083,24.0,-0.293,21.0,24.0,0.81,24.0,-0.193,21.0,24.0,0.61,24.0,-0.167,21.0,24.0,0.36,24.0,-0.203,21.0,24.0,0.61,24.0,-0.196,21.0,24.0,0.36
1953,4669.5833,195,13.583,True,32.5,True,2.75,24.0,0.295,1.483955,1.025617,0.681063,0.003333,2643.1488,273.8,0.08,0.118716,0.406307,24.0,-0.295,21.0,24.0,0.81,24.0,-0.192,21.0,24.0,0.61,24.0,-0.167,21.0,24.0,0.36,24.0,-0.203,21.0,24.0,0.61,24.0,-0.196,21.0,24.0,0.36
1954,4669.6667,195,13.667,True,32.6,True,2.75,24.0,0.295,1.482795,1.024457,0.679903,0.003333,2644.6316,275.7,0.08,0.118624,0.408806,24.0,-0.295,21.0,24.0,0.81,24.0,-0.192,21.0,24.0,0.61,24.0,-0.166,21.0,24.0,0.36,24.0,-0.203,21.0,24.0,0.61,24.0,-0.195,21.0,24.0,0.36
1955,4669.8333,195,13.833,True,32.7,True,2.75,24.0,0.296,1.488602,1.030264,0.68571,0.003333,2646.1202,280.0,0.08,0.119088,0.416809,24.0,-0.296,21.0,24.0,0.81,24.0,-0.191,21.0,24.0,0.61,24.0,-0.166,21.0,24.0,0.36,24.0,-0.202,21.0,24.0,0.61,24.0,-0.188,21.0,24.0,0.36
1956,4670.0,195,14.0,True,32.8,True,2.75,24.0,0.296,1.497558,1.03922,0.694666,0.003333,2647.6177,284.8,0.08,0.119805,0.426504,24.0,-0.296,21.0,24.0,0.81,24.0,-0.189,21.0,24.0,0.61,24.0,-0.164,21.0,24.0,0.36,24.0,-0.2,21.0,24.0,0.61,24.0,-0.177,21.0,24.0,0.36
1957,4670.25,195,14.25,True,32.8,True,2.75,24.0,0.296,1.50149,1.043153,0.698598,0.003333,2649.1192,293.0,0.08,0.120119,0.439937,24.0,-0.296,21.0,24.0,0.81,24.0,-0.188,21.0,24.0,0.61,24.0,-0.164,21.0,24.0,0.36,24.0,-0.2,21.0,24.0,0.61,24.0,-0.167,21.0,24.0,0.36
1958,4670.4167,195,14.417,True,32.8,True,2.75,24.0,0.296,1.504976,1.046638,0.702084,0.003333,2650.6242,299.2,0.08,0.120398,0.450289,24.0,-0.296,21.0,24.0,0.81,24.0,-0.187,21.0,24.0,0.61,24.0,-0.164,21.0,24.0,0.36,24.0,-0.199,21.0,24.0,0.61,24.0,-0.157,21.0,24.0,0.36
1959,4670.5556,195,14.556,True,32.8,True,2.75,24.0,0.296,1.508392,1.050054,0.7055,0.436427,2652.1326,304.8,0.08,0.120671,0.459758,24.0,-0.296,21.0,24.0,0.81,24.0,-0.187,21.0,24.0,0.61,24.0,-0.164,21.0,24.0,0.36,24.0,-0.199,21.0,24.0,0.61,24.0,-0.147,21.0,24.0,0.36
1960,4670.7222,195,14.722,True,32.8,True,2.75,24.0,0.296,1.512728,1.05439,0.709836,0.003333,2653.6453,312.1,0.08,0.121018,0.472122,24.0,-0.296,21.0,24.0,0.81,24.0,-0.186,21.0,24.0,0.61,24.0,-0.163,21.0,24.0,0.36,24.0,-0.198,21.0,24.0,0.61,24.0,-0.135,21.0,24.0,0.36
1961,4670.8889,195,14.889,True,32.8,True,2.75,24.0,0.296,1.517438,1.059101,0.714546,0.003333,2655.1627,320.0,0.08,0.121395,0.48558,24.0,-0.296,21.0,24.0,0.81,24.0,-0.186,21.0,24.0,0.61,24.0,-0.163,21.0,24.0,0.36,24.0,-0.197,21.0,24.0,0.61,24.0,-0.122,21.0,24.0,0.36
1962,4671.0556,195,15.056,True,32.8,True,2.75,24.0,0.296,1.522323,1.063985,0.719431,0.003333,2656.6851,328.4,0.08,0.121786,0.499931,24.0,-0.296,21.0,24.0,0.81,24.0,-0.185,21.0,24.0,0.61,24.0,-0.163,21.0,24.0,0.36,24.0,-0.197,21.0,24.0,0.61,24.0,-0.109,21.0,24.0,0.36
1963,4671.25,195,15.25,True,32.8,True,2.75,24.0,0.296,1.526002,1.067664,0.72311,0.003333,2658.2111,339.0,0.08,0.12208,0.517315,24.0,-0.296,21.0,24.0,0.81,24.0,-0.185,21.0,24.0,0.61,24.0,-0.163,21.0,24.0,0.36,24.0,-0.196,21.0,24.0,0.61,24.0,-0.097,21.0,24.0,0.36
1964,4671.4167,195,15.417,True,32.8,True,2.75,24.0,0.296,1.529343,1.071006,0.726451,0.003333,2659.7404,348.6,0.08,0.122347,0.533129,24.0,-0.296,21.0,24.0,0.81,24.0,-0.185,21.0,24.0,0.61,24.0,-0.163,21.0,24.0,0.36,24.0,-0.196,21.0,24.0,0.61,24.0,-0.084,21.0,24.0,0.36
1965,4671.5833,195,15.583,True,32.8,True,2.75,24.0,0.297,1.532364,1.074026,0.729472,0.003333,2661.2728,358.8,0.08,0.122589,0.549812,24.0,-0.297,21.0,24.0,0.81,24.0,-0.185,21.0,24.0,0.61,24.0,-0.164,21.0,24.0,0.36,24.0,-0.197,21.0,24.0,0.61,24.0,-0.071,21.0,24.0,0.36
1966,4671.75,195,15.75,True,32.8,True,2.75,24.0,0.298,1.533338,1.075,0.730446,0.003333,2662.8061,369.4,0.08,0.122667,0.566415,24.0,-0.298,21.0,24.0,0.81,24.0,-0.186,21.0,24.0,0.61,24.0,-0.166,21.0,24.0,0.36,24.0,-0.198,21.0,24.0,0.61,24.0,-0.062,21.0,24.0,0.36
1967,4671.8889,195,15.889,True,32.8,True,2.75,24.0,0.299,1.533032,1.074695,0.730141,0.436429,2664.3392,378.5,0.08,0.122643,0.580253,24.0,-0.299,21.0,24.0,0.81,24.0,-0.188,21.0,24.0,0.61,24.0,-0.168,21.0,24.0,0.36,24.0,-0.199,21.0,24.0,0.61,24.0,-0.055,21.0,24.0,0.36
1968,4672.0556,195,16.056,True,32.8,True,2.75,24.0,0.301,1.531696,1.073358,0.728804,0.003333,2665.8708,389.8,0.34,0.520776,0.597055,24.0,-0.301,21.0,24.0,0.81,24.0,-0.19,21.0,24.0,0.61,24.0,-0.17,21.0,24.0,0.36,24.0,-0.201,21.0,24.0,0.61,24.0,-0.051,21.0,24.0,0.36
1969,4672.2222,195,16.222,True,32.8,False,0.0,24.0,0.0,1.37238,1.051543,0.706989,0.003333,2667.2432,401.4,0.34,0.466609,0.550873,24.0,-0.306,21.0,24.0,0.0,24.0,-0.194,21.0,24.0,0.0,24.0,-0.175,21.0,24.0,0.0,24.0,-0.206,21.0,24.0,0.0,24.0,-0.05,21.0,24.0,0.0
1970,4672.3889,195,16.389,True,32.8,False,0.0,24.0,0.0,1.371169,1.050332,0.705778,0.003333,2668.6144,413.2,0.34,0.466197,0.566567,24.0,-0.307,21.0,24.0,0.0,24.0,-0.196,21.0,24.0,0.0,24.0,-0.177,21.0,24.0,0.0,24.0,-0.207,21.0,24.0,0.0,24.0,-0.047,21.0,24.0,0.0
1971,4672.5556,195,16.556,True,32.8,False,0.0,24.0,0.0,1.372131,1.051295,0.706741,0.003333,2669.9865,425.2,0.34,0.466525,0.58343,24.0,-0.307,21.0,24.0,0.0,24.0,-0.196,21.0,24.0,0.0,24.0,-0.178,21.0,24.0,0.0,24.0,-0.207,21.0,24.0,0.0,24.0,-0.044,21.0,24.0,0.0
1972,4672.7222,195,16.722,True,32.8,False,0.0,24.0,0.0,1.372765,1.051929,0.707374,0.003333,2671.3593,437.2,0.34,0.46674,0.600173,24.0,-0.306,21.0,24.0,0.0,24.0,-0.196,21.0,24.0,0.0,24.0,-0.179,21.0,24.0,0.0,24.0,-0.207,21.0,24.0,0.0,24.0,-0.044,21.0,24.0,0.0
1973,4672.8889,195,16.889,True,32.8,False,0.0,24.0,0.0,1.373608,1.052772,0.708218,0.003333,2672.7329,449.1,0.34,0.467027,0.616887,24.0,-0.304,21.0,24.0,0.0,24.0,-0.196,21.0,24.0,0.0,24.0,-0.179,21.0,24.0,0.0,24.0,-0.207,21.0,24.0,0.0,24.0,-0.044,21.0,24.0,0.0
1974,4673.0417,195,17.042,True,32.8,False,0.0,24.0,0.0,1.375467,1.05463,0.710076,0.003333,2674.1084,459.9,0.34,0.467659,0.632577,24.0,-0.302,21.0,24.0,0.0,24.0,-0.195,21.0,24.0,0.0,24.0,-0.179,21.0,24.0,0.0,24.0,-0.204,21.0,24.0,0.0,24.0,-0.045,21.0,24.0,0.0
1975,4673.2,195,17.2,True,32.62,False,0.0,25.061,0.0,0.320836,0.0,0.0,0.003333,2674.4292,470.9,0.34,0.109084,0.151082,24.56,-0.217,15.6,26.7,0.0,24.96,-0.057,15.6,26.7,0.0,25.1,-0.02,15.6,26.7,0.0,24.93,-0.067,15.6,26.7,0.0,25.76,0.21,15.6,26.7,0.0
1976,4673.375,195,17.375,True,32.43,False,0.0,25.929,0.0,0.320836,0.0,0.0,0.436422,2674.75,482.7,0.34,0.109084,0.154868,25.12,-0.107,15.6,26.7,0.0,25.77,0.105,15.6,26.7,0.0,25.97,0.157,15.6,26.7,0.0,25.74,0.096,15.6,26.7,0.0,27.05,0.481,15.6,26.7,0.0
1977,4673.5417,195,17.542,True,32.25,False,0.0,26.125,0.0,0.44576,0.124923,0.059954,0.003333,2675.1958,493.5,0.34,0.151558,0.219982,25.36,-0.047,15.6,26.7,0.0,26.13,0.186,15.6,26.7,0.0,26.33,0.242,15.6,26.7,0.0,26.1,0.183,15.6,26.7,0.0,26.7,0.47,15.6,26.7,0.0
1978,4673.7083,195,17.708,True,32.07,False,0.0,26.238,0.0,0.433449,0.112613,0.047644,0.003333,2675.6292,503.7,0.34,0.147373,0.218328,25.46,-0.011,15.6,26.7,0.0,26.28,0.229,15.6,26.7,0.0,26.48,0.288,15.6,26.7,0.0,26.27,0.232,15.6,26.7,0.0,26.7,0.467,15.6,26.7,0.0
1979,4673.875,195,17.875,True,31.88,False,0.0,26.304,0.0,0.432816,0.111979,0.04701,0.003333,2676.0621,513.3,0.34,0.147157,0.222164,25.53,0.016,15.6,26.7,0.0,26.35,0.257,15.6,26.7,0.0,26.56,0.32,15.6,26.7,0.0,26.37,0.267,15.6,26.7,0.0,26.7,0.472,15.6,26.7,0.0
1980,4674.0417,195,18.042,True,31.7,False,0.0,26.457,0.0,0.320836,0.0,0.0,0.003333,2676.3829,522.1,0.34,0.109084,0.167509,25.58,0.039,15.6,26.7,0.0,26.4,0.279,15.6,26.7,0.0,26.62,0.346,15.6,26.7,0.0,26.44,0.295,15.6,26.7,0.0,27.23,0.552,15.6,26.7,0.0
1981,4674.2083,195,18.208,True,31.42,False,0.0,26.388,0.0,0.444504,0.123668,0.058699,0.003333,2676.8274,530.2,0.34,0.151131,0.235676,25.63,0.06,15.6,26.7,0.0,26.44,0.296,15.6,26.7,0.0,26.67,0.368,15.6,26.7,0.0,26.5,0.317,15.6,26.7,0.0,26.71,0.49,15.6,26.7,0.0
1982,4674.375,195,18.375,True,31.13,False,0.0,26.409,0.0,0.429735,0.108899,0.04393,0.003333,2677.2571,537.3,0.34,0.14611,0.230897,25.66,0.079,15.6,26.7,0.0,26.46,0.31,15.6,26.7,0.0,26.7,0.386,15.6,26.7,0.0,26.53,0.334,15.6,26.7,0.0,26.7,0.475,15.6,26.7,0.0
1983,4674.5333,195,18.533,True,30.85,False,0.0,26.423,0.0,0.426182,0.105345,0.040377,0.003333,2677.6833,543.2,0.34,0.144902,0.231502,25.69,0.096,15.6,26.7,0.0,26.47,0.32,15.6,26.7,0.0,26.73,0.402,15.6,26.7,0.0,26.54,0.343,15.6,26.7,0.0,26.7,0.463,15.6,26.7,0.0
1984,4674.7083,195,18.708,True,30.57,False,0.0,26.506,0.0,0.320836,0.0,0.0,0.003333,2678.0042,548.7,0.34,0.109084,0.176043,25.71,0.111,15.6,26.7,0.0,26.47,0.329,15.6,26.7,0.0,26.74,0.415,15.6,26.7,0.0,26.54,0.353,15.6,26.7,0.0,27.07,0.517,15.6,26.7,0.0
1985,4674.875,195,18.875,True,30.28,False,0.0,26.439,0.0,0.432567,0.111731,0.046762,0.43642,2678.4367,552.8,0.34,0.147073,0.239123,25.73,0.125,15.6,26.7,0.0,26.47,0.336,15.6,26.7,0.0,26.75,0.427,15.6,26.7,0.0,26.54,0.361,15.6,26.7,0.0,26.71,0.472,15.6,26.7,0.0
1986,4675.0417,195,19.042,True,30.0,False,0.0,26.44,0.0,0.422628,0.101792,0.036823,0.003333,2678.8594,555.9,0.34,0.143694,0.234939,25.74,0.137,15.6,26.7,0.0,26.46,0.341,15.6,26.7,0.0,26.76,0.437,15.6,26.7,0.0,26.54,0.369,15.6,26.7,0.0,26.7,0.462,15.6,26.7,0.0
1987,4675.2083,195,19.208,True,29.72,False,0.0,26.439,0.0,0.420514,0.099677,0.034709,0.003333,2679.2799,557.9,0.34,0.142975,0.234605,25.75,0.148,15.6,26.7,0.0,26.45,0.346,15.6,26.7,0.0,26.76,0.446,15.6,26.7,0.0,26.53,0.374,15.6,26.7,0.0,26.7,0.455,15.6,26.7,0.0
1988,4675.375,195,19.375,True,29.43,False,0.0,26.483,0.0,0.320836,0.0,0.0,0.003333,2679.6007,558.9,0.34,0.109084,0.179315,25.75,0.159,15.6,26.7,0.0,26.44,0.349,15.6,26.7,0.0,26.76,0.453,15.6,26.7,0.0,26.52,0.375,15.6,26.7,0.0,26.95,0.488,15.6,26.7,0.0
1989,4675.5417,195,19.542,True,29.15,False,0.0,26.5,0.0,0.320836,0.0,0.0,0.003333,2679.9215,558.8,0.34,0.109084,0.179283,25.76,0.168,15.6,26.7,0.0,26.42,0.35,15.6,26.7,0.0,26.75,0.458,15.6,26.7,0.0,26.48,0.371,15.6,26.7,0.0,27.09,0.512,15.6,26.7,0.0
1990,4675.7083,195,19.708,True,28.87,False,0.0,26.488,0.0,0.320836,0.0,0.0,0.003333,2680.2424,557.7,0.34,0.109084,0.17893,25.76,0.176,15.6,26.7,0.0,26.4,0.353,15.6,26.7,0.0,26.74,0.464,15.6,26.7,0.0,26.45,0.371,15.6,26.7,0.0,27.09,0.518,15.6,26.7,0.0
1991,4675.8889,195,19.889,True,28.58,False,0.0,26.472,0.0,0.320836,0.0,0.0,0.003333,2680.5632,555.5,0.34,0.109084,0.178225,25.75,0.183,15.6,26.7,0.0,26.38,0.355,15.6,26.7,0.0,26.73,0.469,15.6,26.7,0.0,26.43,0.372,15.6,26.7,0.0,27.06,0.52,15.6,26.7,0.0
1992,4676.0556,195,20.056,True,28.3,False,0.0,26.457,0.0,0.320836,0.0,0.0,0.003333,2680.884,552.4,0.34,0.109084,0.17723,25.75,0.19,15.6,26.7,0.0,26.37,0.358,15.6,26.7,0.0,26.72,0.474,15.6,26.7,0.0,26.41,0.374,15.6,26.7,0.0,27.04,0.523,15.6,26.7,0.0
1993,4676.2222,195,20.222,True,28.12,False,0.0,26.444,0.0,0.320836,0.0,0.0,0.003333,2681.2049,548.5,0.34,0.109084,0.175979,25.74,0.197,15.6,26.7,0.0,26.36,0.362,15.6,26.7,0.0,26.71,0.479,15.6,26.7,0.0,26.4,0.377,15.6,26.7,0.0,27.01,0.526,15.6,26.7,0.0
1994,4676.3889,195,20.389,True,27.93,False,0.0,26.434,0.0,0.320836,0.0,0.0,0.43642,2681.5257,543.9,0.34,0.109084,0.174503,25.74,0.204,15.6,26.7,0.0,26.34,0.366,15.6,26.7,0.0,26.7,0.484,15.6,26.7,0.0,26.39,0.381,15.6,26.7,0.0,26.99,0.529,15.6,26.7,0.0
1995,4676.5556,195,20.556,True,27.75,False,0.0,26.424,0.0,0.320836,0.0,0.0,0.003333,2681.8466,538.6,0.34,0.109084,0.172803,25.74,0.211,15.6,26.7,0.0,26.33,0.37,15.6,26.7,0.0,26.7,0.489,15.6,26.7,0.0,26.38,0.385,15.6,26.7,0.0,26.98,0.534,15.6,26.7,0.0
1996,4676.75,195,20.75,True,27.57,False,0.0,26.414,0.0,0.320836,0.0,0.0,0.003333,2682.1674,531.6,0.34,0.109084,0.170557,25.74,0.217,15.6,26.7,0.0,26.32,0.373,15.6,26.7,0.0,26.69,0.494,15.6,26.7,0.0,26.37,0.388,15.6,26.7,0.0,26.96,0.538,15.6,26.7,0.0
1997,4676.9167,195,20.917,True,27.38,False,0.0,26.405,0.0,0.320836,0.0,0.0,0.003333,2682.4882,525.2,0.34,0.109084,0.168503,25.73,0.223,15.6,26.7,0.0,26.31,0.377,15.6,26.7,0.0,26.68,0.499,15.6,26.7,0.0,26.36,0.392,15.6,26.7,0.0,26.94,0.542,15.6,26.7,0.0
1998,4677.0833,195,21.083,True,27.2,False,0.0,26.396,0.0,0.320836,0.0,0.0,0.003333,2682.8091,518.3,0.08,0.025667,0.16629,25.73,0.23,15.6,26.7,0.0,26.3,0.38,15.6,26.7,0.0,26.67,0.503,15.6,26.7,0.0,26.35,0.396,15.6,26.7,0.0,26.93,0.547,15.6,26.7,0.0
1999,4677.25,195,21.25,True,27.12,False,0.0,26.391,0.0,0.320836,0.0,0.0,0.003333,2683.1299,511.1,0.08,0.025667,0.16398,25.73,0.236,15.6,26.7,0.0,26.3,0.384,15.6,26.7,0.0,26.67,0.508,15.6,26.7,0.0,26.34,0.4,15.6,26.7,0.0,26.92,0.553,15.6,26.7,0.0
2000,4677.4167,195,21.417,True,27.03,False,0.0,26.388,0.0,0.320836,0.0,0.0,0.003333,2683.4507,503.8,0.08,0.025667,0.161637,25.73,0.241,15.6,26.7,0.0,26.29,0.389,15.6,26.7,0.0,26.66,0.513,15.6,26.7,0.0,26.34,0.405,15.6,26.7,0.0,26.92,0.558,15.6,26.7,0.0
2001,4677.5833,195,21.583,True,26.95,False,0.0,26.386,0.0,0.320836,0.0,0.0,0.003333,2683.7716,496.3,0.08,0.025667,0.159231,25.73,0.247,15.6,26.7,0.0,26.29,0.393,15.6,26.7,0.0,26.66,0.518,15.6,26.7,0.0,26.34,0.41,15.6,26.7,0.0,26.91,0.564,15.6,26.7,0.0
2002,4677.75,195,21.75,True,26.87,False,0.0,26.384,0.0,0.320836,0.0,0.0,0.003333,2684.0924,488.8,0.08,0.025667,0.156825,25.73,0.252,15.6,26.7,0.0,26.29,0.397,15.6,26.7,0.0,26.66,0.522,15.6,26.7,0.0,26.34,0.414,15.6,26.7,0.0,26.91,0.569,15.6,26.7,0.0
2003,4677.9167,195,21.917,True,26.78,False,0.0,26.383,0.0,0.320836,0.0,0.0,0.003333,2684.4133,481.3,0.08,0.025667,0.154419,25.73,0.257,15.6,26.7,0.0,26.28,0.401,15.6,26.7,0.0,26.66,0.527,15.6,26.7,0.0,26.34,0.419,15.6,26.7,0.0,26.91,0.575,15.6,26.7,0.0
2004,4678.0833,195,22.083,True,26.7,False,0.0,26.381,0.0,0.320836,0.0,0.0,0.436416,2684.7341,473.9,0.08,0.025667,0.152044,25.73,0.262,15.6,26.7,0.0,26.28,0.405,15.6,26.7,0.0,26.65,0.53,15.6,26.7,0.0,26.33,0.423,15.6,26.7,0.0,26.9,0.58,15.6,26.7,0.0
2005,4678.1667,195,22.167,True,26.7,False,0.0,26.382,0.0,0.320836,0.0,0.0,0.003333,2685.0549,470.3,0.08,0.025667,0.150889,25.74,0.267,15.6,26.7,0.0,26.28,0.409,15.6,26.7,0.0,26.65,0.534,15.6,26.7,0.0,26.34,0.427,15.6,26.7,0.0,26.9,0.585,15.6,26.7,0.0
2006,4678.3333,195,22.333,True,26.7,False,0.0,26.385,0.0,0.320836,0.0,0.0,0.003333,2685.3758,463.2,0.08,0.025667,0.148611,25.75,0.273,15.6,26.7,0.0,26.28,0.413,15.6,26.7,0.0,26.65,0.538,15.6,26.7,0.0,26.34,0.432,15.6,26.7,0.0,26.9,0.59,15.6,26.7,0.0
2007,4678.5,195,22.5,True,26.7,False,0.0,26.387,0.0,0.320836,0.0,0.0,0.003333,2685.6966,456.4,0.08,0.025667,0.14643,25.75,0.278,15.6,26.7,0.0,26.28,0.417,15.6,26.7,0.0,26.66,0.542,15.6,26.7,0.0,26.34,0.436,15.6,26.7,0.0,26.9,0.596,15.6,26.7,0.0
2008,4678.6667,195,22.667,True,26.7,False,0.0,26.39,0.0,0.320836,0.0,0.0,0.003333,2686.0174,449.8,0.08,0.025667,0.144312,25.76,0.283,15.6,26.7,0.0,26.28,0.421,15.6,26.7,0.0,26.66,0.546,15.6,26.7,0.0,26.34,0.441,15.6,26.7,0.0,26.91,0.601,15.6,26.7,0.0
2009,4678.8333,195,22.833,True,26.7,False,0.0,26.393,0.0,0.320836,0.0,0.0,0.003333,2686.3383,443.6,0.08,0.025667,0.142323,25.77,0.287,15.6,26.7,0.0,26.29,0.424,15.6,26.7,0.0,26.66,0.55,15.6,26.7,0.0,26.35,0.445,15.6,26.7,0.0,26.91,0.605,15.6,26.7,0.0
2010,4679.0,195,23.0,True,26.7,False,0.0,26.396,0.0,0.320836,0.0,0.0,0.003333,2686.6591,437.7,0.08,0.025667,0.14043,25.77,0.292,15.6,26.7,0.0,26.29,0.428,15.6,26.7,0.0,26.66,0.553,15.6,26.7,0.0,26.35,0.449,15.6,26.7,0.0,26.91,0.61,15.6,26.7,0.0
2011,4679.25,195,23.25,True,26.42,False,0.0,26.388,0.0,0.320836,0.0,0.0,0.003333,2686.9799,429.5,0.08,0.025667,0.137799,25.77,0.295,15.6,26.7,0.0,26.28,0.429,15.6,26.7,0.0,26.65,0.554,15.6,26.7,0.0,26.34,0.451,15.6,26.7,0.0,26.9,0.612,15.6,26.7,0.0
2012,4679.3333,195,23.333,True,26.13,False,0.0,26.372,0.0,0.320836,0.0,0.0,0.003333,2687.3008,427.0,0.08,0.025667,0.136997,25.76,0.296,15.6,26.7,0.0,26.26,0.428,15.6,26.7,0.0,26.63,0.554,15.6,26.7,0.0,26.33,0.451,15.6,26.7,0.0,26.88,0.612,15.6,26.7,0.0
2013,4679.5,195,23.5,True,25.85,False,0.0,26.355,0.0,0.320836,0.0,0.0,0.436404,2687.6216,422.2,0.08,0.025667,0.135457,25.75,0.297,15.6,26.7,0.0,26.24,0.427,15.6,26.7,0.0,26.61,0.553,15.6,26.7,0.0,26.31,0.451,15.6,26.7,0.0,26.86,0.612,15.6,26.7,0.0
2014,4679.6667,195,23.667,True,25.57,False,0.0,26.337,0.0,0.320836,0.0,0.0,0.003333,2687.9425,417.7,0.08,0.025667,0.134013,25.73,0.297,15.6,26.7,0.0,26.22,0.426,15.6,26.7,0.0,26.59,0.551,15.6,26.7,0.0,26.3,0.45,15.6,26.7,0.0,26.84,0.611,15.6,26.7,0.0
2015,4679.8333,195,23.833,True,25.28,False,0.0,26.317,0.0,0.320836,0.0,0.0,0.003333,2688.2633,413.6,0.08,0.025667,0.132698,25.72,0.297,15.6,26.7,0.0,26.2,0.424,15.6,26.7,0.0,26.57,0.549,15.6,26.7,0.0,26.28,0.448,15.6,26.7,0.0,26.82,0.61,15.6,26.7,0.0
2016,4680.0,195,24.0,True,25.0,False,0.0,26.295,0.0,0.320836,0.0,0.0,0.003333,2688.5841,409.8,0.08,0.025667,0.131479,25.7,0.297,15.6,26.7,0.0,26.18,0.421,15.6,26.7,0.0,26.55,0.546,15.6,26.7,0.0,26.26,0.447,15.6,26.7,0.0,26.8,0.608,15.6,26.7,0.0
